2026-09-05 12:05:29,904 | INFO | ======================================================================
2026-09-05 12:05:29,905 | INFO | GOOGLE MAPS ADDRESS CHECKER
2026-09-05 12:05:29,905 | INFO | ======================================================================
2026-09-05 12:05:29,905 | INFO | INPUT_FILE  = D:\Product-Google-Maps\input\hotels_export_google_maps_result.xlsx
2026-09-05 12:05:29,905 | INFO | OUTPUT_FILE = D:\Product-Google-Maps\output\hotels_export_google_maps_checked.xlsx
2026-09-05 12:05:29,905 | INFO | Existing output found.
2026-09-05 12:05:29,906 | INFO | RESUME from: D:\Product-Google-Maps\output\hotels_export_google_maps_checked.xlsx
2026-09-05 12:05:30,420 | INFO | Total rows: 1926
2026-09-05 12:05:31,291 | INFO | SKIP already checked | row=1 | status=NEED_REVIEW
2026-09-05 12:05:31,292 | INFO | SKIP already checked | row=2 | status=NEED_REVIEW
2026-09-05 12:05:31,293 | INFO | SKIP already checked | row=3 | status=NEED_REVIEW
2026-09-05 12:05:31,294 | INFO | SKIP already checked | row=4 | status=NEED_REVIEW
2026-09-05 12:05:31,295 | INFO | SKIP already checked | row=5 | status=NEED_REVIEW
2026-09-05 12:05:31,295 | INFO | SKIP already checked | row=6 | status=NEED_REVIEW
2026-09-05 12:05:31,296 | INFO | SKIP already checked | row=7 | status=NEED_REVIEW
2026-09-05 12:05:31,297 | INFO | SKIP already checked | row=8 | status=NEED_REVIEW
2026-09-05 12:05:31,299 | INFO | SKIP already checked | row=9 | status=NEED_REVIEW
2026-09-05 12:05:31,302 | INFO | SKIP already checked | row=10 | status=NEED_REVIEW
2026-09-05 12:05:31,303 | INFO | SKIP already checked | row=11 | status=NEED_REVIEW
2026-09-05 12:05:31,304 | INFO | SKIP already checked | row=12 | status=NEED_REVIEW
2026-09-05 12:05:31,305 | INFO | SKIP already checked | row=13 | status=NEED_REVIEW
2026-09-05 12:05:31,306 | INFO | SKIP already checked | row=14 | status=NEED_REVIEW
2026-09-05 12:05:31,308 | INFO | SKIP already checked | row=15 | status=NEED_REVIEW
2026-09-05 12:05:31,309 | INFO | SKIP already checked | row=16 | status=NEED_REVIEW
2026-09-05 12:05:31,371 | INFO | SKIP already checked | row=17 | status=NEED_REVIEW
2026-09-05 12:05:31,374 | INFO | SKIP already checked | row=18 | status=NEED_REVIEW
2026-09-05 12:05:31,375 | INFO | SKIP already checked | row=19 | status=NEED_REVIEW
2026-09-05 12:05:31,381 | INFO | SKIP already checked | row=20 | status=NEED_REVIEW
2026-09-05 12:05:31,424 | INFO | Opening Maps URL | attempt=1/3
2026-09-05 12:05:35,494 | INFO | Current Maps URL: https://www.google.com/maps/place/Green+Hotel+Quy+Nh%C6%A1n+-+C%C3%A1ch+bi%E1%BB%83n+200m/data=!4m10!3m9!1s0x316f6d21678907cb:0xbf61311ccc0b065e!5m2!4m1!1i2!8m2!3d13.7528117!4d109.2142909!16s%2Fg%2F11h22ppmqg!19sChIJyweJZyFtbzERXgYLzBwxYb8?authuser=0&hl=vi&g_ep=EgoyMDI2MDkwMS4wIJJjKgBIAVAD&rclk=1
2026-09-05 12:05:35,494 | INFO | Valid Google Maps Place URL opened.
2026-09-05 12:05:40,538 | INFO | Address check | score=0.0000 | status=NEED_REVIEW | reason=MISSING_MAPS_ADDRESS
2026-09-05 12:05:40,539 | INFO | Opening Maps URL | attempt=1/3
2026-09-05 12:05:43,897 | INFO | Current Maps URL: https://www.google.com/maps/place/Beautiful+Saigon+Hotel/data=!4m10!3m9!1s0x31752f3e0717275f:0x60bbd902b5161952!5m2!4m1!1i2!8m2!3d10.768144!4d106.694107!16s%2Fg%2F11c6sn69v2!19sChIJXycXBz4vdTERUhkWtQLZu2A?authuser=0&hl=vi&g_ep=EgoyMDI2MDkwMS4wIJJjKgBIAVAD&rclk=1
2026-09-05 12:05:43,898 | INFO | Valid Google Maps Place URL opened.
2026-09-05 12:05:49,463 | INFO | Address check | score=0.0000 | status=NEED_REVIEW | reason=MISSING_MAPS_ADDRESS
2026-09-05 12:05:49,464 | INFO | Opening Maps URL | attempt=1/3
2026-09-05 12:05:52,868 | INFO | Current Maps URL: https://www.google.com/maps/place/Beautiful+Saigon+Hotel/data=!4m10!3m9!1s0x31752f3e0717275f:0x60bbd902b5161952!5m2!4m1!1i2!8m2!3d10.768144!4d106.694107!16s%2Fg%2F11c6sn69v2!19sChIJXycXBz4vdTERUhkWtQLZu2A?authuser=0&hl=vi&g_ep=EgoyMDI2MDkwMS4wIJJjKgBIAVAD&rclk=1
2026-09-05 12:05:52,869 | INFO | Valid Google Maps Place URL opened.
2026-09-05 12:05:57,908 | INFO | Address check | score=0.0000 | status=NEED_REVIEW | reason=MISSING_MAPS_ADDRESS
2026-09-05 12:05:57,909 | INFO | Opening Maps URL | attempt=1/3
2026-09-05 12:06:04,234 | INFO | Current Maps URL: https://www.google.com/maps/place/Beautiful+Saigon+Hotel/data=!4m10!3m9!1s0x31752f3e0717275f:0x60bbd902b5161952!5m2!4m1!1i2!8m2!3d10.768144!4d106.694107!16s%2Fg%2F11c6sn69v2!19sChIJXycXBz4vdTERUhkWtQLZu2A?authuser=0&hl=vi&g_ep=EgoyMDI2MDkwMS4wIJJjKgBIAVAD&rclk=1
2026-09-05 12:06:04,235 | INFO | Valid Google Maps Place URL opened.
2026-09-05 12:06:09,331 | INFO | Address check | score=0.0000 | status=NEED_REVIEW | reason=MISSING_MAPS_ADDRESS
2026-09-05 12:06:09,332 | INFO | Opening Maps URL | attempt=1/3
2026-09-05 12:06:14,432 | INFO | Current Maps URL: https://www.google.com/maps/place/Beautiful+Saigon+Hotel/data=!4m10!3m9!1s0x31752f3e0717275f:0x60bbd902b5161952!5m2!4m1!1i2!8m2!3d10.768144!4d106.694107!16s%2Fg%2F11c6sn69v2!19sChIJXycXBz4vdTERUhkWtQLZu2A?authuser=0&hl=vi&g_ep=EgoyMDI2MDkwMS4wIJJjKgBIAVAD&rclk=1
2026-09-05 12:06:14,432 | INFO | Valid Google Maps Place URL opened.
2026-09-05 12:06:19,538 | INFO | Address check | score=0.0000 | status=NEED_REVIEW | reason=MISSING_MAPS_ADDRESS
2026-09-05 12:06:19,540 | INFO | Opening Maps URL | attempt=1/3
2026-09-05 12:06:22,799 | INFO | Current Maps URL: https://www.google.com/maps/place/Kh%C3%A1ch+s%E1%BA%A1n+M%C6%B0%E1%BB%9Dng+Thanh+Quy+Nh%C6%A1n/data=!4m10!3m9!1s0x316f6c63266f0b61:0xa880a4e3e56c7806!5m2!4m1!1i2!8m2!3d13.772077!4d109.238862!16s%2Fg%2F12hkbf13m!19sChIJYQtvJmNsbzERBnhs5eOkgKg?authuser=0&hl=vi&g_ep=EgoyMDI2MDkwMS4wIJJjKgBIAVAD&rclk=1
2026-09-05 12:06:22,799 | INFO | Valid Google Maps Place URL opened.
2026-09-05 12:06:28,179 | INFO | Address check | score=0.0000 | status=NEED_REVIEW | reason=MISSING_MAPS_ADDRESS
2026-09-05 12:06:28,180 | INFO | Opening Maps URL | attempt=1/3
2026-09-05 12:06:31,235 | INFO | Current Maps URL: https://www.google.com/maps/place/Kh%C3%A1ch+s%E1%BA%A1n+M%C6%B0%E1%BB%9Dng+Thanh+Quy+Nh%C6%A1n/data=!4m10!3m9!1s0x316f6c63266f0b61:0xa880a4e3e56c7806!5m2!4m1!1i2!8m2!3d13.772077!4d109.238862!16s%2Fg%2F12hkbf13m!19sChIJYQtvJmNsbzERBnhs5eOkgKg?authuser=0&hl=vi&g_ep=EgoyMDI2MDkwMS4wIJJjKgBIAVAD&rclk=1
2026-09-05 12:06:31,235 | INFO | Valid Google Maps Place URL opened.
2026-09-05 12:06:36,251 | INFO | Address check | score=0.0000 | status=NEED_REVIEW | reason=MISSING_MAPS_ADDRESS
2026-09-05 12:06:36,252 | INFO | Opening Maps URL | attempt=1/3
2026-09-05 12:06:39,471 | INFO | Current Maps URL: https://www.google.com/maps/place/Kh%C3%A1ch+s%E1%BA%A1n+M%C6%B0%E1%BB%9Dng+Thanh+Quy+Nh%C6%A1n/data=!4m10!3m9!1s0x316f6c63266f0b61:0xa880a4e3e56c7806!5m2!4m1!1i2!8m2!3d13.772077!4d109.238862!16s%2Fg%2F12hkbf13m!19sChIJYQtvJmNsbzERBnhs5eOkgKg?authuser=0&hl=vi&g_ep=EgoyMDI2MDkwMS4wIJJjKgBIAVAD&rclk=1
2026-09-05 12:06:39,471 | INFO | Valid Google Maps Place URL opened.
2026-09-05 12:06:44,513 | INFO | Address check | score=0.0000 | status=NEED_REVIEW | reason=MISSING_MAPS_ADDRESS
2026-09-05 12:06:44,514 | INFO | Opening Maps URL | attempt=1/3
2026-09-05 12:06:47,995 | INFO | Current Maps URL: https://www.google.com/maps/place/FLC+Luxury+Hotel+Quy+Nhon/data=!4m10!3m9!1s0x316f41f43775ab65:0xf7105eac4b998d9a!5m2!4m1!1i2!8m2!3d13.887154!4d109.279516!16s%2Fg%2F11p5jyyk3q!19sChIJZat1N_RBbzERmo2ZS6xeEPc?authuser=0&hl=vi&g_ep=EgoyMDI2MDkwMS4wIJJjKgBIAVAD&rclk=1
2026-09-05 12:06:48,016 | INFO | Valid Google Maps Place URL opened.
2026-09-05 12:06:53,103 | INFO | Address check | score=0.0000 | status=NEED_REVIEW | reason=MISSING_MAPS_ADDRESS
2026-09-05 12:06:53,104 | INFO | Opening Maps URL | attempt=1/3
2026-09-05 12:06:56,264 | INFO | Current Maps URL: https://www.google.com/maps/place/Kh%C3%A1ch+s%E1%BA%A1n+Pleiku/data=!4m10!3m9!1s0x316c1f9beeafdc63:0xd112ab483882c1ec!5m2!4m1!1i2!8m2!3d13.98526!4d108.007592!16s%2Fg%2F1tdy1zcp!19sChIJY9yv7psfbDER7MGCOEirEtE?authuser=0&hl=vi&g_ep=EgoyMDI2MDkwMS4wIJJjKgBIAVAD&rclk=1
2026-09-05 12:06:56,264 | INFO | Valid Google Maps Place URL opened.
2026-09-05 12:07:01,359 | INFO | Address check | score=0.0000 | status=NEED_REVIEW | reason=MISSING_MAPS_ADDRESS
2026-09-05 12:07:01,359 | INFO | CHECKPOINT | processed=10 | matched=0 | mismatched=0 | review=10
2026-09-05 12:07:01,945 | INFO | Excel saved: D:\Product-Google-Maps\output\hotels_export_google_maps_checked.xlsx
2026-09-05 12:07:01,946 | INFO | Opening Maps URL | attempt=1/3
2026-09-05 12:07:04,804 | INFO | Current Maps URL: https://www.google.com/maps/place/Sanga+Hostel+and+souvenir/data=!4m10!3m9!1s0x3114f8b39b336f95:0x717cef0f126b3ad8!5m2!4m1!1i2!8m2!3d15.119859!4d105.798935!16s%2Fg%2F11gxs0hmgb!19sChIJlW8zm7P4FDER2DprEg_vfHE?authuser=0&hl=vi&g_ep=EgoyMDI2MDkwMS4wIJJjKgBIAVAD&rclk=1
2026-09-05 12:07:04,805 | INFO | Valid Google Maps Place URL opened.
2026-09-05 12:07:10,244 | INFO | Address check | score=0.0000 | status=NEED_REVIEW | reason=MISSING_MAPS_ADDRESS
2026-09-05 12:07:10,248 | INFO | Opening Maps URL | attempt=1/3
2026-09-05 12:07:13,300 | INFO | Current Maps URL: https://www.google.com/maps/place/Sanga+Hostel+and+souvenir/data=!4m10!3m9!1s0x3114f8b39b336f95:0x717cef0f126b3ad8!5m2!4m1!1i2!8m2!3d15.119859!4d105.798935!16s%2Fg%2F11gxs0hmgb!19sChIJlW8zm7P4FDER2DprEg_vfHE?authuser=0&hl=vi&g_ep=EgoyMDI2MDkwMS4wIJJjKgBIAVAD&rclk=1
2026-09-05 12:07:13,300 | INFO | Valid Google Maps Place URL opened.
2026-09-05 12:07:18,678 | INFO | Address check | score=0.0000 | status=NEED_REVIEW | reason=MISSING_MAPS_ADDRESS
2026-09-05 12:07:18,679 | INFO | Opening Maps URL | attempt=1/3
2026-09-05 12:07:21,664 | INFO | Current Maps URL: https://www.google.com/maps/place/Sanga+Hostel+and+souvenir/data=!4m10!3m9!1s0x3114f8b39b336f95:0x717cef0f126b3ad8!5m2!4m1!1i2!8m2!3d15.119859!4d105.798935!16s%2Fg%2F11gxs0hmgb!19sChIJlW8zm7P4FDER2DprEg_vfHE?authuser=0&hl=vi&g_ep=EgoyMDI2MDkwMS4wIJJjKgBIAVAD&rclk=1
2026-09-05 12:07:21,664 | INFO | Valid Google Maps Place URL opened.
2026-09-05 12:07:27,069 | INFO | Address check | score=0.0000 | status=NEED_REVIEW | reason=MISSING_MAPS_ADDRESS
2026-09-05 12:07:27,070 | INFO | Opening Maps URL | attempt=1/3
2026-09-05 12:07:29,945 | INFO | Current Maps URL: https://www.google.com/maps/place/Sanga+Hostel+and+souvenir/data=!4m10!3m9!1s0x3114f8b39b336f95:0x717cef0f126b3ad8!5m2!4m1!1i2!8m2!3d15.119859!4d105.798935!16s%2Fg%2F11gxs0hmgb!19sChIJlW8zm7P4FDER2DprEg_vfHE?authuser=0&hl=vi&g_ep=EgoyMDI2MDkwMS4wIJJjKgBIAVAD&rclk=1
2026-09-05 12:07:29,945 | INFO | Valid Google Maps Place URL opened.
2026-09-05 12:07:35,365 | INFO | Address check | score=0.0000 | status=NEED_REVIEW | reason=MISSING_MAPS_ADDRESS
2026-09-05 12:07:35,367 | INFO | Opening Maps URL | attempt=1/3
2026-09-05 12:07:38,535 | INFO | Current Maps URL: https://www.google.com/maps/place/Kh%C3%A1ch+s%E1%BA%A1n+M%C6%B0%E1%BB%9Dng+Thanh+Quy+Nh%C6%A1n/data=!4m10!3m9!1s0x316f6c63266f0b61:0xa880a4e3e56c7806!5m2!4m1!1i2!8m2!3d13.772077!4d109.238862!16s%2Fg%2F12hkbf13m!19sChIJYQtvJmNsbzERBnhs5eOkgKg?authuser=0&hl=vi&g_ep=EgoyMDI2MDkwMS4wIJJjKgBIAVAD&rclk=1
2026-09-05 12:07:38,536 | INFO | Valid Google Maps Place URL opened.
2026-09-05 12:07:43,961 | INFO | Address check | score=0.0000 | status=NEED_REVIEW | reason=MISSING_MAPS_ADDRESS
2026-09-05 12:07:43,964 | INFO | Opening Maps URL | attempt=1/3
2026-09-05 12:07:46,978 | INFO | Current Maps URL: https://www.google.com/maps/place/Kh%C3%A1ch+s%E1%BA%A1n+M%C6%B0%E1%BB%9Dng+Thanh+Quy+Nh%C6%A1n/data=!4m10!3m9!1s0x316f6c63266f0b61:0xa880a4e3e56c7806!5m2!4m1!1i2!8m2!3d13.772077!4d109.238862!16s%2Fg%2F12hkbf13m!19sChIJYQtvJmNsbzERBnhs5eOkgKg?authuser=0&hl=vi&g_ep=EgoyMDI2MDkwMS4wIJJjKgBIAVAD&rclk=1
2026-09-05 12:07:46,978 | INFO | Valid Google Maps Place URL opened.
2026-09-05 12:07:52,483 | INFO | Address check | score=0.0000 | status=NEED_REVIEW | reason=MISSING_MAPS_ADDRESS
2026-09-05 12:07:52,484 | INFO | Opening Maps URL | attempt=1/3
2026-09-05 12:07:55,762 | INFO | Current Maps URL: https://www.google.com/maps/place/Kh%C3%A1ch+s%E1%BA%A1n+Mira+-+Kh%C3%A1ch+s%E1%BA%A1n+g%E1%BA%A7n+bi%E1%BB%83n+%E1%BB%9F+Quy+Nh%C6%A1n/data=!4m10!3m9!1s0x316f6ceceb457403:0x1de22f520372522b!5m2!4m1!1i2!8m2!3d13.761717!4d109.219274!16s%2Fg%2F11fk15qdmx!19sChIJA3RF6-xsbzERK1JyA1Iv4h0?authuser=0&hl=vi&g_ep=EgoyMDI2MDkwMS4wIJJjKgBIAVAD&rclk=1
2026-09-05 12:07:55,762 | INFO | Valid Google Maps Place URL opened.
2026-09-05 12:08:01,259 | INFO | Address check | score=0.0000 | status=NEED_REVIEW | reason=MISSING_MAPS_ADDRESS
2026-09-05 12:08:01,262 | INFO | Opening Maps URL | attempt=1/3
2026-09-05 12:08:04,351 | INFO | Current Maps URL: https://www.google.com/maps/place/Canary+Gold+Hotel/data=!4m10!3m9!1s0x316f6c64b0910047:0x12e42c7f99efeec9!5m2!4m1!1i2!8m2!3d13.771961!4d109.242511!16s%2Fg%2F11rlvhrhcn!19sChIJRwCRsGRsbzERye7vmX8s5BI?authuser=0&hl=vi&g_ep=EgoyMDI2MDkwMS4wIJJjKgBIAVAD&rclk=1
2026-09-05 12:08:04,351 | INFO | Valid Google Maps Place URL opened.
2026-09-05 12:08:09,762 | INFO | Address check | score=0.0000 | status=NEED_REVIEW | reason=MISSING_MAPS_ADDRESS
2026-09-05 12:08:09,763 | INFO | Opening Maps URL | attempt=1/3
2026-09-05 12:08:12,796 | INFO | Current Maps URL: https://www.google.com/maps/place/Kh%C3%A1ch+s%E1%BA%A1n+Mira+-+Kh%C3%A1ch+s%E1%BA%A1n+g%E1%BA%A7n+bi%E1%BB%83n+%E1%BB%9F+Quy+Nh%C6%A1n/data=!4m10!3m9!1s0x316f6ceceb457403:0x1de22f520372522b!5m2!4m1!1i2!8m2!3d13.761717!4d109.219274!16s%2Fg%2F11fk15qdmx!19sChIJA3RF6-xsbzERK1JyA1Iv4h0?authuser=0&hl=vi&g_ep=EgoyMDI2MDkwMS4wIJJjKgBIAVAD&rclk=1
2026-09-05 12:08:12,796 | INFO | Valid Google Maps Place URL opened.
2026-09-05 12:08:18,158 | INFO | Address check | score=0.0000 | status=NEED_REVIEW | reason=MISSING_MAPS_ADDRESS
2026-09-05 12:08:18,160 | INFO | Opening Maps URL | attempt=1/3
2026-09-05 12:08:21,155 | INFO | Current Maps URL: https://www.google.com/maps/place/Kh%C3%A1ch+s%E1%BA%A1n+Mira+-+Kh%C3%A1ch+s%E1%BA%A1n+g%E1%BA%A7n+bi%E1%BB%83n+%E1%BB%9F+Quy+Nh%C6%A1n/data=!4m10!3m9!1s0x316f6ceceb457403:0x1de22f520372522b!5m2!4m1!1i2!8m2!3d13.761717!4d109.219274!16s%2Fg%2F11fk15qdmx!19sChIJA3RF6-xsbzERK1JyA1Iv4h0?authuser=0&hl=vi&g_ep=EgoyMDI2MDkwMS4wIJJjKgBIAVAD&rclk=1
2026-09-05 12:08:21,155 | INFO | Valid Google Maps Place URL opened.
2026-09-05 12:08:26,219 | INFO | Address check | score=0.0000 | status=NEED_REVIEW | reason=MISSING_MAPS_ADDRESS
2026-09-05 12:08:26,220 | INFO | CHECKPOINT | processed=20 | matched=0 | mismatched=0 | review=20
2026-09-05 12:08:26,729 | INFO | Excel saved: D:\Product-Google-Maps\output\hotels_export_google_maps_checked.xlsx
2026-09-05 12:08:26,730 | INFO | Opening Maps URL | attempt=1/3
2026-09-05 12:08:29,704 | INFO | Current Maps URL: https://www.google.com/maps/place/Kh%C3%A1ch+s%E1%BA%A1n+Mira+-+Kh%C3%A1ch+s%E1%BA%A1n+g%E1%BA%A7n+bi%E1%BB%83n+%E1%BB%9F+Quy+Nh%C6%A1n/data=!4m10!3m9!1s0x316f6ceceb457403:0x1de22f520372522b!5m2!4m1!1i2!8m2!3d13.761717!4d109.219274!16s%2Fg%2F11fk15qdmx!19sChIJA3RF6-xsbzERK1JyA1Iv4h0?authuser=0&hl=vi&g_ep=EgoyMDI2MDkwMS4wIJJjKgBIAVAD&rclk=1
2026-09-05 12:08:29,704 | INFO | Valid Google Maps Place URL opened.
2026-09-05 12:08:34,727 | INFO | Address check | score=0.0000 | status=NEED_REVIEW | reason=MISSING_MAPS_ADDRESS
2026-09-05 12:08:34,728 | INFO | Opening Maps URL | attempt=1/3
2026-09-05 12:08:37,792 | INFO | Current Maps URL: https://www.google.com/maps/place/Kh%C3%A1ch+s%E1%BA%A1n+Minh+Anh/data=!4m10!3m9!1s0x317529a533d71ead:0xd2e47341d775fd81!5m2!4m1!1i2!8m2!3d10.845383!4d106.66251!16s%2Fg%2F11gjt1ts6p!19sChIJrR7XM6UpdTERgf1110Fz5NI?authuser=0&hl=vi&g_ep=EgoyMDI2MDkwMS4wIJJjKgBIAVAD&rclk=1
2026-09-05 12:08:37,793 | INFO | Valid Google Maps Place URL opened.
2026-09-05 12:08:42,880 | INFO | Address check | score=0.0000 | status=NEED_REVIEW | reason=MISSING_MAPS_ADDRESS
2026-09-05 12:08:42,883 | INFO | Opening Maps URL | attempt=1/3
2026-09-05 12:08:45,808 | INFO | Current Maps URL: https://www.google.com/maps/place/Kh%C3%A1ch+s%E1%BA%A1n+Mira+-+Kh%C3%A1ch+s%E1%BA%A1n+g%E1%BA%A7n+bi%E1%BB%83n+%E1%BB%9F+Quy+Nh%C6%A1n/data=!4m10!3m9!1s0x316f6ceceb457403:0x1de22f520372522b!5m2!4m1!1i2!8m2!3d13.761717!4d109.219274!16s%2Fg%2F11fk15qdmx!19sChIJA3RF6-xsbzERK1JyA1Iv4h0?authuser=0&hl=vi&g_ep=EgoyMDI2MDkwMS4wIJJjKgBIAVAD&rclk=1
2026-09-05 12:08:45,809 | INFO | Valid Google Maps Place URL opened.
2026-09-05 12:08:51,288 | INFO | Address check | score=0.0000 | status=NEED_REVIEW | reason=MISSING_MAPS_ADDRESS
2026-09-05 12:08:51,289 | INFO | Opening Maps URL | attempt=1/3
2026-09-05 12:08:54,556 | INFO | Current Maps URL: https://www.google.com/maps/place/Kh%C3%A1ch+s%E1%BA%A1n+Mira+-+Kh%C3%A1ch+s%E1%BA%A1n+g%E1%BA%A7n+bi%E1%BB%83n+%E1%BB%9F+Quy+Nh%C6%A1n/data=!4m10!3m9!1s0x316f6ceceb457403:0x1de22f520372522b!5m2!4m1!1i2!8m2!3d13.761717!4d109.219274!16s%2Fg%2F11fk15qdmx!19sChIJA3RF6-xsbzERK1JyA1Iv4h0?authuser=0&hl=vi&g_ep=EgoyMDI2MDkwMS4wIJJjKgBIAVAD&rclk=1
2026-09-05 12:08:54,556 | INFO | Valid Google Maps Place URL opened.
2026-09-05 12:09:00,033 | INFO | Address check | score=0.0000 | status=NEED_REVIEW | reason=MISSING_MAPS_ADDRESS
2026-09-05 12:09:00,036 | INFO | Opening Maps URL | attempt=1/3
2026-09-05 12:09:02,966 | INFO | Current Maps URL: https://www.google.com/maps/place/Green+Hotel+Quy+Nh%C6%A1n+-+C%C3%A1ch+bi%E1%BB%83n+200m/data=!4m7!3m6!1s0x316f6d21678907cb:0xbf61311ccc0b065e!8m2!3d13.752812!4d109.214291!16s%2Fg%2F11h22ppmqg!19sChIJyweJZyFtbzERXgYLzBwxYb8?authuser=0&hl=vi&g_ep=EgoyMDI2MDkwMS4wIJJjKgBIAVAD&rclk=1
2026-09-05 12:09:02,966 | INFO | Valid Google Maps Place URL opened.
2026-09-05 12:09:08,388 | INFO | Address check | score=0.0000 | status=NEED_REVIEW | reason=MISSING_MAPS_ADDRESS
2026-09-05 12:09:08,389 | INFO | Opening Maps URL | attempt=1/3
2026-09-05 12:09:11,675 | INFO | Current Maps URL: https://www.google.com/maps/place/Mira+B%C3%A3i+X%E1%BA%BFp+Quy+Nh%C6%A1n/data=!4m10!3m9!1s0x316f72861703f041:0x8558ab9e8359c452!5m2!4m1!1i2!8m2!3d13.685788!4d109.230904!16s%2Fg%2F11fqd136pq!19sChIJQfADF4ZybzERUsRZg56rWIU?authuser=0&hl=vi&g_ep=EgoyMDI2MDkwMS4wIJJjKgBIAVAD&rclk=1
2026-09-05 12:09:11,675 | INFO | Valid Google Maps Place URL opened.
2026-09-05 12:09:16,990 | INFO | Address check | score=0.0000 | status=NEED_REVIEW | reason=MISSING_MAPS_ADDRESS
2026-09-05 12:09:16,992 | INFO | Opening Maps URL | attempt=1/3
2026-09-05 12:09:20,142 | INFO | Current Maps URL: https://www.google.com/maps/place/Mira+B%C3%A3i+X%E1%BA%BFp+Quy+Nh%C6%A1n/data=!4m10!3m9!1s0x316f72861703f041:0x8558ab9e8359c452!5m2!4m1!1i2!8m2!3d13.685788!4d109.230904!16s%2Fg%2F11fqd136pq!19sChIJQfADF4ZybzERUsRZg56rWIU?authuser=0&hl=vi&g_ep=EgoyMDI2MDkwMS4wIJJjKgBIAVAD&rclk=1
2026-09-05 12:09:20,142 | INFO | Valid Google Maps Place URL opened.
2026-09-05 12:09:25,582 | INFO | Address check | score=0.0000 | status=NEED_REVIEW | reason=MISSING_MAPS_ADDRESS
2026-09-05 12:09:25,587 | INFO | Opening Maps URL | attempt=1/3
2026-09-05 12:09:28,559 | INFO | Current Maps URL: https://www.google.com/maps/place/Park+Hyatt+Saigon/data=!4m10!3m9!1s0x31752f462f1df8bd:0x3d4cc4e3c1887abb!5m2!4m1!1i2!8m2!3d10.777632!4d106.703378!16s%2Fg%2F1tctc2p6!19sChIJvfgdL0YvdTERu3qIwePETD0?authuser=0&hl=vi&g_ep=EgoyMDI2MDkwMS4wIJJjKgBIAVAD&rclk=1
2026-09-05 12:09:28,559 | INFO | Valid Google Maps Place URL opened.
2026-09-05 12:09:34,043 | INFO | Address check | score=0.0000 | status=NEED_REVIEW | reason=MISSING_MAPS_ADDRESS
2026-09-05 12:09:34,045 | INFO | Opening Maps URL | attempt=1/3
2026-09-05 12:09:37,148 | INFO | Current Maps URL: https://www.google.com/maps/place/B%C3%ACnh+%C4%90%E1%BB%8Bnh+591300/data=!4m7!3m6!1s0x316f6cc71d5e6f9f:0x7090584052cdc30e!8m2!3d13.761898!4d109.2036982!16s%2Fg%2F11f9xpc5tl!19sChIJn29eHcdsbzERDsPNUkBYkHA?authuser=0&hl=vi&g_ep=EgoyMDI2MDkwMS4wIJJjKgBIAVAD&rclk=1
2026-09-05 12:09:37,148 | INFO | Valid Google Maps Place URL opened.
2026-09-05 12:09:42,553 | INFO | Address check | score=0.0000 | status=NEED_REVIEW | reason=MISSING_MAPS_ADDRESS
2026-09-05 12:09:42,554 | INFO | Opening Maps URL | attempt=1/3
2026-09-05 12:09:45,570 | INFO | Current Maps URL: https://www.google.com/maps/place/PYNT+Hotel+3/data=!4m10!3m9!1s0x317529770149602f:0x8b917f027fa4a2a8!5m2!4m1!1i2!8m2!3d10.832862!4d106.643522!16s%2Fg%2F11nq3lk7tg!19sChIJL2BJAXcpdTERqKKkfwJ_kYs?authuser=0&hl=vi&g_ep=EgoyMDI2MDkwMS4wIJJjKgBIAVAD&rclk=1
2026-09-05 12:09:45,570 | INFO | Valid Google Maps Place URL opened.
2026-09-05 12:09:50,624 | INFO | Address check | score=0.0000 | status=NEED_REVIEW | reason=MISSING_MAPS_ADDRESS
2026-09-05 12:09:50,625 | INFO | CHECKPOINT | processed=30 | matched=0 | mismatched=0 | review=30
2026-09-05 12:09:51,178 | INFO | Excel saved: D:\Product-Google-Maps\output\hotels_export_google_maps_checked.xlsx
2026-09-05 12:09:51,178 | INFO | Opening Maps URL | attempt=1/3
2026-09-05 12:09:54,465 | INFO | Current Maps URL: https://www.google.com/maps/place/Casa+Marina+Resort/data=!4m10!3m9!1s0x316f7288a9ba4f63:0x9ee3fcfc76f514c8!5m2!4m1!1i2!8m2!3d13.684889!4d109.230132!16s%2Fg%2F11f34_wj32!19sChIJY0-6qYhybzERyBT1dvz8454?authuser=0&hl=vi&g_ep=EgoyMDI2MDkwMS4wIJJjKgBIAVAD&rclk=1
2026-09-05 12:09:54,466 | INFO | Valid Google Maps Place URL opened.
2026-09-05 12:09:59,887 | INFO | Address check | score=0.0000 | status=NEED_REVIEW | reason=MISSING_MAPS_ADDRESS
2026-09-05 12:09:59,894 | INFO | Opening Maps URL | attempt=1/3
2026-09-05 12:10:03,117 | INFO | Current Maps URL: https://www.google.com/maps/place/Familyhouse+%26+trekking/data=!4m10!3m9!1s0x316ce10dd004c54b:0xd08724c19ff3ca2e!5m2!4m1!1i2!8m2!3d13.741193!4d106.977889!16s%2Fg%2F11g68x_97x!19sChIJS8UE0A3hbDERLsrzn8Ekh9A?authuser=0&hl=vi&g_ep=EgoyMDI2MDkwMS4wIJJjKgBIAVAD&rclk=1
2026-09-05 12:10:03,117 | INFO | Valid Google Maps Place URL opened.
2026-09-05 12:10:08,503 | INFO | Address check | score=0.0000 | status=NEED_REVIEW | reason=MISSING_MAPS_ADDRESS
2026-09-05 12:10:08,507 | INFO | Opening Maps URL | attempt=1/3
2026-09-05 12:10:11,650 | INFO | Current Maps URL: https://www.google.com/maps/place/The+Reverie+Saigon+Residential+Suites/data=!4m10!3m9!1s0x31752f46979d5101:0x294d1865c5b1b095!5m2!4m1!1i2!8m2!3d10.774076!4d106.704988!16s%2Fg%2F11df05n4_n!19sChIJAVGdl0YvdTERlbCxxWUYTSk?authuser=0&hl=vi&g_ep=EgoyMDI2MDkwMS4wIJJjKgBIAVAD&rclk=1
2026-09-05 12:10:11,650 | INFO | Valid Google Maps Place URL opened.
2026-09-05 12:10:17,059 | INFO | Address check | score=0.0000 | status=NEED_REVIEW | reason=MISSING_MAPS_ADDRESS
2026-09-05 12:10:17,060 | INFO | Opening Maps URL | attempt=1/3
2026-09-05 12:10:19,934 | INFO | Current Maps URL: https://www.google.com/maps/place/Kh%C3%A1ch+s%E1%BA%A1n+Mira+-+Kh%C3%A1ch+s%E1%BA%A1n+g%E1%BA%A7n+bi%E1%BB%83n+%E1%BB%9F+Quy+Nh%C6%A1n/data=!4m10!3m9!1s0x316f6ceceb457403:0x1de22f520372522b!5m2!4m1!1i2!8m2!3d13.761717!4d109.219274!16s%2Fg%2F11fk15qdmx!19sChIJA3RF6-xsbzERK1JyA1Iv4h0?authuser=0&hl=vi&g_ep=EgoyMDI2MDkwMS4wIJJjKgBIAVAD&rclk=1
2026-09-05 12:10:19,934 | INFO | Valid Google Maps Place URL opened.
2026-09-05 12:10:25,002 | INFO | Address check | score=0.0000 | status=NEED_REVIEW | reason=MISSING_MAPS_ADDRESS
2026-09-05 12:10:25,004 | INFO | Opening Maps URL | attempt=1/3
2026-09-05 12:10:28,068 | INFO | Current Maps URL: https://www.google.com/maps/place/Hotel+Ng%E1%BB%8Dc+H%C6%B0%C6%A1ng/data=!4m7!3m6!1s0x31752ed029aeab9d:0xa792c3d8edde9a0c!8m2!3d10.782457!4d106.664411!16s%2Fg%2F11xm0fwk5!19sChIJnauuKdAudTERDJre7djDkqc?authuser=0&hl=vi&g_ep=EgoyMDI2MDkwMS4wIJJjKgBIAVAD&rclk=1
2026-09-05 12:10:28,069 | INFO | Valid Google Maps Place URL opened.
2026-09-05 12:10:33,545 | INFO | Address check | score=0.0000 | status=NEED_REVIEW | reason=MISSING_MAPS_ADDRESS
2026-09-05 12:10:33,546 | INFO | Opening Maps URL | attempt=1/3
2026-09-05 12:10:37,184 | INFO | Current Maps URL: https://www.google.com/maps/place/Kh%C3%A1ch+s%E1%BA%A1n+Mira+-+Kh%C3%A1ch+s%E1%BA%A1n+g%E1%BA%A7n+bi%E1%BB%83n+%E1%BB%9F+Quy+Nh%C6%A1n/data=!4m10!3m9!1s0x316f6ceceb457403:0x1de22f520372522b!5m2!4m1!1i2!8m2!3d13.761717!4d109.219274!16s%2Fg%2F11fk15qdmx!19sChIJA3RF6-xsbzERK1JyA1Iv4h0?authuser=0&hl=vi&g_ep=EgoyMDI2MDkwMS4wIJJjKgBIAVAD&rclk=1
2026-09-05 12:10:37,184 | INFO | Valid Google Maps Place URL opened.
2026-09-05 12:10:42,661 | INFO | Address check | score=0.0000 | status=NEED_REVIEW | reason=MISSING_MAPS_ADDRESS
2026-09-05 12:10:42,663 | INFO | Opening Maps URL | attempt=1/3
2026-09-05 12:10:45,752 | INFO | Current Maps URL: https://www.google.com/maps/place/Nh%C3%A0+ngh%E1%BB%89+Ti%E1%BA%BFn+%C4%90%E1%BA%A1t/data=!4m7!3m6!1s0x3174d5000604e90b:0x2eb9ad93c163d92b!8m2!3d10.8980738!4d106.5783366!16s%2Fg%2F11mt82_58_!19sChIJC-kEBgDVdDERK9ljwZOtuS4?authuser=0&hl=vi&g_ep=EgoyMDI2MDkwMS4wIJJjKgBIAVAD&rclk=1
2026-09-05 12:10:45,752 | INFO | Valid Google Maps Place URL opened.
2026-09-05 12:10:50,896 | INFO | Address check | score=0.0000 | status=NEED_REVIEW | reason=MISSING_MAPS_ADDRESS
2026-09-05 12:10:50,897 | INFO | Opening Maps URL | attempt=1/3
2026-09-05 12:10:53,959 | INFO | Current Maps URL: https://www.google.com/maps/place/Oakwood/data=!4m10!3m9!1s0x317528a7828c37c1:0xeacd0fb35d8a0e08!5m2!4m1!1i2!8m2!3d10.80144!4d106.722879!16s%2Fg%2F11rz74t162!19sChIJwTeMgqcodTERCA6KXbMPzeo?authuser=0&hl=vi&g_ep=EgoyMDI2MDkwMS4wIJJjKgBIAVAD&rclk=1
2026-09-05 12:10:53,960 | INFO | Valid Google Maps Place URL opened.
2026-09-05 12:10:58,979 | INFO | Address check | score=0.0000 | status=NEED_REVIEW | reason=MISSING_MAPS_ADDRESS
2026-09-05 12:10:58,980 | INFO | Opening Maps URL | attempt=1/3
2026-09-05 12:11:01,854 | INFO | Current Maps URL: https://www.google.com/maps/place/3Star+Villas+%239/data=!4m7!3m6!1s0x317525971b8c63e3:0xa90d30bee359ee42!8m2!3d10.7159529!4d106.732895!16s%2Fg%2F11x8jb01g3!19sChIJ42OMG5cldTERQu5Z474wDak?authuser=0&hl=vi&g_ep=EgoyMDI2MDkwMS4wIJJjKgBIAVAD&rclk=1
2026-09-05 12:11:01,854 | INFO | Valid Google Maps Place URL opened.
2026-09-05 12:11:07,298 | INFO | Address check | score=0.0000 | status=NEED_REVIEW | reason=MISSING_MAPS_ADDRESS
2026-09-05 12:11:07,300 | INFO | Opening Maps URL | attempt=1/3
2026-09-05 12:11:10,267 | INFO | Current Maps URL: https://www.google.com/maps/place/3Star+Villas+%239/data=!4m7!3m6!1s0x317525971b8c63e3:0xa90d30bee359ee42!8m2!3d10.7159529!4d106.732895!16s%2Fg%2F11x8jb01g3!19sChIJ42OMG5cldTERQu5Z474wDak?authuser=0&hl=vi&g_ep=EgoyMDI2MDkwMS4wIJJjKgBIAVAD&rclk=1
2026-09-05 12:11:10,267 | INFO | Valid Google Maps Place URL opened.
2026-09-05 12:11:15,589 | INFO | Address check | score=0.0000 | status=NEED_REVIEW | reason=MISSING_MAPS_ADDRESS
2026-09-05 12:11:15,590 | INFO | CHECKPOINT | processed=40 | matched=0 | mismatched=0 | review=40
2026-09-05 12:11:16,088 | INFO | Excel saved: D:\Product-Google-Maps\output\hotels_export_google_maps_checked.xlsx
2026-09-05 12:11:16,090 | INFO | Opening Maps URL | attempt=1/3
2026-09-05 12:11:20,837 | INFO | Current Maps URL: https://www.google.com/maps/place/Kh%C3%A1ch+s%E1%BA%A1n+Pleiku/data=!4m10!3m9!1s0x316c1f9beeafdc63:0xd112ab483882c1ec!5m2!4m1!1i2!8m2!3d13.98526!4d108.007592!16s%2Fg%2F1tdy1zcp!19sChIJY9yv7psfbDER7MGCOEirEtE?authuser=0&hl=vi&g_ep=EgoyMDI2MDkwMS4wIJJjKgBIAVAD&rclk=1
2026-09-05 12:11:20,837 | INFO | Valid Google Maps Place URL opened.
2026-09-05 12:11:21,849 | INFO | Address check | score=0.4211 | status=MISMATCH | reason=ADDRESS_MISMATCH
2026-09-05 12:11:21,850 | INFO | Opening Maps URL | attempt=1/3
2026-09-05 12:11:25,176 | INFO | Current Maps URL: https://www.google.com/maps/place/Kh%C3%A1ch+s%E1%BA%A1n+Pleiku/data=!4m10!3m9!1s0x316c1f9beeafdc63:0xd112ab483882c1ec!5m2!4m1!1i2!8m2!3d13.98526!4d108.007592!16s%2Fg%2F1tdy1zcp!19sChIJY9yv7psfbDER7MGCOEirEtE?authuser=0&hl=vi&g_ep=EgoyMDI2MDkwMS4wIJJjKgBIAVAD&rclk=1
2026-09-05 12:11:25,176 | INFO | Valid Google Maps Place URL opened.
2026-09-05 12:11:30,480 | INFO | Address check | score=0.0000 | status=NEED_REVIEW | reason=MISSING_MAPS_ADDRESS
2026-09-05 12:11:30,483 | INFO | Opening Maps URL | attempt=1/3
2026-09-05 12:11:33,818 | INFO | Current Maps URL: https://www.google.com/maps/place/Grand+Hyams+Hotel+-+Quy+Nhon+Beach/data=!4m10!3m9!1s0x316f6c89ae885305:0xe2b7f5f96d62ffaf!5m2!4m1!1i2!8m2!3d13.7701873!4d109.2330192!16s%2Fg%2F11tk30nyv5!19sChIJBVOIrolsbzERr_9ibfn1t-I?authuser=0&hl=vi&g_ep=EgoyMDI2MDkwMS4wIJJjKgBIAVAD&rclk=1
2026-09-05 12:11:33,931 | INFO | Valid Google Maps Place URL opened.
2026-09-05 12:11:34,763 | INFO | Address check | score=0.7778 | status=MATCH | reason=ADDRESS_MATCH
2026-09-05 12:11:34,764 | INFO | Opening Maps URL | attempt=1/3
2026-09-05 12:11:39,454 | INFO | Current Maps URL: https://www.google.com/maps/place/Green+Hotel+Quy+Nh%C6%A1n+-+C%C3%A1ch+bi%E1%BB%83n+200m/data=!4m7!3m6!1s0x316f6d21678907cb:0xbf61311ccc0b065e!8m2!3d13.752812!4d109.214291!16s%2Fg%2F11h22ppmqg!19sChIJyweJZyFtbzERXgYLzBwxYb8?authuser=0&hl=vi&g_ep=EgoyMDI2MDkwMS4wIJJjKgBIAVAD&rclk=1
2026-09-05 12:11:39,454 | INFO | Valid Google Maps Place URL opened.
2026-09-05 12:11:40,376 | INFO | Address check | score=0.4444 | status=MISMATCH | reason=ADDRESS_MISMATCH
2026-09-05 12:11:40,377 | INFO | Opening Maps URL | attempt=1/3
2026-09-05 12:11:44,495 | INFO | Current Maps URL: https://www.google.com/maps/place/Green+Hotel+Quy+Nh%C6%A1n+-+C%C3%A1ch+bi%E1%BB%83n+200m/data=!4m7!3m6!1s0x316f6d21678907cb:0xbf61311ccc0b065e!8m2!3d13.752812!4d109.214291!16s%2Fg%2F11h22ppmqg!19sChIJyweJZyFtbzERXgYLzBwxYb8?authuser=0&hl=vi&g_ep=EgoyMDI2MDkwMS4wIJJjKgBIAVAD&rclk=1
2026-09-05 12:11:44,495 | INFO | Valid Google Maps Place URL opened.
2026-09-05 12:11:49,635 | INFO | Address check | score=0.0000 | status=NEED_REVIEW | reason=MISSING_MAPS_ADDRESS
2026-09-05 12:11:49,637 | INFO | Opening Maps URL | attempt=1/3
2026-09-05 12:11:52,512 | INFO | Current Maps URL: https://www.google.com/maps/place/Nh%C3%A0+ngh%E1%BB%89+95/data=!4m7!3m6!1s0x316edd4b240bf5cd:0x77ba41117ab38be4!8m2!3d13.9624667!4d108.6463246!16s%2Fg%2F11njlmf5vv!19sChIJzfULJEvdbjER5IuzehFBunc?authuser=0&hl=vi&g_ep=EgoyMDI2MDkwMS4wIJJjKgBIAVAD&rclk=1
2026-09-05 12:11:52,512 | INFO | Valid Google Maps Place URL opened.
2026-09-05 12:11:57,545 | INFO | Address check | score=0.0000 | status=NEED_REVIEW | reason=MISSING_MAPS_ADDRESS
2026-09-05 12:11:57,546 | INFO | Opening Maps URL | attempt=1/3
2026-09-05 12:12:00,433 | INFO | Current Maps URL: https://www.google.com/maps/place/Sunny+Homestay+Quy+Nh%C6%A1n/data=!4m10!3m9!1s0x316f6cdf9260284f:0x32470637ae511180!5m2!4m1!1i2!8m2!3d13.7427516!4d109.210108!16s%2Fg%2F11f4021sfp!19sChIJTyhgkt9sbzERgBFRrjcGRzI?authuser=0&hl=vi&g_ep=EgoyMDI2MDkwMS4wIJJjKgBIAVAD&rclk=1
2026-09-05 12:12:00,433 | INFO | Valid Google Maps Place URL opened.
2026-09-05 12:12:05,823 | INFO | Address check | score=0.0000 | status=NEED_REVIEW | reason=MISSING_MAPS_ADDRESS
2026-09-05 12:12:05,825 | INFO | Opening Maps URL | attempt=1/3
2026-09-05 12:12:09,202 | INFO | Current Maps URL: https://www.google.com/maps/place/Quiet+Bamboo+Lodge+2/data=!4m10!3m9!1s0x31747a344601b0e1:0x6bd4a2350957249b!5m2!4m1!1i2!8m2!3d11.426388!4d107.436276!16s%2Fg%2F11yq9k8dkz!19sChIJ4bABRjR6dDERmyRXCTWi1Gs?authuser=0&hl=vi&g_ep=EgoyMDI2MDkwMS4wIJJjKgBIAVAD&rclk=1
2026-09-05 12:12:09,202 | INFO | Valid Google Maps Place URL opened.
2026-09-05 12:12:14,613 | INFO | Address check | score=0.0000 | status=NEED_REVIEW | reason=MISSING_MAPS_ADDRESS
2026-09-05 12:12:14,614 | INFO | Opening Maps URL | attempt=1/3
2026-09-05 12:12:17,525 | INFO | Current Maps URL: https://www.google.com/maps/place/FLC+Sea+Tower+Condotel/data=!4m7!3m6!1s0x316f6d96e9197bf1:0x594f262592205567!8m2!3d13.7548736!4d109.2152937!16s%2Fg%2F11yw3h0v0s!19sChIJ8XsZ6ZZtbzERZ1UgkiUmT1k?authuser=0&hl=vi&g_ep=EgoyMDI2MDkwMS4wIJJjKgBIAVAD&rclk=1
2026-09-05 12:12:17,525 | INFO | Valid Google Maps Place URL opened.
2026-09-05 12:12:22,562 | INFO | Address check | score=0.0000 | status=NEED_REVIEW | reason=MISSING_MAPS_ADDRESS
2026-09-05 12:12:22,563 | INFO | Opening Maps URL | attempt=1/3
2026-09-05 12:12:25,453 | INFO | Current Maps URL: https://www.google.com/maps/place/FLC+Sea+Tower+Condotel/data=!4m7!3m6!1s0x316f6d96e9197bf1:0x594f262592205567!8m2!3d13.7548736!4d109.2152937!16s%2Fg%2F11yw3h0v0s!19sChIJ8XsZ6ZZtbzERZ1UgkiUmT1k?authuser=0&hl=vi&g_ep=EgoyMDI2MDkwMS4wIJJjKgBIAVAD&rclk=1
2026-09-05 12:12:25,453 | INFO | Valid Google Maps Place URL opened.
2026-09-05 12:12:30,798 | INFO | Address check | score=0.0000 | status=NEED_REVIEW | reason=MISSING_MAPS_ADDRESS
2026-09-05 12:12:30,798 | INFO | CHECKPOINT | processed=50 | matched=1 | mismatched=2 | review=47
2026-09-05 12:12:31,432 | INFO | Excel saved: D:\Product-Google-Maps\output\hotels_export_google_maps_checked.xlsx
2026-09-05 12:12:31,433 | INFO | Opening Maps URL | attempt=1/3
2026-09-05 12:12:34,490 | INFO | Current Maps URL: https://www.google.com/maps/place/Mango+House+Retreat+Quy+Nhon/data=!4m10!3m9!1s0x316f6bacf8c9a101:0xc9a3befb59c64207!5m2!4m1!1i2!8m2!3d13.8653499!4d109.252676!16s%2Fg%2F11t_t7bw_p!19sChIJAaHJ-KxrbzERB0LGWfu-o8k?authuser=0&hl=vi&g_ep=EgoyMDI2MDkwMS4wIJJjKgBIAVAD&rclk=1
2026-09-05 12:12:34,491 | INFO | Valid Google Maps Place URL opened.
2026-09-05 12:12:39,891 | INFO | Address check | score=0.0000 | status=NEED_REVIEW | reason=MISSING_MAPS_ADDRESS
2026-09-05 12:12:39,893 | INFO | Opening Maps URL | attempt=1/3
2026-09-05 12:12:42,750 | INFO | Current Maps URL: https://www.google.com/maps/place/R%E1%BA%A1ng+homestay/data=!4m7!3m6!1s0x3170cfb84159aa7f:0xbcf373e9846adc01!8m2!3d11.5436303!4d109.0312104!16s%2Fg%2F11tt4p2_93!19sChIJf6pZQbjPcDERAdxqhOlz87w?authuser=0&hl=vi&g_ep=EgoyMDI2MDkwMS4wIJJjKgBIAVAD&rclk=1
2026-09-05 12:12:42,750 | INFO | Valid Google Maps Place URL opened.
2026-09-05 12:12:48,241 | INFO | Address check | score=0.0000 | status=NEED_REVIEW | reason=MISSING_MAPS_ADDRESS
2026-09-05 12:12:48,242 | INFO | Opening Maps URL | attempt=1/3
2026-09-05 12:12:51,343 | INFO | Current Maps URL: https://www.google.com/maps/place/R%E1%BA%A1ng+homestay/data=!4m7!3m6!1s0x3170cfb84159aa7f:0xbcf373e9846adc01!8m2!3d11.5436303!4d109.0312104!16s%2Fg%2F11tt4p2_93!19sChIJf6pZQbjPcDERAdxqhOlz87w?authuser=0&hl=vi&g_ep=EgoyMDI2MDkwMS4wIJJjKgBIAVAD&rclk=1
2026-09-05 12:12:51,344 | INFO | Valid Google Maps Place URL opened.
2026-09-05 12:12:56,703 | INFO | Address check | score=0.0000 | status=NEED_REVIEW | reason=MISSING_MAPS_ADDRESS
2026-09-05 12:12:56,707 | INFO | Opening Maps URL | attempt=1/3
2026-09-05 12:13:00,538 | INFO | Current Maps URL: https://www.google.com/maps/place/Y.O+Inn/data=!4m10!3m9!1s0x316bff98da3d8da1:0xec2e2665970f7f5b!5m2!4m1!1i2!8m2!3d14.347059!4d108.007356!16s%2Fg%2F11jsp4_4qr!19sChIJoY092pj_azERW38Pl2UmLuw?authuser=0&hl=vi&g_ep=EgoyMDI2MDkwMS4wIJJjKgBIAVAD&rclk=1
2026-09-05 12:13:00,538 | INFO | Valid Google Maps Place URL opened.
2026-09-05 12:13:06,108 | INFO | Address check | score=0.0000 | status=NEED_REVIEW | reason=MISSING_MAPS_ADDRESS
2026-09-05 12:13:06,113 | INFO | Opening Maps URL | attempt=1/3
2026-09-05 12:13:09,898 | INFO | Current Maps URL: https://www.google.com/maps/place/Nh%C3%A0+tr%E1%BB%8D+B%C3%ACnh+Y%C3%AAn/data=!4m7!3m6!1s0x317519005c4642d3:0x4d94d8f9386087d3!8m2!3d10.761962!4d106.9330296!16s%2Fg%2F11ys4m0d5d!19sChIJ00JGXAAZdTER04dgOPnYlE0?authuser=0&hl=vi&g_ep=EgoyMDI2MDkwMS4wIJJjKgBIAVAD&rclk=1
2026-09-05 12:13:09,898 | INFO | Valid Google Maps Place URL opened.
2026-09-05 12:13:15,372 | INFO | Address check | score=0.0000 | status=NEED_REVIEW | reason=MISSING_MAPS_ADDRESS
2026-09-05 12:13:15,376 | INFO | Opening Maps URL | attempt=1/3
2026-09-05 12:13:18,686 | INFO | Current Maps URL: https://www.google.com/maps/place/Green+Hotel+Quy+Nh%C6%A1n+-+C%C3%A1ch+bi%E1%BB%83n+200m/data=!4m7!3m6!1s0x316f6d21678907cb:0xbf61311ccc0b065e!8m2!3d13.752812!4d109.214291!16s%2Fg%2F11h22ppmqg!19sChIJyweJZyFtbzERXgYLzBwxYb8?authuser=0&hl=vi&g_ep=EgoyMDI2MDkwMS4wIJJjKgBIAVAD&rclk=1
2026-09-05 12:13:18,687 | INFO | Valid Google Maps Place URL opened.
2026-09-05 12:13:24,233 | INFO | Address check | score=0.0000 | status=NEED_REVIEW | reason=MISSING_MAPS_ADDRESS
2026-09-05 12:13:24,234 | INFO | Opening Maps URL | attempt=1/3
2026-09-05 12:13:27,203 | INFO | Current Maps URL: https://www.google.com/maps/place/Green+Hotel+Quy+Nh%C6%A1n+-+C%C3%A1ch+bi%E1%BB%83n+200m/data=!4m7!3m6!1s0x316f6d21678907cb:0xbf61311ccc0b065e!8m2!3d13.752812!4d109.214291!16s%2Fg%2F11h22ppmqg!19sChIJyweJZyFtbzERXgYLzBwxYb8?authuser=0&hl=vi&g_ep=EgoyMDI2MDkwMS4wIJJjKgBIAVAD&rclk=1
2026-09-05 12:13:27,203 | INFO | Valid Google Maps Place URL opened.
2026-09-05 12:13:32,648 | INFO | Address check | score=0.0000 | status=NEED_REVIEW | reason=MISSING_MAPS_ADDRESS
2026-09-05 12:13:32,650 | INFO | Opening Maps URL | attempt=1/3
2026-09-05 12:13:35,735 | INFO | Current Maps URL: https://www.google.com/maps/place/FLC+Luxury+Hotel+Quy+Nhon/data=!4m10!3m9!1s0x316f41f43775ab65:0xf7105eac4b998d9a!5m2!4m1!1i2!8m2!3d13.887154!4d109.279516!16s%2Fg%2F11p5jyyk3q!19sChIJZat1N_RBbzERmo2ZS6xeEPc?authuser=0&hl=vi&g_ep=EgoyMDI2MDkwMS4wIJJjKgBIAVAD&rclk=1
2026-09-05 12:13:35,736 | INFO | Valid Google Maps Place URL opened.
2026-09-05 12:13:41,243 | INFO | Address check | score=0.0000 | status=NEED_REVIEW | reason=MISSING_MAPS_ADDRESS
2026-09-05 12:13:41,244 | INFO | Opening Maps URL | attempt=1/3
2026-09-05 12:13:44,337 | INFO | Current Maps URL: https://www.google.com/maps/place/Kh%C3%A1ch+s%E1%BA%A1n+Ho%C3%A0ng+Kim+Quy+Nh%C6%A1n/data=!4m7!3m6!1s0x316f6c8f7b544b1f:0x302f5af645e86b81!8m2!3d13.7793249!4d109.2252605!16s%2Fg%2F1tcv8crb!19sChIJH0tUe49sbzERgWvoRfZaLzA?authuser=0&hl=vi&g_ep=EgoyMDI2MDkwMS4wIJJjKgBIAVAD&rclk=1
2026-09-05 12:13:44,338 | INFO | Valid Google Maps Place URL opened.
2026-09-05 12:13:49,369 | INFO | Address check | score=0.0000 | status=NEED_REVIEW | reason=MISSING_MAPS_ADDRESS
2026-09-05 12:13:49,371 | INFO | Opening Maps URL | attempt=1/3
2026-09-05 12:13:52,422 | INFO | Current Maps URL: https://www.google.com/maps/place/Kh%C3%A1ch+s%E1%BA%A1n+Mira+-+Kh%C3%A1ch+s%E1%BA%A1n+g%E1%BA%A7n+bi%E1%BB%83n+%E1%BB%9F+Quy+Nh%C6%A1n/data=!4m10!3m9!1s0x316f6ceceb457403:0x1de22f520372522b!5m2!4m1!1i2!8m2!3d13.761717!4d109.219274!16s%2Fg%2F11fk15qdmx!19sChIJA3RF6-xsbzERK1JyA1Iv4h0?authuser=0&hl=vi&g_ep=EgoyMDI2MDkwMS4wIJJjKgBIAVAD&rclk=1
2026-09-05 12:13:52,422 | INFO | Valid Google Maps Place URL opened.
2026-09-05 12:13:57,440 | INFO | Address check | score=0.0000 | status=NEED_REVIEW | reason=MISSING_MAPS_ADDRESS
2026-09-05 12:13:57,442 | INFO | CHECKPOINT | processed=60 | matched=1 | mismatched=2 | review=57
2026-09-05 12:13:57,956 | INFO | Excel saved: D:\Product-Google-Maps\output\hotels_export_google_maps_checked.xlsx
2026-09-05 12:13:57,957 | INFO | Opening Maps URL | attempt=1/3
2026-09-05 12:14:01,040 | INFO | Current Maps URL: https://www.google.com/maps/place/Nh%C3%A0+ngh%E1%BB%89+eo+gi%C3%B3/data=!4m10!3m9!1s0x316f43683bf72dfd:0xa74b6df1821f5afe!5m2!4m1!1i2!8m2!3d13.8819247!4d109.2902411!16s%2Fg%2F11ryyyb0s4!19sChIJ_S33O2hDbzER_lofgvFtS6c?authuser=0&hl=vi&g_ep=EgoyMDI2MDkwMS4wIJJjKgBIAVAD&rclk=1
2026-09-05 12:14:01,041 | INFO | Valid Google Maps Place URL opened.
2026-09-05 12:14:06,437 | INFO | Address check | score=0.0000 | status=NEED_REVIEW | reason=MISSING_MAPS_ADDRESS
2026-09-05 12:14:06,438 | INFO | Opening Maps URL | attempt=1/3
2026-09-05 12:14:09,470 | INFO | Current Maps URL: https://www.google.com/maps/place/Nh%C3%A0+C%C5%A9+Homestay/data=!4m7!3m6!1s0x316f412193a45753:0x69dfe8bb5c97111e!8m2!3d13.9477564!4d109.2412157!16s%2Fg%2F11yzpf9_6g!19sChIJU1ekkyFBbzERHhGXXLvo32k?authuser=0&hl=vi&g_ep=EgoyMDI2MDkwMS4wIJJjKgBIAVAD&rclk=1
2026-09-05 12:14:09,471 | INFO | Valid Google Maps Place URL opened.
2026-09-05 12:14:14,940 | INFO | Address check | score=0.0000 | status=NEED_REVIEW | reason=MISSING_MAPS_ADDRESS
2026-09-05 12:14:14,941 | INFO | Opening Maps URL | attempt=1/3
2026-09-05 12:14:18,025 | INFO | Current Maps URL: https://www.google.com/maps/place/Nh%C3%A0+C%C5%A9+Homestay/data=!4m7!3m6!1s0x316f412193a45753:0x69dfe8bb5c97111e!8m2!3d13.9477564!4d109.2412157!16s%2Fg%2F11yzpf9_6g!19sChIJU1ekkyFBbzERHhGXXLvo32k?authuser=0&hl=vi&g_ep=EgoyMDI2MDkwMS4wIJJjKgBIAVAD&rclk=1
2026-09-05 12:14:18,025 | INFO | Valid Google Maps Place URL opened.
2026-09-05 12:14:23,348 | INFO | Address check | score=0.0000 | status=NEED_REVIEW | reason=MISSING_MAPS_ADDRESS
2026-09-05 12:14:23,349 | INFO | Opening Maps URL | attempt=1/3
2026-09-05 12:14:27,486 | INFO | Current Maps URL: https://www.google.com/maps/place/Pleiku+Homestay/data=!4m10!3m9!1s0x316c1f965eda9afb:0xc3d95f43f0cb7527!5m2!4m1!1i2!8m2!3d13.974368!4d108.0131419!16s%2Fg%2F11tjq_n97q!19sChIJ-5raXpYfbDERJ3XL8ENf2cM?authuser=0&hl=vi&g_ep=EgoyMDI2MDkwMS4wIJJjKgBIAVAD&rclk=1
2026-09-05 12:14:27,487 | INFO | Valid Google Maps Place URL opened.
2026-09-05 12:14:32,947 | INFO | Address check | score=0.0000 | status=NEED_REVIEW | reason=MISSING_MAPS_ADDRESS
2026-09-05 12:14:32,948 | INFO | Opening Maps URL | attempt=1/3
2026-09-05 12:14:36,301 | INFO | Current Maps URL: https://www.google.com/maps/place/TMS+Sea+Condotel+Quy+Nh%C6%A1n/data=!4m7!3m6!1s0x316f6d20632335cf:0x5ec719669add860b!8m2!3d13.7702317!4d109.2332725!16s%2Fg%2F11y84h2w0q!19sChIJzzUjYyBtbzERC4bdmmYZx14?authuser=0&hl=vi&g_ep=EgoyMDI2MDkwMS4wIJJjKgBIAVAD&rclk=1
2026-09-05 12:14:36,301 | INFO | Valid Google Maps Place URL opened.
2026-09-05 12:14:36,984 | INFO | Address check | score=0.2353 | status=MISMATCH | reason=ADDRESS_MISMATCH
2026-09-05 12:14:36,985 | INFO | Opening Maps URL | attempt=1/3
2026-09-05 12:14:41,635 | INFO | Current Maps URL: https://www.google.com/maps/place/TMS+Sea+Condotel+Quy+Nh%C6%A1n/data=!4m7!3m6!1s0x316f6d20632335cf:0x5ec719669add860b!8m2!3d13.7702317!4d109.2332725!16s%2Fg%2F11y84h2w0q!19sChIJzzUjYyBtbzERC4bdmmYZx14?authuser=0&hl=vi&g_ep=EgoyMDI2MDkwMS4wIJJjKgBIAVAD&rclk=1
2026-09-05 12:14:41,636 | INFO | Valid Google Maps Place URL opened.
2026-09-05 12:14:47,097 | INFO | Address check | score=0.0000 | status=NEED_REVIEW | reason=MISSING_MAPS_ADDRESS
2026-09-05 12:14:47,099 | INFO | Opening Maps URL | attempt=1/3
2026-09-05 12:14:51,008 | INFO | Current Maps URL: https://www.google.com/maps/place/TMS+Sea+Condotel+Quy+Nh%C6%A1n/data=!4m7!3m6!1s0x316f6d20632335cf:0x5ec719669add860b!8m2!3d13.7702317!4d109.2332725!16s%2Fg%2F11y84h2w0q!19sChIJzzUjYyBtbzERC4bdmmYZx14?authuser=0&hl=vi&g_ep=EgoyMDI2MDkwMS4wIJJjKgBIAVAD&rclk=1
2026-09-05 12:14:51,008 | INFO | Valid Google Maps Place URL opened.
2026-09-05 12:14:56,425 | INFO | Address check | score=0.0000 | status=NEED_REVIEW | reason=MISSING_MAPS_ADDRESS
2026-09-05 12:14:56,426 | INFO | Opening Maps URL | attempt=1/3
2026-09-05 12:14:59,562 | INFO | Current Maps URL: https://www.google.com/maps/place/Hotel+Indigo+Nagasaki+Glover+Street,+an+IHG+Hotel/data=!4m10!3m9!1s0x351553060d7d4131:0xac967209c1c89845!5m2!4m1!1i2!8m2!3d32.731901!4d129.867037!16s%2Fg%2F11w2164wpz!19sChIJMUF9DQZTFTURRZjIwQlylqw?authuser=0&hl=vi&g_ep=EgoyMDI2MDkwMS4wIJJjKgBIAVAD&rclk=1
2026-09-05 12:14:59,562 | INFO | Valid Google Maps Place URL opened.
2026-09-05 12:15:04,882 | INFO | Address check | score=0.0000 | status=NEED_REVIEW | reason=MISSING_MAPS_ADDRESS
2026-09-05 12:15:04,887 | INFO | Opening Maps URL | attempt=1/3
2026-09-05 12:15:08,000 | INFO | Current Maps URL: https://www.google.com/maps/place/Hotel+Indigo+Nagasaki+Glover+Street,+an+IHG+Hotel/data=!4m10!3m9!1s0x351553060d7d4131:0xac967209c1c89845!5m2!4m1!1i2!8m2!3d32.731901!4d129.867037!16s%2Fg%2F11w2164wpz!19sChIJMUF9DQZTFTURRZjIwQlylqw?authuser=0&hl=vi&g_ep=EgoyMDI2MDkwMS4wIJJjKgBIAVAD&rclk=1
2026-09-05 12:15:08,001 | INFO | Valid Google Maps Place URL opened.
2026-09-05 12:15:13,511 | INFO | Address check | score=0.0000 | status=NEED_REVIEW | reason=MISSING_MAPS_ADDRESS
2026-09-05 12:15:13,512 | INFO | Opening Maps URL | attempt=1/3
2026-09-05 12:15:16,575 | INFO | Current Maps URL: https://www.google.com/maps/place/L%E1%BB%98C+PH%C3%81T+HOUSE+DALAT/data=!4m10!3m9!1s0x31716ccb9ca6a7ad:0xa4225cb17b9676c5!5m2!4m1!1i2!8m2!3d11.932953!4d108.424289!16s%2Fg%2F11t6g0xp0j!19sChIJraemnMtscTERxXaWe7FcIqQ?authuser=0&hl=vi&g_ep=EgoyMDI2MDkwMS4wIJJjKgBIAVAD&rclk=1
2026-09-05 12:15:16,576 | INFO | Valid Google Maps Place URL opened.
2026-09-05 12:15:21,635 | INFO | Address check | score=0.0000 | status=NEED_REVIEW | reason=MISSING_MAPS_ADDRESS
2026-09-05 12:15:21,636 | INFO | CHECKPOINT | processed=70 | matched=1 | mismatched=3 | review=66
2026-09-05 12:15:22,272 | INFO | Excel saved: D:\Product-Google-Maps\output\hotels_export_google_maps_checked.xlsx
2026-09-05 12:15:22,273 | INFO | Opening Maps URL | attempt=1/3
2026-09-05 12:15:25,317 | INFO | Current Maps URL: https://www.google.com/maps/place/L%E1%BB%98C+PH%C3%81T+HOUSE+DALAT/data=!4m10!3m9!1s0x31716ccb9ca6a7ad:0xa4225cb17b9676c5!5m2!4m1!1i2!8m2!3d11.932953!4d108.424289!16s%2Fg%2F11t6g0xp0j!19sChIJraemnMtscTERxXaWe7FcIqQ?authuser=0&hl=vi&g_ep=EgoyMDI2MDkwMS4wIJJjKgBIAVAD&rclk=1
2026-09-05 12:15:25,318 | INFO | Valid Google Maps Place URL opened.
2026-09-05 12:15:30,375 | INFO | Address check | score=0.0000 | status=NEED_REVIEW | reason=MISSING_MAPS_ADDRESS
2026-09-05 12:15:30,376 | INFO | Opening Maps URL | attempt=1/3
2026-09-05 12:15:33,546 | INFO | Current Maps URL: https://www.google.com/maps/place/L%E1%BB%98C+PH%C3%81T+HOUSE+DALAT/data=!4m10!3m9!1s0x31716ccb9ca6a7ad:0xa4225cb17b9676c5!5m2!4m1!1i2!8m2!3d11.932953!4d108.424289!16s%2Fg%2F11t6g0xp0j!19sChIJraemnMtscTERxXaWe7FcIqQ?authuser=0&hl=vi&g_ep=EgoyMDI2MDkwMS4wIJJjKgBIAVAD&rclk=1
2026-09-05 12:15:33,546 | INFO | Valid Google Maps Place URL opened.
2026-09-05 12:15:38,561 | INFO | Address check | score=0.0000 | status=NEED_REVIEW | reason=MISSING_MAPS_ADDRESS
2026-09-05 12:15:38,562 | INFO | Opening Maps URL | attempt=1/3
2026-09-05 12:15:41,507 | INFO | Current Maps URL: https://www.google.com/maps/place/Green+Hotel+Quy+Nh%C6%A1n+-+C%C3%A1ch+bi%E1%BB%83n+200m/data=!4m10!3m9!1s0x316f6d21678907cb:0xbf61311ccc0b065e!5m2!4m1!1i2!8m2!3d13.7528117!4d109.2142909!16s%2Fg%2F11h22ppmqg!19sChIJyweJZyFtbzERXgYLzBwxYb8?authuser=0&hl=vi&g_ep=EgoyMDI2MDkwMS4wIJJjKgBIAVAD&rclk=1
2026-09-05 12:15:41,508 | INFO | Valid Google Maps Place URL opened.
2026-09-05 12:15:46,949 | INFO | Address check | score=0.0000 | status=NEED_REVIEW | reason=MISSING_MAPS_ADDRESS
2026-09-05 12:15:46,950 | INFO | Opening Maps URL | attempt=1/3
2026-09-05 12:15:50,022 | INFO | Current Maps URL: https://www.google.com/maps/place/Green+Hotel+Quy+Nh%C6%A1n+-+C%C3%A1ch+bi%E1%BB%83n+200m/data=!4m10!3m9!1s0x316f6d21678907cb:0xbf61311ccc0b065e!5m2!4m1!1i2!8m2!3d13.7528117!4d109.2142909!16s%2Fg%2F11h22ppmqg!19sChIJyweJZyFtbzERXgYLzBwxYb8?authuser=0&hl=vi&g_ep=EgoyMDI2MDkwMS4wIJJjKgBIAVAD&rclk=1
2026-09-05 12:15:50,022 | INFO | Valid Google Maps Place URL opened.
2026-09-05 12:15:55,089 | INFO | Address check | score=0.0000 | status=NEED_REVIEW | reason=MISSING_MAPS_ADDRESS
2026-09-05 12:15:55,090 | INFO | Opening Maps URL | attempt=1/3
2026-09-05 12:15:59,195 | INFO | Current Maps URL: https://www.google.com/maps/place/Green+Hotel+Quy+Nh%C6%A1n+-+C%C3%A1ch+bi%E1%BB%83n+200m/data=!4m10!3m9!1s0x316f6d21678907cb:0xbf61311ccc0b065e!5m2!4m1!1i2!8m2!3d13.7528117!4d109.2142909!16s%2Fg%2F11h22ppmqg!19sChIJyweJZyFtbzERXgYLzBwxYb8?authuser=0&hl=vi&g_ep=EgoyMDI2MDkwMS4wIJJjKgBIAVAD&rclk=1
2026-09-05 12:15:59,196 | INFO | Valid Google Maps Place URL opened.
2026-09-05 12:16:04,605 | INFO | Address check | score=0.0000 | status=NEED_REVIEW | reason=MISSING_MAPS_ADDRESS
2026-09-05 12:16:04,606 | INFO | Opening Maps URL | attempt=1/3
2026-09-05 12:16:08,346 | INFO | Current Maps URL: https://www.google.com/maps/place/Mira+B%C3%A3i+X%E1%BA%BFp+Quy+Nh%C6%A1n/data=!4m10!3m9!1s0x316f72861703f041:0x8558ab9e8359c452!5m2!4m1!1i2!8m2!3d13.685788!4d109.230904!16s%2Fg%2F11fqd136pq!19sChIJQfADF4ZybzERUsRZg56rWIU?authuser=0&hl=vi&g_ep=EgoyMDI2MDkwMS4wIJJjKgBIAVAD&rclk=1
2026-09-05 12:16:08,346 | INFO | Valid Google Maps Place URL opened.
2026-09-05 12:16:13,763 | INFO | Address check | score=0.0000 | status=NEED_REVIEW | reason=MISSING_MAPS_ADDRESS
2026-09-05 12:16:13,764 | INFO | Opening Maps URL | attempt=1/3
2026-09-05 12:16:16,914 | INFO | Current Maps URL: https://www.google.com/maps/place/Casa+Marina+Resort/data=!4m10!3m9!1s0x316f7288a9ba4f63:0x9ee3fcfc76f514c8!5m2!4m1!1i2!8m2!3d13.684889!4d109.230132!16s%2Fg%2F11f34_wj32!19sChIJY0-6qYhybzERyBT1dvz8454?authuser=0&hl=vi&g_ep=EgoyMDI2MDkwMS4wIJJjKgBIAVAD&rclk=1
2026-09-05 12:16:16,914 | INFO | Valid Google Maps Place URL opened.
2026-09-05 12:16:22,249 | INFO | Address check | score=0.0000 | status=NEED_REVIEW | reason=MISSING_MAPS_ADDRESS
2026-09-05 12:16:22,252 | INFO | Opening Maps URL | attempt=1/3
2026-09-05 12:16:25,154 | INFO | Current Maps URL: https://www.google.com/maps/place/VVHouse+%26+Cinema+%7C+CN1/data=!4m10!3m9!1s0x316f6ddb98c9652b:0x418ffe8c3c2bd024!5m2!4m1!1i2!8m2!3d13.7668548!4d109.2205235!16s%2Fg%2F11t5yxgk49!19sChIJK2XJmNttbzERJNArPIz-j0E?authuser=0&hl=vi&g_ep=EgoyMDI2MDkwMS4wIJJjKgBIAVAD&rclk=1
2026-09-05 12:16:25,155 | INFO | Valid Google Maps Place URL opened.
2026-09-05 12:16:30,592 | INFO | Address check | score=0.0000 | status=NEED_REVIEW | reason=MISSING_MAPS_ADDRESS
2026-09-05 12:16:30,593 | INFO | Opening Maps URL | attempt=1/3
2026-09-05 12:16:33,637 | INFO | Current Maps URL: https://www.google.com/maps/place/Sora+Homestay/data=!4m10!3m9!1s0x316c1ffbd7d2a0b7:0xfaa26aacd82a6474!5m2!4m1!1i2!8m2!3d13.98505!4d108.017637!16s%2Fg%2F11nry925fv!19sChIJt6DS1_sfbDERdGQq2Kxqovo?authuser=0&hl=vi&g_ep=EgoyMDI2MDkwMS4wIJJjKgBIAVAD&rclk=1
2026-09-05 12:16:33,638 | INFO | Valid Google Maps Place URL opened.
2026-09-05 12:16:39,081 | INFO | Address check | score=0.0000 | status=NEED_REVIEW | reason=MISSING_MAPS_ADDRESS
2026-09-05 12:16:39,082 | INFO | Opening Maps URL | attempt=1/3
2026-09-05 12:16:42,219 | INFO | Current Maps URL: https://www.google.com/maps/place/PAPA+GARDEN+Homestay+Pleiku/data=!4m10!3m9!1s0x316c1fafc8fe7e93:0x32c9359749c881e5!5m2!4m1!1i2!8m2!3d13.9976311!4d107.989147!16s%2Fg%2F11qr870xy9!19sChIJk37-yK8fbDER5YHISZc1yTI?authuser=0&hl=vi&g_ep=EgoyMDI2MDkwMS4wIJJjKgBIAVAD&rclk=1
2026-09-05 12:16:42,219 | INFO | Valid Google Maps Place URL opened.
2026-09-05 12:16:47,253 | INFO | Address check | score=0.0000 | status=NEED_REVIEW | reason=MISSING_MAPS_ADDRESS
2026-09-05 12:16:47,254 | INFO | CHECKPOINT | processed=80 | matched=1 | mismatched=3 | review=76
2026-09-05 12:16:47,794 | INFO | Excel saved: D:\Product-Google-Maps\output\hotels_export_google_maps_checked.xlsx
2026-09-05 12:16:47,795 | INFO | Opening Maps URL | attempt=1/3
2026-09-05 12:16:50,628 | INFO | Current Maps URL: https://www.google.com/maps/place/M%E1%BB%99c+An+Nhi%C3%AAn+Cafe%27+Farmstay+-+Camping-+BBQ/data=!4m10!3m9!1s0x316c1ff477674f03:0x2ca80dc4f8039db8!5m2!4m1!1i2!8m2!3d14.0407035!4d108.1119!16s%2Fg%2F11sx3ndtsz!19sChIJA09nd_QfbDERuJ0D-MQNqCw?authuser=0&hl=vi&g_ep=EgoyMDI2MDkwMS4wIJJjKgBIAVAD&rclk=1
2026-09-05 12:16:50,629 | INFO | Valid Google Maps Place URL opened.
2026-09-05 12:16:56,163 | INFO | Address check | score=0.0000 | status=NEED_REVIEW | reason=MISSING_MAPS_ADDRESS
2026-09-05 12:16:56,164 | INFO | Opening Maps URL | attempt=1/3
2026-09-05 12:16:59,354 | INFO | Current Maps URL: https://www.google.com/maps/place/M%E1%BB%99c+An+Nhi%C3%AAn+Cafe%27+Farmstay+-+Camping-+BBQ/data=!4m10!3m9!1s0x316c1ff477674f03:0x2ca80dc4f8039db8!5m2!4m1!1i2!8m2!3d14.0407035!4d108.1119!16s%2Fg%2F11sx3ndtsz!19sChIJA09nd_QfbDERuJ0D-MQNqCw?authuser=0&hl=vi&g_ep=EgoyMDI2MDkwMS4wIJJjKgBIAVAD&rclk=1
2026-09-05 12:16:59,354 | INFO | Valid Google Maps Place URL opened.
2026-09-05 12:17:04,668 | INFO | Address check | score=0.0000 | status=NEED_REVIEW | reason=MISSING_MAPS_ADDRESS
2026-09-05 12:17:04,669 | INFO | Opening Maps URL | attempt=1/3
2026-09-05 12:17:07,586 | INFO | Current Maps URL: https://www.google.com/maps/place/Kh%C3%A1ch+s%E1%BA%A1n+Pleiku/data=!4m10!3m9!1s0x316c1f9beeafdc63:0xd112ab483882c1ec!5m2!4m1!1i2!8m2!3d13.98526!4d108.007592!16s%2Fg%2F1tdy1zcp!19sChIJY9yv7psfbDER7MGCOEirEtE?authuser=0&hl=vi&g_ep=EgoyMDI2MDkwMS4wIJJjKgBIAVAD&rclk=1
2026-09-05 12:17:07,586 | INFO | Valid Google Maps Place URL opened.
2026-09-05 12:17:12,932 | INFO | Address check | score=0.0000 | status=NEED_REVIEW | reason=MISSING_MAPS_ADDRESS
2026-09-05 12:17:12,933 | INFO | Opening Maps URL | attempt=1/3
2026-09-05 12:17:16,422 | INFO | Current Maps URL: https://www.google.com/maps/place/Kh%C3%A1ch+s%E1%BA%A1n+Pleiku/data=!4m10!3m9!1s0x316c1f9beeafdc63:0xd112ab483882c1ec!5m2!4m1!1i2!8m2!3d13.98526!4d108.007592!16s%2Fg%2F1tdy1zcp!19sChIJY9yv7psfbDER7MGCOEirEtE?authuser=0&hl=vi&g_ep=EgoyMDI2MDkwMS4wIJJjKgBIAVAD&rclk=1
2026-09-05 12:17:16,423 | INFO | Valid Google Maps Place URL opened.
2026-09-05 12:17:21,517 | INFO | Address check | score=0.0000 | status=NEED_REVIEW | reason=MISSING_MAPS_ADDRESS
2026-09-05 12:17:21,518 | INFO | Opening Maps URL | attempt=1/3
2026-09-05 12:17:24,654 | INFO | Current Maps URL: https://www.google.com/maps/place/Kh%C3%A1ch+s%E1%BA%A1n+Pleiku/data=!4m10!3m9!1s0x316c1f9beeafdc63:0xd112ab483882c1ec!5m2!4m1!1i2!8m2!3d13.98526!4d108.007592!16s%2Fg%2F1tdy1zcp!19sChIJY9yv7psfbDER7MGCOEirEtE?authuser=0&hl=vi&g_ep=EgoyMDI2MDkwMS4wIJJjKgBIAVAD&rclk=1
2026-09-05 12:17:24,654 | INFO | Valid Google Maps Place URL opened.
2026-09-05 12:17:30,146 | INFO | Address check | score=0.0000 | status=NEED_REVIEW | reason=MISSING_MAPS_ADDRESS
2026-09-05 12:17:30,147 | INFO | Opening Maps URL | attempt=1/3
2026-09-05 12:17:33,217 | INFO | Current Maps URL: https://www.google.com/maps/place/Nh%C3%A0+ngh%E1%BB%89+Lan+Anh+-+186+Tr%E1%BA%A7n+H%C6%B0ng+%C4%90%E1%BA%A1o/data=!4m10!3m9!1s0x316e63ce0af81d8b:0x3f8bb5621428bf2b!5m2!4m1!1i2!8m2!3d13.523691!4d108.3133416!16s%2Fg%2F11hyrswsy6!19sChIJix34Cs5jbjERK78oFGK1iz8?authuser=0&hl=vi&g_ep=EgoyMDI2MDkwMS4wIJJjKgBIAVAD&rclk=1
2026-09-05 12:17:33,218 | INFO | Valid Google Maps Place URL opened.
2026-09-05 12:17:38,583 | INFO | Address check | score=0.0000 | status=NEED_REVIEW | reason=MISSING_MAPS_ADDRESS
2026-09-05 12:17:38,584 | INFO | Opening Maps URL | attempt=1/3
2026-09-05 12:17:41,650 | INFO | Current Maps URL: https://www.google.com/maps/place/Nh%C3%A0+ngh%E1%BB%89+Lan+Anh+-+186+Tr%E1%BA%A7n+H%C6%B0ng+%C4%90%E1%BA%A1o/data=!4m10!3m9!1s0x316e63ce0af81d8b:0x3f8bb5621428bf2b!5m2!4m1!1i2!8m2!3d13.523691!4d108.3133416!16s%2Fg%2F11hyrswsy6!19sChIJix34Cs5jbjERK78oFGK1iz8?authuser=0&hl=vi&g_ep=EgoyMDI2MDkwMS4wIJJjKgBIAVAD&rclk=1
2026-09-05 12:17:41,650 | INFO | Valid Google Maps Place URL opened.
2026-09-05 12:17:46,762 | INFO | Address check | score=0.0000 | status=NEED_REVIEW | reason=MISSING_MAPS_ADDRESS
2026-09-05 12:17:46,765 | INFO | Opening Maps URL | attempt=1/3
2026-09-05 12:17:49,684 | INFO | Current Maps URL: https://www.google.com/maps/place/Nh%C3%A0+ngh%E1%BB%89+Lan+Anh+-+186+Tr%E1%BA%A7n+H%C6%B0ng+%C4%90%E1%BA%A1o/data=!4m10!3m9!1s0x316e63ce0af81d8b:0x3f8bb5621428bf2b!5m2!4m1!1i2!8m2!3d13.523691!4d108.3133416!16s%2Fg%2F11hyrswsy6!19sChIJix34Cs5jbjERK78oFGK1iz8?authuser=0&hl=vi&g_ep=EgoyMDI2MDkwMS4wIJJjKgBIAVAD&rclk=1
2026-09-05 12:17:49,684 | INFO | Valid Google Maps Place URL opened.
2026-09-05 12:17:55,068 | INFO | Address check | score=0.0000 | status=NEED_REVIEW | reason=MISSING_MAPS_ADDRESS
2026-09-05 12:17:55,069 | INFO | Opening Maps URL | attempt=1/3
2026-09-05 12:17:59,316 | INFO | Current Maps URL: https://www.google.com/maps/place/C%C3%A1+M%E1%BA%B7n+Homestay/data=!4m10!3m9!1s0x316f4170c47e4829:0xa341a95bd0661be3!5m2!4m1!1i2!8m2!3d13.9495279!4d109.241341!16s%2Fg%2F11stkmdsxn!19sChIJKUh-xHBBbzER4xtm0FupQaM?authuser=0&hl=vi&g_ep=EgoyMDI2MDkwMS4wIJJjKgBIAVAD&rclk=1
2026-09-05 12:17:59,317 | INFO | Valid Google Maps Place URL opened.
2026-09-05 12:18:04,760 | INFO | Address check | score=0.0000 | status=NEED_REVIEW | reason=MISSING_MAPS_ADDRESS
2026-09-05 12:18:04,764 | INFO | Opening Maps URL | attempt=1/3
2026-09-05 12:18:08,885 | INFO | Current Maps URL: https://www.google.com/maps/place/C%C3%A1+M%E1%BA%B7n+Homestay/data=!4m10!3m9!1s0x316f4170c47e4829:0xa341a95bd0661be3!5m2!4m1!1i2!8m2!3d13.9495279!4d109.241341!16s%2Fg%2F11stkmdsxn!19sChIJKUh-xHBBbzER4xtm0FupQaM?authuser=0&hl=vi&g_ep=EgoyMDI2MDkwMS4wIJJjKgBIAVAD&rclk=1
2026-09-05 12:18:08,885 | INFO | Valid Google Maps Place URL opened.
2026-09-05 12:18:14,287 | INFO | Address check | score=0.0000 | status=NEED_REVIEW | reason=MISSING_MAPS_ADDRESS
2026-09-05 12:18:14,288 | INFO | CHECKPOINT | processed=90 | matched=1 | mismatched=3 | review=86
2026-09-05 12:18:14,905 | INFO | Excel saved: D:\Product-Google-Maps\output\hotels_export_google_maps_checked.xlsx
2026-09-05 12:18:14,906 | INFO | Opening Maps URL | attempt=1/3
2026-09-05 12:18:18,779 | INFO | Current Maps URL: https://www.google.com/maps/place/C%C3%A1+M%E1%BA%B7n+Homestay/data=!4m10!3m9!1s0x316f4170c47e4829:0xa341a95bd0661be3!5m2!4m1!1i2!8m2!3d13.9495279!4d109.241341!16s%2Fg%2F11stkmdsxn!19sChIJKUh-xHBBbzER4xtm0FupQaM?authuser=0&hl=vi&g_ep=EgoyMDI2MDkwMS4wIJJjKgBIAVAD&rclk=1
2026-09-05 12:18:18,779 | INFO | Valid Google Maps Place URL opened.
2026-09-05 12:18:24,202 | INFO | Address check | score=0.0000 | status=NEED_REVIEW | reason=MISSING_MAPS_ADDRESS
2026-09-05 12:18:24,203 | INFO | Opening Maps URL | attempt=1/3
2026-09-05 12:18:27,117 | INFO | Current Maps URL: https://www.google.com/maps/place/C%C3%A1+M%E1%BA%B7n+Homestay/data=!4m10!3m9!1s0x316f4170c47e4829:0xa341a95bd0661be3!5m2!4m1!1i2!8m2!3d13.9495279!4d109.241341!16s%2Fg%2F11stkmdsxn!19sChIJKUh-xHBBbzER4xtm0FupQaM?authuser=0&hl=vi&g_ep=EgoyMDI2MDkwMS4wIJJjKgBIAVAD&rclk=1
2026-09-05 12:18:27,117 | INFO | Valid Google Maps Place URL opened.
2026-09-05 12:18:32,511 | INFO | Address check | score=0.0000 | status=NEED_REVIEW | reason=MISSING_MAPS_ADDRESS
2026-09-05 12:18:32,513 | INFO | Opening Maps URL | attempt=1/3
2026-09-05 12:18:35,365 | INFO | Current Maps URL: https://www.google.com/maps/place/Kh%C3%A1ch+s%E1%BA%A1n+Mira+Sun+-+Kh%C3%A1ch+s%E1%BA%A1n+3+sao+c%E1%BA%A1nh+H%E1%BB%93+Sinh+Th%C3%A1i+Quy+Nh%C6%A1n/data=!4m10!3m9!1s0x316f6c86caebbac9:0x896126de2cfcdf9!5m2!4m1!1i2!8m2!3d13.7788166!4d109.2314423!16s%2Fg%2F11btrsf5z_!19sChIJybrryoZsbzER-c3P4m0Slgg?authuser=0&hl=vi&g_ep=EgoyMDI2MDkwMS4wIJJjKgBIAVAD&rclk=1
2026-09-05 12:18:35,365 | INFO | Valid Google Maps Place URL opened.
2026-09-05 12:18:40,453 | INFO | Address check | score=0.0000 | status=NEED_REVIEW | reason=MISSING_MAPS_ADDRESS
2026-09-05 12:18:40,457 | INFO | Opening Maps URL | attempt=1/3
2026-09-05 12:18:43,630 | INFO | Current Maps URL: https://www.google.com/maps/place/Kh%C3%A1ch+s%E1%BA%A1n+Mira+Sun+-+Kh%C3%A1ch+s%E1%BA%A1n+3+sao+c%E1%BA%A1nh+H%E1%BB%93+Sinh+Th%C3%A1i+Quy+Nh%C6%A1n/data=!4m10!3m9!1s0x316f6c86caebbac9:0x896126de2cfcdf9!5m2!4m1!1i2!8m2!3d13.7788166!4d109.2314423!16s%2Fg%2F11btrsf5z_!19sChIJybrryoZsbzER-c3P4m0Slgg?authuser=0&hl=vi&g_ep=EgoyMDI2MDkwMS4wIJJjKgBIAVAD&rclk=1
2026-09-05 12:18:43,630 | INFO | Valid Google Maps Place URL opened.
2026-09-05 12:18:49,200 | INFO | Address check | score=0.0000 | status=NEED_REVIEW | reason=MISSING_MAPS_ADDRESS
2026-09-05 12:18:49,202 | INFO | Opening Maps URL | attempt=1/3
2026-09-05 12:18:52,105 | INFO | Current Maps URL: https://www.google.com/maps/place/Kh%C3%A1ch+s%E1%BA%A1n+Mira+Sun+-+Kh%C3%A1ch+s%E1%BA%A1n+3+sao+c%E1%BA%A1nh+H%E1%BB%93+Sinh+Th%C3%A1i+Quy+Nh%C6%A1n/data=!4m10!3m9!1s0x316f6c86caebbac9:0x896126de2cfcdf9!5m2!4m1!1i2!8m2!3d13.7788166!4d109.2314423!16s%2Fg%2F11btrsf5z_!19sChIJybrryoZsbzER-c3P4m0Slgg?authuser=0&hl=vi&g_ep=EgoyMDI2MDkwMS4wIJJjKgBIAVAD&rclk=1
2026-09-05 12:18:52,105 | INFO | Valid Google Maps Place URL opened.
2026-09-05 12:18:57,530 | INFO | Address check | score=0.0000 | status=NEED_REVIEW | reason=MISSING_MAPS_ADDRESS
2026-09-05 12:18:57,531 | INFO | Opening Maps URL | attempt=1/3
2026-09-05 12:19:00,434 | INFO | Current Maps URL: https://www.google.com/maps/place/Kh%C3%A1ch+s%E1%BA%A1n+Mira+Sun+-+Kh%C3%A1ch+s%E1%BA%A1n+3+sao+c%E1%BA%A1nh+H%E1%BB%93+Sinh+Th%C3%A1i+Quy+Nh%C6%A1n/data=!4m10!3m9!1s0x316f6c86caebbac9:0x896126de2cfcdf9!5m2!4m1!1i2!8m2!3d13.7788166!4d109.2314423!16s%2Fg%2F11btrsf5z_!19sChIJybrryoZsbzER-c3P4m0Slgg?authuser=0&hl=vi&g_ep=EgoyMDI2MDkwMS4wIJJjKgBIAVAD&rclk=1
2026-09-05 12:19:00,435 | INFO | Valid Google Maps Place URL opened.
2026-09-05 12:19:05,467 | INFO | Address check | score=0.0000 | status=NEED_REVIEW | reason=MISSING_MAPS_ADDRESS
2026-09-05 12:19:05,470 | INFO | Opening Maps URL | attempt=1/3
2026-09-05 12:19:08,411 | INFO | Current Maps URL: https://www.google.com/maps/place/Nh%C3%A0+ngh%E1%BB%89+b%C3%ACnh+d%C3%A2n+Ho%C3%A0ng+Nam+2/data=!4m7!3m6!1s0x316e37058b5a1bc7:0xcb076ff61483361a!8m2!3d13.203333!4d108.6847597!16s%2Fg%2F11wxh374jk!19sChIJxxtaiwU3bjERGjaDFPZvB8s?authuser=0&hl=vi&g_ep=EgoyMDI2MDkwMS4wIJJjKgBIAVAD&rclk=1
2026-09-05 12:19:08,411 | INFO | Valid Google Maps Place URL opened.
2026-09-05 12:19:13,795 | INFO | Address check | score=0.0000 | status=NEED_REVIEW | reason=MISSING_MAPS_ADDRESS
2026-09-05 12:19:13,796 | INFO | Opening Maps URL | attempt=1/3
2026-09-05 12:19:17,582 | INFO | Current Maps URL: https://www.google.com/maps/place/Kh%C3%A1ch+s%E1%BA%A1n+Sao+Mai/data=!4m10!3m9!1s0x31752ef47e81a885:0x5acd2b2d49f05b64!5m2!4m1!1i2!8m2!3d10.753138!4d106.655856!16s%2Fg%2F11fx7x12pw!19sChIJhaiBfvQudTERZFvwSS0rzVo?authuser=0&hl=vi&g_ep=EgoyMDI2MDkwMS4wIJJjKgBIAVAD&rclk=1
2026-09-05 12:19:17,582 | INFO | Valid Google Maps Place URL opened.
2026-09-05 12:19:23,156 | INFO | Address check | score=0.0000 | status=NEED_REVIEW | reason=MISSING_MAPS_ADDRESS
2026-09-05 12:19:23,161 | INFO | Opening Maps URL | attempt=1/3
2026-09-05 12:19:26,775 | INFO | Current Maps URL: https://www.google.com/maps/place/Kh%C3%A1ch+s%E1%BA%A1n+Ph%C6%B0%C6%A1ng+Trinh+-+Napoli+Coffee/data=!4m10!3m9!1s0x316c219a4538d2ff:0xda52ee7aca895fa9!5m2!4m1!1i2!8m2!3d13.9583283!4d108.0206648!16s%2Fg%2F11smhbdb77!19sChIJ_9I4RZohbDERqV-JynruUto?authuser=0&hl=vi&g_ep=EgoyMDI2MDkwMS4wIJJjKgBIAVAD&rclk=1
2026-09-05 12:19:26,775 | INFO | Valid Google Maps Place URL opened.
2026-09-05 12:19:31,836 | INFO | Address check | score=0.0000 | status=NEED_REVIEW | reason=MISSING_MAPS_ADDRESS
2026-09-05 12:19:31,838 | INFO | Opening Maps URL | attempt=1/3
2026-09-05 12:19:34,753 | INFO | Current Maps URL: https://www.google.com/maps/place/Kh%C3%A1ch+s%E1%BA%A1n+Ph%C6%B0%C6%A1ng+Trinh+-+Napoli+Coffee/data=!4m10!3m9!1s0x316c219a4538d2ff:0xda52ee7aca895fa9!5m2!4m1!1i2!8m2!3d13.9583283!4d108.0206648!16s%2Fg%2F11smhbdb77!19sChIJ_9I4RZohbDERqV-JynruUto?authuser=0&hl=vi&g_ep=EgoyMDI2MDkwMS4wIJJjKgBIAVAD&rclk=1
2026-09-05 12:19:34,753 | INFO | Valid Google Maps Place URL opened.
2026-09-05 12:19:40,183 | INFO | Address check | score=0.0000 | status=NEED_REVIEW | reason=MISSING_MAPS_ADDRESS
2026-09-05 12:19:40,183 | INFO | CHECKPOINT | processed=100 | matched=1 | mismatched=3 | review=96
2026-09-05 12:19:40,759 | INFO | Excel saved: D:\Product-Google-Maps\output\hotels_export_google_maps_checked.xlsx
2026-09-05 12:19:40,760 | INFO | Opening Maps URL | attempt=1/3
2026-09-05 12:19:43,887 | INFO | Current Maps URL: https://www.google.com/maps/place/Kh%C3%A1ch+s%E1%BA%A1n+Ph%C6%B0%C6%A1ng+Trinh+-+Napoli+Coffee/data=!4m10!3m9!1s0x316c219a4538d2ff:0xda52ee7aca895fa9!5m2!4m1!1i2!8m2!3d13.9583283!4d108.0206648!16s%2Fg%2F11smhbdb77!19sChIJ_9I4RZohbDERqV-JynruUto?authuser=0&hl=vi&g_ep=EgoyMDI2MDkwMS4wIJJjKgBIAVAD&rclk=1
2026-09-05 12:19:43,888 | INFO | Valid Google Maps Place URL opened.
2026-09-05 12:19:49,250 | INFO | Address check | score=0.0000 | status=NEED_REVIEW | reason=MISSING_MAPS_ADDRESS
2026-09-05 12:19:49,251 | INFO | Opening Maps URL | attempt=1/3
2026-09-05 12:19:52,448 | INFO | Current Maps URL: https://www.google.com/maps/place/Kh%C3%A1ch+s%E1%BA%A1n+Mira+-+Kh%C3%A1ch+s%E1%BA%A1n+g%E1%BA%A7n+bi%E1%BB%83n+%E1%BB%9F+Quy+Nh%C6%A1n/data=!4m10!3m9!1s0x316f6ceceb457403:0x1de22f520372522b!5m2!4m1!1i2!8m2!3d13.761717!4d109.219274!16s%2Fg%2F11fk15qdmx!19sChIJA3RF6-xsbzERK1JyA1Iv4h0?authuser=0&hl=vi&g_ep=EgoyMDI2MDkwMS4wIJJjKgBIAVAD&rclk=1
2026-09-05 12:19:52,448 | INFO | Valid Google Maps Place URL opened.
2026-09-05 12:19:57,925 | INFO | Address check | score=0.0000 | status=NEED_REVIEW | reason=MISSING_MAPS_ADDRESS
2026-09-05 12:19:57,926 | INFO | Opening Maps URL | attempt=1/3
2026-09-05 12:20:00,911 | INFO | Current Maps URL: https://www.google.com/maps/place/Kh%C3%A1ch+s%E1%BA%A1n+S%C3%A0i+G%C3%B2n+-+V%C4%A9nh+Long/data=!4m10!3m9!1s0x310a82d35b63050f:0xdeeb6326f3e9858e!5m2!4m1!1i2!8m2!3d10.256096!4d105.9689!16s%2Fg%2F11gbk4wlj9!19sChIJDwVjW9OCCjERjoXp8yZj694?authuser=0&hl=vi&g_ep=EgoyMDI2MDkwMS4wIJJjKgBIAVAD&rclk=1
2026-09-05 12:20:00,912 | INFO | Valid Google Maps Place URL opened.
2026-09-05 12:20:06,250 | INFO | Address check | score=0.0000 | status=NEED_REVIEW | reason=MISSING_MAPS_ADDRESS
2026-09-05 12:20:06,251 | INFO | Opening Maps URL | attempt=1/3
2026-09-05 12:20:09,231 | INFO | Current Maps URL: https://www.google.com/maps/place/Kh%C3%A1ch+s%E1%BA%A1n+S%C3%A0i+G%C3%B2n+-+V%C4%A9nh+Long/data=!4m10!3m9!1s0x310a82d35b63050f:0xdeeb6326f3e9858e!5m2!4m1!1i2!8m2!3d10.256096!4d105.9689!16s%2Fg%2F11gbk4wlj9!19sChIJDwVjW9OCCjERjoXp8yZj694?authuser=0&hl=vi&g_ep=EgoyMDI2MDkwMS4wIJJjKgBIAVAD&rclk=1
2026-09-05 12:20:09,231 | INFO | Valid Google Maps Place URL opened.
2026-09-05 12:20:14,579 | INFO | Address check | score=0.0000 | status=NEED_REVIEW | reason=MISSING_MAPS_ADDRESS
2026-09-05 12:20:14,580 | INFO | Opening Maps URL | attempt=1/3
2026-09-05 12:20:17,715 | INFO | Current Maps URL: https://www.google.com/maps/place/Kh%C3%A1ch+s%E1%BA%A1n+S%C3%A0i+G%C3%B2n+-+V%C4%A9nh+Long/data=!4m10!3m9!1s0x310a82d35b63050f:0xdeeb6326f3e9858e!5m2!4m1!1i2!8m2!3d10.256096!4d105.9689!16s%2Fg%2F11gbk4wlj9!19sChIJDwVjW9OCCjERjoXp8yZj694?authuser=0&hl=vi&g_ep=EgoyMDI2MDkwMS4wIJJjKgBIAVAD&rclk=1
2026-09-05 12:20:17,716 | INFO | Valid Google Maps Place URL opened.
2026-09-05 12:20:23,023 | INFO | Address check | score=0.0000 | status=NEED_REVIEW | reason=MISSING_MAPS_ADDRESS
2026-09-05 12:20:23,024 | INFO | Opening Maps URL | attempt=1/3
2026-09-05 12:20:26,098 | INFO | Current Maps URL: https://www.google.com/maps/place/Lemon+House+%28Homestay+%26+Coffee%29/data=!4m10!3m9!1s0x316f6d257d1eb863:0xe8dfa60052fc7fff!5m2!4m1!1i2!8m2!3d13.7550968!4d109.212447!16s%2Fg%2F11g_zf4bv2!19sChIJY7gefSVtbzER_3_8UgCm3-g?authuser=0&hl=vi&g_ep=EgoyMDI2MDkwMS4wIJJjKgBIAVAD&rclk=1
2026-09-05 12:20:26,099 | INFO | Valid Google Maps Place URL opened.
2026-09-05 12:20:31,564 | INFO | Address check | score=0.0000 | status=NEED_REVIEW | reason=MISSING_MAPS_ADDRESS
2026-09-05 12:20:31,566 | INFO | Opening Maps URL | attempt=1/3
2026-09-05 12:20:35,448 | INFO | Current Maps URL: https://www.google.com/maps/place/Lemon+House+%28Homestay+%26+Coffee%29/data=!4m10!3m9!1s0x316f6d257d1eb863:0xe8dfa60052fc7fff!5m2!4m1!1i2!8m2!3d13.7550968!4d109.212447!16s%2Fg%2F11g_zf4bv2!19sChIJY7gefSVtbzER_3_8UgCm3-g?authuser=0&hl=vi&g_ep=EgoyMDI2MDkwMS4wIJJjKgBIAVAD&rclk=1
2026-09-05 12:20:35,449 | INFO | Valid Google Maps Place URL opened.
2026-09-05 12:20:41,008 | INFO | Address check | score=0.0000 | status=NEED_REVIEW | reason=MISSING_MAPS_ADDRESS
2026-09-05 12:20:41,009 | INFO | Opening Maps URL | attempt=1/3
2026-09-05 12:20:44,863 | INFO | Current Maps URL: https://www.google.com/maps/place/Grand+Hyams+Hotel+-+Quy+Nhon+Beach/data=!4m10!3m9!1s0x316f6c89aeb0a57f:0xe2b7f5f96d62ffaf!5m2!4m1!1i2!8m2!3d13.770187!4d109.233019!16s%2Fg%2F11tk30nyv5!19sChIJf6WwrolsbzERr_9ibfn1t-I?authuser=0&hl=vi&g_ep=EgoyMDI2MDkwMS4wIJJjKgBIAVAD&rclk=1
2026-09-05 12:20:44,863 | INFO | Valid Google Maps Place URL opened.
2026-09-05 12:20:50,265 | INFO | Address check | score=0.0000 | status=NEED_REVIEW | reason=MISSING_MAPS_ADDRESS
2026-09-05 12:20:50,266 | INFO | Opening Maps URL | attempt=1/3
2026-09-05 12:20:54,020 | INFO | Current Maps URL: https://www.google.com/maps/place/Homestay+%26+Coffee+Ho%C3%A0ng+Gia/data=!4m10!3m9!1s0x316f6dfa5653d32f:0x2ffeceda9e0c4413!5m2!4m1!1i2!8m2!3d13.7629852!4d109.2181593!16s%2Fg%2F11gtr8j0fw!19sChIJL9NTVvptbzERE0QMntrO_i8?authuser=0&hl=vi&g_ep=EgoyMDI2MDkwMS4wIJJjKgBIAVAD&rclk=1
2026-09-05 12:20:54,020 | INFO | Valid Google Maps Place URL opened.
2026-09-05 12:20:59,160 | INFO | Address check | score=0.0000 | status=NEED_REVIEW | reason=MISSING_MAPS_ADDRESS
2026-09-05 12:20:59,161 | INFO | Opening Maps URL | attempt=1/3
2026-09-05 12:21:03,282 | INFO | Current Maps URL: https://www.google.com/maps/place/Vani+Homestay/data=!4m10!3m9!1s0x316f6d0b2ec4fed1:0xdbcb6bcef05bcee7!5m2!4m1!1i2!8m2!3d13.7564894!4d109.213408!16s%2Fg%2F11frscnsxk!19sChIJ0f7ELgttbzER585b8M5ry9s?authuser=0&hl=vi&g_ep=EgoyMDI2MDkwMS4wIJJjKgBIAVAD&rclk=1
2026-09-05 12:21:03,282 | INFO | Valid Google Maps Place URL opened.
2026-09-05 12:21:08,356 | INFO | Address check | score=0.0000 | status=NEED_REVIEW | reason=MISSING_MAPS_ADDRESS
2026-09-05 12:21:08,357 | INFO | CHECKPOINT | processed=110 | matched=1 | mismatched=3 | review=106
2026-09-05 12:21:08,980 | INFO | Excel saved: D:\Product-Google-Maps\output\hotels_export_google_maps_checked.xlsx
2026-09-05 12:21:08,981 | INFO | Opening Maps URL | attempt=1/3
2026-09-05 12:21:12,137 | INFO | Current Maps URL: https://www.google.com/maps/place/FLC+Sea+Tower/data=!4m10!3m9!1s0x316f6ce900f3a50b:0x29c154825ef759cd!5m2!4m1!1i2!8m2!3d13.755644!4d109.21487!16s%2Fg%2F11csryy0ls!19sChIJC6XzAOlsbzERzVn3XoJUwSk?authuser=0&hl=vi&g_ep=EgoyMDI2MDkwMS4wIJJjKgBIAVAD&rclk=1
2026-09-05 12:21:12,137 | INFO | Valid Google Maps Place URL opened.
2026-09-05 12:21:17,556 | INFO | Address check | score=0.0000 | status=NEED_REVIEW | reason=MISSING_MAPS_ADDRESS
2026-09-05 12:21:17,558 | INFO | Opening Maps URL | attempt=1/3
2026-09-05 12:21:21,037 | INFO | Current Maps URL: https://www.google.com/maps/place/La+Mer+Homestay+Quynhon/data=!4m10!3m9!1s0x316f6df425f86563:0x4a6a2ce7bd6b5373!5m2!4m1!1i2!8m2!3d13.7497242!4d109.2122861!16s%2Fg%2F11xckvqbvy!19sChIJY2X4JfRtbzERc1Nrvecsako?authuser=0&hl=vi&g_ep=EgoyMDI2MDkwMS4wIJJjKgBIAVAD&rclk=1
2026-09-05 12:21:21,038 | INFO | Valid Google Maps Place URL opened.
2026-09-05 12:21:26,420 | INFO | Address check | score=0.0000 | status=NEED_REVIEW | reason=MISSING_MAPS_ADDRESS
2026-09-05 12:21:26,421 | INFO | Opening Maps URL | attempt=1/3
2026-09-05 12:21:29,591 | INFO | Current Maps URL: https://www.google.com/maps/place/Kh%C3%A1ch+s%E1%BA%A1n+Mira+-+Kh%C3%A1ch+s%E1%BA%A1n+g%E1%BA%A7n+bi%E1%BB%83n+%E1%BB%9F+Quy+Nh%C6%A1n/data=!4m10!3m9!1s0x316f6ceceb457403:0x1de22f520372522b!5m2!4m1!1i2!8m2!3d13.761717!4d109.219274!16s%2Fg%2F11fk15qdmx!19sChIJA3RF6-xsbzERK1JyA1Iv4h0?authuser=0&hl=vi&g_ep=EgoyMDI2MDkwMS4wIJJjKgBIAVAD&rclk=1
2026-09-05 12:21:29,591 | INFO | Valid Google Maps Place URL opened.
2026-09-05 12:21:35,090 | INFO | Address check | score=0.0000 | status=NEED_REVIEW | reason=MISSING_MAPS_ADDRESS
2026-09-05 12:21:35,091 | INFO | Opening Maps URL | attempt=1/3
2026-09-05 12:21:38,512 | INFO | Current Maps URL: https://www.google.com/maps/place/Green+Hotel+Quy+Nh%C6%A1n+-+C%C3%A1ch+bi%E1%BB%83n+200m/data=!4m10!3m9!1s0x316f6d21678907cb:0xbf61311ccc0b065e!5m2!4m1!1i2!8m2!3d13.7528117!4d109.2142909!16s%2Fg%2F11h22ppmqg!19sChIJyweJZyFtbzERXgYLzBwxYb8?authuser=0&hl=vi&g_ep=EgoyMDI2MDkwMS4wIJJjKgBIAVAD&rclk=1
2026-09-05 12:21:38,512 | INFO | Valid Google Maps Place URL opened.
2026-09-05 12:21:44,024 | INFO | Address check | score=0.0000 | status=NEED_REVIEW | reason=MISSING_MAPS_ADDRESS
2026-09-05 12:21:44,025 | INFO | Opening Maps URL | attempt=1/3
2026-09-05 12:21:46,909 | INFO | Current Maps URL: https://www.google.com/maps/place/Mira+B%C3%A3i+X%E1%BA%BFp+Quy+Nh%C6%A1n/data=!4m10!3m9!1s0x316f72861703f041:0x8558ab9e8359c452!5m2!4m1!1i2!8m2!3d13.685788!4d109.230904!16s%2Fg%2F11fqd136pq!19sChIJQfADF4ZybzERUsRZg56rWIU?authuser=0&hl=vi&g_ep=EgoyMDI2MDkwMS4wIJJjKgBIAVAD&rclk=1
2026-09-05 12:21:46,909 | INFO | Valid Google Maps Place URL opened.
2026-09-05 12:21:52,296 | INFO | Address check | score=0.0000 | status=NEED_REVIEW | reason=MISSING_MAPS_ADDRESS
2026-09-05 12:21:52,300 | INFO | Opening Maps URL | attempt=1/3
2026-09-05 12:21:55,407 | INFO | Current Maps URL: https://www.google.com/maps/place/Kh%C3%A1ch+s%E1%BA%A1n+Mira+-+Kh%C3%A1ch+s%E1%BA%A1n+g%E1%BA%A7n+bi%E1%BB%83n+%E1%BB%9F+Quy+Nh%C6%A1n/data=!4m10!3m9!1s0x316f6ceceb457403:0x1de22f520372522b!5m2!4m1!1i2!8m2!3d13.761717!4d109.219274!16s%2Fg%2F11fk15qdmx!19sChIJA3RF6-xsbzERK1JyA1Iv4h0?authuser=0&hl=vi&g_ep=EgoyMDI2MDkwMS4wIJJjKgBIAVAD&rclk=1
2026-09-05 12:21:55,407 | INFO | Valid Google Maps Place URL opened.
2026-09-05 12:22:00,917 | INFO | Address check | score=0.0000 | status=NEED_REVIEW | reason=MISSING_MAPS_ADDRESS
2026-09-05 12:22:00,920 | INFO | Opening Maps URL | attempt=1/3
2026-09-05 12:22:04,243 | INFO | Current Maps URL: https://www.google.com/maps/place/Kh%C3%A1ch+s%E1%BA%A1n+Mira+-+Kh%C3%A1ch+s%E1%BA%A1n+g%E1%BA%A7n+bi%E1%BB%83n+%E1%BB%9F+Quy+Nh%C6%A1n/data=!4m10!3m9!1s0x316f6ceceb457403:0x1de22f520372522b!5m2!4m1!1i2!8m2!3d13.761717!4d109.219274!16s%2Fg%2F11fk15qdmx!19sChIJA3RF6-xsbzERK1JyA1Iv4h0?authuser=0&hl=vi&g_ep=EgoyMDI2MDkwMS4wIJJjKgBIAVAD&rclk=1
2026-09-05 12:22:04,244 | INFO | Valid Google Maps Place URL opened.
2026-09-05 12:22:09,630 | INFO | Address check | score=0.0000 | status=NEED_REVIEW | reason=MISSING_MAPS_ADDRESS
2026-09-05 12:22:09,631 | INFO | Opening Maps URL | attempt=1/3
2026-09-05 12:22:12,705 | INFO | Current Maps URL: https://www.google.com/maps/place/Kh%C3%A1ch+s%E1%BA%A1n+Mira+-+Kh%C3%A1ch+s%E1%BA%A1n+g%E1%BA%A7n+bi%E1%BB%83n+%E1%BB%9F+Quy+Nh%C6%A1n/data=!4m10!3m9!1s0x316f6ceceb457403:0x1de22f520372522b!5m2!4m1!1i2!8m2!3d13.761717!4d109.219274!16s%2Fg%2F11fk15qdmx!19sChIJA3RF6-xsbzERK1JyA1Iv4h0?authuser=0&hl=vi&g_ep=EgoyMDI2MDkwMS4wIJJjKgBIAVAD&rclk=1
2026-09-05 12:22:12,705 | INFO | Valid Google Maps Place URL opened.
2026-09-05 12:22:17,802 | INFO | Address check | score=0.0000 | status=NEED_REVIEW | reason=MISSING_MAPS_ADDRESS
2026-09-05 12:22:17,803 | INFO | Opening Maps URL | attempt=1/3
2026-09-05 12:22:21,867 | INFO | Current Maps URL: https://www.google.com/maps/place/C%C3%A1t+Homestay/data=!4m10!3m9!1s0x316f6d5ca6bf0775:0xd1cbb93986716fc4!5m2!4m1!1i2!8m2!3d13.7660037!4d109.2275118!16s%2Fg%2F11p3hqbh7q!19sChIJdQe_plxtbzERxG9xhjm5y9E?authuser=0&hl=vi&g_ep=EgoyMDI2MDkwMS4wIJJjKgBIAVAD&rclk=1
2026-09-05 12:22:21,868 | INFO | Valid Google Maps Place URL opened.
2026-09-05 12:22:27,241 | INFO | Address check | score=0.0000 | status=NEED_REVIEW | reason=MISSING_MAPS_ADDRESS
2026-09-05 12:22:27,243 | INFO | Opening Maps URL | attempt=1/3
2026-09-05 12:22:31,234 | INFO | Current Maps URL: https://www.google.com/maps/place/Kh%C3%A1ch+s%E1%BA%A1n+Pleiku/data=!4m10!3m9!1s0x316c1f9beeafdc63:0xd112ab483882c1ec!5m2!4m1!1i2!8m2!3d13.98526!4d108.007592!16s%2Fg%2F1tdy1zcp!19sChIJY9yv7psfbDER7MGCOEirEtE?authuser=0&hl=vi&g_ep=EgoyMDI2MDkwMS4wIJJjKgBIAVAD&rclk=1
2026-09-05 12:22:31,234 | INFO | Valid Google Maps Place URL opened.
2026-09-05 12:22:36,283 | INFO | Address check | score=0.0000 | status=NEED_REVIEW | reason=MISSING_MAPS_ADDRESS
2026-09-05 12:22:36,283 | INFO | CHECKPOINT | processed=120 | matched=1 | mismatched=3 | review=116
2026-09-05 12:22:36,770 | INFO | Excel saved: D:\Product-Google-Maps\output\hotels_export_google_maps_checked.xlsx
2026-09-05 12:22:36,771 | INFO | Opening Maps URL | attempt=1/3
2026-09-05 12:22:40,012 | INFO | Current Maps URL: https://www.google.com/maps/place/Kh%C3%A1ch+s%E1%BA%A1n+Pleiku/data=!4m10!3m9!1s0x316c1f9beeafdc63:0xd112ab483882c1ec!5m2!4m1!1i2!8m2!3d13.98526!4d108.007592!16s%2Fg%2F1tdy1zcp!19sChIJY9yv7psfbDER7MGCOEirEtE?authuser=0&hl=vi&g_ep=EgoyMDI2MDkwMS4wIJJjKgBIAVAD&rclk=1
2026-09-05 12:22:40,012 | INFO | Valid Google Maps Place URL opened.
2026-09-05 12:22:45,365 | INFO | Address check | score=0.0000 | status=NEED_REVIEW | reason=MISSING_MAPS_ADDRESS
2026-09-05 12:22:45,369 | INFO | Opening Maps URL | attempt=1/3
2026-09-05 12:22:48,598 | INFO | Current Maps URL: https://www.google.com/maps/place/Kh%C3%A1ch+s%E1%BA%A1n+Mira+-+Kh%C3%A1ch+s%E1%BA%A1n+g%E1%BA%A7n+bi%E1%BB%83n+%E1%BB%9F+Quy+Nh%C6%A1n/data=!4m10!3m9!1s0x316f6ceceb457403:0x1de22f520372522b!5m2!4m1!1i2!8m2!3d13.761717!4d109.219274!16s%2Fg%2F11fk15qdmx!19sChIJA3RF6-xsbzERK1JyA1Iv4h0?authuser=0&hl=vi&g_ep=EgoyMDI2MDkwMS4wIJJjKgBIAVAD&rclk=1
2026-09-05 12:22:48,599 | INFO | Valid Google Maps Place URL opened.
2026-09-05 12:22:53,637 | INFO | Address check | score=0.0000 | status=NEED_REVIEW | reason=MISSING_MAPS_ADDRESS
2026-09-05 12:22:53,638 | INFO | Opening Maps URL | attempt=1/3
2026-09-05 12:22:56,591 | INFO | Current Maps URL: https://www.google.com/maps/place/M%C3%AA+Homestay+%26+Cinema/data=!4m7!3m6!1s0x316f6d007646ed15:0x1f310c1df602cc4b!8m2!3d13.7530527!4d109.2122399!16s%2Fg%2F11nqdcrnw7!19sChIJFe1GdgBtbzERS8wC9h0MMR8?authuser=0&hl=vi&g_ep=EgoyMDI2MDkwMS4wIJJjKgBIAVAD&rclk=1
2026-09-05 12:22:56,591 | INFO | Valid Google Maps Place URL opened.
2026-09-05 12:23:02,128 | INFO | Address check | score=0.0000 | status=NEED_REVIEW | reason=MISSING_MAPS_ADDRESS
2026-09-05 12:23:02,132 | INFO | Opening Maps URL | attempt=1/3
2026-09-05 12:23:05,259 | INFO | Current Maps URL: https://www.google.com/maps/place/M%C3%AA+Homestay+%26+Cinema/data=!4m7!3m6!1s0x316f6d007646ed15:0x1f310c1df602cc4b!8m2!3d13.7530527!4d109.2122399!16s%2Fg%2F11nqdcrnw7!19sChIJFe1GdgBtbzERS8wC9h0MMR8?authuser=0&hl=vi&g_ep=EgoyMDI2MDkwMS4wIJJjKgBIAVAD&rclk=1
2026-09-05 12:23:05,259 | INFO | Valid Google Maps Place URL opened.
2026-09-05 12:23:10,587 | INFO | Address check | score=0.0000 | status=NEED_REVIEW | reason=MISSING_MAPS_ADDRESS
2026-09-05 12:23:10,588 | INFO | Opening Maps URL | attempt=1/3
2026-09-05 12:23:13,828 | INFO | Current Maps URL: https://www.google.com/maps/place/M%C3%AA+Homestay+%26+Cinema/data=!4m7!3m6!1s0x316f6d007646ed15:0x1f310c1df602cc4b!8m2!3d13.7530527!4d109.2122399!16s%2Fg%2F11nqdcrnw7!19sChIJFe1GdgBtbzERS8wC9h0MMR8?authuser=0&hl=vi&g_ep=EgoyMDI2MDkwMS4wIJJjKgBIAVAD&rclk=1
2026-09-05 12:23:13,828 | INFO | Valid Google Maps Place URL opened.
2026-09-05 12:23:19,223 | INFO | Address check | score=0.0000 | status=NEED_REVIEW | reason=MISSING_MAPS_ADDRESS
2026-09-05 12:23:19,224 | INFO | Opening Maps URL | attempt=1/3
2026-09-05 12:23:22,409 | INFO | Current Maps URL: https://www.google.com/maps/place/Kh%C3%A1ch+S%E1%BA%A1n+555/data=!4m7!3m6!1s0x316c1f82e0f70d3d:0x766795ba5763f8b2!8m2!3d13.9518933!4d108.6585818!16s%2Fg%2F1hc4r7zch!19sChIJPQ334IIfbDERsvhjV7qVZ3Y?authuser=0&hl=vi&g_ep=EgoyMDI2MDkwMS4wIJJjKgBIAVAD&rclk=1
2026-09-05 12:23:22,410 | INFO | Valid Google Maps Place URL opened.
2026-09-05 12:23:27,446 | INFO | Address check | score=0.0000 | status=NEED_REVIEW | reason=MISSING_MAPS_ADDRESS
2026-09-05 12:23:27,447 | INFO | Opening Maps URL | attempt=1/3
2026-09-05 12:23:30,619 | INFO | Current Maps URL: https://www.google.com/maps/place/Kh%C3%A1ch+s%E1%BA%A1n+S%C3%A0i+G%C3%B2n+-+V%C4%A9nh+Long/data=!4m10!3m9!1s0x310a82d35b63050f:0xdeeb6326f3e9858e!5m2!4m1!1i2!8m2!3d10.256096!4d105.9689!16s%2Fg%2F11gbk4wlj9!19sChIJDwVjW9OCCjERjoXp8yZj694?authuser=0&hl=vi&g_ep=EgoyMDI2MDkwMS4wIJJjKgBIAVAD&rclk=1
2026-09-05 12:23:30,620 | INFO | Valid Google Maps Place URL opened.
2026-09-05 12:23:36,075 | INFO | Address check | score=0.0000 | status=NEED_REVIEW | reason=MISSING_MAPS_ADDRESS
2026-09-05 12:23:36,087 | INFO | Opening Maps URL | attempt=1/3
2026-09-05 12:23:40,046 | INFO | Current Maps URL: https://www.google.com/maps/place/Kh%C3%A1ch+s%E1%BA%A1n+S%C3%A0i+G%C3%B2n+-+V%C4%A9nh+Long/data=!4m10!3m9!1s0x310a82d35b63050f:0xdeeb6326f3e9858e!5m2!4m1!1i2!8m2!3d10.256096!4d105.9689!16s%2Fg%2F11gbk4wlj9!19sChIJDwVjW9OCCjERjoXp8yZj694?authuser=0&hl=vi&g_ep=EgoyMDI2MDkwMS4wIJJjKgBIAVAD&rclk=1
2026-09-05 12:23:40,046 | INFO | Valid Google Maps Place URL opened.
2026-09-05 12:23:45,109 | INFO | Address check | score=0.0000 | status=NEED_REVIEW | reason=MISSING_MAPS_ADDRESS
2026-09-05 12:23:45,110 | INFO | Opening Maps URL | attempt=1/3
2026-09-05 12:23:48,727 | INFO | Current Maps URL: https://www.google.com/maps/place/Kh%C3%A1ch+s%E1%BA%A1n+S%C3%A0i+G%C3%B2n+-+V%C4%A9nh+Long/data=!4m10!3m9!1s0x310a82d35b63050f:0xdeeb6326f3e9858e!5m2!4m1!1i2!8m2!3d10.256096!4d105.9689!16s%2Fg%2F11gbk4wlj9!19sChIJDwVjW9OCCjERjoXp8yZj694?authuser=0&hl=vi&g_ep=EgoyMDI2MDkwMS4wIJJjKgBIAVAD&rclk=1
2026-09-05 12:23:48,728 | INFO | Valid Google Maps Place URL opened.
2026-09-05 12:23:54,182 | INFO | Address check | score=0.0000 | status=NEED_REVIEW | reason=MISSING_MAPS_ADDRESS
2026-09-05 12:23:54,183 | INFO | Opening Maps URL | attempt=1/3
2026-09-05 12:23:58,169 | INFO | Current Maps URL: https://www.google.com/maps/place/Kh%C3%A1ch+s%E1%BA%A1n+Pleiku/data=!4m10!3m9!1s0x316c1f9beeafdc63:0xd112ab483882c1ec!5m2!4m1!1i2!8m2!3d13.98526!4d108.007592!16s%2Fg%2F1tdy1zcp!19sChIJY9yv7psfbDER7MGCOEirEtE?authuser=0&hl=vi&g_ep=EgoyMDI2MDkwMS4wIJJjKgBIAVAD&rclk=1
2026-09-05 12:23:58,169 | INFO | Valid Google Maps Place URL opened.
2026-09-05 12:24:03,624 | INFO | Address check | score=0.0000 | status=NEED_REVIEW | reason=MISSING_MAPS_ADDRESS
2026-09-05 12:24:03,625 | INFO | CHECKPOINT | processed=130 | matched=1 | mismatched=3 | review=126
2026-09-05 12:24:04,293 | INFO | Excel saved: D:\Product-Google-Maps\output\hotels_export_google_maps_checked.xlsx
2026-09-05 12:24:04,294 | INFO | Opening Maps URL | attempt=1/3
2026-09-05 12:24:07,465 | INFO | Current Maps URL: https://www.google.com/maps/place/Kh%C3%A1ch+s%E1%BA%A1n+Pleiku/data=!4m10!3m9!1s0x316c1f9beeafdc63:0xd112ab483882c1ec!5m2!4m1!1i2!8m2!3d13.98526!4d108.007592!16s%2Fg%2F1tdy1zcp!19sChIJY9yv7psfbDER7MGCOEirEtE?authuser=0&hl=vi&g_ep=EgoyMDI2MDkwMS4wIJJjKgBIAVAD&rclk=1
2026-09-05 12:24:07,465 | INFO | Valid Google Maps Place URL opened.
2026-09-05 12:24:12,888 | INFO | Address check | score=0.0000 | status=NEED_REVIEW | reason=MISSING_MAPS_ADDRESS
2026-09-05 12:24:12,889 | INFO | Opening Maps URL | attempt=1/3
2026-09-05 12:24:15,964 | INFO | Current Maps URL: https://www.google.com/maps/place/Pranee+Amata/data=!4m10!3m9!1s0x3055a1e8af7c940b:0xe3ebb6a0f397ab8!5m2!4m1!1i2!8m2!3d10.100972!4d99.829914!16s%2Fg%2F11bxdw4c__!19sChIJC5R8r-ihVTARuHo5D2q7Pg4?authuser=0&hl=vi&g_ep=EgoyMDI2MDkwMS4wIJJjKgBIAVAD&rclk=1
2026-09-05 12:24:15,964 | INFO | Valid Google Maps Place URL opened.
2026-09-05 12:24:21,407 | INFO | Address check | score=0.0000 | status=NEED_REVIEW | reason=MISSING_MAPS_ADDRESS
2026-09-05 12:24:21,408 | INFO | Opening Maps URL | attempt=1/3
2026-09-05 12:24:24,722 | INFO | Current Maps URL: https://www.google.com/maps/place/Pranee+Amata/data=!4m10!3m9!1s0x3055a1e8af7c940b:0xe3ebb6a0f397ab8!5m2!4m1!1i2!8m2!3d10.100972!4d99.829914!16s%2Fg%2F11bxdw4c__!19sChIJC5R8r-ihVTARuHo5D2q7Pg4?authuser=0&hl=vi&g_ep=EgoyMDI2MDkwMS4wIJJjKgBIAVAD&rclk=1
2026-09-05 12:24:24,722 | INFO | Valid Google Maps Place URL opened.
2026-09-05 12:24:29,976 | INFO | Address check | score=0.0000 | status=NEED_REVIEW | reason=MISSING_MAPS_ADDRESS
2026-09-05 12:24:29,977 | INFO | Opening Maps URL | attempt=1/3
2026-09-05 12:24:33,183 | INFO | Current Maps URL: https://www.google.com/maps/place/Kh%C3%A1ch+s%E1%BA%A1n+Pleiku/data=!4m10!3m9!1s0x316c1f9beeafdc63:0xd112ab483882c1ec!5m2!4m1!1i2!8m2!3d13.98526!4d108.007592!16s%2Fg%2F1tdy1zcp!19sChIJY9yv7psfbDER7MGCOEirEtE?authuser=0&hl=vi&g_ep=EgoyMDI2MDkwMS4wIJJjKgBIAVAD&rclk=1
2026-09-05 12:24:33,184 | INFO | Valid Google Maps Place URL opened.
2026-09-05 12:24:38,519 | INFO | Address check | score=0.0000 | status=NEED_REVIEW | reason=MISSING_MAPS_ADDRESS
2026-09-05 12:24:38,522 | INFO | Opening Maps URL | attempt=1/3
2026-09-05 12:24:41,788 | INFO | Current Maps URL: https://www.google.com/maps/place/Kh%C3%A1ch+s%E1%BA%A1n+Mira+-+Kh%C3%A1ch+s%E1%BA%A1n+g%E1%BA%A7n+bi%E1%BB%83n+%E1%BB%9F+Quy+Nh%C6%A1n/data=!4m10!3m9!1s0x316f6ceceb457403:0x1de22f520372522b!5m2!4m1!1i2!8m2!3d13.761717!4d109.219274!16s%2Fg%2F11fk15qdmx!19sChIJA3RF6-xsbzERK1JyA1Iv4h0?authuser=0&hl=vi&g_ep=EgoyMDI2MDkwMS4wIJJjKgBIAVAD&rclk=1
2026-09-05 12:24:41,791 | INFO | Valid Google Maps Place URL opened.
2026-09-05 12:24:47,218 | INFO | Address check | score=0.0000 | status=NEED_REVIEW | reason=MISSING_MAPS_ADDRESS
2026-09-05 12:24:47,220 | INFO | Opening Maps URL | attempt=1/3
2026-09-05 12:24:50,318 | INFO | Current Maps URL: https://www.google.com/maps/place/Kh%C3%A1ch+s%E1%BA%A1n+Mira+-+Kh%C3%A1ch+s%E1%BA%A1n+g%E1%BA%A7n+bi%E1%BB%83n+%E1%BB%9F+Quy+Nh%C6%A1n/data=!4m10!3m9!1s0x316f6ceceb457403:0x1de22f520372522b!5m2!4m1!1i2!8m2!3d13.761717!4d109.219274!16s%2Fg%2F11fk15qdmx!19sChIJA3RF6-xsbzERK1JyA1Iv4h0?authuser=0&hl=vi&g_ep=EgoyMDI2MDkwMS4wIJJjKgBIAVAD&rclk=1
2026-09-05 12:24:50,318 | INFO | Valid Google Maps Place URL opened.
2026-09-05 12:24:55,342 | INFO | Address check | score=0.0000 | status=NEED_REVIEW | reason=MISSING_MAPS_ADDRESS
2026-09-05 12:24:55,343 | INFO | Opening Maps URL | attempt=1/3
2026-09-05 12:24:58,855 | INFO | Current Maps URL: https://www.google.com/maps/place/Kh%C3%A1ch+S%E1%BA%A1n+H%C3%A0+Nguy%E1%BB%85n/data=!4m7!3m6!1s0x3175254ce919450d:0x3f4c4f5b424587a7!8m2!3d10.701796!4d106.739784!16s%2Fg%2F11bxb9rq55!19sChIJDUUZ6UwldTERp4dFQltPTD8?authuser=0&hl=vi&g_ep=EgoyMDI2MDkwMS4wIJJjKgBIAVAD&rclk=1
2026-09-05 12:24:58,856 | INFO | Valid Google Maps Place URL opened.
2026-09-05 12:25:04,327 | INFO | Address check | score=0.0000 | status=NEED_REVIEW | reason=MISSING_MAPS_ADDRESS
2026-09-05 12:25:04,328 | INFO | Opening Maps URL | attempt=1/3
2026-09-05 12:25:07,614 | INFO | Current Maps URL: https://www.google.com/maps/place/Space+home+CN2/data=!4m10!3m9!1s0x31752f0064eeab31:0xcc50f815afc65f2e!5m2!4m1!1i2!8m2!3d10.7755996!4d106.6677355!16s%2Fg%2F11yrbvjd65!19sChIJMavuZAAvdTERLl_GrxX4UMw?authuser=0&hl=vi&g_ep=EgoyMDI2MDkwMS4wIJJjKgBIAVAD&rclk=1
2026-09-05 12:25:07,614 | INFO | Valid Google Maps Place URL opened.
2026-09-05 12:25:13,064 | INFO | Address check | score=0.0000 | status=NEED_REVIEW | reason=MISSING_MAPS_ADDRESS
2026-09-05 12:25:13,065 | INFO | Opening Maps URL | attempt=1/3
2026-09-05 12:25:16,777 | INFO | Current Maps URL: https://www.google.com/maps/place/Kh%C3%A1ch+S%E1%BA%A1n+H%E1%BA%A3i+%C3%82u/data=!4m10!3m9!1s0x316f6ceec7943d93:0x32843a68840876c6!5m2!4m1!1i2!8m2!3d13.756456!4d109.218592!16s%2Fg%2F1tfthps7!19sChIJkz2Ux-5sbzERxnYIhGg6hDI?authuser=0&hl=vi&g_ep=EgoyMDI2MDkwMS4wIJJjKgBIAVAD&rclk=1
2026-09-05 12:25:16,777 | INFO | Valid Google Maps Place URL opened.
2026-09-05 12:25:22,243 | INFO | Address check | score=0.0000 | status=NEED_REVIEW | reason=MISSING_MAPS_ADDRESS
2026-09-05 12:25:22,244 | INFO | Opening Maps URL | attempt=1/3
2026-09-05 12:25:25,366 | INFO | Current Maps URL: https://www.google.com/maps/place/TMS+Sea+Condotel+Quy+Nh%C6%A1n/data=!4m7!3m6!1s0x316f6d20632335cf:0x5ec719669add860b!8m2!3d13.7702317!4d109.2332725!16s%2Fg%2F11y84h2w0q!19sChIJzzUjYyBtbzERC4bdmmYZx14?authuser=0&hl=vi&g_ep=EgoyMDI2MDkwMS4wIJJjKgBIAVAD&rclk=1
2026-09-05 12:25:25,366 | INFO | Valid Google Maps Place URL opened.
2026-09-05 12:25:30,838 | INFO | Address check | score=0.0000 | status=NEED_REVIEW | reason=MISSING_MAPS_ADDRESS
2026-09-05 12:25:30,840 | INFO | CHECKPOINT | processed=140 | matched=1 | mismatched=3 | review=136
2026-09-05 12:25:31,398 | INFO | Excel saved: D:\Product-Google-Maps\output\hotels_export_google_maps_checked.xlsx
2026-09-05 12:25:31,399 | INFO | Opening Maps URL | attempt=1/3
2026-09-05 12:25:34,729 | INFO | Current Maps URL: https://www.google.com/maps/place/Maison557/data=!4m10!3m9!1s0x3110177a878d37e7:0x22a0e37ea769bf97!5m2!4m1!1i2!8m2!3d13.354395!4d103.859268!16s%2Fg%2F1pp2t_5rr!19sChIJ5zeNh3oXEDERl79pp37joCI?authuser=0&hl=vi&g_ep=EgoyMDI2MDkwMS4wIJJjKgBIAVAD&rclk=1
2026-09-05 12:25:34,729 | INFO | Valid Google Maps Place URL opened.
2026-09-05 12:25:40,112 | INFO | Address check | score=0.0000 | status=NEED_REVIEW | reason=MISSING_MAPS_ADDRESS
2026-09-05 12:25:40,113 | INFO | Opening Maps URL | attempt=1/3
2026-09-05 12:25:43,036 | INFO | Current Maps URL: https://www.google.com/maps/place/Homestay+A+Ng%C6%B0i+Kbang/data=!4m7!3m6!1s0x316ec587be78e29b:0x5cc4e7425e3253e2!8m2!3d14.0487304!4d108.5680824!16s%2Fg%2F11h6pzc666!19sChIJm-J4vofFbjER4lMyXkLnxFw?authuser=0&hl=vi&g_ep=EgoyMDI2MDkwMS4wIJJjKgBIAVAD&rclk=1
2026-09-05 12:25:43,036 | INFO | Valid Google Maps Place URL opened.
2026-09-05 12:25:48,529 | INFO | Address check | score=0.0000 | status=NEED_REVIEW | reason=MISSING_MAPS_ADDRESS
2026-09-05 12:25:48,533 | INFO | Opening Maps URL | attempt=1/3
2026-09-05 12:25:51,764 | INFO | Current Maps URL: https://www.google.com/maps/place/Pleiku+Adventures+Homestay+%26+Tours/data=!4m10!3m9!1s0x316c1ff9fafc8111:0xbfce28924860936f!5m2!4m1!1i2!8m2!3d14.0444417!4d108.0064265!16s%2Fg%2F11x08gzdgm!19sChIJEYH8-vkfbDERb5NgSJIozr8?authuser=0&hl=vi&g_ep=EgoyMDI2MDkwMS4wIJJjKgBIAVAD&rclk=1
2026-09-05 12:25:51,764 | INFO | Valid Google Maps Place URL opened.
2026-09-05 12:25:57,174 | INFO | Address check | score=0.0000 | status=NEED_REVIEW | reason=MISSING_MAPS_ADDRESS
2026-09-05 12:25:57,175 | INFO | Opening Maps URL | attempt=1/3
2026-09-05 12:26:00,369 | INFO | Current Maps URL: https://www.google.com/maps/place/Pleiku+Adventures+Homestay+%26+Tours/data=!4m10!3m9!1s0x316c1ff9fafc8111:0xbfce28924860936f!5m2!4m1!1i2!8m2!3d14.0444417!4d108.0064265!16s%2Fg%2F11x08gzdgm!19sChIJEYH8-vkfbDERb5NgSJIozr8?authuser=0&hl=vi&g_ep=EgoyMDI2MDkwMS4wIJJjKgBIAVAD&rclk=1
2026-09-05 12:26:00,370 | INFO | Valid Google Maps Place URL opened.
2026-09-05 12:26:05,786 | INFO | Address check | score=0.0000 | status=NEED_REVIEW | reason=MISSING_MAPS_ADDRESS
2026-09-05 12:26:05,787 | INFO | Opening Maps URL | attempt=1/3
2026-09-05 12:26:08,967 | INFO | Current Maps URL: https://www.google.com/maps/place/An%27s+Homestay/data=!4m10!3m9!1s0x31752f38ddab332d:0xd586f8ec0ff66064!5m2!4m1!1i2!8m2!3d10.7579899!4d106.7064869!16s%2Fg%2F11j_6cgj1m!19sChIJLTOr3TgvdTERZGD2D-z4htU?authuser=0&hl=vi&g_ep=EgoyMDI2MDkwMS4wIJJjKgBIAVAD&rclk=1
2026-09-05 12:26:08,967 | INFO | Valid Google Maps Place URL opened.
2026-09-05 12:26:14,030 | INFO | Address check | score=0.0000 | status=NEED_REVIEW | reason=MISSING_MAPS_ADDRESS
2026-09-05 12:26:14,031 | INFO | Opening Maps URL | attempt=1/3
2026-09-05 12:26:17,123 | INFO | Current Maps URL: https://www.google.com/maps/place/Sunsea+House+%C4%90%C3%A1+%C4%90%C4%A9a+-+Ph%C3%BA+Y%C3%AAn/data=!4m10!3m9!1s0x316f9b4b13fa1167:0x1b00185249c880e9!5m2!4m1!1i2!8m2!3d13.3533153!4d109.290808!16s%2Fg%2F11y9x89sjz!19sChIJZxH6E0ubbzER6YDISVIYABs?authuser=0&hl=vi&g_ep=EgoyMDI2MDkwMS4wIJJjKgBIAVAD&rclk=1
2026-09-05 12:26:17,123 | INFO | Valid Google Maps Place URL opened.
2026-09-05 12:26:22,211 | INFO | Address check | score=0.0000 | status=NEED_REVIEW | reason=MISSING_MAPS_ADDRESS
2026-09-05 12:26:22,212 | INFO | Opening Maps URL | attempt=1/3
2026-09-05 12:26:25,501 | INFO | Current Maps URL: https://www.google.com/maps/place/Tri%E2%80%99s+homestay/data=!4m10!3m9!1s0x316f43b7dbb6888b:0x7e468bdeb37850a9!5m2!4m1!1i2!8m2!3d13.8831693!4d109.287256!16s%2Fg%2F11sf5921sq!19sChIJi4i227dDbzERqVB4s96LRn4?authuser=0&hl=vi&g_ep=EgoyMDI2MDkwMS4wIJJjKgBIAVAD&rclk=1
2026-09-05 12:26:25,502 | INFO | Valid Google Maps Place URL opened.
2026-09-05 12:26:30,842 | INFO | Address check | score=0.0000 | status=NEED_REVIEW | reason=MISSING_MAPS_ADDRESS
2026-09-05 12:26:30,843 | INFO | Opening Maps URL | attempt=1/3
2026-09-05 12:26:34,015 | INFO | Current Maps URL: https://www.google.com/maps/place/Kh%C3%A1ch+s%E1%BA%A1n+Mira+-+Kh%C3%A1ch+s%E1%BA%A1n+g%E1%BA%A7n+bi%E1%BB%83n+%E1%BB%9F+Quy+Nh%C6%A1n/data=!4m10!3m9!1s0x316f6ceceb457403:0x1de22f520372522b!5m2!4m1!1i2!8m2!3d13.761717!4d109.219274!16s%2Fg%2F11fk15qdmx!19sChIJA3RF6-xsbzERK1JyA1Iv4h0?authuser=0&hl=vi&g_ep=EgoyMDI2MDkwMS4wIJJjKgBIAVAD&rclk=1
2026-09-05 12:26:34,015 | INFO | Valid Google Maps Place URL opened.
2026-09-05 12:26:39,405 | INFO | Address check | score=0.0000 | status=NEED_REVIEW | reason=MISSING_MAPS_ADDRESS
2026-09-05 12:26:39,406 | INFO | Opening Maps URL | attempt=1/3
2026-09-05 12:26:42,690 | INFO | Current Maps URL: https://www.google.com/maps/place/T%E1%BB%9D+H%E1%BB%9D+Chill+Homestay+%26+Cafe/data=!4m10!3m9!1s0x316ea12015b0b011:0xb12ebe7d95649424!5m2!4m1!1i2!8m2!3d13.9914468!4d108.0557987!16s%2Fg%2F11nbmz0cmq!19sChIJEbCwFSChbjERJJRklX2-LrE?authuser=0&hl=vi&g_ep=EgoyMDI2MDkwMS4wIJJjKgBIAVAD&rclk=1
2026-09-05 12:26:42,691 | INFO | Valid Google Maps Place URL opened.
2026-09-05 12:26:48,035 | INFO | Address check | score=0.0000 | status=NEED_REVIEW | reason=MISSING_MAPS_ADDRESS
2026-09-05 12:26:48,036 | INFO | Opening Maps URL | attempt=1/3
2026-09-05 12:26:50,951 | INFO | Current Maps URL: https://www.google.com/maps/place/Nh%C3%A0+c%E1%BB%A7a+N%E1%BA%BFp/data=!4m10!3m9!1s0x316c1fa2aa8a41ef:0x7f0b9c36bfe621c6!5m2!4m1!1i2!8m2!3d13.9734658!4d107.988735!16s%2Fg%2F11mvp5m59g!19sChIJ70GKqqIfbDERxiHmvzacC38?authuser=0&hl=vi&g_ep=EgoyMDI2MDkwMS4wIJJjKgBIAVAD&rclk=1
2026-09-05 12:26:50,951 | INFO | Valid Google Maps Place URL opened.
2026-09-05 12:26:56,378 | INFO | Address check | score=0.0000 | status=NEED_REVIEW | reason=MISSING_MAPS_ADDRESS
2026-09-05 12:26:56,379 | INFO | CHECKPOINT | processed=150 | matched=1 | mismatched=3 | review=146
2026-09-05 12:26:57,078 | INFO | Excel saved: D:\Product-Google-Maps\output\hotels_export_google_maps_checked.xlsx
2026-09-05 12:26:57,080 | INFO | Opening Maps URL | attempt=1/3
2026-09-05 12:27:00,055 | INFO | Current Maps URL: https://www.google.com/maps/place/Kh%C3%A1ch+s%E1%BA%A1n+Pleiku/data=!4m10!3m9!1s0x316c1f9beeafdc63:0xd112ab483882c1ec!5m2!4m1!1i2!8m2!3d13.98526!4d108.007592!16s%2Fg%2F1tdy1zcp!19sChIJY9yv7psfbDER7MGCOEirEtE?authuser=0&hl=vi&g_ep=EgoyMDI2MDkwMS4wIJJjKgBIAVAD&rclk=1
2026-09-05 12:27:00,056 | INFO | Valid Google Maps Place URL opened.
2026-09-05 12:27:05,614 | INFO | Address check | score=0.0000 | status=NEED_REVIEW | reason=MISSING_MAPS_ADDRESS
2026-09-05 12:27:05,625 | INFO | Opening Maps URL | attempt=1/3
2026-09-05 12:27:09,718 | INFO | Current Maps URL: https://www.google.com/maps/place/Motel+%26+Coffee+C%C3%A2y+G%E1%BA%A1o/data=!4m7!3m6!1s0x316c1f424c6d4c27:0xb6d94477bb5af005!8m2!3d14.0432092!4d107.9865911!16s%2Fg%2F11k42t56lp!19sChIJJ0xtTEIfbDERBfBau3dE2bY?authuser=0&hl=vi&g_ep=EgoyMDI2MDkwMS4wIJJjKgBIAVAD&rclk=1
2026-09-05 12:27:09,719 | INFO | Valid Google Maps Place URL opened.
2026-09-05 12:27:15,054 | INFO | Address check | score=0.0000 | status=NEED_REVIEW | reason=MISSING_MAPS_ADDRESS
2026-09-05 12:27:15,055 | INFO | Opening Maps URL | attempt=1/3
2026-09-05 12:27:18,545 | INFO | Current Maps URL: https://www.google.com/maps/place/Hani+Milk+Tea/data=!4m7!3m6!1s0x31752f9d5f1c8611:0xc4840b9da3b8c554!8m2!3d10.74486!4d106.7120991!16s%2Fg%2F11gcx_x3lt!19sChIJEYYcX50vdTERVMW4o50LhMQ?authuser=0&hl=vi&g_ep=EgoyMDI2MDkwMS4wIJJjKgBIAVAD&rclk=1
2026-09-05 12:27:18,545 | INFO | Valid Google Maps Place URL opened.
2026-09-05 12:27:23,902 | INFO | Address check | score=0.0000 | status=NEED_REVIEW | reason=MISSING_MAPS_ADDRESS
2026-09-05 12:27:23,903 | INFO | Opening Maps URL | attempt=1/3
2026-09-05 12:27:27,012 | INFO | Current Maps URL: https://www.google.com/maps/place/Hani+Milk+Tea/data=!4m7!3m6!1s0x31752f9d5f1c8611:0xc4840b9da3b8c554!8m2!3d10.74486!4d106.7120991!16s%2Fg%2F11gcx_x3lt!19sChIJEYYcX50vdTERVMW4o50LhMQ?authuser=0&hl=vi&g_ep=EgoyMDI2MDkwMS4wIJJjKgBIAVAD&rclk=1
2026-09-05 12:27:27,012 | INFO | Valid Google Maps Place URL opened.
2026-09-05 12:27:32,405 | INFO | Address check | score=0.0000 | status=NEED_REVIEW | reason=MISSING_MAPS_ADDRESS
2026-09-05 12:27:32,406 | INFO | Opening Maps URL | attempt=1/3
2026-09-05 12:27:35,346 | INFO | Current Maps URL: https://www.google.com/maps/place/ANYA+BEACH+HOTEL+QUY+NHON/data=!4m10!3m9!1s0x316f6ce8f4206e2d:0x871f57c9517affb5!5m2!4m1!1i2!8m2!3d13.754387!4d109.215034!16s%2Fg%2F11h0mj10lh!19sChIJLW4g9OhsbzERtf96UclXH4c?authuser=0&hl=vi&g_ep=EgoyMDI2MDkwMS4wIJJjKgBIAVAD&rclk=1
2026-09-05 12:27:35,347 | INFO | Valid Google Maps Place URL opened.
2026-09-05 12:27:40,814 | INFO | Address check | score=0.0000 | status=NEED_REVIEW | reason=MISSING_MAPS_ADDRESS
2026-09-05 12:27:40,816 | INFO | Opening Maps URL | attempt=1/3
2026-09-05 12:27:43,740 | INFO | Current Maps URL: https://www.google.com/maps/place/Kh%C3%A1ch+s%E1%BA%A1n+Pleiku/data=!4m10!3m9!1s0x316c1f9beeafdc63:0xd112ab483882c1ec!5m2!4m1!1i2!8m2!3d13.98526!4d108.007592!16s%2Fg%2F1tdy1zcp!19sChIJY9yv7psfbDER7MGCOEirEtE?authuser=0&hl=vi&g_ep=EgoyMDI2MDkwMS4wIJJjKgBIAVAD&rclk=1
2026-09-05 12:27:43,740 | INFO | Valid Google Maps Place URL opened.
2026-09-05 12:27:49,224 | INFO | Address check | score=0.0000 | status=NEED_REVIEW | reason=MISSING_MAPS_ADDRESS
2026-09-05 12:27:49,227 | INFO | Opening Maps URL | attempt=1/3
2026-09-05 12:27:52,154 | INFO | Current Maps URL: https://www.google.com/maps/place/Mira+B%C3%A3i+X%E1%BA%BFp+Quy+Nh%C6%A1n/data=!4m10!3m9!1s0x316f72861703f041:0x8558ab9e8359c452!5m2!4m1!1i2!8m2!3d13.685788!4d109.230904!16s%2Fg%2F11fqd136pq!19sChIJQfADF4ZybzERUsRZg56rWIU?authuser=0&hl=vi&g_ep=EgoyMDI2MDkwMS4wIJJjKgBIAVAD&rclk=1
2026-09-05 12:27:52,155 | INFO | Valid Google Maps Place URL opened.
2026-09-05 12:27:57,669 | INFO | Address check | score=0.0000 | status=NEED_REVIEW | reason=MISSING_MAPS_ADDRESS
2026-09-05 12:27:57,670 | INFO | Opening Maps URL | attempt=1/3
2026-09-05 12:28:00,744 | INFO | Current Maps URL: https://www.google.com/maps/place/Homestay+S%27nghe+M%C4%83ng+%C4%90en/data=!4m10!3m9!1s0x31694370b7aeec61:0x595e2dc19c723940!5m2!4m1!1i2!8m2!3d14.586613!4d108.278687!16s%2Fg%2F11n6_vtrrv!19sChIJYeyut3BDaTERQDlynMEtXlk?authuser=0&hl=vi&g_ep=EgoyMDI2MDkwMS4wIJJjKgBIAVAD&rclk=1
2026-09-05 12:28:00,745 | INFO | Valid Google Maps Place URL opened.
2026-09-05 12:28:06,220 | INFO | Address check | score=0.0000 | status=NEED_REVIEW | reason=MISSING_MAPS_ADDRESS
2026-09-05 12:28:06,222 | INFO | Opening Maps URL | attempt=1/3
2026-09-05 12:28:09,195 | INFO | Current Maps URL: https://www.google.com/maps/place/Homestay+S%27nghe+M%C4%83ng+%C4%90en/data=!4m10!3m9!1s0x31694370b7aeec61:0x595e2dc19c723940!5m2!4m1!1i2!8m2!3d14.586613!4d108.278687!16s%2Fg%2F11n6_vtrrv!19sChIJYeyut3BDaTERQDlynMEtXlk?authuser=0&hl=vi&g_ep=EgoyMDI2MDkwMS4wIJJjKgBIAVAD&rclk=1
2026-09-05 12:28:09,196 | INFO | Valid Google Maps Place URL opened.
2026-09-05 12:28:14,542 | INFO | Address check | score=0.0000 | status=NEED_REVIEW | reason=MISSING_MAPS_ADDRESS
2026-09-05 12:28:14,543 | INFO | Opening Maps URL | attempt=1/3
2026-09-05 12:28:17,486 | INFO | Current Maps URL: https://www.google.com/maps/place/Wow+House+%28+Koiking+Nol.4+%29/data=!4m10!3m9!1s0x316f6c8d5afb6a25:0xc64b054e4a9fe8cd!5m2!4m1!1i2!8m2!3d13.7642422!4d109.2247482!16s%2Fg%2F11f3wmftbg!19sChIJJWr7Wo1sbzERzeifSk4FS8Y?authuser=0&hl=vi&g_ep=EgoyMDI2MDkwMS4wIJJjKgBIAVAD&rclk=1
2026-09-05 12:28:17,487 | INFO | Valid Google Maps Place URL opened.
2026-09-05 12:28:22,884 | INFO | Address check | score=0.0000 | status=NEED_REVIEW | reason=MISSING_MAPS_ADDRESS
2026-09-05 12:28:22,887 | INFO | CHECKPOINT | processed=160 | matched=1 | mismatched=3 | review=156
2026-09-05 12:28:23,412 | INFO | Excel saved: D:\Product-Google-Maps\output\hotels_export_google_maps_checked.xlsx
2026-09-05 12:28:23,412 | INFO | Opening Maps URL | attempt=1/3
2026-09-05 12:28:26,314 | INFO | Current Maps URL: https://www.google.com/maps/place/Wow+House+%28+Koiking+Nol.4+%29/data=!4m10!3m9!1s0x316f6c8d5afb6a25:0xc64b054e4a9fe8cd!5m2!4m1!1i2!8m2!3d13.7642422!4d109.2247482!16s%2Fg%2F11f3wmftbg!19sChIJJWr7Wo1sbzERzeifSk4FS8Y?authuser=0&hl=vi&g_ep=EgoyMDI2MDkwMS4wIJJjKgBIAVAD&rclk=1
2026-09-05 12:28:26,314 | INFO | Valid Google Maps Place URL opened.
2026-09-05 12:28:31,728 | INFO | Address check | score=0.0000 | status=NEED_REVIEW | reason=MISSING_MAPS_ADDRESS
2026-09-05 12:28:31,729 | INFO | Opening Maps URL | attempt=1/3
2026-09-05 12:28:34,712 | INFO | Current Maps URL: https://www.google.com/maps/place/Wow+House+%28+Koiking+Nol.4+%29/data=!4m10!3m9!1s0x316f6c8d5afb6a25:0xc64b054e4a9fe8cd!5m2!4m1!1i2!8m2!3d13.7642422!4d109.2247482!16s%2Fg%2F11f3wmftbg!19sChIJJWr7Wo1sbzERzeifSk4FS8Y?authuser=0&hl=vi&g_ep=EgoyMDI2MDkwMS4wIJJjKgBIAVAD&rclk=1
2026-09-05 12:28:34,713 | INFO | Valid Google Maps Place URL opened.
2026-09-05 12:28:40,078 | INFO | Address check | score=0.0000 | status=NEED_REVIEW | reason=MISSING_MAPS_ADDRESS
2026-09-05 12:28:40,080 | INFO | Opening Maps URL | attempt=1/3
2026-09-05 12:28:43,047 | INFO | Current Maps URL: https://www.google.com/maps/place/Grand+Hyams+Hotel+-+Quy+Nhon+Beach/data=!4m10!3m9!1s0x316f6c89aeb0a57f:0xe2b7f5f96d62ffaf!5m2!4m1!1i2!8m2!3d13.770187!4d109.233019!16s%2Fg%2F11tk30nyv5!19sChIJf6WwrolsbzERr_9ibfn1t-I?authuser=0&hl=vi&g_ep=EgoyMDI2MDkwMS4wIJJjKgBIAVAD&rclk=1
2026-09-05 12:28:43,048 | INFO | Valid Google Maps Place URL opened.
2026-09-05 12:28:48,062 | INFO | Address check | score=0.0000 | status=NEED_REVIEW | reason=MISSING_MAPS_ADDRESS
2026-09-05 12:28:48,063 | INFO | Opening Maps URL | attempt=1/3
2026-09-05 12:28:51,126 | INFO | Current Maps URL: https://www.google.com/maps/place/VIPOL+MUI+NE+HOTEL+%26+SPA+%28+Kh%C3%A1ch+s%E1%BA%A1n+4+sao+%29/data=!4m10!3m9!1s0x31768520490ec215:0xdef69de22952e45!5m2!4m1!1i2!8m2!3d10.94288!4d108.192777!16s%2Fg%2F11q4d3d8hp!19sChIJFcIOSSCFdjERRS6VIt5p7w0?authuser=0&hl=vi&g_ep=EgoyMDI2MDkwMS4wIJJjKgBIAVAD&rclk=1
2026-09-05 12:28:51,127 | INFO | Valid Google Maps Place URL opened.
2026-09-05 12:28:56,461 | INFO | Address check | score=0.0000 | status=NEED_REVIEW | reason=MISSING_MAPS_ADDRESS
2026-09-05 12:28:56,462 | INFO | Opening Maps URL | attempt=1/3
2026-09-05 12:28:59,638 | INFO | Current Maps URL: https://www.google.com/maps/place/VIPOL+MUI+NE+HOTEL+%26+SPA+%28+Kh%C3%A1ch+s%E1%BA%A1n+4+sao+%29/data=!4m10!3m9!1s0x31768520490ec215:0xdef69de22952e45!5m2!4m1!1i2!8m2!3d10.94288!4d108.192777!16s%2Fg%2F11q4d3d8hp!19sChIJFcIOSSCFdjERRS6VIt5p7w0?authuser=0&hl=vi&g_ep=EgoyMDI2MDkwMS4wIJJjKgBIAVAD&rclk=1
2026-09-05 12:28:59,638 | INFO | Valid Google Maps Place URL opened.
2026-09-05 12:29:05,048 | INFO | Address check | score=0.0000 | status=NEED_REVIEW | reason=MISSING_MAPS_ADDRESS
2026-09-05 12:29:05,049 | INFO | Opening Maps URL | attempt=1/3
2026-09-05 12:29:08,055 | INFO | Current Maps URL: https://www.google.com/maps/place/Casa+Marina+Resort/data=!4m10!3m9!1s0x316f7288a9ba4f63:0x9ee3fcfc76f514c8!5m2!4m1!1i2!8m2!3d13.684889!4d109.230132!16s%2Fg%2F11f34_wj32!19sChIJY0-6qYhybzERyBT1dvz8454?authuser=0&hl=vi&g_ep=EgoyMDI2MDkwMS4wIJJjKgBIAVAD&rclk=1
2026-09-05 12:29:08,056 | INFO | Valid Google Maps Place URL opened.
2026-09-05 12:29:13,516 | INFO | Address check | score=0.0000 | status=NEED_REVIEW | reason=MISSING_MAPS_ADDRESS
2026-09-05 12:29:13,517 | INFO | Opening Maps URL | attempt=1/3
2026-09-05 12:29:16,381 | INFO | Current Maps URL: https://www.google.com/maps/place/Homestay+Hoa+Gi%E1%BA%A5y+Qu%E1%BA%ADn+7/data=!4m7!3m6!1s0x317525002abf6caf:0x6bf2afbd8b75c87b!8m2!3d10.7428113!4d106.7109599!16s%2Fg%2F11mz1h4c00!19sChIJr2y_KgAldTERe8h1i72v8ms?authuser=0&hl=vi&g_ep=EgoyMDI2MDkwMS4wIJJjKgBIAVAD&rclk=1
2026-09-05 12:29:16,381 | INFO | Valid Google Maps Place URL opened.
2026-09-05 12:29:21,791 | INFO | Address check | score=0.0000 | status=NEED_REVIEW | reason=MISSING_MAPS_ADDRESS
2026-09-05 12:29:21,792 | INFO | Opening Maps URL | attempt=1/3
2026-09-05 12:29:24,779 | INFO | Current Maps URL: https://www.google.com/maps/place/ANYA+BEACH+HOTEL+QUY+NHON/data=!4m10!3m9!1s0x316f6ce8f4206e2d:0x871f57c9517affb5!5m2!4m1!1i2!8m2!3d13.754387!4d109.215034!16s%2Fg%2F11h0mj10lh!19sChIJLW4g9OhsbzERtf96UclXH4c?authuser=0&hl=vi&g_ep=EgoyMDI2MDkwMS4wIJJjKgBIAVAD&rclk=1
2026-09-05 12:29:24,779 | INFO | Valid Google Maps Place URL opened.
2026-09-05 12:29:30,193 | INFO | Address check | score=0.0000 | status=NEED_REVIEW | reason=MISSING_MAPS_ADDRESS
2026-09-05 12:29:30,194 | INFO | Opening Maps URL | attempt=1/3
2026-09-05 12:29:33,162 | INFO | Current Maps URL: https://www.google.com/maps/place/ANYA+BEACH+HOTEL+QUY+NHON/data=!4m10!3m9!1s0x316f6ce8f4206e2d:0x871f57c9517affb5!5m2!4m1!1i2!8m2!3d13.754387!4d109.215034!16s%2Fg%2F11h0mj10lh!19sChIJLW4g9OhsbzERtf96UclXH4c?authuser=0&hl=vi&g_ep=EgoyMDI2MDkwMS4wIJJjKgBIAVAD&rclk=1
2026-09-05 12:29:33,163 | INFO | Valid Google Maps Place URL opened.
2026-09-05 12:29:38,666 | INFO | Address check | score=0.0000 | status=NEED_REVIEW | reason=MISSING_MAPS_ADDRESS
2026-09-05 12:29:38,668 | INFO | Opening Maps URL | attempt=1/3
2026-09-05 12:29:41,615 | INFO | Current Maps URL: https://www.google.com/maps/place/Kh%C3%A1ch+S%E1%BA%A1n+H%E1%BA%A3i+%C3%82u/data=!4m10!3m9!1s0x316f6ceec7943d93:0x32843a68840876c6!5m2!4m1!1i2!8m2!3d13.756456!4d109.218592!16s%2Fg%2F1tfthps7!19sChIJkz2Ux-5sbzERxnYIhGg6hDI?authuser=0&hl=vi&g_ep=EgoyMDI2MDkwMS4wIJJjKgBIAVAD&rclk=1
2026-09-05 12:29:41,615 | INFO | Valid Google Maps Place URL opened.
2026-09-05 12:29:46,622 | INFO | Address check | score=0.0000 | status=NEED_REVIEW | reason=MISSING_MAPS_ADDRESS
2026-09-05 12:29:46,623 | INFO | CHECKPOINT | processed=170 | matched=1 | mismatched=3 | review=166
2026-09-05 12:29:47,172 | INFO | Excel saved: D:\Product-Google-Maps\output\hotels_export_google_maps_checked.xlsx
2026-09-05 12:29:47,173 | INFO | Opening Maps URL | attempt=1/3
2026-09-05 12:29:50,962 | INFO | Current Maps URL: https://www.google.com/maps/place/Kh%C3%A1ch+S%E1%BA%A1n+Ho%C3%A0ng+Thanh/data=!4m7!3m6!1s0x31752f160519e4af:0x830d22a8ccd91c54!8m2!3d10.7670613!4d106.6934571!16s%2Fg%2F11xgtqz9r!19sChIJr-QZBRYvdTERVBzZzKgiDYM?authuser=0&hl=vi&g_ep=EgoyMDI2MDkwMS4wIJJjKgBIAVAD&rclk=1
2026-09-05 12:29:50,962 | INFO | Valid Google Maps Place URL opened.
2026-09-05 12:29:56,425 | INFO | Address check | score=0.0000 | status=NEED_REVIEW | reason=MISSING_MAPS_ADDRESS
2026-09-05 12:29:56,426 | INFO | Opening Maps URL | attempt=1/3
2026-09-05 12:29:59,975 | INFO | Current Maps URL: https://www.google.com/maps/place/La+La+Land/data=!4m10!3m9!1s0x31752f1cac527461:0x83fee8a06a0e00f!5m2!4m1!1i2!8m2!3d10.7655435!4d106.6908018!16s%2Fg%2F11tghf_1ck!19sChIJYXRSrBwvdTERD-CgBoruPwg?authuser=0&hl=vi&g_ep=EgoyMDI2MDkwMS4wIJJjKgBIAVAD&rclk=1
2026-09-05 12:29:59,975 | INFO | Valid Google Maps Place URL opened.
2026-09-05 12:30:05,061 | INFO | Address check | score=0.0000 | status=NEED_REVIEW | reason=MISSING_MAPS_ADDRESS
2026-09-05 12:30:05,062 | INFO | Opening Maps URL | attempt=1/3
2026-09-05 12:30:09,041 | INFO | Current Maps URL: https://www.google.com/maps/place/Kh%C3%A1ch+s%E1%BA%A1n+Pleiku/data=!4m10!3m9!1s0x316c1f9beeafdc63:0xd112ab483882c1ec!5m2!4m1!1i2!8m2!3d13.98526!4d108.007592!16s%2Fg%2F1tdy1zcp!19sChIJY9yv7psfbDER7MGCOEirEtE?authuser=0&hl=vi&g_ep=EgoyMDI2MDkwMS4wIJJjKgBIAVAD&rclk=1
2026-09-05 12:30:09,042 | INFO | Valid Google Maps Place URL opened.
2026-09-05 12:30:14,430 | INFO | Address check | score=0.0000 | status=NEED_REVIEW | reason=MISSING_MAPS_ADDRESS
2026-09-05 12:30:14,431 | INFO | Opening Maps URL | attempt=1/3
2026-09-05 12:30:17,290 | INFO | Current Maps URL: https://www.google.com/maps/place/Kh%C3%A1ch+s%E1%BA%A1n+Le+Grey+%C4%90%C3%A0+L%E1%BA%A1t/data=!4m10!3m9!1s0x3171132fdfb8a9a5:0xe5394a7d9a61e11f!5m2!4m1!1i2!8m2!3d11.938358!4d108.437897!16s%2Fg%2F11h3_rzc7x!19sChIJpam43y8TcTERH-Fhmn1KOeU?authuser=0&hl=vi&g_ep=EgoyMDI2MDkwMS4wIJJjKgBIAVAD&rclk=1
2026-09-05 12:30:17,290 | INFO | Valid Google Maps Place URL opened.
2026-09-05 12:30:22,700 | INFO | Address check | score=0.0000 | status=NEED_REVIEW | reason=MISSING_MAPS_ADDRESS
2026-09-05 12:30:22,701 | INFO | Opening Maps URL | attempt=1/3
2026-09-05 12:30:25,834 | INFO | Current Maps URL: https://www.google.com/maps/place/Hotel+Ho%C3%A0ng+Qu%C3%A2n/data=!4m10!3m9!1s0x31752854747c6731:0xd25f9161e02e6ce!5m2!4m1!1i2!8m2!3d10.838953!4d106.680512!16s%2Fg%2F11rsvjkjfn!19sChIJMWd8dFQodTERzuYCHhb5JQ0?authuser=0&hl=vi&g_ep=EgoyMDI2MDkwMS4wIJJjKgBIAVAD&rclk=1
2026-09-05 12:30:25,835 | INFO | Valid Google Maps Place URL opened.
2026-09-05 12:30:31,360 | INFO | Address check | score=0.0000 | status=NEED_REVIEW | reason=MISSING_MAPS_ADDRESS
2026-09-05 12:30:31,361 | INFO | Opening Maps URL | attempt=1/3
2026-09-05 12:30:34,319 | INFO | Current Maps URL: https://www.google.com/maps/place/The+Snowbell+Hotel+%26+SPA+@+The+BRIDGE/data=!4m10!3m9!1s0x3109512d0ab9416f:0x5cc4a40b46ac2941!5m2!4m1!1i2!8m2!3d11.552197!4d104.936038!16s%2Fg%2F11fd49gs6z!19sChIJb0G5Ci1RCTERQSmsRgukxFw?authuser=0&hl=vi&g_ep=EgoyMDI2MDkwMS4wIJJjKgBIAVAD&rclk=1
2026-09-05 12:30:34,320 | INFO | Valid Google Maps Place URL opened.
2026-09-05 12:30:39,817 | INFO | Address check | score=0.0000 | status=NEED_REVIEW | reason=MISSING_MAPS_ADDRESS
2026-09-05 12:30:39,818 | INFO | Opening Maps URL | attempt=1/3
2026-09-05 12:30:42,854 | INFO | Current Maps URL: https://www.google.com/maps/place/255+Tr%C6%B0%E1%BB%9Dng+Chinh/data=!4m7!3m6!1s0x316c2024ef4a8a8f:0x7f5f79fa80d3bd89!8m2!3d13.9594561!4d108.0162367!16s%2Fg%2F11snq201vw!19sChIJj4pK7yQgbDERib3TgPp5X38?authuser=0&hl=vi&g_ep=EgoyMDI2MDkwMS4wIJJjKgBIAVAD&rclk=1
2026-09-05 12:30:42,855 | INFO | Valid Google Maps Place URL opened.
2026-09-05 12:30:48,273 | INFO | Address check | score=0.0000 | status=NEED_REVIEW | reason=MISSING_MAPS_ADDRESS
2026-09-05 12:30:48,274 | INFO | Opening Maps URL | attempt=1/3
2026-09-05 12:30:51,240 | INFO | Current Maps URL: https://www.google.com/maps/place/255+Tr%C6%B0%E1%BB%9Dng+Chinh/data=!4m7!3m6!1s0x316c2024ef4a8a8f:0x7f5f79fa80d3bd89!8m2!3d13.9594561!4d108.0162367!16s%2Fg%2F11snq201vw!19sChIJj4pK7yQgbDERib3TgPp5X38?authuser=0&hl=vi&g_ep=EgoyMDI2MDkwMS4wIJJjKgBIAVAD&rclk=1
2026-09-05 12:30:51,241 | INFO | Valid Google Maps Place URL opened.
2026-09-05 12:30:56,628 | INFO | Address check | score=0.0000 | status=NEED_REVIEW | reason=MISSING_MAPS_ADDRESS
2026-09-05 12:30:56,629 | INFO | Opening Maps URL | attempt=1/3
2026-09-05 12:30:59,699 | INFO | Current Maps URL: https://www.google.com/maps/place/255+Tr%C6%B0%E1%BB%9Dng+Chinh/data=!4m7!3m6!1s0x316c2024ef4a8a8f:0x7f5f79fa80d3bd89!8m2!3d13.9594561!4d108.0162367!16s%2Fg%2F11snq201vw!19sChIJj4pK7yQgbDERib3TgPp5X38?authuser=0&hl=vi&g_ep=EgoyMDI2MDkwMS4wIJJjKgBIAVAD&rclk=1
2026-09-05 12:30:59,699 | INFO | Valid Google Maps Place URL opened.
2026-09-05 12:31:05,081 | INFO | Address check | score=0.0000 | status=NEED_REVIEW | reason=MISSING_MAPS_ADDRESS
2026-09-05 12:31:05,083 | INFO | Opening Maps URL | attempt=1/3
2026-09-05 12:31:08,158 | INFO | Current Maps URL: https://www.google.com/maps/place/L%27amor+Boutique+Hotel+Quy+Nh%C6%A1n+%7C+360%C2%B0+City+View/data=!4m10!3m9!1s0x316f6ce8319ed653:0x79687262c79c9ab4!5m2!4m1!1i2!8m2!3d13.755195!4d109.212698!16s%2Fg%2F11t2styx2_!19sChIJU9aeMehsbzERtJqcx2JyaHk?authuser=0&hl=vi&g_ep=EgoyMDI2MDkwMS4wIJJjKgBIAVAD&rclk=1
2026-09-05 12:31:08,160 | INFO | Valid Google Maps Place URL opened.
2026-09-05 12:31:13,672 | INFO | Address check | score=0.0000 | status=NEED_REVIEW | reason=MISSING_MAPS_ADDRESS
2026-09-05 12:31:13,673 | INFO | CHECKPOINT | processed=180 | matched=1 | mismatched=3 | review=176
2026-09-05 12:31:14,393 | INFO | Excel saved: D:\Product-Google-Maps\output\hotels_export_google_maps_checked.xlsx
2026-09-05 12:31:14,394 | INFO | Opening Maps URL | attempt=1/3
2026-09-05 12:31:17,602 | INFO | Current Maps URL: https://www.google.com/maps/place/ph%C6%B0%E1%BB%9Dng+Y%C3%AAn+Th%E1%BA%BF/data=!4m7!3m6!1s0x316c1ef15d4452f1:0x761019db0711f485!8m2!3d14.0313568!4d107.9941313!16s%2Fg%2F1pxq9q83z!19sChIJ8VJEXfEebDERhfQRB9sZEHY?authuser=0&hl=vi&g_ep=EgoyMDI2MDkwMS4wIJJjKgBIAVAD&rclk=1
2026-09-05 12:31:17,602 | INFO | Valid Google Maps Place URL opened.
2026-09-05 12:31:22,998 | INFO | Address check | score=0.0000 | status=NEED_REVIEW | reason=MISSING_MAPS_ADDRESS
2026-09-05 12:31:22,999 | INFO | Opening Maps URL | attempt=1/3
2026-09-05 12:31:26,075 | INFO | Current Maps URL: https://www.google.com/maps/place/Kh%C3%A1ch+s%E1%BA%A1n+Thi%C3%AAn+%C3%82n+%28C%C3%B4ng+ty+c%E1%BB%95+ph%E1%BA%A7n+%C4%90%E1%BA%A1i+D%C6%B0%C6%A1ng+Xanh+B%C3%ACnh+%C4%90%E1%BB%8Bnh%29/data=!4m7!3m6!1s0x316f3321897ad659:0x2cf87f4a9902e9dd!8m2!3d14.1637431!4d109.0490701!16s%2Fg%2F11z7kw6kb2!19sChIJWdZ6iSEzbzER3ekCmUp_-Cw?authuser=0&hl=vi&g_ep=EgoyMDI2MDkwMS4wIJJjKgBIAVAD&rclk=1
2026-09-05 12:31:26,076 | INFO | Valid Google Maps Place URL opened.
2026-09-05 12:31:31,382 | INFO | Address check | score=0.0000 | status=NEED_REVIEW | reason=MISSING_MAPS_ADDRESS
2026-09-05 12:31:31,383 | INFO | Opening Maps URL | attempt=1/3
2026-09-05 12:31:34,464 | INFO | Current Maps URL: https://www.google.com/maps/place/FLC+Luxury+Hotel+Quy+Nhon/data=!4m10!3m9!1s0x316f41f43775ab65:0xf7105eac4b998d9a!5m2!4m1!1i2!8m2!3d13.887154!4d109.279516!16s%2Fg%2F11p5jyyk3q!19sChIJZat1N_RBbzERmo2ZS6xeEPc?authuser=0&hl=vi&g_ep=EgoyMDI2MDkwMS4wIJJjKgBIAVAD&rclk=1
2026-09-05 12:31:34,464 | INFO | Valid Google Maps Place URL opened.
2026-09-05 12:31:39,832 | INFO | Address check | score=0.0000 | status=NEED_REVIEW | reason=MISSING_MAPS_ADDRESS
2026-09-05 12:31:39,834 | INFO | Opening Maps URL | attempt=1/3
2026-09-05 12:31:42,752 | INFO | Current Maps URL: https://www.google.com/maps/place/95+Lam+Son+Hotel+-+Near+Tan+Son+Nhat+Airport/data=!4m10!3m9!1s0x31752922823a3df7:0x5a563a769fe2d3fb!5m2!4m1!1i2!8m2!3d10.812643!4d106.667015!16s%2Fg%2F11f6g31lr2!19sChIJ9z06giIpdTER-9Pin3Y6Vlo?authuser=0&hl=vi&g_ep=EgoyMDI2MDkwMS4wIJJjKgBIAVAD&rclk=1
2026-09-05 12:31:42,753 | INFO | Valid Google Maps Place URL opened.
2026-09-05 12:31:48,151 | INFO | Address check | score=0.0000 | status=NEED_REVIEW | reason=MISSING_MAPS_ADDRESS
2026-09-05 12:31:48,152 | INFO | Opening Maps URL | attempt=1/3
2026-09-05 12:31:51,322 | INFO | Current Maps URL: https://www.google.com/maps/place/Sandals+Ho%C3%A0ng+Y%E1%BA%BFn+Hotel/data=!4m10!3m9!1s0x316f6ce8d2ede58f:0x6d80a1665b1e8fdc!5m2!4m1!1i2!8m2!3d13.754635!4d109.217601!16s%2Fg%2F1tjfdb1t!19sChIJj-Xt0uhsbzER3I8eW2ahgG0?authuser=0&hl=vi&g_ep=EgoyMDI2MDkwMS4wIJJjKgBIAVAD&rclk=1
2026-09-05 12:31:51,322 | INFO | Valid Google Maps Place URL opened.
2026-09-05 12:31:56,661 | INFO | Address check | score=0.0000 | status=NEED_REVIEW | reason=MISSING_MAPS_ADDRESS
2026-09-05 12:31:56,663 | INFO | Opening Maps URL | attempt=1/3
2026-09-05 12:31:59,695 | INFO | Current Maps URL: https://www.google.com/maps/place/Kh%C3%A1ch+s%E1%BA%A1n+Pleiku/data=!4m10!3m9!1s0x316c1f9beeafdc63:0xd112ab483882c1ec!5m2!4m1!1i2!8m2!3d13.98526!4d108.007592!16s%2Fg%2F1tdy1zcp!19sChIJY9yv7psfbDER7MGCOEirEtE?authuser=0&hl=vi&g_ep=EgoyMDI2MDkwMS4wIJJjKgBIAVAD&rclk=1
2026-09-05 12:31:59,695 | INFO | Valid Google Maps Place URL opened.
2026-09-05 12:32:05,214 | INFO | Address check | score=0.0000 | status=NEED_REVIEW | reason=MISSING_MAPS_ADDRESS
2026-09-05 12:32:05,217 | INFO | Opening Maps URL | attempt=1/3
2026-09-05 12:32:08,075 | INFO | Current Maps URL: https://www.google.com/maps/place/T%E1%BB%8Bnh+x%C3%A1+Ng%E1%BB%8Dc+Trung/data=!4m7!3m6!1s0x316edd08c9c7542f:0xf7bb29bc402ea712!8m2!3d13.9539553!4d108.6528057!16s%2Fg%2F11cms8vt70!19sChIJL1THyQjdbjEREqcuQLwpu_c?authuser=0&hl=vi&g_ep=EgoyMDI2MDkwMS4wIJJjKgBIAVAD&rclk=1
2026-09-05 12:32:08,077 | INFO | Valid Google Maps Place URL opened.
2026-09-05 12:32:13,241 | INFO | Address check | score=0.0000 | status=NEED_REVIEW | reason=MISSING_MAPS_ADDRESS
2026-09-05 12:32:13,244 | INFO | Opening Maps URL | attempt=1/3
2026-09-05 12:32:16,433 | INFO | Current Maps URL: https://www.google.com/maps/place/Casablanca+Boutique+Saigon/data=!4m10!3m9!1s0x31752f1089d871ad:0xb47f64b78cf2e24e!5m2!4m1!1i2!8m2!3d10.7598263!4d106.6890722!16s%2Fg%2F11fhvmll3h!19sChIJrXHYiRAvdTERTuLyjLdkf7Q?authuser=0&hl=vi&g_ep=EgoyMDI2MDkwMS4wIJJjKgBIAVAD&rclk=1
2026-09-05 12:32:16,433 | INFO | Valid Google Maps Place URL opened.
2026-09-05 12:32:21,826 | INFO | Address check | score=0.0000 | status=NEED_REVIEW | reason=MISSING_MAPS_ADDRESS
2026-09-05 12:32:21,830 | INFO | Opening Maps URL | attempt=1/3
2026-09-05 12:32:24,924 | INFO | Current Maps URL: https://www.google.com/maps/place/Casablanca+Boutique+Saigon/data=!4m10!3m9!1s0x31752f1089d871ad:0xb47f64b78cf2e24e!5m2!4m1!1i2!8m2!3d10.7598263!4d106.6890722!16s%2Fg%2F11fhvmll3h!19sChIJrXHYiRAvdTERTuLyjLdkf7Q?authuser=0&hl=vi&g_ep=EgoyMDI2MDkwMS4wIJJjKgBIAVAD&rclk=1
2026-09-05 12:32:24,924 | INFO | Valid Google Maps Place URL opened.
2026-09-05 12:32:30,445 | INFO | Address check | score=0.0000 | status=NEED_REVIEW | reason=MISSING_MAPS_ADDRESS
2026-09-05 12:32:30,446 | INFO | Opening Maps URL | attempt=1/3
2026-09-05 12:32:33,372 | INFO | Current Maps URL: https://www.google.com/maps/place/Casablanca+Boutique+Saigon/data=!4m10!3m9!1s0x31752f1089d871ad:0xb47f64b78cf2e24e!5m2!4m1!1i2!8m2!3d10.7598263!4d106.6890722!16s%2Fg%2F11fhvmll3h!19sChIJrXHYiRAvdTERTuLyjLdkf7Q?authuser=0&hl=vi&g_ep=EgoyMDI2MDkwMS4wIJJjKgBIAVAD&rclk=1
2026-09-05 12:32:33,373 | INFO | Valid Google Maps Place URL opened.
2026-09-05 12:32:38,837 | INFO | Address check | score=0.0000 | status=NEED_REVIEW | reason=MISSING_MAPS_ADDRESS
2026-09-05 12:32:38,838 | INFO | CHECKPOINT | processed=190 | matched=1 | mismatched=3 | review=186
2026-09-05 12:32:39,331 | INFO | Excel saved: D:\Product-Google-Maps\output\hotels_export_google_maps_checked.xlsx
2026-09-05 12:32:39,333 | INFO | Opening Maps URL | attempt=1/3
2026-09-05 12:32:42,457 | INFO | Current Maps URL: https://www.google.com/maps/place/Casablanca+Boutique+Saigon/data=!4m10!3m9!1s0x31752f1089d871ad:0xb47f64b78cf2e24e!5m2!4m1!1i2!8m2!3d10.7598263!4d106.6890722!16s%2Fg%2F11fhvmll3h!19sChIJrXHYiRAvdTERTuLyjLdkf7Q?authuser=0&hl=vi&g_ep=EgoyMDI2MDkwMS4wIJJjKgBIAVAD&rclk=1
2026-09-05 12:32:42,457 | INFO | Valid Google Maps Place URL opened.
2026-09-05 12:32:47,902 | INFO | Address check | score=0.0000 | status=NEED_REVIEW | reason=MISSING_MAPS_ADDRESS
2026-09-05 12:32:47,903 | INFO | Opening Maps URL | attempt=1/3
2026-09-05 12:32:50,800 | INFO | Current Maps URL: https://www.google.com/maps/place/La+Bonita+Hotel+%26+Apartments+%7C+Phu+My+Hung,+District+7/data=!4m7!3m6!1s0x31752faf53ad43eb:0x7edf50ac3232cd64!8m2!3d10.729719!4d106.707204!16s%2Fg%2F11t7dyvbb_!19sChIJ60OtU68vdTERZM0yMqxQ334?authuser=0&hl=vi&g_ep=EgoyMDI2MDkwMS4wIJJjKgBIAVAD&rclk=1
2026-09-05 12:32:50,801 | INFO | Valid Google Maps Place URL opened.
2026-09-05 12:32:56,326 | INFO | Address check | score=0.0000 | status=NEED_REVIEW | reason=MISSING_MAPS_ADDRESS
2026-09-05 12:32:56,328 | INFO | Opening Maps URL | attempt=1/3
2026-09-05 12:32:59,385 | INFO | Current Maps URL: https://www.google.com/maps/place/Kh%C3%A1ch+s%E1%BA%A1n+Pleiku/data=!4m10!3m9!1s0x316c1f9beeafdc63:0xd112ab483882c1ec!5m2!4m1!1i2!8m2!3d13.98526!4d108.007592!16s%2Fg%2F1tdy1zcp!19sChIJY9yv7psfbDER7MGCOEirEtE?authuser=0&hl=vi&g_ep=EgoyMDI2MDkwMS4wIJJjKgBIAVAD&rclk=1
2026-09-05 12:32:59,387 | INFO | Valid Google Maps Place URL opened.
2026-09-05 12:33:04,866 | INFO | Address check | score=0.0000 | status=NEED_REVIEW | reason=MISSING_MAPS_ADDRESS
2026-09-05 12:33:04,867 | INFO | Opening Maps URL | attempt=1/3
2026-09-05 12:33:07,769 | INFO | Current Maps URL: https://www.google.com/maps/place/Ph%E1%BB%91+N%C3%BAi+2+Hotel/data=!4m10!3m9!1s0x316c1fc953605909:0xc7a01f49ece3cb54!5m2!4m1!1i2!8m2!3d13.970775!4d108.0196689!16s%2Fg%2F11z8wh271t!19sChIJCVlgU8kfbDERVMvj7EkfoMc?authuser=0&hl=vi&g_ep=EgoyMDI2MDkwMS4wIJJjKgBIAVAD&rclk=1
2026-09-05 12:33:07,769 | INFO | Valid Google Maps Place URL opened.
2026-09-05 12:33:13,234 | INFO | Address check | score=0.0000 | status=NEED_REVIEW | reason=MISSING_MAPS_ADDRESS
2026-09-05 12:33:13,235 | INFO | Opening Maps URL | attempt=1/3
2026-09-05 12:33:16,344 | INFO | Current Maps URL: https://www.google.com/maps/place/Ph%E1%BB%91+N%C3%BAi+2+Hotel/data=!4m10!3m9!1s0x316c1fc953605909:0xc7a01f49ece3cb54!5m2!4m1!1i2!8m2!3d13.970775!4d108.0196689!16s%2Fg%2F11z8wh271t!19sChIJCVlgU8kfbDERVMvj7EkfoMc?authuser=0&hl=vi&g_ep=EgoyMDI2MDkwMS4wIJJjKgBIAVAD&rclk=1
2026-09-05 12:33:16,344 | INFO | Valid Google Maps Place URL opened.
2026-09-05 12:33:21,627 | INFO | Address check | score=0.0000 | status=NEED_REVIEW | reason=MISSING_MAPS_ADDRESS
2026-09-05 12:33:21,629 | INFO | Opening Maps URL | attempt=1/3
2026-09-05 12:33:24,733 | INFO | Current Maps URL: https://www.google.com/maps/place/Kh%C3%A1ch+s%E1%BA%A1n+Pleiku/data=!4m10!3m9!1s0x316c1f9beeafdc63:0xd112ab483882c1ec!5m2!4m1!1i2!8m2!3d13.98526!4d108.007592!16s%2Fg%2F1tdy1zcp!19sChIJY9yv7psfbDER7MGCOEirEtE?authuser=0&hl=vi&g_ep=EgoyMDI2MDkwMS4wIJJjKgBIAVAD&rclk=1
2026-09-05 12:33:24,734 | INFO | Valid Google Maps Place URL opened.
2026-09-05 12:33:30,173 | INFO | Address check | score=0.0000 | status=NEED_REVIEW | reason=MISSING_MAPS_ADDRESS
2026-09-05 12:33:30,174 | INFO | Opening Maps URL | attempt=1/3
2026-09-05 12:33:33,320 | INFO | Current Maps URL: https://www.google.com/maps/place/Kh%C3%A1ch+s%E1%BA%A1n+Mira+-+Kh%C3%A1ch+s%E1%BA%A1n+g%E1%BA%A7n+bi%E1%BB%83n+%E1%BB%9F+Quy+Nh%C6%A1n/data=!4m10!3m9!1s0x316f6ceceb457403:0x1de22f520372522b!5m2!4m1!1i2!8m2!3d13.761717!4d109.219274!16s%2Fg%2F11fk15qdmx!19sChIJA3RF6-xsbzERK1JyA1Iv4h0?authuser=0&hl=vi&g_ep=EgoyMDI2MDkwMS4wIJJjKgBIAVAD&rclk=1
2026-09-05 12:33:33,320 | INFO | Valid Google Maps Place URL opened.
2026-09-05 12:33:38,754 | INFO | Address check | score=0.0000 | status=NEED_REVIEW | reason=MISSING_MAPS_ADDRESS
2026-09-05 12:33:38,756 | INFO | Opening Maps URL | attempt=1/3
2026-09-05 12:33:41,723 | INFO | Current Maps URL: https://www.google.com/maps/place/Kh%C3%A1ch+s%E1%BA%A1n+Mira+-+Kh%C3%A1ch+s%E1%BA%A1n+g%E1%BA%A7n+bi%E1%BB%83n+%E1%BB%9F+Quy+Nh%C6%A1n/data=!4m10!3m9!1s0x316f6ceceb457403:0x1de22f520372522b!5m2!4m1!1i2!8m2!3d13.761717!4d109.219274!16s%2Fg%2F11fk15qdmx!19sChIJA3RF6-xsbzERK1JyA1Iv4h0?authuser=0&hl=vi&g_ep=EgoyMDI2MDkwMS4wIJJjKgBIAVAD&rclk=1
2026-09-05 12:33:41,723 | INFO | Valid Google Maps Place URL opened.
2026-09-05 12:33:47,174 | INFO | Address check | score=0.0000 | status=NEED_REVIEW | reason=MISSING_MAPS_ADDRESS
2026-09-05 12:33:47,175 | INFO | Opening Maps URL | attempt=1/3
2026-09-05 12:33:50,119 | INFO | Current Maps URL: https://www.google.com/maps/place/TMS+Sea+Condotel+Quy+Nh%C6%A1n/data=!4m7!3m6!1s0x316f6d20632335cf:0x5ec719669add860b!8m2!3d13.7702317!4d109.2332725!16s%2Fg%2F11y84h2w0q!19sChIJzzUjYyBtbzERC4bdmmYZx14?authuser=0&hl=vi&g_ep=EgoyMDI2MDkwMS4wIJJjKgBIAVAD&rclk=1
2026-09-05 12:33:50,119 | INFO | Valid Google Maps Place URL opened.
2026-09-05 12:33:55,557 | INFO | Address check | score=0.0000 | status=NEED_REVIEW | reason=MISSING_MAPS_ADDRESS
2026-09-05 12:33:55,560 | INFO | Opening Maps URL | attempt=1/3
2026-09-05 12:33:58,480 | INFO | Current Maps URL: https://www.google.com/maps/place/Nguyen+Thi+Mai+Motel/data=!4m7!3m6!1s0x316f6c9e323e5c3b:0x23db5d9507723e9f!8m2!3d13.7849043!4d109.2151279!16s%2Fg%2F1pzq8cf62!19sChIJO1w-Mp5sbzERnz5yB5Vd2yM?authuser=0&hl=vi&g_ep=EgoyMDI2MDkwMS4wIJJjKgBIAVAD&rclk=1
2026-09-05 12:33:58,480 | INFO | Valid Google Maps Place URL opened.
2026-09-05 12:34:03,581 | INFO | Address check | score=0.0000 | status=NEED_REVIEW | reason=MISSING_MAPS_ADDRESS
2026-09-05 12:34:03,582 | INFO | CHECKPOINT | processed=200 | matched=1 | mismatched=3 | review=196
2026-09-05 12:34:04,150 | INFO | Excel saved: D:\Product-Google-Maps\output\hotels_export_google_maps_checked.xlsx
2026-09-05 12:34:04,151 | INFO | Opening Maps URL | attempt=1/3
2026-09-05 12:34:07,036 | INFO | Current Maps URL: https://www.google.com/maps/place/Green+Hotel+Quy+Nh%C6%A1n+-+C%C3%A1ch+bi%E1%BB%83n+200m/data=!4m7!3m6!1s0x316f6d21678907cb:0xbf61311ccc0b065e!8m2!3d13.752812!4d109.214291!16s%2Fg%2F11h22ppmqg!19sChIJyweJZyFtbzERXgYLzBwxYb8?authuser=0&hl=vi&g_ep=EgoyMDI2MDkwMS4wIJJjKgBIAVAD&rclk=1
2026-09-05 12:34:07,036 | INFO | Valid Google Maps Place URL opened.
2026-09-05 12:34:12,138 | INFO | Address check | score=0.0000 | status=NEED_REVIEW | reason=MISSING_MAPS_ADDRESS
2026-09-05 12:34:12,139 | INFO | Opening Maps URL | attempt=1/3
2026-09-05 12:34:15,147 | INFO | Current Maps URL: https://www.google.com/maps/place/Green+Hotel+Quy+Nh%C6%A1n+-+C%C3%A1ch+bi%E1%BB%83n+200m/data=!4m7!3m6!1s0x316f6d21678907cb:0xbf61311ccc0b065e!8m2!3d13.752812!4d109.214291!16s%2Fg%2F11h22ppmqg!19sChIJyweJZyFtbzERXgYLzBwxYb8?authuser=0&hl=vi&g_ep=EgoyMDI2MDkwMS4wIJJjKgBIAVAD&rclk=1
2026-09-05 12:34:15,147 | INFO | Valid Google Maps Place URL opened.
2026-09-05 12:34:20,493 | INFO | Address check | score=0.0000 | status=NEED_REVIEW | reason=MISSING_MAPS_ADDRESS
2026-09-05 12:34:20,494 | INFO | Opening Maps URL | attempt=1/3
2026-09-05 12:34:23,625 | INFO | Current Maps URL: https://www.google.com/maps/place/Green+Hotel+Quy+Nh%C6%A1n+-+C%C3%A1ch+bi%E1%BB%83n+200m/data=!4m10!3m9!1s0x316f6d21678907cb:0xbf61311ccc0b065e!5m2!4m1!1i2!8m2!3d13.7528117!4d109.2142909!16s%2Fg%2F11h22ppmqg!19sChIJyweJZyFtbzERXgYLzBwxYb8?authuser=0&hl=vi&g_ep=EgoyMDI2MDkwMS4wIJJjKgBIAVAD&rclk=1
2026-09-05 12:34:23,626 | INFO | Valid Google Maps Place URL opened.
2026-09-05 12:34:28,955 | INFO | Address check | score=0.0000 | status=NEED_REVIEW | reason=MISSING_MAPS_ADDRESS
2026-09-05 12:34:28,959 | INFO | Opening Maps URL | attempt=1/3
2026-09-05 12:34:31,892 | INFO | Current Maps URL: https://www.google.com/maps/place/Homestay+Thi%E1%BB%87n+Nhi/data=!4m7!3m6!1s0x316f430038ed7691:0x8bdfbe587dc1f2e!8m2!3d13.8836695!4d109.2850374!16s%2Fg%2F11z58fzfjk!19sChIJkXbtOABDbzERLh_ch-X7vQg?authuser=0&hl=vi&g_ep=EgoyMDI2MDkwMS4wIJJjKgBIAVAD&rclk=1
2026-09-05 12:34:31,892 | INFO | Valid Google Maps Place URL opened.
2026-09-05 12:34:37,198 | INFO | Address check | score=0.0000 | status=NEED_REVIEW | reason=MISSING_MAPS_ADDRESS
2026-09-05 12:34:37,200 | INFO | Opening Maps URL | attempt=1/3
2026-09-05 12:34:40,194 | INFO | Current Maps URL: https://www.google.com/maps/place/Homestay+Thi%E1%BB%87n+Nhi/data=!4m7!3m6!1s0x316f430038ed7691:0x8bdfbe587dc1f2e!8m2!3d13.8836695!4d109.2850374!16s%2Fg%2F11z58fzfjk!19sChIJkXbtOABDbzERLh_ch-X7vQg?authuser=0&hl=vi&g_ep=EgoyMDI2MDkwMS4wIJJjKgBIAVAD&rclk=1
2026-09-05 12:34:40,194 | INFO | Valid Google Maps Place URL opened.
2026-09-05 12:34:45,614 | INFO | Address check | score=0.0000 | status=NEED_REVIEW | reason=MISSING_MAPS_ADDRESS
2026-09-05 12:34:45,615 | INFO | Opening Maps URL | attempt=1/3
2026-09-05 12:34:48,697 | INFO | Current Maps URL: https://www.google.com/maps/place/Homestay+CoongCasa/data=!4m7!3m6!1s0x316c1fc0cce14727:0xe1b583f2f92549c6!8m2!3d14.0184683!4d107.9829775!16s%2Fg%2F11xcmk4f1b!19sChIJJ0fhzMAfbDERxkkl-fKDteE?authuser=0&hl=vi&g_ep=EgoyMDI2MDkwMS4wIJJjKgBIAVAD&rclk=1
2026-09-05 12:34:48,698 | INFO | Valid Google Maps Place URL opened.
2026-09-05 12:34:54,020 | INFO | Address check | score=0.0000 | status=NEED_REVIEW | reason=MISSING_MAPS_ADDRESS
2026-09-05 12:34:54,025 | INFO | Opening Maps URL | attempt=1/3
2026-09-05 12:34:56,967 | INFO | Current Maps URL: https://www.google.com/maps/place/Kh%C3%A1ch+s%E1%BA%A1n+Thi%C3%AAn+%C3%82n+%28C%C3%B4ng+ty+c%E1%BB%95+ph%E1%BA%A7n+%C4%90%E1%BA%A1i+D%C6%B0%C6%A1ng+Xanh+B%C3%ACnh+%C4%90%E1%BB%8Bnh%29/data=!4m7!3m6!1s0x316f3321897ad659:0x2cf87f4a9902e9dd!8m2!3d14.1637431!4d109.0490701!16s%2Fg%2F11z7kw6kb2!19sChIJWdZ6iSEzbzER3ekCmUp_-Cw?authuser=0&hl=vi&g_ep=EgoyMDI2MDkwMS4wIJJjKgBIAVAD&rclk=1
2026-09-05 12:34:56,967 | INFO | Valid Google Maps Place URL opened.
2026-09-05 12:35:02,389 | INFO | Address check | score=0.0000 | status=NEED_REVIEW | reason=MISSING_MAPS_ADDRESS
2026-09-05 12:35:02,390 | INFO | Opening Maps URL | attempt=1/3
2026-09-05 12:35:05,310 | INFO | Current Maps URL: https://www.google.com/maps/place/Kh%C3%A1ch+S%E1%BA%A1n+H%E1%BA%A3i+%C3%82u/data=!4m10!3m9!1s0x316f6ceec7943d93:0x32843a68840876c6!5m2!4m1!1i2!8m2!3d13.756456!4d109.218592!16s%2Fg%2F1tfthps7!19sChIJkz2Ux-5sbzERxnYIhGg6hDI?authuser=0&hl=vi&g_ep=EgoyMDI2MDkwMS4wIJJjKgBIAVAD&rclk=1
2026-09-05 12:35:05,311 | INFO | Valid Google Maps Place URL opened.
2026-09-05 12:35:10,415 | INFO | Address check | score=0.0000 | status=NEED_REVIEW | reason=MISSING_MAPS_ADDRESS
2026-09-05 12:35:10,416 | INFO | Opening Maps URL | attempt=1/3
2026-09-05 12:35:13,584 | INFO | Current Maps URL: https://www.google.com/maps/place/Homestay+Nh%C3%A0+N%E1%BA%A5m/data=!4m7!3m6!1s0x316f6dc847aa310f:0x3a86632cdb93dd8b!8m2!3d13.7615838!4d109.2188544!16s%2Fg%2F11sq5fh6gw!19sChIJDzGqR8htbzERi92T2yxjhjo?authuser=0&hl=vi&g_ep=EgoyMDI2MDkwMS4wIJJjKgBIAVAD&rclk=1
2026-09-05 12:35:13,585 | INFO | Valid Google Maps Place URL opened.
2026-09-05 12:35:19,019 | INFO | Address check | score=0.0000 | status=NEED_REVIEW | reason=MISSING_MAPS_ADDRESS
2026-09-05 12:35:19,023 | INFO | Opening Maps URL | attempt=1/3
2026-09-05 12:35:22,158 | INFO | Current Maps URL: https://www.google.com/maps/place/MOTEL+CHI+KHA/data=!4m10!3m9!1s0x316ea19a80629703:0x7d6ea78aebd27e2c!5m2!4m1!1i2!8m2!3d13.9940499!4d108.1114207!16s%2Fg%2F11mztbmjn_!19sChIJA5digJqhbjERLH7S64qnbn0?authuser=0&hl=vi&g_ep=EgoyMDI2MDkwMS4wIJJjKgBIAVAD&rclk=1
2026-09-05 12:35:22,159 | INFO | Valid Google Maps Place URL opened.
2026-09-05 12:35:27,618 | INFO | Address check | score=0.0000 | status=NEED_REVIEW | reason=MISSING_MAPS_ADDRESS
2026-09-05 12:35:27,618 | INFO | CHECKPOINT | processed=210 | matched=1 | mismatched=3 | review=206
2026-09-05 12:35:28,124 | INFO | Excel saved: D:\Product-Google-Maps\output\hotels_export_google_maps_checked.xlsx
2026-09-05 12:35:28,125 | INFO | Opening Maps URL | attempt=1/3
2026-09-05 12:35:31,379 | INFO | Current Maps URL: https://www.google.com/maps/place/Homestay+An+Nhi%C3%AAn/data=!4m7!3m6!1s0x316c21001f40d07d:0xdf7eaf1d87d3fb7e!8m2!3d13.9613455!4d108.0026096!16s%2Fg%2F11w_hk_vsz!19sChIJfdBAHwAhbDERfvvThx2vft8?authuser=0&hl=vi&g_ep=EgoyMDI2MDkwMS4wIJJjKgBIAVAD&rclk=1
2026-09-05 12:35:31,379 | INFO | Valid Google Maps Place URL opened.
2026-09-05 12:35:36,715 | INFO | Address check | score=0.0000 | status=NEED_REVIEW | reason=MISSING_MAPS_ADDRESS
2026-09-05 12:35:36,717 | INFO | Opening Maps URL | attempt=1/3
2026-09-05 12:35:39,586 | INFO | Current Maps URL: https://www.google.com/maps/place/Kh%C3%A1ch+s%E1%BA%A1n+M%C6%B0%E1%BB%9Dng+Thanh+Quy+Nh%C6%A1n/data=!4m10!3m9!1s0x316f6c63266f0b61:0xa880a4e3e56c7806!5m2!4m1!1i2!8m2!3d13.772077!4d109.238862!16s%2Fg%2F12hkbf13m!19sChIJYQtvJmNsbzERBnhs5eOkgKg?authuser=0&hl=vi&g_ep=EgoyMDI2MDkwMS4wIJJjKgBIAVAD&rclk=1
2026-09-05 12:35:39,586 | INFO | Valid Google Maps Place URL opened.
2026-09-05 12:35:45,019 | INFO | Address check | score=0.0000 | status=NEED_REVIEW | reason=MISSING_MAPS_ADDRESS
2026-09-05 12:35:45,020 | INFO | Opening Maps URL | attempt=1/3
2026-09-05 12:35:47,910 | INFO | Current Maps URL: https://www.google.com/maps/place/Kh%C3%A1ch+s%E1%BA%A1n+M%C6%B0%E1%BB%9Dng+Thanh+Quy+Nh%C6%A1n/data=!4m10!3m9!1s0x316f6c63266f0b61:0xa880a4e3e56c7806!5m2!4m1!1i2!8m2!3d13.772077!4d109.238862!16s%2Fg%2F12hkbf13m!19sChIJYQtvJmNsbzERBnhs5eOkgKg?authuser=0&hl=vi&g_ep=EgoyMDI2MDkwMS4wIJJjKgBIAVAD&rclk=1
2026-09-05 12:35:47,910 | INFO | Valid Google Maps Place URL opened.
2026-09-05 12:35:53,412 | INFO | Address check | score=0.0000 | status=NEED_REVIEW | reason=MISSING_MAPS_ADDRESS
2026-09-05 12:35:53,413 | INFO | Opening Maps URL | attempt=1/3
2026-09-05 12:35:56,547 | INFO | Current Maps URL: https://www.google.com/maps/place/Nh%C3%A0+Ngh%E1%BB%89+Phong+D%C3%A2n/data=!4m7!3m6!1s0x31752f16bbdee793:0xa0ee229bcae14aa0!8m2!3d10.763389!4d106.692846!16s%2Fg%2F11_dt1db5!19sChIJk-feuxYvdTERoErhypsi7qA?authuser=0&hl=vi&g_ep=EgoyMDI2MDkwMS4wIJJjKgBIAVAD&rclk=1
2026-09-05 12:35:56,547 | INFO | Valid Google Maps Place URL opened.
2026-09-05 12:36:01,603 | INFO | Address check | score=0.0000 | status=NEED_REVIEW | reason=MISSING_MAPS_ADDRESS
2026-09-05 12:36:01,606 | INFO | Opening Maps URL | attempt=1/3
2026-09-05 12:36:04,811 | INFO | Current Maps URL: https://www.google.com/maps/place/Michael+Hotel/data=!4m10!3m9!1s0x3170678185a20351:0xf05e541a04a85507!5m2!4m1!1i2!8m2!3d12.248533!4d109.193418!16s%2Fg%2F11jbv4tgdt!19sChIJUQOihYFncDERB1WoBBpUXvA?authuser=0&hl=vi&g_ep=EgoyMDI2MDkwMS4wIJJjKgBIAVAD&rclk=1
2026-09-05 12:36:04,811 | INFO | Valid Google Maps Place URL opened.
2026-09-05 12:36:10,241 | INFO | Address check | score=0.0000 | status=NEED_REVIEW | reason=MISSING_MAPS_ADDRESS
2026-09-05 12:36:10,243 | INFO | Opening Maps URL | attempt=1/3
2026-09-05 12:36:13,363 | INFO | Current Maps URL: https://www.google.com/maps/place/Green+Hotel+Quy+Nh%C6%A1n+-+C%C3%A1ch+bi%E1%BB%83n+200m/data=!4m7!3m6!1s0x316f6d21678907cb:0xbf61311ccc0b065e!8m2!3d13.752812!4d109.214291!16s%2Fg%2F11h22ppmqg!19sChIJyweJZyFtbzERXgYLzBwxYb8?authuser=0&hl=vi&g_ep=EgoyMDI2MDkwMS4wIJJjKgBIAVAD&rclk=1
2026-09-05 12:36:13,363 | INFO | Valid Google Maps Place URL opened.
2026-09-05 12:36:18,738 | INFO | Address check | score=0.0000 | status=NEED_REVIEW | reason=MISSING_MAPS_ADDRESS
2026-09-05 12:36:18,739 | INFO | Opening Maps URL | attempt=1/3
2026-09-05 12:36:21,773 | INFO | Current Maps URL: https://www.google.com/maps/place/Nh%C3%A0+Ngh%E1%BB%89+Hi%E1%BA%BFu+Anh/data=!4m7!3m6!1s0x316e43002e365b01:0xb7b347509506d504!8m2!3d13.3999071!4d108.4458378!16s%2Fg%2F11yzsszjhz!19sChIJAVs2LgBDbjERBNUGlVBHs7c?authuser=0&hl=vi&g_ep=EgoyMDI2MDkwMS4wIJJjKgBIAVAD&rclk=1
2026-09-05 12:36:21,773 | INFO | Valid Google Maps Place URL opened.
2026-09-05 12:36:27,164 | INFO | Address check | score=0.0000 | status=NEED_REVIEW | reason=MISSING_MAPS_ADDRESS
2026-09-05 12:36:27,166 | INFO | Opening Maps URL | attempt=1/3
2026-09-05 12:36:30,071 | INFO | Current Maps URL: https://www.google.com/maps/place/Nh%C3%A0+Ngh%E1%BB%89+Ph%C6%B0%C6%A1ng+Anh/data=!4m7!3m6!1s0x316c1f9bb9fe651f:0xd99a2cae59299f68!8m2!3d13.9843567!4d108.0087503!16s%2Fg%2F11kmnywqv8!19sChIJH2X-uZsfbDERaJ8pWa4smtk?authuser=0&hl=vi&g_ep=EgoyMDI2MDkwMS4wIJJjKgBIAVAD&rclk=1
2026-09-05 12:36:30,071 | INFO | Valid Google Maps Place URL opened.
2026-09-05 12:36:35,502 | INFO | Address check | score=0.0000 | status=NEED_REVIEW | reason=MISSING_MAPS_ADDRESS
2026-09-05 12:36:35,504 | INFO | Opening Maps URL | attempt=1/3
2026-09-05 12:36:38,689 | INFO | Current Maps URL: https://www.google.com/maps/place/Nh%C3%A0+ngh%E1%BB%89+Qu%E1%BB%B3nh+Nh%C6%B0/data=!4m7!3m6!1s0x3168c3b1fcac9cc9:0xc4d48c7d96dcdb0a!8m2!3d14.5637891!4d109.0248248!16s%2Fg%2F11tnv3hj78!19sChIJyZys_LHDaDERCtvcln2M1MQ?authuser=0&hl=vi&g_ep=EgoyMDI2MDkwMS4wIJJjKgBIAVAD&rclk=1
2026-09-05 12:36:38,690 | INFO | Valid Google Maps Place URL opened.
2026-09-05 12:36:44,097 | INFO | Address check | score=0.0000 | status=NEED_REVIEW | reason=MISSING_MAPS_ADDRESS
2026-09-05 12:36:44,107 | INFO | Opening Maps URL | attempt=1/3
2026-09-05 12:36:47,059 | INFO | Current Maps URL: https://www.google.com/maps/place/NH%C3%80+NGH%E1%BB%88+MAI+PH%C3%9AC/data=!4m7!3m6!1s0x3168cb920e3d75c7:0xbfb4d1b596e7c42d!8m2!3d14.3230549!4d109.12462!16s%2Fg%2F11l6wf13m7!19sChIJx3U9DpLLaDERLcTnlrXRtL8?authuser=0&hl=vi&g_ep=EgoyMDI2MDkwMS4wIJJjKgBIAVAD&rclk=1
2026-09-05 12:36:47,059 | INFO | Valid Google Maps Place URL opened.
2026-09-05 12:36:52,459 | INFO | Address check | score=0.0000 | status=NEED_REVIEW | reason=MISSING_MAPS_ADDRESS
2026-09-05 12:36:52,461 | INFO | CHECKPOINT | processed=220 | matched=1 | mismatched=3 | review=216
2026-09-05 12:36:52,952 | INFO | Excel saved: D:\Product-Google-Maps\output\hotels_export_google_maps_checked.xlsx
2026-09-05 12:36:52,953 | INFO | Opening Maps URL | attempt=1/3
2026-09-05 12:36:55,836 | INFO | Current Maps URL: https://www.google.com/maps/place/Ruhome+Homestay/data=!4m10!3m9!1s0x316f6d92fb28cf81:0x854e73c15b080fac!5m2!4m1!1i2!8m2!3d13.7721137!4d109.2289014!16s%2Fg%2F11zbmkys_d!19sChIJgc8o-5JtbzERrA8IW8FzToU?authuser=0&hl=vi&g_ep=EgoyMDI2MDkwMS4wIJJjKgBIAVAD&rclk=1
2026-09-05 12:36:55,836 | INFO | Valid Google Maps Place URL opened.
2026-09-05 12:37:01,288 | INFO | Address check | score=0.0000 | status=NEED_REVIEW | reason=MISSING_MAPS_ADDRESS
2026-09-05 12:37:01,289 | INFO | Opening Maps URL | attempt=1/3
2026-09-05 12:37:04,207 | INFO | Current Maps URL: https://www.google.com/maps/place/M%C3%ADt+Em+Homestay/data=!4m7!3m6!1s0x316ea10049727ffd:0x56abccc2f04af75d!8m2!3d13.9904285!4d108.0523208!16s%2Fg%2F11nq1mrws4!19sChIJ_X9ySQChbjERXfdK8MLMq1Y?authuser=0&hl=vi&g_ep=EgoyMDI2MDkwMS4wIJJjKgBIAVAD&rclk=1
2026-09-05 12:37:04,208 | INFO | Valid Google Maps Place URL opened.
2026-09-05 12:37:09,229 | INFO | Address check | score=0.0000 | status=NEED_REVIEW | reason=MISSING_MAPS_ADDRESS
2026-09-05 12:37:09,231 | INFO | Opening Maps URL | attempt=1/3
2026-09-05 12:37:12,308 | INFO | Current Maps URL: https://www.google.com/maps/place/Pleiku/data=!4m7!3m6!1s0x316c1fc41c43a933:0xf574c290961d1937!8m2!3d14.0059487!4d108.042083!16s%2Fg%2F11z42h046c!19sChIJM6lDHMQfbDERNxkdlpDCdPU?authuser=0&hl=vi&g_ep=EgoyMDI2MDkwMS4wIJJjKgBIAVAD&rclk=1
2026-09-05 12:37:12,308 | INFO | Valid Google Maps Place URL opened.
2026-09-05 12:37:17,633 | INFO | Address check | score=0.0000 | status=NEED_REVIEW | reason=MISSING_MAPS_ADDRESS
2026-09-05 12:37:17,634 | INFO | Opening Maps URL | attempt=1/3
2026-09-05 12:37:20,529 | INFO | Current Maps URL: https://www.google.com/maps/place/N%E1%BA%AFng+Homestay/data=!4m7!3m6!1s0x31752f2bf0f98613:0xa8b62e7f91f72ed0!8m2!3d10.7591274!4d106.7081212!16s%2Fg%2F11vy785kzf!19sChIJE4b58CsvdTER0C73kX8utqg?authuser=0&hl=vi&g_ep=EgoyMDI2MDkwMS4wIJJjKgBIAVAD&rclk=1
2026-09-05 12:37:20,529 | INFO | Valid Google Maps Place URL opened.
2026-09-05 12:37:25,878 | INFO | Address check | score=0.0000 | status=NEED_REVIEW | reason=MISSING_MAPS_ADDRESS
2026-09-05 12:37:25,880 | INFO | Opening Maps URL | attempt=1/3
2026-09-05 12:37:28,818 | INFO | Current Maps URL: https://www.google.com/maps/place/N%E1%BA%AFng+Homestay/data=!4m7!3m6!1s0x31752f2bf0f98613:0xa8b62e7f91f72ed0!8m2!3d10.7591274!4d106.7081212!16s%2Fg%2F11vy785kzf!19sChIJE4b58CsvdTER0C73kX8utqg?authuser=0&hl=vi&g_ep=EgoyMDI2MDkwMS4wIJJjKgBIAVAD&rclk=1
2026-09-05 12:37:28,818 | INFO | Valid Google Maps Place URL opened.
2026-09-05 12:37:34,142 | INFO | Address check | score=0.0000 | status=NEED_REVIEW | reason=MISSING_MAPS_ADDRESS
2026-09-05 12:37:34,143 | INFO | Opening Maps URL | attempt=1/3
2026-09-05 12:37:37,506 | INFO | Current Maps URL: https://www.google.com/maps/place/The+Hip+Resort+@+Khaolak/data=!4m10!3m9!1s0x3050c4850f6c62f3:0xdb0f32b9c0a8788d!5m2!4m1!1i2!8m2!3d8.842074!4d98.273718!16s%2Fg%2F11bvvyctvd!19sChIJ82JsD4XEUDARjXiowLkyD9s?authuser=0&hl=vi&g_ep=EgoyMDI2MDkwMS4wIJJjKgBIAVAD&rclk=1
2026-09-05 12:37:37,506 | INFO | Valid Google Maps Place URL opened.
2026-09-05 12:37:42,912 | INFO | Address check | score=0.0000 | status=NEED_REVIEW | reason=MISSING_MAPS_ADDRESS
2026-09-05 12:37:42,914 | INFO | Opening Maps URL | attempt=1/3
2026-09-05 12:37:46,046 | INFO | Current Maps URL: https://www.google.com/maps/place/Y.O+Inn/data=!4m10!3m9!1s0x316bff98da3d8da1:0xec2e2665970f7f5b!5m2!4m1!1i2!8m2!3d14.347059!4d108.007356!16s%2Fg%2F11jsp4_4qr!19sChIJoY092pj_azERW38Pl2UmLuw?authuser=0&hl=vi&g_ep=EgoyMDI2MDkwMS4wIJJjKgBIAVAD&rclk=1
2026-09-05 12:37:46,047 | INFO | Valid Google Maps Place URL opened.
2026-09-05 12:37:51,474 | INFO | Address check | score=0.0000 | status=NEED_REVIEW | reason=MISSING_MAPS_ADDRESS
2026-09-05 12:37:51,475 | INFO | Opening Maps URL | attempt=1/3
2026-09-05 12:37:54,384 | INFO | Current Maps URL: https://www.google.com/maps/place/%C3%94na%E2%80%99s+House+-+Homestay+Pleiku/data=!4m10!3m9!1s0x316c1fb93d3a002f:0x48fcd8f84ee12998!5m2!4m1!1i2!8m2!3d13.9830398!4d107.9952444!16s%2Fg%2F11v3tyh3gb!19sChIJLwA6PbkfbDERmCnhTvjY_Eg?authuser=0&hl=vi&g_ep=EgoyMDI2MDkwMS4wIJJjKgBIAVAD&rclk=1
2026-09-05 12:37:54,385 | INFO | Valid Google Maps Place URL opened.
2026-09-05 12:37:59,840 | INFO | Address check | score=0.0000 | status=NEED_REVIEW | reason=MISSING_MAPS_ADDRESS
2026-09-05 12:37:59,841 | INFO | Opening Maps URL | attempt=1/3
2026-09-05 12:38:02,756 | INFO | Current Maps URL: https://www.google.com/maps/place/D%C3%A2u+HomeStay+Quy+Nh%C6%A1n/data=!4m10!3m9!1s0x316f6d6c8aef3159:0xf9b46a3a87e8de71!5m2!4m1!1i2!8m2!3d13.7645677!4d109.2255327!16s%2Fg%2F11zjksxb8n!19sChIJWTHvimxtbzERcd7ohzpqtPk?authuser=0&hl=vi&g_ep=EgoyMDI2MDkwMS4wIJJjKgBIAVAD&rclk=1
2026-09-05 12:38:02,756 | INFO | Valid Google Maps Place URL opened.
2026-09-05 12:38:08,127 | INFO | Address check | score=0.0000 | status=NEED_REVIEW | reason=MISSING_MAPS_ADDRESS
2026-09-05 12:38:08,128 | INFO | Opening Maps URL | attempt=1/3
2026-09-05 12:38:11,279 | INFO | Current Maps URL: https://www.google.com/maps/place/H%C3%B4m+homestay+Quy+Nh%C6%A1n+%28entire+home%29/data=!4m7!3m6!1s0x316f6da88f421cd9:0x3b834e519320baad!8m2!3d13.7662448!4d109.2147276!16s%2Fg%2F11v3gj40cv!19sChIJ2RxCj6htbzERrbogk1FOgzs?authuser=0&hl=vi&g_ep=EgoyMDI2MDkwMS4wIJJjKgBIAVAD&rclk=1
2026-09-05 12:38:11,279 | INFO | Valid Google Maps Place URL opened.
2026-09-05 12:38:16,730 | INFO | Address check | score=0.0000 | status=NEED_REVIEW | reason=MISSING_MAPS_ADDRESS
2026-09-05 12:38:16,733 | INFO | CHECKPOINT | processed=230 | matched=1 | mismatched=3 | review=226
2026-09-05 12:38:17,268 | INFO | Excel saved: D:\Product-Google-Maps\output\hotels_export_google_maps_checked.xlsx
2026-09-05 12:38:17,271 | INFO | Opening Maps URL | attempt=1/3
2026-09-05 12:38:20,430 | INFO | Current Maps URL: https://www.google.com/maps/place/Green+Hotel+Quy+Nh%C6%A1n+-+C%C3%A1ch+bi%E1%BB%83n+200m/data=!4m7!3m6!1s0x316f6d21678907cb:0xbf61311ccc0b065e!8m2!3d13.752812!4d109.214291!16s%2Fg%2F11h22ppmqg!19sChIJyweJZyFtbzERXgYLzBwxYb8?authuser=0&hl=vi&g_ep=EgoyMDI2MDkwMS4wIJJjKgBIAVAD&rclk=1
2026-09-05 12:38:20,430 | INFO | Valid Google Maps Place URL opened.
2026-09-05 12:38:25,783 | INFO | Address check | score=0.0000 | status=NEED_REVIEW | reason=MISSING_MAPS_ADDRESS
2026-09-05 12:38:25,785 | INFO | Opening Maps URL | attempt=1/3
2026-09-05 12:38:28,866 | INFO | Current Maps URL: https://www.google.com/maps/place/Hotel+TALADALAT/data=!4m10!3m9!1s0x3171131789f1fb35:0xe28a3a59e0abf9b!5m2!4m1!1i2!8m2!3d11.937152!4d108.453243!16s%2Fg%2F11sfp7xfx0!19sChIJNfvxiRcTcTERm78KnqWjKA4?authuser=0&hl=vi&g_ep=EgoyMDI2MDkwMS4wIJJjKgBIAVAD&rclk=1
2026-09-05 12:38:28,866 | INFO | Valid Google Maps Place URL opened.
2026-09-05 12:38:34,253 | INFO | Address check | score=0.0000 | status=NEED_REVIEW | reason=MISSING_MAPS_ADDRESS
2026-09-05 12:38:34,254 | INFO | Opening Maps URL | attempt=1/3
2026-09-05 12:38:37,248 | INFO | Current Maps URL: https://www.google.com/maps/place/Kh%C3%A1ch+S%E1%BA%A1n+Ng%E1%BB%8Dc+H%E1%BB%93i+Quy+Nh%C6%A1n/data=!4m10!3m9!1s0x316f6dd01abb108f:0x5abcacd39d38dea9!5m2!4m1!1i2!8m2!3d13.7851552!4d109.2214695!16s%2Fg%2F11swfjt2q_!19sChIJjxC7GtBtbzERqd44ndOsvFo?authuser=0&hl=vi&g_ep=EgoyMDI2MDkwMS4wIJJjKgBIAVAD&rclk=1
2026-09-05 12:38:37,249 | INFO | Valid Google Maps Place URL opened.
2026-09-05 12:38:42,732 | INFO | Address check | score=0.0000 | status=NEED_REVIEW | reason=MISSING_MAPS_ADDRESS
2026-09-05 12:38:42,733 | INFO | Opening Maps URL | attempt=1/3
2026-09-05 12:38:45,816 | INFO | Current Maps URL: https://www.google.com/maps/place/Kh%C3%A1ch+S%E1%BA%A1n+Ng%E1%BB%8Dc+H%E1%BB%93i+Quy+Nh%C6%A1n/data=!4m10!3m9!1s0x316f6dd01abb108f:0x5abcacd39d38dea9!5m2!4m1!1i2!8m2!3d13.7851552!4d109.2214695!16s%2Fg%2F11swfjt2q_!19sChIJjxC7GtBtbzERqd44ndOsvFo?authuser=0&hl=vi&g_ep=EgoyMDI2MDkwMS4wIJJjKgBIAVAD&rclk=1
2026-09-05 12:38:45,816 | INFO | Valid Google Maps Place URL opened.
2026-09-05 12:38:51,259 | INFO | Address check | score=0.0000 | status=NEED_REVIEW | reason=MISSING_MAPS_ADDRESS
2026-09-05 12:38:51,260 | INFO | Opening Maps URL | attempt=1/3
2026-09-05 12:38:54,298 | INFO | Current Maps URL: https://www.google.com/maps/place/Nh%C3%A0+ngh%E1%BB%89+ho%C3%A0ng+long/data=!4m7!3m6!1s0x3168cd00316a8d47:0x19655a6e84cbad38!8m2!3d14.2918841!4d109.0876028!16s%2Fg%2F11mzfz5nj_!19sChIJR41qMQDNaDEROK3LhG5aZRk?authuser=0&hl=vi&g_ep=EgoyMDI2MDkwMS4wIJJjKgBIAVAD&rclk=1
2026-09-05 12:38:54,298 | INFO | Valid Google Maps Place URL opened.
2026-09-05 12:38:59,718 | INFO | Address check | score=0.0000 | status=NEED_REVIEW | reason=MISSING_MAPS_ADDRESS
2026-09-05 12:38:59,719 | INFO | Opening Maps URL | attempt=1/3
2026-09-05 12:39:02,686 | INFO | Current Maps URL: https://www.google.com/maps/place/Nh%C3%A0+ngh%E1%BB%89+b%E1%BA%B1ng+l%C4%83ng/data=!4m7!3m6!1s0x316e672bcf1aabef:0x58464c402735f85e!8m2!3d13.4256065!4d108.426082!16s%2Fg%2F11knq3wrsh!19sChIJ76sazytnbjERXvg1J0BMRlg?authuser=0&hl=vi&g_ep=EgoyMDI2MDkwMS4wIJJjKgBIAVAD&rclk=1
2026-09-05 12:39:02,686 | INFO | Valid Google Maps Place URL opened.
2026-09-05 12:39:08,107 | INFO | Address check | score=0.0000 | status=NEED_REVIEW | reason=MISSING_MAPS_ADDRESS
2026-09-05 12:39:08,108 | INFO | Opening Maps URL | attempt=1/3
2026-09-05 12:39:11,169 | INFO | Current Maps URL: https://www.google.com/maps/place/Homestay+Minh+Ch%C3%A2u/data=!4m10!3m9!1s0x316f421c69cc4477:0x4274eb2fd50a8e2c!5m2!4m1!1i2!8m2!3d13.883396!4d109.287676!16s%2Fg%2F11nj2ts7l_!19sChIJd0TMaRxCbzERLI4K1S_rdEI?authuser=0&hl=vi&g_ep=EgoyMDI2MDkwMS4wIJJjKgBIAVAD&rclk=1
2026-09-05 12:39:11,170 | INFO | Valid Google Maps Place URL opened.
2026-09-05 12:39:16,469 | INFO | Address check | score=0.0000 | status=NEED_REVIEW | reason=MISSING_MAPS_ADDRESS
2026-09-05 12:39:16,473 | INFO | Opening Maps URL | attempt=1/3
2026-09-05 12:39:19,583 | INFO | Current Maps URL: https://www.google.com/maps/place/Homestay+Minh+Ch%C3%A2u/data=!4m10!3m9!1s0x316f421c69cc4477:0x4274eb2fd50a8e2c!5m2!4m1!1i2!8m2!3d13.883396!4d109.287676!16s%2Fg%2F11nj2ts7l_!19sChIJd0TMaRxCbzERLI4K1S_rdEI?authuser=0&hl=vi&g_ep=EgoyMDI2MDkwMS4wIJJjKgBIAVAD&rclk=1
2026-09-05 12:39:19,584 | INFO | Valid Google Maps Place URL opened.
2026-09-05 12:39:24,645 | INFO | Address check | score=0.0000 | status=NEED_REVIEW | reason=MISSING_MAPS_ADDRESS
2026-09-05 12:39:24,647 | INFO | Opening Maps URL | attempt=1/3
2026-09-05 12:39:27,764 | INFO | Current Maps URL: https://www.google.com/maps/place/Homestay+Minh+Ch%C3%A2u/data=!4m10!3m9!1s0x316f421c69cc4477:0x4274eb2fd50a8e2c!5m2!4m1!1i2!8m2!3d13.883396!4d109.287676!16s%2Fg%2F11nj2ts7l_!19sChIJd0TMaRxCbzERLI4K1S_rdEI?authuser=0&hl=vi&g_ep=EgoyMDI2MDkwMS4wIJJjKgBIAVAD&rclk=1
2026-09-05 12:39:27,764 | INFO | Valid Google Maps Place URL opened.
2026-09-05 12:39:33,170 | INFO | Address check | score=0.0000 | status=NEED_REVIEW | reason=MISSING_MAPS_ADDRESS
2026-09-05 12:39:33,171 | INFO | Opening Maps URL | attempt=1/3
2026-09-05 12:39:36,169 | INFO | Current Maps URL: https://www.google.com/maps/place/Homestay+Minh+Ch%C3%A2u/data=!4m10!3m9!1s0x316f421c69cc4477:0x4274eb2fd50a8e2c!5m2!4m1!1i2!8m2!3d13.883396!4d109.287676!16s%2Fg%2F11nj2ts7l_!19sChIJd0TMaRxCbzERLI4K1S_rdEI?authuser=0&hl=vi&g_ep=EgoyMDI2MDkwMS4wIJJjKgBIAVAD&rclk=1
2026-09-05 12:39:36,169 | INFO | Valid Google Maps Place URL opened.
2026-09-05 12:39:41,531 | INFO | Address check | score=0.0000 | status=NEED_REVIEW | reason=MISSING_MAPS_ADDRESS
2026-09-05 12:39:41,532 | INFO | CHECKPOINT | processed=240 | matched=1 | mismatched=3 | review=236
2026-09-05 12:39:42,326 | INFO | Excel saved: D:\Product-Google-Maps\output\hotels_export_google_maps_checked.xlsx
2026-09-05 12:39:42,326 | INFO | Opening Maps URL | attempt=1/3
2026-09-05 12:39:45,353 | INFO | Current Maps URL: https://www.google.com/maps/place/Homestay+Minh+Ch%C3%A2u/@13.8833963,109.2876758,17z/data=!3m1!4b1!4m9!3m8!1s0x316f435aeec900d1:0x4274eb2fd50a8e2c!5m2!4m1!1i2!8m2!3d13.8833963!4d109.2876758!16s%2Fg%2F11nj2ts7l_?authuser=0&hl=vi&entry=ttu&g_ep=EgoyMDI2MDkwMi4wIKXMDSoASAFQAw%3D%3D
2026-09-05 12:39:45,353 | INFO | Valid Google Maps Place URL opened.
2026-09-05 12:39:50,786 | INFO | Address check | score=0.0000 | status=NEED_REVIEW | reason=MISSING_MAPS_ADDRESS
2026-09-05 12:39:50,788 | INFO | Opening Maps URL | attempt=1/3
2026-09-05 12:39:53,846 | INFO | Current Maps URL: https://www.google.com/maps/place/Kh%C3%A1ch+s%E1%BA%A1n+Pleiku/data=!4m10!3m9!1s0x316c1f9beeafdc63:0xd112ab483882c1ec!5m2!4m1!1i2!8m2!3d13.98526!4d108.007592!16s%2Fg%2F1tdy1zcp!19sChIJY9yv7psfbDER7MGCOEirEtE?authuser=0&hl=vi&g_ep=EgoyMDI2MDkwMS4wIJJjKgBIAVAD&rclk=1
2026-09-05 12:39:53,847 | INFO | Valid Google Maps Place URL opened.
2026-09-05 12:39:59,361 | INFO | Address check | score=0.0000 | status=NEED_REVIEW | reason=MISSING_MAPS_ADDRESS
2026-09-05 12:39:59,362 | INFO | Opening Maps URL | attempt=1/3
2026-09-05 12:40:02,438 | INFO | Current Maps URL: https://www.google.com/maps/place/Kh%C3%A1ch+s%E1%BA%A1n+Pleiku/data=!4m10!3m9!1s0x316c1f9beeafdc63:0xd112ab483882c1ec!5m2!4m1!1i2!8m2!3d13.98526!4d108.007592!16s%2Fg%2F1tdy1zcp!19sChIJY9yv7psfbDER7MGCOEirEtE?authuser=0&hl=vi&g_ep=EgoyMDI2MDkwMS4wIJJjKgBIAVAD&rclk=1
2026-09-05 12:40:02,438 | INFO | Valid Google Maps Place URL opened.
2026-09-05 12:40:07,801 | INFO | Address check | score=0.0000 | status=NEED_REVIEW | reason=MISSING_MAPS_ADDRESS
2026-09-05 12:40:07,802 | INFO | Opening Maps URL | attempt=1/3
2026-09-05 12:40:10,902 | INFO | Current Maps URL: https://www.google.com/maps/place/Kh%C3%A1ch+s%E1%BA%A1n+Pleiku/data=!4m10!3m9!1s0x316c1f9beeafdc63:0xd112ab483882c1ec!5m2!4m1!1i2!8m2!3d13.98526!4d108.007592!16s%2Fg%2F1tdy1zcp!19sChIJY9yv7psfbDER7MGCOEirEtE?authuser=0&hl=vi&g_ep=EgoyMDI2MDkwMS4wIJJjKgBIAVAD&rclk=1
2026-09-05 12:40:10,903 | INFO | Valid Google Maps Place URL opened.
2026-09-05 12:40:16,281 | INFO | Address check | score=0.0000 | status=NEED_REVIEW | reason=MISSING_MAPS_ADDRESS
2026-09-05 12:40:16,282 | INFO | Opening Maps URL | attempt=1/3
2026-09-05 12:40:19,331 | INFO | Current Maps URL: https://www.google.com/maps/place/Kh%C3%A1ch+s%E1%BA%A1n+Pleiku/data=!4m10!3m9!1s0x316c1f9beeafdc63:0xd112ab483882c1ec!5m2!4m1!1i2!8m2!3d13.98526!4d108.007592!16s%2Fg%2F1tdy1zcp!19sChIJY9yv7psfbDER7MGCOEirEtE?authuser=0&hl=vi&g_ep=EgoyMDI2MDkwMS4wIJJjKgBIAVAD&rclk=1
2026-09-05 12:40:19,331 | INFO | Valid Google Maps Place URL opened.
2026-09-05 12:40:24,634 | INFO | Address check | score=0.0000 | status=NEED_REVIEW | reason=MISSING_MAPS_ADDRESS
2026-09-05 12:40:24,635 | INFO | Opening Maps URL | attempt=1/3
2026-09-05 12:40:27,567 | INFO | Current Maps URL: https://www.google.com/maps/place/Casa+Marina+Resort/data=!4m10!3m9!1s0x316f7288a9ba4f63:0x9ee3fcfc76f514c8!5m2!4m1!1i2!8m2!3d13.684889!4d109.230132!16s%2Fg%2F11f34_wj32!19sChIJY0-6qYhybzERyBT1dvz8454?authuser=0&hl=vi&g_ep=EgoyMDI2MDkwMS4wIJJjKgBIAVAD&rclk=1
2026-09-05 12:40:27,567 | INFO | Valid Google Maps Place URL opened.
2026-09-05 12:40:33,031 | INFO | Address check | score=0.0000 | status=NEED_REVIEW | reason=MISSING_MAPS_ADDRESS
2026-09-05 12:40:33,032 | INFO | Opening Maps URL | attempt=1/3
2026-09-05 12:40:36,039 | INFO | Current Maps URL: https://www.google.com/maps/place/S%C3%B4ng+Su%E1%BB%91i+Homestay/data=!4m10!3m9!1s0x316f6d974d423d37:0x4ab69e06bb557d6d!5m2!4m1!1i2!8m2!3d13.7657881!4d109.2262266!16s%2Fg%2F11t1s887pw!19sChIJNz1CTZdtbzERbX1Vuwaetko?authuser=0&hl=vi&g_ep=EgoyMDI2MDkwMS4wIJJjKgBIAVAD&rclk=1
2026-09-05 12:40:36,039 | INFO | Valid Google Maps Place URL opened.
2026-09-05 12:40:41,483 | INFO | Address check | score=0.0000 | status=NEED_REVIEW | reason=MISSING_MAPS_ADDRESS
2026-09-05 12:40:41,484 | INFO | Opening Maps URL | attempt=1/3
2026-09-05 12:40:44,617 | INFO | Current Maps URL: https://www.google.com/maps/place/KH%C3%81CH+S%E1%BA%A0N+M%E1%BA%A0NH+L%C3%8A+GIA+2/data=!4m7!3m6!1s0x316c1f6f70b67139:0x2d687f1c0c3b60f8!8m2!3d13.9722756!4d108.0091697!16s%2Fg%2F11sz5dx66f!19sChIJOXG2cG8fbDER-GA7DBx_aC0?authuser=0&hl=vi&g_ep=EgoyMDI2MDkwMS4wIJJjKgBIAVAD&rclk=1
2026-09-05 12:40:44,618 | INFO | Valid Google Maps Place URL opened.
2026-09-05 12:40:49,987 | INFO | Address check | score=0.0000 | status=NEED_REVIEW | reason=MISSING_MAPS_ADDRESS
2026-09-05 12:40:49,988 | INFO | Opening Maps URL | attempt=1/3
2026-09-05 12:40:52,987 | INFO | Current Maps URL: https://www.google.com/maps/place/KH%C3%81CH+S%E1%BA%A0N+M%E1%BA%A0NH+L%C3%8A+GIA+2/data=!4m7!3m6!1s0x316c1f6f70b67139:0x2d687f1c0c3b60f8!8m2!3d13.9722756!4d108.0091697!16s%2Fg%2F11sz5dx66f!19sChIJOXG2cG8fbDER-GA7DBx_aC0?authuser=0&hl=vi&g_ep=EgoyMDI2MDkwMS4wIJJjKgBIAVAD&rclk=1
2026-09-05 12:40:52,987 | INFO | Valid Google Maps Place URL opened.
2026-09-05 12:40:58,368 | INFO | Address check | score=0.0000 | status=NEED_REVIEW | reason=MISSING_MAPS_ADDRESS
2026-09-05 12:40:58,376 | INFO | Opening Maps URL | attempt=1/3
2026-09-05 12:41:01,293 | INFO | Current Maps URL: https://www.google.com/maps/place/KH%C3%81CH+S%E1%BA%A0N+M%E1%BA%A0NH+L%C3%8A+GIA+2/data=!4m7!3m6!1s0x316c1f6f70b67139:0x2d687f1c0c3b60f8!8m2!3d13.9722756!4d108.0091697!16s%2Fg%2F11sz5dx66f!19sChIJOXG2cG8fbDER-GA7DBx_aC0?authuser=0&hl=vi&g_ep=EgoyMDI2MDkwMS4wIJJjKgBIAVAD&rclk=1
2026-09-05 12:41:01,293 | INFO | Valid Google Maps Place URL opened.
2026-09-05 12:41:06,768 | INFO | Address check | score=0.0000 | status=NEED_REVIEW | reason=MISSING_MAPS_ADDRESS
2026-09-05 12:41:06,769 | INFO | CHECKPOINT | processed=250 | matched=1 | mismatched=3 | review=246
2026-09-05 12:41:07,247 | INFO | Excel saved: D:\Product-Google-Maps\output\hotels_export_google_maps_checked.xlsx
2026-09-05 12:41:07,248 | INFO | Opening Maps URL | attempt=1/3
2026-09-05 12:41:10,295 | INFO | Current Maps URL: https://www.google.com/maps/place/L%E1%BB%B1a+Homestay/data=!4m7!3m6!1s0x316f732b06709c71:0x795c841ba4d613fb!8m2!3d13.6862767!4d109.2307103!16s%2Fg%2F11nb_6djk1!19sChIJcZxwBitzbzER-xPWpBuEXHk?authuser=0&hl=vi&g_ep=EgoyMDI2MDkwMS4wIJJjKgBIAVAD&rclk=1
2026-09-05 12:41:10,295 | INFO | Valid Google Maps Place URL opened.
2026-09-05 12:41:15,644 | INFO | Address check | score=0.0000 | status=NEED_REVIEW | reason=MISSING_MAPS_ADDRESS
2026-09-05 12:41:15,645 | INFO | Opening Maps URL | attempt=1/3
2026-09-05 12:41:18,506 | INFO | Current Maps URL: https://www.google.com/maps/place/Anna+House+Hotel+and+Homestay/data=!4m10!3m9!1s0x3175293b598ae03b:0x6aac62a589c3812d!5m2!4m1!1i2!8m2!3d10.81905!4d106.7211319!16s%2Fg%2F11ypykpd1k!19sChIJO-CKWTspdTERLYHDiaVirGo?authuser=0&hl=vi&g_ep=EgoyMDI2MDkwMS4wIJJjKgBIAVAD&rclk=1
2026-09-05 12:41:18,507 | INFO | Valid Google Maps Place URL opened.
2026-09-05 12:41:23,923 | INFO | Address check | score=0.0000 | status=NEED_REVIEW | reason=MISSING_MAPS_ADDRESS
2026-09-05 12:41:23,925 | INFO | Opening Maps URL | attempt=1/3
2026-09-05 12:41:26,877 | INFO | Current Maps URL: https://www.google.com/maps/place/Anna+House+Hotel+and+Homestay/data=!4m10!3m9!1s0x3175293b598ae03b:0x6aac62a589c3812d!5m2!4m1!1i2!8m2!3d10.81905!4d106.7211319!16s%2Fg%2F11ypykpd1k!19sChIJO-CKWTspdTERLYHDiaVirGo?authuser=0&hl=vi&g_ep=EgoyMDI2MDkwMS4wIJJjKgBIAVAD&rclk=1
2026-09-05 12:41:26,878 | INFO | Valid Google Maps Place URL opened.
2026-09-05 12:41:32,315 | INFO | Address check | score=0.0000 | status=NEED_REVIEW | reason=MISSING_MAPS_ADDRESS
2026-09-05 12:41:32,323 | INFO | Opening Maps URL | attempt=1/3
2026-09-05 12:41:35,215 | INFO | Current Maps URL: https://www.google.com/maps/place/Novotel+Saigon+Centre/data=!4m10!3m9!1s0x31752f34241af509:0xc2246536c365c477!5m2!4m1!1i2!8m2!3d10.784316!4d106.69588!16s%2Fg%2F1v4k3_w_!19sChIJCfUaJDQvdTERd8RlwzZlJMI?authuser=0&hl=vi&g_ep=EgoyMDI2MDkwMS4wIJJjKgBIAVAD&rclk=1
2026-09-05 12:41:35,215 | INFO | Valid Google Maps Place URL opened.
2026-09-05 12:41:40,803 | INFO | Address check | score=0.0000 | status=NEED_REVIEW | reason=MISSING_MAPS_ADDRESS
2026-09-05 12:41:40,807 | INFO | Opening Maps URL | attempt=1/3
2026-09-05 12:41:43,818 | INFO | Current Maps URL: https://www.google.com/maps/place/Novotel+Saigon+Centre/data=!4m10!3m9!1s0x31752f34241af509:0xc2246536c365c477!5m2!4m1!1i2!8m2!3d10.784316!4d106.69588!16s%2Fg%2F1v4k3_w_!19sChIJCfUaJDQvdTERd8RlwzZlJMI?authuser=0&hl=vi&g_ep=EgoyMDI2MDkwMS4wIJJjKgBIAVAD&rclk=1
2026-09-05 12:41:43,819 | INFO | Valid Google Maps Place URL opened.
2026-09-05 12:41:48,915 | INFO | Address check | score=0.0000 | status=NEED_REVIEW | reason=MISSING_MAPS_ADDRESS
2026-09-05 12:41:48,919 | INFO | Opening Maps URL | attempt=1/3
2026-09-05 12:41:51,957 | INFO | Current Maps URL: https://www.google.com/maps/place/Mira+B%C3%A3i+X%E1%BA%BFp+Quy+Nh%C6%A1n/data=!4m10!3m9!1s0x316f72861703f041:0x8558ab9e8359c452!5m2!4m1!1i2!8m2!3d13.685788!4d109.230904!16s%2Fg%2F11fqd136pq!19sChIJQfADF4ZybzERUsRZg56rWIU?authuser=0&hl=vi&g_ep=EgoyMDI2MDkwMS4wIJJjKgBIAVAD&rclk=1
2026-09-05 12:41:51,959 | INFO | Valid Google Maps Place URL opened.
2026-09-05 12:41:57,238 | INFO | Address check | score=0.0000 | status=NEED_REVIEW | reason=MISSING_MAPS_ADDRESS
2026-09-05 12:41:57,239 | INFO | Opening Maps URL | attempt=1/3
2026-09-05 12:42:00,203 | INFO | Current Maps URL: https://www.google.com/maps/place/Mira+B%C3%A3i+X%E1%BA%BFp+Quy+Nh%C6%A1n/data=!4m10!3m9!1s0x316f72861703f041:0x8558ab9e8359c452!5m2!4m1!1i2!8m2!3d13.685788!4d109.230904!16s%2Fg%2F11fqd136pq!19sChIJQfADF4ZybzERUsRZg56rWIU?authuser=0&hl=vi&g_ep=EgoyMDI2MDkwMS4wIJJjKgBIAVAD&rclk=1
2026-09-05 12:42:00,203 | INFO | Valid Google Maps Place URL opened.
2026-09-05 12:42:05,687 | INFO | Address check | score=0.0000 | status=NEED_REVIEW | reason=MISSING_MAPS_ADDRESS
2026-09-05 12:42:05,689 | INFO | Opening Maps URL | attempt=1/3
2026-09-05 12:42:08,615 | INFO | Current Maps URL: https://www.google.com/maps/place/Mira+B%C3%A3i+X%E1%BA%BFp+Quy+Nh%C6%A1n/data=!4m10!3m9!1s0x316f72861703f041:0x8558ab9e8359c452!5m2!4m1!1i2!8m2!3d13.685788!4d109.230904!16s%2Fg%2F11fqd136pq!19sChIJQfADF4ZybzERUsRZg56rWIU?authuser=0&hl=vi&g_ep=EgoyMDI2MDkwMS4wIJJjKgBIAVAD&rclk=1
2026-09-05 12:42:08,617 | INFO | Valid Google Maps Place URL opened.
2026-09-05 12:42:13,996 | INFO | Address check | score=0.0000 | status=NEED_REVIEW | reason=MISSING_MAPS_ADDRESS
2026-09-05 12:42:13,997 | INFO | Opening Maps URL | attempt=1/3
2026-09-05 12:42:17,197 | INFO | Current Maps URL: https://www.google.com/maps/place/Haad+Tien+Beach+Resort/data=!4m10!3m9!1s0x3055a175aaf7dc65:0x9dfea7fef238f6a0!5m2!4m1!1i2!8m2!3d10.065626!4d99.8319!16s%2Fg%2F1tgl6100!19sChIJZdz3qnWhVTARoPY48v6n_p0?authuser=0&hl=vi&g_ep=EgoyMDI2MDkwMS4wIJJjKgBIAVAD&rclk=1
2026-09-05 12:42:17,197 | INFO | Valid Google Maps Place URL opened.
2026-09-05 12:42:22,511 | INFO | Address check | score=0.0000 | status=NEED_REVIEW | reason=MISSING_MAPS_ADDRESS
2026-09-05 12:42:22,512 | INFO | Opening Maps URL | attempt=1/3
2026-09-05 12:42:25,559 | INFO | Current Maps URL: https://www.google.com/maps/place/Haad+Tien+Beach+Resort/data=!4m10!3m9!1s0x3055a175aaf7dc65:0x9dfea7fef238f6a0!5m2!4m1!1i2!8m2!3d10.065626!4d99.8319!16s%2Fg%2F1tgl6100!19sChIJZdz3qnWhVTARoPY48v6n_p0?authuser=0&hl=vi&g_ep=EgoyMDI2MDkwMS4wIJJjKgBIAVAD&rclk=1
2026-09-05 12:42:25,559 | INFO | Valid Google Maps Place URL opened.
2026-09-05 12:42:30,921 | INFO | Address check | score=0.0000 | status=NEED_REVIEW | reason=MISSING_MAPS_ADDRESS
2026-09-05 12:42:30,922 | INFO | CHECKPOINT | processed=260 | matched=1 | mismatched=3 | review=256
2026-09-05 12:42:31,477 | INFO | Excel saved: D:\Product-Google-Maps\output\hotels_export_google_maps_checked.xlsx
2026-09-05 12:42:31,478 | INFO | Opening Maps URL | attempt=1/3
2026-09-05 12:42:34,483 | INFO | Current Maps URL: https://www.google.com/maps/place/Hotel+Bel-air/data=!4m10!3m9!1s0x316f6ce912a3fff1:0x487ef7e64888ccd1!5m2!4m1!1i2!8m2!3d13.756708!4d109.21553!16s%2Fg%2F11v13vrcph!19sChIJ8f-jEulsbzER0cyISOb3fkg?authuser=0&hl=vi&g_ep=EgoyMDI2MDkwMS4wIJJjKgBIAVAD&rclk=1
2026-09-05 12:42:34,483 | INFO | Valid Google Maps Place URL opened.
2026-09-05 12:42:39,515 | INFO | Address check | score=0.0000 | status=NEED_REVIEW | reason=MISSING_MAPS_ADDRESS
2026-09-05 12:42:39,516 | INFO | Opening Maps URL | attempt=1/3
2026-09-05 12:42:42,677 | INFO | Current Maps URL: https://www.google.com/maps/place/THE.Home/data=!4m7!3m6!1s0x316c1f007d69f781:0x823475baa7676754!8m2!3d13.9785927!4d108.009211!16s%2Fg%2F11z672kt33!19sChIJgfdpfQAfbDERVGdnp7p1NII?authuser=0&hl=vi&g_ep=EgoyMDI2MDkwMS4wIJJjKgBIAVAD&rclk=1
2026-09-05 12:42:42,678 | INFO | Valid Google Maps Place URL opened.
2026-09-05 12:42:48,031 | INFO | Address check | score=0.0000 | status=NEED_REVIEW | reason=MISSING_MAPS_ADDRESS
2026-09-05 12:42:48,032 | INFO | Opening Maps URL | attempt=1/3
2026-09-05 12:42:51,008 | INFO | Current Maps URL: https://www.google.com/maps/place/Kh%C3%A1ch+S%E1%BA%A1n+Ho%C3%A0ng+Th%E1%BA%AFng/data=!4m10!3m9!1s0x3168cff4249fd0c1:0x3f38aa6ff6ab2b56!5m2!4m1!1i2!8m2!3d14.420651!4d109.016241!16s%2Fg%2F11wy1tc107!19sChIJwdCfJPTPaDERViur9m-qOD8?authuser=0&hl=vi&g_ep=EgoyMDI2MDkwMS4wIJJjKgBIAVAD&rclk=1
2026-09-05 12:42:51,009 | INFO | Valid Google Maps Place URL opened.
2026-09-05 12:42:56,436 | INFO | Address check | score=0.0000 | status=NEED_REVIEW | reason=MISSING_MAPS_ADDRESS
2026-09-05 12:42:56,438 | INFO | Opening Maps URL | attempt=1/3
2026-09-05 12:42:59,463 | INFO | Current Maps URL: https://www.google.com/maps/place/Kh%C3%A1ch+S%E1%BA%A1n+Ho%C3%A0ng+Th%E1%BA%AFng/data=!4m10!3m9!1s0x3168cff4249fd0c1:0x3f38aa6ff6ab2b56!5m2!4m1!1i2!8m2!3d14.420651!4d109.016241!16s%2Fg%2F11wy1tc107!19sChIJwdCfJPTPaDERViur9m-qOD8?authuser=0&hl=vi&g_ep=EgoyMDI2MDkwMS4wIJJjKgBIAVAD&rclk=1
2026-09-05 12:42:59,464 | INFO | Valid Google Maps Place URL opened.
2026-09-05 12:43:04,728 | INFO | Address check | score=0.0000 | status=NEED_REVIEW | reason=MISSING_MAPS_ADDRESS
2026-09-05 12:43:04,729 | INFO | Opening Maps URL | attempt=1/3
2026-09-05 12:43:07,868 | INFO | Current Maps URL: https://www.google.com/maps/place/S%27+Gallery+Apartment/data=!4m10!3m9!1s0x3141a1fb183eab73:0xef18cbd9826e2cb3!5m2!4m1!1i2!8m2!3d16.4811491!4d107.6117036!16s%2Fg%2F11x6nq8n5n!19sChIJc6s-GPuhQTERsyxugtnLGO8?authuser=0&hl=vi&g_ep=EgoyMDI2MDkwMS4wIJJjKgBIAVAD&rclk=1
2026-09-05 12:43:07,868 | INFO | Valid Google Maps Place URL opened.
2026-09-05 12:43:13,317 | INFO | Address check | score=0.0000 | status=NEED_REVIEW | reason=MISSING_MAPS_ADDRESS
2026-09-05 12:43:13,319 | INFO | Opening Maps URL | attempt=1/3
2026-09-05 12:43:16,328 | INFO | Current Maps URL: https://www.google.com/maps/place/Kh%C3%A1ch+s%E1%BA%A1n+Mira+-+Kh%C3%A1ch+s%E1%BA%A1n+g%E1%BA%A7n+bi%E1%BB%83n+%E1%BB%9F+Quy+Nh%C6%A1n/data=!4m10!3m9!1s0x316f6ceceb457403:0x1de22f520372522b!5m2!4m1!1i2!8m2!3d13.761717!4d109.219274!16s%2Fg%2F11fk15qdmx!19sChIJA3RF6-xsbzERK1JyA1Iv4h0?authuser=0&hl=vi&g_ep=EgoyMDI2MDkwMS4wIJJjKgBIAVAD&rclk=1
2026-09-05 12:43:16,329 | INFO | Valid Google Maps Place URL opened.
2026-09-05 12:43:21,810 | INFO | Address check | score=0.0000 | status=NEED_REVIEW | reason=MISSING_MAPS_ADDRESS
2026-09-05 12:43:21,813 | INFO | Opening Maps URL | attempt=1/3
2026-09-05 12:43:24,703 | INFO | Current Maps URL: https://www.google.com/maps/place/Coffee79/data=!4m7!3m6!1s0x316e630b441d76e7:0xa596e47ba8811f52!8m2!3d13.5390703!4d108.3267319!16s%2Fg%2F11kmr07l0d!19sChIJ53YdRAtjbjERUh-BqHvklqU?authuser=0&hl=vi&g_ep=EgoyMDI2MDkwMS4wIJJjKgBIAVAD&rclk=1
2026-09-05 12:43:24,703 | INFO | Valid Google Maps Place URL opened.
2026-09-05 12:43:30,064 | INFO | Address check | score=0.0000 | status=NEED_REVIEW | reason=MISSING_MAPS_ADDRESS
2026-09-05 12:43:30,065 | INFO | Opening Maps URL | attempt=1/3
2026-09-05 12:43:32,990 | INFO | Current Maps URL: https://www.google.com/maps/place/Coffee79/data=!4m7!3m6!1s0x316e630b441d76e7:0xa596e47ba8811f52!8m2!3d13.5390703!4d108.3267319!16s%2Fg%2F11kmr07l0d!19sChIJ53YdRAtjbjERUh-BqHvklqU?authuser=0&hl=vi&g_ep=EgoyMDI2MDkwMS4wIJJjKgBIAVAD&rclk=1
2026-09-05 12:43:32,991 | INFO | Valid Google Maps Place URL opened.
2026-09-05 12:43:38,413 | INFO | Address check | score=0.0000 | status=NEED_REVIEW | reason=MISSING_MAPS_ADDRESS
2026-09-05 12:43:38,414 | INFO | Opening Maps URL | attempt=1/3
2026-09-05 12:43:41,298 | INFO | Current Maps URL: https://www.google.com/maps/place/Coffee79/data=!4m7!3m6!1s0x316e630b441d76e7:0xa596e47ba8811f52!8m2!3d13.5390703!4d108.3267319!16s%2Fg%2F11kmr07l0d!19sChIJ53YdRAtjbjERUh-BqHvklqU?authuser=0&hl=vi&g_ep=EgoyMDI2MDkwMS4wIJJjKgBIAVAD&rclk=1
2026-09-05 12:43:41,298 | INFO | Valid Google Maps Place URL opened.
2026-09-05 12:43:46,626 | INFO | Address check | score=0.0000 | status=NEED_REVIEW | reason=MISSING_MAPS_ADDRESS
2026-09-05 12:43:46,630 | INFO | Opening Maps URL | attempt=1/3
2026-09-05 12:43:49,541 | INFO | Current Maps URL: https://www.google.com/maps/place/Coffee79/data=!4m7!3m6!1s0x316e630b441d76e7:0xa596e47ba8811f52!8m2!3d13.5390703!4d108.3267319!16s%2Fg%2F11kmr07l0d!19sChIJ53YdRAtjbjERUh-BqHvklqU?authuser=0&hl=vi&g_ep=EgoyMDI2MDkwMS4wIJJjKgBIAVAD&rclk=1
2026-09-05 12:43:49,541 | INFO | Valid Google Maps Place URL opened.
2026-09-05 12:43:54,931 | INFO | Address check | score=0.0000 | status=NEED_REVIEW | reason=MISSING_MAPS_ADDRESS
2026-09-05 12:43:54,932 | INFO | CHECKPOINT | processed=270 | matched=1 | mismatched=3 | review=266
2026-09-05 12:43:55,468 | INFO | Excel saved: D:\Product-Google-Maps\output\hotels_export_google_maps_checked.xlsx
2026-09-05 12:43:55,469 | INFO | Opening Maps URL | attempt=1/3
2026-09-05 12:43:58,424 | INFO | Current Maps URL: https://www.google.com/maps/place/Coffee79/data=!4m7!3m6!1s0x316e630b441d76e7:0xa596e47ba8811f52!8m2!3d13.5390703!4d108.3267319!16s%2Fg%2F11kmr07l0d!19sChIJ53YdRAtjbjERUh-BqHvklqU?authuser=0&hl=vi&g_ep=EgoyMDI2MDkwMS4wIJJjKgBIAVAD&rclk=1
2026-09-05 12:43:58,424 | INFO | Valid Google Maps Place URL opened.
2026-09-05 12:44:03,831 | INFO | Address check | score=0.0000 | status=NEED_REVIEW | reason=MISSING_MAPS_ADDRESS
2026-09-05 12:44:03,832 | INFO | Opening Maps URL | attempt=1/3
2026-09-05 12:44:09,350 | INFO | Current Maps URL: https://www.google.com/maps/place/Gia+Phuc+Homestay/data=!4m10!3m9!1s0x316f6d8dcc91f76f:0x6d9eff3c4fc49a47!5m2!4m1!1i2!8m2!3d13.7446496!4d109.2100915!16s%2Fg%2F11r9bblbnh!19sChIJb_eRzI1tbzERR5rETzz_nm0?authuser=0&hl=vi&g_ep=EgoyMDI2MDkwMS4wIJJjKgBIAVAD&rclk=1
2026-09-05 12:44:09,350 | INFO | Valid Google Maps Place URL opened.
2026-09-05 12:44:14,378 | INFO | Address check | score=0.0000 | status=NEED_REVIEW | reason=MISSING_MAPS_ADDRESS
2026-09-05 12:44:14,380 | INFO | Opening Maps URL | attempt=1/3
2026-09-05 12:44:17,553 | INFO | Current Maps URL: https://www.google.com/maps/place/FLC+Luxury+Hotel+Quy+Nhon/data=!4m10!3m9!1s0x316f41f43775ab65:0xf7105eac4b998d9a!5m2!4m1!1i2!8m2!3d13.887154!4d109.279516!16s%2Fg%2F11p5jyyk3q!19sChIJZat1N_RBbzERmo2ZS6xeEPc?authuser=0&hl=vi&g_ep=EgoyMDI2MDkwMS4wIJJjKgBIAVAD&rclk=1
2026-09-05 12:44:17,554 | INFO | Valid Google Maps Place URL opened.
2026-09-05 12:44:22,985 | INFO | Address check | score=0.0000 | status=NEED_REVIEW | reason=MISSING_MAPS_ADDRESS
2026-09-05 12:44:22,986 | INFO | Opening Maps URL | attempt=1/3
2026-09-05 12:44:25,987 | INFO | Current Maps URL: https://www.google.com/maps/place/FLC+Luxury+Hotel+Quy+Nhon/data=!4m10!3m9!1s0x316f41f43775ab65:0xf7105eac4b998d9a!5m2!4m1!1i2!8m2!3d13.887154!4d109.279516!16s%2Fg%2F11p5jyyk3q!19sChIJZat1N_RBbzERmo2ZS6xeEPc?authuser=0&hl=vi&g_ep=EgoyMDI2MDkwMS4wIJJjKgBIAVAD&rclk=1
2026-09-05 12:44:25,988 | INFO | Valid Google Maps Place URL opened.
2026-09-05 12:44:31,351 | INFO | Address check | score=0.0000 | status=NEED_REVIEW | reason=MISSING_MAPS_ADDRESS
2026-09-05 12:44:31,352 | INFO | Opening Maps URL | attempt=1/3
2026-09-05 12:44:34,260 | INFO | Current Maps URL: https://www.google.com/maps/place/FLC+Luxury+Hotel+Quy+Nhon/data=!4m10!3m9!1s0x316f41f43775ab65:0xf7105eac4b998d9a!5m2!4m1!1i2!8m2!3d13.887154!4d109.279516!16s%2Fg%2F11p5jyyk3q!19sChIJZat1N_RBbzERmo2ZS6xeEPc?authuser=0&hl=vi&g_ep=EgoyMDI2MDkwMS4wIJJjKgBIAVAD&rclk=1
2026-09-05 12:44:34,260 | INFO | Valid Google Maps Place URL opened.
2026-09-05 12:44:39,625 | INFO | Address check | score=0.0000 | status=NEED_REVIEW | reason=MISSING_MAPS_ADDRESS
2026-09-05 12:44:39,626 | INFO | Opening Maps URL | attempt=1/3
2026-09-05 12:44:42,727 | INFO | Current Maps URL: https://www.google.com/maps/place/Kh%C3%A1ch+s%E1%BA%A1n+Pleiku/data=!4m10!3m9!1s0x316c1f9beeafdc63:0xd112ab483882c1ec!5m2!4m1!1i2!8m2!3d13.98526!4d108.007592!16s%2Fg%2F1tdy1zcp!19sChIJY9yv7psfbDER7MGCOEirEtE?authuser=0&hl=vi&g_ep=EgoyMDI2MDkwMS4wIJJjKgBIAVAD&rclk=1
2026-09-05 12:44:42,728 | INFO | Valid Google Maps Place URL opened.
2026-09-05 12:44:48,024 | INFO | Address check | score=0.0000 | status=NEED_REVIEW | reason=MISSING_MAPS_ADDRESS
2026-09-05 12:44:48,026 | INFO | Opening Maps URL | attempt=1/3
2026-09-05 12:44:50,909 | INFO | Current Maps URL: https://www.google.com/maps/place/Nh%C3%A0+Ngh%E1%BB%89+Bi%C3%AAn+Hu%E1%BB%87/data=!4m7!3m6!1s0x316c0fe68d002cf5:0xcfeb41a140db406e!8m2!3d14.2063676!4d107.8378082!16s%2Fg%2F11nx11qyfs!19sChIJ9SwAjeYPbDERbkDbQKFB688?authuser=0&hl=vi&g_ep=EgoyMDI2MDkwMS4wIJJjKgBIAVAD&rclk=1
2026-09-05 12:44:50,910 | INFO | Valid Google Maps Place URL opened.
2026-09-05 12:44:56,052 | INFO | Address check | score=0.0000 | status=NEED_REVIEW | reason=MISSING_MAPS_ADDRESS
2026-09-05 12:44:56,054 | INFO | Opening Maps URL | attempt=1/3
2026-09-05 12:44:59,108 | INFO | Current Maps URL: https://www.google.com/maps/place/Nh%C3%A0+Ngh%E1%BB%89+Bi%C3%AAn+Hu%E1%BB%87/data=!4m7!3m6!1s0x316c0fe68d002cf5:0xcfeb41a140db406e!8m2!3d14.2063676!4d107.8378082!16s%2Fg%2F11nx11qyfs!19sChIJ9SwAjeYPbDERbkDbQKFB688?authuser=0&hl=vi&g_ep=EgoyMDI2MDkwMS4wIJJjKgBIAVAD&rclk=1
2026-09-05 12:44:59,109 | INFO | Valid Google Maps Place URL opened.
2026-09-05 12:45:04,581 | INFO | Address check | score=0.0000 | status=NEED_REVIEW | reason=MISSING_MAPS_ADDRESS
2026-09-05 12:45:04,585 | INFO | Opening Maps URL | attempt=1/3
2026-09-05 12:45:07,641 | INFO | Current Maps URL: https://www.google.com/maps/place/Nh%C3%A0+Ngh%E1%BB%89+Bi%C3%AAn+Hu%E1%BB%87/data=!4m7!3m6!1s0x316c0fe68d002cf5:0xcfeb41a140db406e!8m2!3d14.2063676!4d107.8378082!16s%2Fg%2F11nx11qyfs!19sChIJ9SwAjeYPbDERbkDbQKFB688?authuser=0&hl=vi&g_ep=EgoyMDI2MDkwMS4wIJJjKgBIAVAD&rclk=1
2026-09-05 12:45:07,641 | INFO | Valid Google Maps Place URL opened.
2026-09-05 12:45:12,985 | INFO | Address check | score=0.0000 | status=NEED_REVIEW | reason=MISSING_MAPS_ADDRESS
2026-09-05 12:45:12,986 | INFO | Opening Maps URL | attempt=1/3
2026-09-05 12:45:15,860 | INFO | Current Maps URL: https://www.google.com/maps/place/Nh%C3%A0+Ngh%E1%BB%89+B%E1%BB%91n+M%C3%B9a/data=!4m7!3m6!1s0x316c1eef97f4a937:0x6bfc3564f59b3dfa!8m2!3d14.0282577!4d107.9864406!16s%2Fg%2F1jkvm5kwh!19sChIJN6n0l-8ebDER-j2b9WQ1_Gs?authuser=0&hl=vi&g_ep=EgoyMDI2MDkwMS4wIJJjKgBIAVAD&rclk=1
2026-09-05 12:45:15,861 | INFO | Valid Google Maps Place URL opened.
2026-09-05 12:45:21,384 | INFO | Address check | score=0.0000 | status=NEED_REVIEW | reason=MISSING_MAPS_ADDRESS
2026-09-05 12:45:21,384 | INFO | CHECKPOINT | processed=280 | matched=1 | mismatched=3 | review=276
2026-09-05 12:45:21,901 | INFO | Excel saved: D:\Product-Google-Maps\output\hotels_export_google_maps_checked.xlsx
2026-09-05 12:45:21,902 | INFO | Opening Maps URL | attempt=1/3
2026-09-05 12:45:24,873 | INFO | Current Maps URL: https://www.google.com/maps/place/Nh%C3%A0+Ngh%E1%BB%89+B%E1%BB%91n+M%C3%B9a/data=!4m7!3m6!1s0x316c1eef97f4a937:0x6bfc3564f59b3dfa!8m2!3d14.0282577!4d107.9864406!16s%2Fg%2F1jkvm5kwh!19sChIJN6n0l-8ebDER-j2b9WQ1_Gs?authuser=0&hl=vi&g_ep=EgoyMDI2MDkwMS4wIJJjKgBIAVAD&rclk=1
2026-09-05 12:45:24,873 | INFO | Valid Google Maps Place URL opened.
2026-09-05 12:45:30,287 | INFO | Address check | score=0.0000 | status=NEED_REVIEW | reason=MISSING_MAPS_ADDRESS
2026-09-05 12:45:30,288 | INFO | Opening Maps URL | attempt=1/3
2026-09-05 12:45:33,501 | INFO | Current Maps URL: https://www.google.com/maps/place/Sandals+Ho%C3%A0ng+Y%E1%BA%BFn+Hotel/data=!4m10!3m9!1s0x316f6ce8d2ede58f:0x6d80a1665b1e8fdc!5m2!4m1!1i2!8m2!3d13.754635!4d109.217601!16s%2Fg%2F1tjfdb1t!19sChIJj-Xt0uhsbzER3I8eW2ahgG0?authuser=0&hl=vi&g_ep=EgoyMDI2MDkwMS4wIJJjKgBIAVAD&rclk=1
2026-09-05 12:45:33,502 | INFO | Valid Google Maps Place URL opened.
2026-09-05 12:45:38,886 | INFO | Address check | score=0.0000 | status=NEED_REVIEW | reason=MISSING_MAPS_ADDRESS
2026-09-05 12:45:38,887 | INFO | Opening Maps URL | attempt=1/3
2026-09-05 12:45:41,789 | INFO | Current Maps URL: https://www.google.com/maps/place/Hang+Xanh+Homestay/data=!4m10!3m9!1s0x3175290078ba671b:0xb2bed5ae6fd0bc46!5m2!4m1!1i2!8m2!3d10.8045219!4d106.7117491!16s%2Fg%2F11zg36ksyw!19sChIJG2e6eAApdTERRrzQb67VvrI?authuser=0&hl=vi&g_ep=EgoyMDI2MDkwMS4wIJJjKgBIAVAD&rclk=1
2026-09-05 12:45:41,789 | INFO | Valid Google Maps Place URL opened.
2026-09-05 12:45:47,201 | INFO | Address check | score=0.0000 | status=NEED_REVIEW | reason=MISSING_MAPS_ADDRESS
2026-09-05 12:45:47,202 | INFO | Opening Maps URL | attempt=1/3
2026-09-05 12:45:50,175 | INFO | Current Maps URL: https://www.google.com/maps/place/Hang+Xanh+Homestay/data=!4m10!3m9!1s0x3175290078ba671b:0xb2bed5ae6fd0bc46!5m2!4m1!1i2!8m2!3d10.8045219!4d106.7117491!16s%2Fg%2F11zg36ksyw!19sChIJG2e6eAApdTERRrzQb67VvrI?authuser=0&hl=vi&g_ep=EgoyMDI2MDkwMS4wIJJjKgBIAVAD&rclk=1
2026-09-05 12:45:50,175 | INFO | Valid Google Maps Place URL opened.
2026-09-05 12:45:55,537 | INFO | Address check | score=0.0000 | status=NEED_REVIEW | reason=MISSING_MAPS_ADDRESS
2026-09-05 12:45:55,538 | INFO | Opening Maps URL | attempt=1/3
2026-09-05 12:46:00,223 | INFO | Current Maps URL: https://www.google.com/maps/place/Nh%C3%A0+ngh%E1%BB%89+M%C6%B0%E1%BB%9Di+M%E1%BA%AFn/data=!4m7!3m6!1s0x316f14ac682d5567:0xe93e90c67ff186ae!8m2!3d13.7952074!4d109.1841954!16s%2Fg%2F12mjyh94m!19sChIJZ1UtaKwUbzERrobxf8aQPuk?authuser=0&hl=vi&g_ep=EgoyMDI2MDkwMS4wIJJjKgBIAVAD&rclk=1
2026-09-05 12:46:00,223 | INFO | Valid Google Maps Place URL opened.
2026-09-05 12:46:00,835 | INFO | Address check | score=0.2857 | status=MISMATCH | reason=ADDRESS_MISMATCH
2026-09-05 12:46:00,836 | INFO | Opening Maps URL | attempt=1/3
2026-09-05 12:46:05,236 | INFO | Current Maps URL: https://www.google.com/maps/place/Nh%C3%A0+ngh%E1%BB%89+M%C6%B0%E1%BB%9Di+M%E1%BA%AFn/data=!4m7!3m6!1s0x316f14ac682d5567:0xe93e90c67ff186ae!8m2!3d13.7952074!4d109.1841954!16s%2Fg%2F12mjyh94m!19sChIJZ1UtaKwUbzERrobxf8aQPuk?authuser=0&hl=vi&g_ep=EgoyMDI2MDkwMS4wIJJjKgBIAVAD&rclk=1
2026-09-05 12:46:05,236 | INFO | Valid Google Maps Place URL opened.
2026-09-05 12:46:10,677 | INFO | Address check | score=0.0000 | status=NEED_REVIEW | reason=MISSING_MAPS_ADDRESS
2026-09-05 12:46:10,681 | INFO | Opening Maps URL | attempt=1/3
2026-09-05 12:46:13,683 | INFO | Current Maps URL: https://www.google.com/maps/place/Nh%C3%A0+ngh%E1%BB%89+M%C6%B0%E1%BB%9Di+M%E1%BA%AFn/data=!4m7!3m6!1s0x316f14ac682d5567:0xe93e90c67ff186ae!8m2!3d13.7952074!4d109.1841954!16s%2Fg%2F12mjyh94m!19sChIJZ1UtaKwUbzERrobxf8aQPuk?authuser=0&hl=vi&g_ep=EgoyMDI2MDkwMS4wIJJjKgBIAVAD&rclk=1
2026-09-05 12:46:13,684 | INFO | Valid Google Maps Place URL opened.
2026-09-05 12:46:18,989 | INFO | Address check | score=0.0000 | status=NEED_REVIEW | reason=MISSING_MAPS_ADDRESS
2026-09-05 12:46:18,990 | INFO | Opening Maps URL | attempt=1/3
2026-09-05 12:46:22,015 | INFO | Current Maps URL: https://www.google.com/maps/place/Nh%C3%A0+ngh%E1%BB%89+M%C6%B0%E1%BB%9Di+M%E1%BA%AFn/data=!4m7!3m6!1s0x316f14ac682d5567:0xe93e90c67ff186ae!8m2!3d13.7952074!4d109.1841954!16s%2Fg%2F12mjyh94m!19sChIJZ1UtaKwUbzERrobxf8aQPuk?authuser=0&hl=vi&g_ep=EgoyMDI2MDkwMS4wIJJjKgBIAVAD&rclk=1
2026-09-05 12:46:22,016 | INFO | Valid Google Maps Place URL opened.
2026-09-05 12:46:27,323 | INFO | Address check | score=0.0000 | status=NEED_REVIEW | reason=MISSING_MAPS_ADDRESS
2026-09-05 12:46:27,325 | INFO | Opening Maps URL | attempt=1/3
2026-09-05 12:46:30,229 | INFO | Current Maps URL: https://www.google.com/maps/place/Nh%C3%A0+ngh%E1%BB%89+M%C6%B0%E1%BB%9Di+M%E1%BA%AFn/data=!4m7!3m6!1s0x316f14ac682d5567:0xe93e90c67ff186ae!8m2!3d13.7952074!4d109.1841954!16s%2Fg%2F12mjyh94m!19sChIJZ1UtaKwUbzERrobxf8aQPuk?authuser=0&hl=vi&g_ep=EgoyMDI2MDkwMS4wIJJjKgBIAVAD&rclk=1
2026-09-05 12:46:30,229 | INFO | Valid Google Maps Place URL opened.
2026-09-05 12:46:35,639 | INFO | Address check | score=0.0000 | status=NEED_REVIEW | reason=MISSING_MAPS_ADDRESS
2026-09-05 12:46:35,640 | INFO | Opening Maps URL | attempt=1/3
2026-09-05 12:46:38,862 | INFO | Current Maps URL: https://www.google.com/maps/place/Win+Homestay+Hoi+An/data=!4m10!3m9!1s0x31420f1baa3ec8c1:0xc60efdadd71cb827!5m2!4m1!1i2!8m2!3d15.8757761!4d108.3246548!16s%2Fg%2F11v18v_z84!19sChIJwcg-qhsPQjERJ7gc1639DsY?authuser=0&hl=vi&g_ep=EgoyMDI2MDkwMS4wIJJjKgBIAVAD&rclk=1
2026-09-05 12:46:38,862 | INFO | Valid Google Maps Place URL opened.
2026-09-05 12:46:44,272 | INFO | Address check | score=0.0000 | status=NEED_REVIEW | reason=MISSING_MAPS_ADDRESS
2026-09-05 12:46:44,272 | INFO | CHECKPOINT | processed=290 | matched=1 | mismatched=4 | review=285
2026-09-05 12:46:44,818 | INFO | Excel saved: D:\Product-Google-Maps\output\hotels_export_google_maps_checked.xlsx
2026-09-05 12:46:44,819 | INFO | Opening Maps URL | attempt=1/3
2026-09-05 12:46:47,912 | INFO | Current Maps URL: https://www.google.com/maps/place/Win+Homestay+Hoi+An/data=!4m10!3m9!1s0x31420f1baa3ec8c1:0xc60efdadd71cb827!5m2!4m1!1i2!8m2!3d15.8757761!4d108.3246548!16s%2Fg%2F11v18v_z84!19sChIJwcg-qhsPQjERJ7gc1639DsY?authuser=0&hl=vi&g_ep=EgoyMDI2MDkwMS4wIJJjKgBIAVAD&rclk=1
2026-09-05 12:46:47,912 | INFO | Valid Google Maps Place URL opened.
2026-09-05 12:46:53,350 | INFO | Address check | score=0.0000 | status=NEED_REVIEW | reason=MISSING_MAPS_ADDRESS
2026-09-05 12:46:53,351 | INFO | Opening Maps URL | attempt=1/3
2026-09-05 12:46:56,321 | INFO | Current Maps URL: https://www.google.com/maps/place/Doanh+Nghi%E1%BB%87p+T%C6%B0+Nh%C3%A2n+Ng%E1%BB%8Dc+S%C3%AA/data=!4m10!3m9!1s0x316c1f8f863c22e5:0xf97c752cac806a1d!5m2!4m1!1i2!8m2!3d13.97814!4d108.012708!16s%2Fg%2F11hyld2mtp!19sChIJ5SI8ho8fbDERHWqArCx1fPk?authuser=0&hl=vi&g_ep=EgoyMDI2MDkwMS4wIJJjKgBIAVAD&rclk=1
2026-09-05 12:46:56,321 | INFO | Valid Google Maps Place URL opened.
2026-09-05 12:47:01,768 | INFO | Address check | score=0.0000 | status=NEED_REVIEW | reason=MISSING_MAPS_ADDRESS
2026-09-05 12:47:01,769 | INFO | Opening Maps URL | attempt=1/3
2026-09-05 12:47:04,739 | INFO | Current Maps URL: https://www.google.com/maps/place/Doanh+Nghi%E1%BB%87p+T%C6%B0+Nh%C3%A2n+Ng%E1%BB%8Dc+S%C3%AA/data=!4m10!3m9!1s0x316c1f8f863c22e5:0xf97c752cac806a1d!5m2!4m1!1i2!8m2!3d13.97814!4d108.012708!16s%2Fg%2F11hyld2mtp!19sChIJ5SI8ho8fbDERHWqArCx1fPk?authuser=0&hl=vi&g_ep=EgoyMDI2MDkwMS4wIJJjKgBIAVAD&rclk=1
2026-09-05 12:47:04,740 | INFO | Valid Google Maps Place URL opened.
2026-09-05 12:47:10,269 | INFO | Address check | score=0.0000 | status=NEED_REVIEW | reason=MISSING_MAPS_ADDRESS
2026-09-05 12:47:10,271 | INFO | Opening Maps URL | attempt=1/3
2026-09-05 12:47:13,464 | INFO | Current Maps URL: https://www.google.com/maps/place/Haad+Yao+Bayview/data=!4m10!3m9!1s0x305501bf92369185:0x356c726f80c466fb!5m2!4m1!1i2!8m2!3d9.77812!4d99.96719!16s%2Fg%2F1tdjm156!19sChIJhZE2kr8BVTAR-2bEgG9ybDU?authuser=0&hl=vi&g_ep=EgoyMDI2MDkwMS4wIJJjKgBIAVAD&rclk=1
2026-09-05 12:47:13,465 | INFO | Valid Google Maps Place URL opened.
2026-09-05 12:47:18,781 | INFO | Address check | score=0.0000 | status=NEED_REVIEW | reason=MISSING_MAPS_ADDRESS
2026-09-05 12:47:18,782 | INFO | Opening Maps URL | attempt=1/3
2026-09-05 12:47:21,946 | INFO | Current Maps URL: https://www.google.com/maps/place/3Star+Villas+%239/data=!4m7!3m6!1s0x317525971b8c63e3:0xa90d30bee359ee42!8m2!3d10.7159529!4d106.732895!16s%2Fg%2F11x8jb01g3!19sChIJ42OMG5cldTERQu5Z474wDak?authuser=0&hl=vi&g_ep=EgoyMDI2MDkwMS4wIJJjKgBIAVAD&rclk=1
2026-09-05 12:47:21,946 | INFO | Valid Google Maps Place URL opened.
2026-09-05 12:47:27,360 | INFO | Address check | score=0.0000 | status=NEED_REVIEW | reason=MISSING_MAPS_ADDRESS
2026-09-05 12:47:27,361 | INFO | Opening Maps URL | attempt=1/3
2026-09-05 12:47:30,423 | INFO | Current Maps URL: https://www.google.com/maps/place/Kh%C3%A1ch+s%E1%BA%A1n+H%C6%B0ng+Gia+Quy+Nh%C6%A1n/data=!4m10!3m9!1s0x316f6df9278195e9:0x7714bb7bb61735d5!5m2!4m1!1i2!8m2!3d13.7527461!4d109.2114269!16s%2Fg%2F11gxt49hx3!19sChIJ6ZWBJ_ltbzER1TUXtnu7FHc?authuser=0&hl=vi&g_ep=EgoyMDI2MDkwMS4wIJJjKgBIAVAD&rclk=1
2026-09-05 12:47:30,424 | INFO | Valid Google Maps Place URL opened.
2026-09-05 12:47:35,929 | INFO | Address check | score=0.0000 | status=NEED_REVIEW | reason=MISSING_MAPS_ADDRESS
2026-09-05 12:47:35,930 | INFO | Opening Maps URL | attempt=1/3
2026-09-05 12:47:39,114 | INFO | Current Maps URL: https://www.google.com/maps/place/Kh%C3%A1ch+s%E1%BA%A1n+Pleiku/data=!4m10!3m9!1s0x316c1f9beeafdc63:0xd112ab483882c1ec!5m2!4m1!1i2!8m2!3d13.98526!4d108.007592!16s%2Fg%2F1tdy1zcp!19sChIJY9yv7psfbDER7MGCOEirEtE?authuser=0&hl=vi&g_ep=EgoyMDI2MDkwMS4wIJJjKgBIAVAD&rclk=1
2026-09-05 12:47:39,114 | INFO | Valid Google Maps Place URL opened.
2026-09-05 12:47:44,436 | INFO | Address check | score=0.0000 | status=NEED_REVIEW | reason=MISSING_MAPS_ADDRESS
2026-09-05 12:47:44,439 | INFO | Opening Maps URL | attempt=1/3
2026-09-05 12:47:47,583 | INFO | Current Maps URL: https://www.google.com/maps/place/Mira+B%C3%A3i+X%E1%BA%BFp+Quy+Nh%C6%A1n/data=!4m10!3m9!1s0x316f72861703f041:0x8558ab9e8359c452!5m2!4m1!1i2!8m2!3d13.685788!4d109.230904!16s%2Fg%2F11fqd136pq!19sChIJQfADF4ZybzERUsRZg56rWIU?authuser=0&hl=vi&g_ep=EgoyMDI2MDkwMS4wIJJjKgBIAVAD&rclk=1
2026-09-05 12:47:47,584 | INFO | Valid Google Maps Place URL opened.
2026-09-05 12:47:52,899 | INFO | Address check | score=0.0000 | status=NEED_REVIEW | reason=MISSING_MAPS_ADDRESS
2026-09-05 12:47:52,900 | INFO | Opening Maps URL | attempt=1/3
2026-09-05 12:47:55,990 | INFO | Current Maps URL: https://www.google.com/maps/place/Nh%C3%A0+ngh%E1%BB%89+V%C5%A9+Duy/data=!4m7!3m6!1s0x316c1f610ae9429d:0xbd4e76827a90905a!8m2!3d14.022401!4d107.9897216!16s%2Fg%2F11nxq__99c!19sChIJnULpCmEfbDERWpCQeoJ2Tr0?authuser=0&hl=vi&g_ep=EgoyMDI2MDkwMS4wIJJjKgBIAVAD&rclk=1
2026-09-05 12:47:55,990 | INFO | Valid Google Maps Place URL opened.
2026-09-05 12:48:01,381 | INFO | Address check | score=0.0000 | status=NEED_REVIEW | reason=MISSING_MAPS_ADDRESS
2026-09-05 12:48:01,382 | INFO | Opening Maps URL | attempt=1/3
2026-09-05 12:48:04,266 | INFO | Current Maps URL: https://www.google.com/maps/place/Serenity+by+Peace+Garden/data=!4m10!3m9!1s0x3054f0083d5933e7:0xbf590e1f7852b191!5m2!4m1!1i2!8m2!3d9.575579!4d100.068123!16s%2Fg%2F11mlsf155g!19sChIJ5zNZPQjwVDARkbFSeB8OWb8?authuser=0&hl=vi&g_ep=EgoyMDI2MDkwMS4wIJJjKgBIAVAD&rclk=1
2026-09-05 12:48:04,267 | INFO | Valid Google Maps Place URL opened.
2026-09-05 12:48:09,609 | INFO | Address check | score=0.0000 | status=NEED_REVIEW | reason=MISSING_MAPS_ADDRESS
2026-09-05 12:48:09,609 | INFO | CHECKPOINT | processed=300 | matched=1 | mismatched=4 | review=295
2026-09-05 12:48:10,164 | INFO | Excel saved: D:\Product-Google-Maps\output\hotels_export_google_maps_checked.xlsx
2026-09-05 12:48:10,165 | INFO | Opening Maps URL | attempt=1/3
2026-09-05 12:48:13,208 | INFO | Current Maps URL: https://www.google.com/maps/place/Nh%C3%A0+ngh%E1%BB%89+T%C3%A2y+H%E1%BB%93+2/data=!4m7!3m6!1s0x316c1f0b22a3e77b:0x9a4c218c6c8e82ae!8m2!3d14.0415937!4d107.9866891!16s%2Fg%2F11sn021zmr!19sChIJe-ejIgsfbDERroKObIwhTJo?authuser=0&hl=vi&g_ep=EgoyMDI2MDkwMS4wIJJjKgBIAVAD&rclk=1
2026-09-05 12:48:13,209 | INFO | Valid Google Maps Place URL opened.
2026-09-05 12:48:18,612 | INFO | Address check | score=0.0000 | status=NEED_REVIEW | reason=MISSING_MAPS_ADDRESS
2026-09-05 12:48:18,613 | INFO | Opening Maps URL | attempt=1/3
2026-09-05 12:48:21,467 | INFO | Current Maps URL: https://www.google.com/maps/place/Nh%C3%A0+M%E1%BB%B9+Uy%C3%AAn/data=!4m7!3m6!1s0x3174d70040274c1d:0x76e4b16b674b9046!8m2!3d10.906177!4d106.6555293!16s%2Fg%2F11yv1k298m!19sChIJHUwnQADXdDERRpBLZ2ux5HY?authuser=0&hl=vi&g_ep=EgoyMDI2MDkwMS4wIJJjKgBIAVAD&rclk=1
2026-09-05 12:48:21,468 | INFO | Valid Google Maps Place URL opened.
2026-09-05 12:48:26,984 | INFO | Address check | score=0.0000 | status=NEED_REVIEW | reason=MISSING_MAPS_ADDRESS
2026-09-05 12:48:26,987 | INFO | Opening Maps URL | attempt=1/3
2026-09-05 12:48:30,007 | INFO | Current Maps URL: https://www.google.com/maps/place/Nh%C3%A0+M%E1%BB%B9+Uy%C3%AAn/data=!4m7!3m6!1s0x3174d70040274c1d:0x76e4b16b674b9046!8m2!3d10.906177!4d106.6555293!16s%2Fg%2F11yv1k298m!19sChIJHUwnQADXdDERRpBLZ2ux5HY?authuser=0&hl=vi&g_ep=EgoyMDI2MDkwMS4wIJJjKgBIAVAD&rclk=1
2026-09-05 12:48:30,007 | INFO | Valid Google Maps Place URL opened.
2026-09-05 12:48:35,424 | INFO | Address check | score=0.0000 | status=NEED_REVIEW | reason=MISSING_MAPS_ADDRESS
2026-09-05 12:48:35,426 | INFO | Opening Maps URL | attempt=1/3
2026-09-05 12:48:38,421 | INFO | Current Maps URL: https://www.google.com/maps/place/Nh%C3%A0+M%E1%BB%B9+Uy%C3%AAn/data=!4m7!3m6!1s0x3174d70040274c1d:0x76e4b16b674b9046!8m2!3d10.906177!4d106.6555293!16s%2Fg%2F11yv1k298m!19sChIJHUwnQADXdDERRpBLZ2ux5HY?authuser=0&hl=vi&g_ep=EgoyMDI2MDkwMS4wIJJjKgBIAVAD&rclk=1
2026-09-05 12:48:38,422 | INFO | Valid Google Maps Place URL opened.
2026-09-05 12:48:43,807 | INFO | Address check | score=0.0000 | status=NEED_REVIEW | reason=MISSING_MAPS_ADDRESS
2026-09-05 12:48:43,808 | INFO | Opening Maps URL | attempt=1/3
2026-09-05 12:48:49,482 | INFO | Current Maps URL: https://www.google.com/maps/place/Nh%C3%A0+M%E1%BB%B9+Uy%C3%AAn/data=!4m7!3m6!1s0x3174d70040274c1d:0x76e4b16b674b9046!8m2!3d10.906177!4d106.6555293!16s%2Fg%2F11yv1k298m!19sChIJHUwnQADXdDERRpBLZ2ux5HY?authuser=0&hl=vi&g_ep=EgoyMDI2MDkwMS4wIJJjKgBIAVAD&rclk=1
2026-09-05 12:48:49,482 | INFO | Valid Google Maps Place URL opened.
2026-09-05 12:48:54,797 | INFO | Address check | score=0.0000 | status=NEED_REVIEW | reason=MISSING_MAPS_ADDRESS
2026-09-05 12:48:54,799 | INFO | Opening Maps URL | attempt=1/3
2026-09-05 12:48:58,688 | INFO | Current Maps URL: https://www.google.com/maps/place/Kh%C3%A1ch+s%E1%BA%A1n+Ho%C3%A0ng+H%C3%B9ng/data=!4m10!3m9!1s0x3174d867c00495bf:0xe9a6931ffaf11cb5!5m2!4m1!1i2!8m2!3d10.893389!4d106.760284!16s%2Fg%2F11mvlnwfnz!19sChIJv5UEwGfYdDERtRzx-h-Tpuk?authuser=0&hl=vi&g_ep=EgoyMDI2MDkwMS4wIJJjKgBIAVAD&rclk=1
2026-09-05 12:48:58,688 | INFO | Valid Google Maps Place URL opened.
2026-09-05 12:49:03,704 | INFO | Address check | score=0.0000 | status=NEED_REVIEW | reason=MISSING_MAPS_ADDRESS
2026-09-05 12:49:03,705 | INFO | Opening Maps URL | attempt=1/3
2026-09-05 12:49:06,688 | INFO | Current Maps URL: https://www.google.com/maps/place/Y.O+Inn/data=!4m10!3m9!1s0x316bff98da3d8da1:0xec2e2665970f7f5b!5m2!4m1!1i2!8m2!3d14.347059!4d108.007356!16s%2Fg%2F11jsp4_4qr!19sChIJoY092pj_azERW38Pl2UmLuw?authuser=0&hl=vi&g_ep=EgoyMDI2MDkwMS4wIJJjKgBIAVAD&rclk=1
2026-09-05 12:49:06,689 | INFO | Valid Google Maps Place URL opened.
2026-09-05 12:49:07,431 | INFO | Address check | score=0.1111 | status=MISMATCH | reason=ADDRESS_MISMATCH
2026-09-05 12:49:07,432 | INFO | Opening Maps URL | attempt=1/3
2026-09-05 12:49:11,565 | INFO | Current Maps URL: https://www.google.com/maps/place/Y.O+Inn/data=!4m10!3m9!1s0x316bff98da3d8da1:0xec2e2665970f7f5b!5m2!4m1!1i2!8m2!3d14.347059!4d108.007356!16s%2Fg%2F11jsp4_4qr!19sChIJoY092pj_azERW38Pl2UmLuw?authuser=0&hl=vi&g_ep=EgoyMDI2MDkwMS4wIJJjKgBIAVAD&rclk=1
2026-09-05 12:49:11,585 | INFO | Valid Google Maps Place URL opened.
2026-09-05 12:49:17,093 | INFO | Address check | score=0.0000 | status=NEED_REVIEW | reason=MISSING_MAPS_ADDRESS
2026-09-05 12:49:17,094 | INFO | Opening Maps URL | attempt=1/3
2026-09-05 12:49:20,238 | INFO | Current Maps URL: https://www.google.com/maps/place/Ocean+Pearl+Villa+V%C5%A9ng+T%C3%A0u/data=!4m10!3m9!1s0x3175703540c8ea63:0x39cb1ce3ddb788a7!5m2!4m1!1i2!8m2!3d10.374032!4d107.123454!16s%2Fg%2F11f5hpnqqg!19sChIJY-rIQDVwdTERp4i33eMcyzk?authuser=0&hl=vi&g_ep=EgoyMDI2MDkwMS4wIJJjKgBIAVAD&rclk=1
2026-09-05 12:49:20,238 | INFO | Valid Google Maps Place URL opened.
2026-09-05 12:49:25,705 | INFO | Address check | score=0.0000 | status=NEED_REVIEW | reason=MISSING_MAPS_ADDRESS
2026-09-05 12:49:25,706 | INFO | Opening Maps URL | attempt=1/3
2026-09-05 12:49:28,630 | INFO | Current Maps URL: https://www.google.com/maps/place/Hin+Wong+Apartments/data=!4m10!3m9!1s0x3055a1d0149439db:0xf3b1faa13348d21c!5m2!4m1!1i2!8m2!3d10.102222!4d99.847094!16s%2Fg%2F11b76mck1j!19sChIJ2zmUFNChVTARHNJIM6H6sfM?authuser=0&hl=vi&g_ep=EgoyMDI2MDkwMS4wIJJjKgBIAVAD&rclk=1
2026-09-05 12:49:28,630 | INFO | Valid Google Maps Place URL opened.
2026-09-05 12:49:33,965 | INFO | Address check | score=0.0000 | status=NEED_REVIEW | reason=MISSING_MAPS_ADDRESS
2026-09-05 12:49:33,966 | INFO | CHECKPOINT | processed=310 | matched=1 | mismatched=5 | review=304
2026-09-05 12:49:34,453 | INFO | Excel saved: D:\Product-Google-Maps\output\hotels_export_google_maps_checked.xlsx
2026-09-05 12:49:34,454 | INFO | Opening Maps URL | attempt=1/3
2026-09-05 12:49:37,380 | INFO | Current Maps URL: https://www.google.com/maps/place/Hin+Wong+Apartments/data=!4m10!3m9!1s0x3055a1d0149439db:0xf3b1faa13348d21c!5m2!4m1!1i2!8m2!3d10.102222!4d99.847094!16s%2Fg%2F11b76mck1j!19sChIJ2zmUFNChVTARHNJIM6H6sfM?authuser=0&hl=vi&g_ep=EgoyMDI2MDkwMS4wIJJjKgBIAVAD&rclk=1
2026-09-05 12:49:37,381 | INFO | Valid Google Maps Place URL opened.
2026-09-05 12:49:42,784 | INFO | Address check | score=0.0000 | status=NEED_REVIEW | reason=MISSING_MAPS_ADDRESS
2026-09-05 12:49:42,785 | INFO | Opening Maps URL | attempt=1/3
2026-09-05 12:49:45,731 | INFO | Current Maps URL: https://www.google.com/maps/place/Hin+Wong+Apartments/data=!4m10!3m9!1s0x3055a1d0149439db:0xf3b1faa13348d21c!5m2!4m1!1i2!8m2!3d10.102222!4d99.847094!16s%2Fg%2F11b76mck1j!19sChIJ2zmUFNChVTARHNJIM6H6sfM?authuser=0&hl=vi&g_ep=EgoyMDI2MDkwMS4wIJJjKgBIAVAD&rclk=1
2026-09-05 12:49:45,731 | INFO | Valid Google Maps Place URL opened.
2026-09-05 12:49:50,869 | INFO | Address check | score=0.0000 | status=NEED_REVIEW | reason=MISSING_MAPS_ADDRESS
2026-09-05 12:49:50,870 | INFO | Opening Maps URL | attempt=1/3
2026-09-05 12:49:53,760 | INFO | Current Maps URL: https://www.google.com/maps/place/Kh%C3%A1ch+s%E1%BA%A1n+Mira+-+Kh%C3%A1ch+s%E1%BA%A1n+g%E1%BA%A7n+bi%E1%BB%83n+%E1%BB%9F+Quy+Nh%C6%A1n/data=!4m10!3m9!1s0x316f6ceceb457403:0x1de22f520372522b!5m2!4m1!1i2!8m2!3d13.761717!4d109.219274!16s%2Fg%2F11fk15qdmx!19sChIJA3RF6-xsbzERK1JyA1Iv4h0?authuser=0&hl=vi&g_ep=EgoyMDI2MDkwMS4wIJJjKgBIAVAD&rclk=1
2026-09-05 12:49:53,761 | INFO | Valid Google Maps Place URL opened.
2026-09-05 12:49:59,214 | INFO | Address check | score=0.0000 | status=NEED_REVIEW | reason=MISSING_MAPS_ADDRESS
2026-09-05 12:49:59,215 | INFO | Opening Maps URL | attempt=1/3
2026-09-05 12:50:02,151 | INFO | Current Maps URL: https://www.google.com/maps/place/Kh%C3%A1ch+s%E1%BA%A1n+Mira+-+Kh%C3%A1ch+s%E1%BA%A1n+g%E1%BA%A7n+bi%E1%BB%83n+%E1%BB%9F+Quy+Nh%C6%A1n/data=!4m10!3m9!1s0x316f6ceceb457403:0x1de22f520372522b!5m2!4m1!1i2!8m2!3d13.761717!4d109.219274!16s%2Fg%2F11fk15qdmx!19sChIJA3RF6-xsbzERK1JyA1Iv4h0?authuser=0&hl=vi&g_ep=EgoyMDI2MDkwMS4wIJJjKgBIAVAD&rclk=1
2026-09-05 12:50:02,151 | INFO | Valid Google Maps Place URL opened.
2026-09-05 12:50:07,348 | INFO | Address check | score=0.0000 | status=NEED_REVIEW | reason=MISSING_MAPS_ADDRESS
2026-09-05 12:50:07,349 | INFO | Opening Maps URL | attempt=1/3
2026-09-05 12:50:10,353 | INFO | Current Maps URL: https://www.google.com/maps/place/Kh%C3%A1ch+s%E1%BA%A1n+Sen+H%E1%BB%93ng+2/data=!4m10!3m9!1s0x310a873f28b00fa3:0xee0c5a8720a7b947!5m2!4m1!1i2!8m2!3d10.330538!4d105.808159!16s%2Fg%2F11zkjfqtm_!19sChIJow-wKD-HCjERR7mnIIdaDO4?authuser=0&hl=vi&g_ep=EgoyMDI2MDkwMS4wIJJjKgBIAVAD&rclk=1
2026-09-05 12:50:10,353 | INFO | Valid Google Maps Place URL opened.
2026-09-05 12:50:15,655 | INFO | Address check | score=0.0000 | status=NEED_REVIEW | reason=MISSING_MAPS_ADDRESS
2026-09-05 12:50:15,656 | INFO | Opening Maps URL | attempt=1/3
2026-09-05 12:50:18,821 | INFO | Current Maps URL: https://www.google.com/maps/place/Kh%C3%A1ch+s%E1%BA%A1n+Sen+H%E1%BB%93ng+2/data=!4m10!3m9!1s0x310a873f28b00fa3:0xee0c5a8720a7b947!5m2!4m1!1i2!8m2!3d10.330538!4d105.808159!16s%2Fg%2F11zkjfqtm_!19sChIJow-wKD-HCjERR7mnIIdaDO4?authuser=0&hl=vi&g_ep=EgoyMDI2MDkwMS4wIJJjKgBIAVAD&rclk=1
2026-09-05 12:50:18,821 | INFO | Valid Google Maps Place URL opened.
2026-09-05 12:50:24,188 | INFO | Address check | score=0.0000 | status=NEED_REVIEW | reason=MISSING_MAPS_ADDRESS
2026-09-05 12:50:24,189 | INFO | Opening Maps URL | attempt=1/3
2026-09-05 12:50:28,180 | INFO | Current Maps URL: https://www.google.com/maps/place/Kh%C3%A1ch+s%E1%BA%A1n+Sen+H%E1%BB%93ng+2/data=!4m10!3m9!1s0x310a873f28b00fa3:0xee0c5a8720a7b947!5m2!4m1!1i2!8m2!3d10.330538!4d105.808159!16s%2Fg%2F11zkjfqtm_!19sChIJow-wKD-HCjERR7mnIIdaDO4?authuser=0&hl=vi&g_ep=EgoyMDI2MDkwMS4wIJJjKgBIAVAD&rclk=1
2026-09-05 12:50:28,181 | INFO | Valid Google Maps Place URL opened.
2026-09-05 12:50:33,555 | INFO | Address check | score=0.0000 | status=NEED_REVIEW | reason=MISSING_MAPS_ADDRESS
2026-09-05 12:50:33,557 | INFO | Opening Maps URL | attempt=1/3
2026-09-05 12:50:37,228 | INFO | Current Maps URL: https://www.google.com/maps/place/Kh%C3%A1ch+s%E1%BA%A1n+Sen+H%E1%BB%93ng+2/data=!4m10!3m9!1s0x310a873f28b00fa3:0xee0c5a8720a7b947!5m2!4m1!1i2!8m2!3d10.330538!4d105.808159!16s%2Fg%2F11zkjfqtm_!19sChIJow-wKD-HCjERR7mnIIdaDO4?authuser=0&hl=vi&g_ep=EgoyMDI2MDkwMS4wIJJjKgBIAVAD&rclk=1
2026-09-05 12:50:37,228 | INFO | Valid Google Maps Place URL opened.
2026-09-05 12:50:42,611 | INFO | Address check | score=0.0000 | status=NEED_REVIEW | reason=MISSING_MAPS_ADDRESS
2026-09-05 12:50:42,612 | INFO | Opening Maps URL | attempt=1/3
2026-09-05 12:50:46,642 | INFO | Current Maps URL: https://www.google.com/maps/place/Kh%C3%A1ch+s%E1%BA%A1n+Sen+H%E1%BB%93ng+2/data=!4m10!3m9!1s0x310a873f28b00fa3:0xee0c5a8720a7b947!5m2!4m1!1i2!8m2!3d10.330538!4d105.808159!16s%2Fg%2F11zkjfqtm_!19sChIJow-wKD-HCjERR7mnIIdaDO4?authuser=0&hl=vi&g_ep=EgoyMDI2MDkwMS4wIJJjKgBIAVAD&rclk=1
2026-09-05 12:50:46,642 | INFO | Valid Google Maps Place URL opened.
2026-09-05 12:50:51,980 | INFO | Address check | score=0.0000 | status=NEED_REVIEW | reason=MISSING_MAPS_ADDRESS
2026-09-05 12:50:51,981 | INFO | Opening Maps URL | attempt=1/3
2026-09-05 12:50:54,892 | INFO | Current Maps URL: https://www.google.com/maps/place/Nha%CC%80+nghi%CC%89+Vu%CC%83+Phong/data=!4m7!3m6!1s0x316f6ce7870ca431:0x16ce77633f8102ac!8m2!3d13.750741!4d109.2119903!16s%2Fg%2F11c1g6mlkh!19sChIJMaQMh-dsbzERrAKBP2N3zhY?authuser=0&hl=vi&g_ep=EgoyMDI2MDkwMS4wIJJjKgBIAVAD&rclk=1
2026-09-05 12:50:54,892 | INFO | Valid Google Maps Place URL opened.
2026-09-05 12:50:59,918 | INFO | Address check | score=0.0000 | status=NEED_REVIEW | reason=MISSING_MAPS_ADDRESS
2026-09-05 12:50:59,919 | INFO | CHECKPOINT | processed=320 | matched=1 | mismatched=5 | review=314
2026-09-05 12:51:00,417 | INFO | Excel saved: D:\Product-Google-Maps\output\hotels_export_google_maps_checked.xlsx
2026-09-05 12:51:00,418 | INFO | Opening Maps URL | attempt=1/3
2026-09-05 12:51:03,430 | INFO | Current Maps URL: https://www.google.com/maps/place/Nha%CC%80+nghi%CC%89+Vu%CC%83+Phong/data=!4m7!3m6!1s0x316f6ce7870ca431:0x16ce77633f8102ac!8m2!3d13.750741!4d109.2119903!16s%2Fg%2F11c1g6mlkh!19sChIJMaQMh-dsbzERrAKBP2N3zhY?authuser=0&hl=vi&g_ep=EgoyMDI2MDkwMS4wIJJjKgBIAVAD&rclk=1
2026-09-05 12:51:03,431 | INFO | Valid Google Maps Place URL opened.
2026-09-05 12:51:08,809 | INFO | Address check | score=0.0000 | status=NEED_REVIEW | reason=MISSING_MAPS_ADDRESS
2026-09-05 12:51:08,810 | INFO | Opening Maps URL | attempt=1/3
2026-09-05 12:51:11,747 | INFO | Current Maps URL: https://www.google.com/maps/place/Nha%CC%80+nghi%CC%89+Vu%CC%83+Phong/data=!4m7!3m6!1s0x316f6ce7870ca431:0x16ce77633f8102ac!8m2!3d13.750741!4d109.2119903!16s%2Fg%2F11c1g6mlkh!19sChIJMaQMh-dsbzERrAKBP2N3zhY?authuser=0&hl=vi&g_ep=EgoyMDI2MDkwMS4wIJJjKgBIAVAD&rclk=1
2026-09-05 12:51:11,747 | INFO | Valid Google Maps Place URL opened.
2026-09-05 12:51:17,152 | INFO | Address check | score=0.0000 | status=NEED_REVIEW | reason=MISSING_MAPS_ADDRESS
2026-09-05 12:51:17,153 | INFO | Opening Maps URL | attempt=1/3
2026-09-05 12:51:20,066 | INFO | Current Maps URL: https://www.google.com/maps/place/Kh%C3%A1ch+S%E1%BA%A1n+Kim+Long/data=!4m10!3m9!1s0x31752927f544baa3:0x231eac07cd9267dc!5m2!4m1!1i2!8m2!3d10.802662!4d106.676243!16s%2Fg%2F1tjyr2n8!19sChIJo7pE9ScpdTER3GeSzQesHiM?authuser=0&hl=vi&g_ep=EgoyMDI2MDkwMS4wIJJjKgBIAVAD&rclk=1
2026-09-05 12:51:20,066 | INFO | Valid Google Maps Place URL opened.
2026-09-05 12:51:25,157 | INFO | Address check | score=0.0000 | status=NEED_REVIEW | reason=MISSING_MAPS_ADDRESS
2026-09-05 12:51:25,160 | INFO | Opening Maps URL | attempt=1/3
2026-09-05 12:51:28,192 | INFO | Current Maps URL: https://www.google.com/maps/place/Kh%C3%A1ch+S%E1%BA%A1n+Kim+Long/data=!4m10!3m9!1s0x31752927f544baa3:0x231eac07cd9267dc!5m2!4m1!1i2!8m2!3d10.802662!4d106.676243!16s%2Fg%2F1tjyr2n8!19sChIJo7pE9ScpdTER3GeSzQesHiM?authuser=0&hl=vi&g_ep=EgoyMDI2MDkwMS4wIJJjKgBIAVAD&rclk=1
2026-09-05 12:51:28,192 | INFO | Valid Google Maps Place URL opened.
2026-09-05 12:51:33,636 | INFO | Address check | score=0.0000 | status=NEED_REVIEW | reason=MISSING_MAPS_ADDRESS
2026-09-05 12:51:33,638 | INFO | Opening Maps URL | attempt=1/3
2026-09-05 12:51:36,626 | INFO | Current Maps URL: https://www.google.com/maps/place/Kh%C3%A1ch+s%E1%BA%A1n+M%C6%B0%E1%BB%9Dng+Thanh+Quy+Nh%C6%A1n/data=!4m10!3m9!1s0x316f6c63266f0b61:0xa880a4e3e56c7806!5m2!4m1!1i2!8m2!3d13.772077!4d109.238862!16s%2Fg%2F12hkbf13m!19sChIJYQtvJmNsbzERBnhs5eOkgKg?authuser=0&hl=vi&g_ep=EgoyMDI2MDkwMS4wIJJjKgBIAVAD&rclk=1
2026-09-05 12:51:36,626 | INFO | Valid Google Maps Place URL opened.
2026-09-05 12:51:41,950 | INFO | Address check | score=0.0000 | status=NEED_REVIEW | reason=MISSING_MAPS_ADDRESS
2026-09-05 12:51:41,953 | INFO | Opening Maps URL | attempt=1/3
2026-09-05 12:51:46,761 | INFO | Current Maps URL: https://www.google.com/maps/place/Lavender+Hoa+Ch%C3%A2u/data=!4m10!3m9!1s0x3168c285fe2e7d87:0x10aed3f3b8da5df9!5m2!4m1!1i2!8m2!3d14.590003!4d109.039341!16s%2Fg%2F11q_00sgp9!19sChIJh30u_oXCaDER-V3auPPTrhA?authuser=0&hl=vi&g_ep=EgoyMDI2MDkwMS4wIJJjKgBIAVAD&rclk=1
2026-09-05 12:51:46,761 | INFO | Valid Google Maps Place URL opened.
2026-09-05 12:51:47,385 | INFO | Address check | score=0.5263 | status=MISMATCH | reason=ADDRESS_MISMATCH
2026-09-05 12:51:47,386 | INFO | Opening Maps URL | attempt=1/3
2026-09-05 12:51:51,203 | INFO | Current Maps URL: https://www.google.com/maps/place/Nh%C3%A0+Ngh%E1%BB%89+Tr%C4%83ng+Thu/data=!4m7!3m6!1s0x316f31a830f65c37:0xbedbd67b70d3b718!8m2!3d14.1194112!4d109.0443066!16s%2Fg%2F11b69d_fym!19sChIJN1z2MKgxbzERGLfTcHvW274?authuser=0&hl=vi&g_ep=EgoyMDI2MDkwMS4wIJJjKgBIAVAD&rclk=1
2026-09-05 12:51:51,204 | INFO | Valid Google Maps Place URL opened.
2026-09-05 12:51:56,210 | INFO | Address check | score=0.0000 | status=NEED_REVIEW | reason=MISSING_MAPS_ADDRESS
2026-09-05 12:51:56,211 | INFO | Opening Maps URL | attempt=1/3
2026-09-05 12:52:00,058 | INFO | Current Maps URL: https://www.google.com/maps/place/Kh%C3%A1ch+S%E1%BA%A1n+Th%E1%BB%A7y+Tr%C3%BAc/data=!4m7!3m6!1s0x31752edc262b38dd:0x7a3b1777a450d109!8m2!3d10.7717851!4d106.6697597!16s%2Fg%2F1tczgzmy!19sChIJ3TgrJtwudTERCdFQpHcXO3o?authuser=0&hl=vi&g_ep=EgoyMDI2MDkwMS4wIJJjKgBIAVAD&rclk=1
2026-09-05 12:52:00,058 | INFO | Valid Google Maps Place URL opened.
2026-09-05 12:52:05,431 | INFO | Address check | score=0.0000 | status=NEED_REVIEW | reason=MISSING_MAPS_ADDRESS
2026-09-05 12:52:05,432 | INFO | Opening Maps URL | attempt=1/3
2026-09-05 12:52:09,352 | INFO | Current Maps URL: https://www.google.com/maps/place/Kh%C3%A1ch+S%E1%BA%A1n+Th%E1%BB%A7y+Tr%C3%BAc/data=!4m7!3m6!1s0x31752edc262b38dd:0x7a3b1777a450d109!8m2!3d10.7717851!4d106.6697597!16s%2Fg%2F1tczgzmy!19sChIJ3TgrJtwudTERCdFQpHcXO3o?authuser=0&hl=vi&g_ep=EgoyMDI2MDkwMS4wIJJjKgBIAVAD&rclk=1
2026-09-05 12:52:09,353 | INFO | Valid Google Maps Place URL opened.
2026-09-05 12:52:14,775 | INFO | Address check | score=0.0000 | status=NEED_REVIEW | reason=MISSING_MAPS_ADDRESS
2026-09-05 12:52:14,777 | INFO | Opening Maps URL | attempt=1/3
2026-09-05 12:52:18,789 | INFO | Current Maps URL: https://www.google.com/maps/place/Nh%C3%A0+Ngh%E1%BB%89+QU%C3%9D+MAI/data=!4m7!3m6!1s0x316e83485503e1ff:0x8cbc3b984de7deb9!8m2!3d13.6979882!4d108.0713977!16s%2Fg%2F11t4fmtl7_!19sChIJ_-EDVUiDbjERud7nTZg7vIw?authuser=0&hl=vi&g_ep=EgoyMDI2MDkwMS4wIJJjKgBIAVAD&rclk=1
2026-09-05 12:52:18,790 | INFO | Valid Google Maps Place URL opened.
2026-09-05 12:52:24,146 | INFO | Address check | score=0.0000 | status=NEED_REVIEW | reason=MISSING_MAPS_ADDRESS
2026-09-05 12:52:24,146 | INFO | CHECKPOINT | processed=330 | matched=1 | mismatched=6 | review=323
2026-09-05 12:52:24,647 | INFO | Excel saved: D:\Product-Google-Maps\output\hotels_export_google_maps_checked.xlsx
2026-09-05 12:52:24,648 | INFO | Opening Maps URL | attempt=1/3
2026-09-05 12:52:27,775 | INFO | Current Maps URL: https://www.google.com/maps/place/Nguy%C3%AAn+Chi+Motel/data=!4m7!3m6!1s0x316ea1639ada4fd7:0x3de754d8c16bf51f!8m2!3d13.9911823!4d108.1195831!16s%2Fg%2F11h6s2689d!19sChIJ10_ammOhbjERH_VrwdhU5z0?authuser=0&hl=vi&g_ep=EgoyMDI2MDkwMS4wIJJjKgBIAVAD&rclk=1
2026-09-05 12:52:27,775 | INFO | Valid Google Maps Place URL opened.
2026-09-05 12:52:33,028 | INFO | Address check | score=0.0000 | status=NEED_REVIEW | reason=MISSING_MAPS_ADDRESS
2026-09-05 12:52:33,029 | INFO | Opening Maps URL | attempt=1/3
2026-09-05 12:52:36,142 | INFO | Current Maps URL: https://www.google.com/maps/place/The+Westin+Resort+%26+Spa+Cam+Ranh/data=!4m10!3m9!1s0x31708b67451b42ad:0x404094a24403e22a!5m2!4m1!1i2!8m2!3d12.032893!4d109.212667!16s%2Fg%2F11rp_j84jc!19sChIJrUIbRWeLcDERKuIDRKKUQEA?authuser=0&hl=vi&g_ep=EgoyMDI2MDkwMS4wIJJjKgBIAVAD&rclk=1
2026-09-05 12:52:36,142 | INFO | Valid Google Maps Place URL opened.
2026-09-05 12:52:41,577 | INFO | Address check | score=0.0000 | status=NEED_REVIEW | reason=MISSING_MAPS_ADDRESS
2026-09-05 12:52:41,578 | INFO | Opening Maps URL | attempt=1/3
2026-09-05 12:52:44,724 | INFO | Current Maps URL: https://www.google.com/maps/place/The+Westin+Resort+%26+Spa+Cam+Ranh/data=!4m10!3m9!1s0x31708b67451b42ad:0x404094a24403e22a!5m2!4m1!1i2!8m2!3d12.032893!4d109.212667!16s%2Fg%2F11rp_j84jc!19sChIJrUIbRWeLcDERKuIDRKKUQEA?authuser=0&hl=vi&g_ep=EgoyMDI2MDkwMS4wIJJjKgBIAVAD&rclk=1
2026-09-05 12:52:44,725 | INFO | Valid Google Maps Place URL opened.
2026-09-05 12:52:50,154 | INFO | Address check | score=0.0000 | status=NEED_REVIEW | reason=MISSING_MAPS_ADDRESS
2026-09-05 12:52:50,155 | INFO | Opening Maps URL | attempt=1/3
2026-09-05 12:52:53,244 | INFO | Current Maps URL: https://www.google.com/maps/place/Nh%C3%A0+tr%E1%BB%8D+Mai+Anh/data=!4m7!3m6!1s0x31752f2c0468ef47:0xbb37d66776e4daca!8m2!3d10.7097842!4d106.7072751!16s%2Fg%2F11fmvcqvfm!19sChIJR-9oBCwvdTERytrkdmfWN7s?authuser=0&hl=vi&g_ep=EgoyMDI2MDkwMS4wIJJjKgBIAVAD&rclk=1
2026-09-05 12:52:53,245 | INFO | Valid Google Maps Place URL opened.
2026-09-05 12:52:58,650 | INFO | Address check | score=0.0000 | status=NEED_REVIEW | reason=MISSING_MAPS_ADDRESS
2026-09-05 12:52:58,652 | INFO | Opening Maps URL | attempt=1/3
2026-09-05 12:53:01,590 | INFO | Current Maps URL: https://www.google.com/maps/place/Kh%C3%A1ch+s%E1%BA%A1n+Tr%C3%A2m+Anh+-+34+Nguy%E1%BB%85n+Hu%E1%BB%87+-+quy+Nh%C6%A1n+-+-b%C3%ACnh+%C4%91%E1%BB%8Bnh/data=!4m10!3m9!1s0x316f6c893fc68b4f:0xc67b6741bbacf9c0!5m2!4m1!1i2!8m2!3d13.769488!4d109.231041!16s%2Fg%2F11g1lq966z!19sChIJT4vGP4lsbzERwPmsu0Fne8Y?authuser=0&hl=vi&g_ep=EgoyMDI2MDkwMS4wIJJjKgBIAVAD&rclk=1
2026-09-05 12:53:01,591 | INFO | Valid Google Maps Place URL opened.
2026-09-05 12:53:06,625 | INFO | Address check | score=0.0000 | status=NEED_REVIEW | reason=MISSING_MAPS_ADDRESS
2026-09-05 12:53:06,626 | INFO | Opening Maps URL | attempt=1/3
2026-09-05 12:53:09,516 | INFO | Current Maps URL: https://www.google.com/maps/place/Kh%C3%A1ch+S%E1%BA%A1n+Trung+Quang/data=!4m7!3m6!1s0x31752ea94e3ab83f:0xe054d7fa6eb01093!8m2!3d10.7863702!4d106.6341594!16s%2Fg%2F1tg6mmjt!19sChIJP7g6TqkudTERkxCwbvrXVOA?authuser=0&hl=vi&g_ep=EgoyMDI2MDkwMS4wIJJjKgBIAVAD&rclk=1
2026-09-05 12:53:09,516 | INFO | Valid Google Maps Place URL opened.
2026-09-05 12:53:14,918 | INFO | Address check | score=0.0000 | status=NEED_REVIEW | reason=MISSING_MAPS_ADDRESS
2026-09-05 12:53:14,919 | INFO | Opening Maps URL | attempt=1/3
2026-09-05 12:53:17,861 | INFO | Current Maps URL: https://www.google.com/maps/place/Kh%C3%A1ch+S%E1%BA%A1n+Trung+Quang/data=!4m7!3m6!1s0x31752ea94e3ab83f:0xe054d7fa6eb01093!8m2!3d10.7863702!4d106.6341594!16s%2Fg%2F1tg6mmjt!19sChIJP7g6TqkudTERkxCwbvrXVOA?authuser=0&hl=vi&g_ep=EgoyMDI2MDkwMS4wIJJjKgBIAVAD&rclk=1
2026-09-05 12:53:17,861 | INFO | Valid Google Maps Place URL opened.
2026-09-05 12:53:23,162 | INFO | Address check | score=0.0000 | status=NEED_REVIEW | reason=MISSING_MAPS_ADDRESS
2026-09-05 12:53:23,164 | INFO | Opening Maps URL | attempt=1/3
2026-09-05 12:53:27,126 | INFO | Current Maps URL: https://www.google.com/maps/place/Kh%C3%A1ch+S%E1%BA%A1n+Trung+Quang/data=!4m7!3m6!1s0x31752ea94e3ab83f:0xe054d7fa6eb01093!8m2!3d10.7863702!4d106.6341594!16s%2Fg%2F1tg6mmjt!19sChIJP7g6TqkudTERkxCwbvrXVOA?authuser=0&hl=vi&g_ep=EgoyMDI2MDkwMS4wIJJjKgBIAVAD&rclk=1
2026-09-05 12:53:27,126 | INFO | Valid Google Maps Place URL opened.
2026-09-05 12:53:32,550 | INFO | Address check | score=0.0000 | status=NEED_REVIEW | reason=MISSING_MAPS_ADDRESS
2026-09-05 12:53:32,551 | INFO | Opening Maps URL | attempt=1/3
2026-09-05 12:53:36,436 | INFO | Current Maps URL: https://www.google.com/maps/place/Kh%C3%A1ch+S%E1%BA%A1n+Trung+Quang/data=!4m7!3m6!1s0x31752ea94e3ab83f:0xe054d7fa6eb01093!8m2!3d10.7863702!4d106.6341594!16s%2Fg%2F1tg6mmjt!19sChIJP7g6TqkudTERkxCwbvrXVOA?authuser=0&hl=vi&g_ep=EgoyMDI2MDkwMS4wIJJjKgBIAVAD&rclk=1
2026-09-05 12:53:36,436 | INFO | Valid Google Maps Place URL opened.
2026-09-05 12:53:41,842 | INFO | Address check | score=0.0000 | status=NEED_REVIEW | reason=MISSING_MAPS_ADDRESS
2026-09-05 12:53:41,846 | INFO | Opening Maps URL | attempt=1/3
2026-09-05 12:53:45,822 | INFO | Current Maps URL: https://www.google.com/maps/place/Kh%C3%A1ch+S%E1%BA%A1n+Trung+Quang/data=!4m7!3m6!1s0x31752ea94e3ab83f:0xe054d7fa6eb01093!8m2!3d10.7863702!4d106.6341594!16s%2Fg%2F1tg6mmjt!19sChIJP7g6TqkudTERkxCwbvrXVOA?authuser=0&hl=vi&g_ep=EgoyMDI2MDkwMS4wIJJjKgBIAVAD&rclk=1
2026-09-05 12:53:45,823 | INFO | Valid Google Maps Place URL opened.
2026-09-05 12:53:51,176 | INFO | Address check | score=0.0000 | status=NEED_REVIEW | reason=MISSING_MAPS_ADDRESS
2026-09-05 12:53:51,176 | INFO | CHECKPOINT | processed=340 | matched=1 | mismatched=6 | review=333
2026-09-05 12:53:51,683 | INFO | Excel saved: D:\Product-Google-Maps\output\hotels_export_google_maps_checked.xlsx
2026-09-05 12:53:51,684 | INFO | Opening Maps URL | attempt=1/3
2026-09-05 12:53:54,676 | INFO | Current Maps URL: https://www.google.com/maps/place/Duc+Long+Gia+Lai+2+Hotel/data=!4m10!3m9!1s0x316c1f795948acf9:0x7ec48a341177a032!5m2!4m1!1i2!8m2!3d13.977072!4d107.994967!16s%2Fg%2F11xmphd6h!19sChIJ-axIWXkfbDERMqB3ETSKxH4?authuser=0&hl=vi&g_ep=EgoyMDI2MDkwMS4wIJJjKgBIAVAD&rclk=1
2026-09-05 12:53:54,676 | INFO | Valid Google Maps Place URL opened.
2026-09-05 12:53:59,771 | INFO | Address check | score=0.0000 | status=NEED_REVIEW | reason=MISSING_MAPS_ADDRESS
2026-09-05 12:53:59,775 | INFO | Opening Maps URL | attempt=1/3
2026-09-05 12:54:02,800 | INFO | Current Maps URL: https://www.google.com/maps/place/Kh%C3%A1ch+s%E1%BA%A1n+Mira+-+Kh%C3%A1ch+s%E1%BA%A1n+g%E1%BA%A7n+bi%E1%BB%83n+%E1%BB%9F+Quy+Nh%C6%A1n/data=!4m10!3m9!1s0x316f6ceceb457403:0x1de22f520372522b!5m2!4m1!1i2!8m2!3d13.761717!4d109.219274!16s%2Fg%2F11fk15qdmx!19sChIJA3RF6-xsbzERK1JyA1Iv4h0?authuser=0&hl=vi&g_ep=EgoyMDI2MDkwMS4wIJJjKgBIAVAD&rclk=1
2026-09-05 12:54:02,800 | INFO | Valid Google Maps Place URL opened.
2026-09-05 12:54:08,339 | INFO | Address check | score=0.0000 | status=NEED_REVIEW | reason=MISSING_MAPS_ADDRESS
2026-09-05 12:54:08,340 | INFO | Opening Maps URL | attempt=1/3
2026-09-05 12:54:11,532 | INFO | Current Maps URL: https://www.google.com/maps/place/Mento+Hotel/data=!4m10!3m9!1s0x316f6c92a152c585:0x32fc7dc990bbed00!5m2!4m1!1i2!8m2!3d13.764108!4d109.22335!16s%2Fg%2F11fj5s5nl7!19sChIJhcVSoZJsbzERAO27kMl9_DI?authuser=0&hl=vi&g_ep=EgoyMDI2MDkwMS4wIJJjKgBIAVAD&rclk=1
2026-09-05 12:54:11,532 | INFO | Valid Google Maps Place URL opened.
2026-09-05 12:54:16,990 | INFO | Address check | score=0.0000 | status=NEED_REVIEW | reason=MISSING_MAPS_ADDRESS
2026-09-05 12:54:16,994 | INFO | Opening Maps URL | attempt=1/3
2026-09-05 12:54:19,871 | INFO | Current Maps URL: https://www.google.com/maps/place/Lake+View+Homestay/data=!4m7!3m6!1s0x316c21ab017f2a41:0x867804881db4157!8m2!3d13.9695874!4d107.9962843!16s%2Fg%2F11h24r84gz!19sChIJQSp_AashbDERV0HbgUiAZwg?authuser=0&hl=vi&g_ep=EgoyMDI2MDkwMS4wIJJjKgBIAVAD&rclk=1
2026-09-05 12:54:19,872 | INFO | Valid Google Maps Place URL opened.
2026-09-05 12:54:25,294 | INFO | Address check | score=0.0000 | status=NEED_REVIEW | reason=MISSING_MAPS_ADDRESS
2026-09-05 12:54:25,295 | INFO | Opening Maps URL | attempt=1/3
2026-09-05 12:54:28,188 | INFO | Current Maps URL: https://www.google.com/maps/place/Nh%C3%A0+Ngh%E1%BB%89+Ch%C6%B0+S%C3%AA/data=!4m7!3m6!1s0x316e83c5b3ab8603:0x1a7029b5d909598f!8m2!3d13.7221326!4d108.0641672!16s%2Fg%2F11gtftml8b!19sChIJA4ars8WDbjERj1kJ2bUpcBo?authuser=0&hl=vi&g_ep=EgoyMDI2MDkwMS4wIJJjKgBIAVAD&rclk=1
2026-09-05 12:54:28,189 | INFO | Valid Google Maps Place URL opened.
2026-09-05 12:54:33,729 | INFO | Address check | score=0.0000 | status=NEED_REVIEW | reason=MISSING_MAPS_ADDRESS
2026-09-05 12:54:33,730 | INFO | Opening Maps URL | attempt=1/3
2026-09-05 12:54:36,614 | INFO | Current Maps URL: https://www.google.com/maps/place/Duc+Long+Gia+Lai+2+Hotel/data=!4m10!3m9!1s0x316c1f795948acf9:0x7ec48a341177a032!5m2!4m1!1i2!8m2!3d13.977072!4d107.994967!16s%2Fg%2F11xmphd6h!19sChIJ-axIWXkfbDERMqB3ETSKxH4?authuser=0&hl=vi&g_ep=EgoyMDI2MDkwMS4wIJJjKgBIAVAD&rclk=1
2026-09-05 12:54:36,614 | INFO | Valid Google Maps Place URL opened.
2026-09-05 12:54:41,636 | INFO | Address check | score=0.0000 | status=NEED_REVIEW | reason=MISSING_MAPS_ADDRESS
2026-09-05 12:54:41,637 | INFO | Opening Maps URL | attempt=1/3
2026-09-05 12:54:44,597 | INFO | Current Maps URL: https://www.google.com/maps/place/Kh%C3%A1ch+S%E1%BA%A1n+%C4%90o%C3%A0n+gia/data=!4m10!3m9!1s0x317526ffd5ba706d:0xe969ae5471694ea1!5m2!4m1!1i2!8m2!3d10.828539!4d106.77335!16s%2Fg%2F11fmns903y!19sChIJbXC61f8mdTERoU5pcVSuaek?authuser=0&hl=vi&g_ep=EgoyMDI2MDkwMS4wIJJjKgBIAVAD&rclk=1
2026-09-05 12:54:44,597 | INFO | Valid Google Maps Place URL opened.
2026-09-05 12:54:50,003 | INFO | Address check | score=0.0000 | status=NEED_REVIEW | reason=MISSING_MAPS_ADDRESS
2026-09-05 12:54:50,004 | INFO | Opening Maps URL | attempt=1/3
2026-09-05 12:54:52,936 | INFO | Current Maps URL: https://www.google.com/maps/place/Kh%C3%A1ch+S%E1%BA%A1n+%C4%90o%C3%A0n+gia/data=!4m10!3m9!1s0x317526ffd5ba706d:0xe969ae5471694ea1!5m2!4m1!1i2!8m2!3d10.828539!4d106.77335!16s%2Fg%2F11fmns903y!19sChIJbXC61f8mdTERoU5pcVSuaek?authuser=0&hl=vi&g_ep=EgoyMDI2MDkwMS4wIJJjKgBIAVAD&rclk=1
2026-09-05 12:54:52,936 | INFO | Valid Google Maps Place URL opened.
2026-09-05 12:54:57,996 | INFO | Address check | score=0.0000 | status=NEED_REVIEW | reason=MISSING_MAPS_ADDRESS
2026-09-05 12:54:57,997 | INFO | Opening Maps URL | attempt=1/3
2026-09-05 12:55:01,085 | INFO | Current Maps URL: https://www.google.com/maps/place/Kh%C3%A1ch+S%E1%BA%A1n+%C4%90o%C3%A0n+gia/data=!4m10!3m9!1s0x317526ffd5ba706d:0xe969ae5471694ea1!5m2!4m1!1i2!8m2!3d10.828539!4d106.77335!16s%2Fg%2F11fmns903y!19sChIJbXC61f8mdTERoU5pcVSuaek?authuser=0&hl=vi&g_ep=EgoyMDI2MDkwMS4wIJJjKgBIAVAD&rclk=1
2026-09-05 12:55:01,085 | INFO | Valid Google Maps Place URL opened.
2026-09-05 12:55:06,491 | INFO | Address check | score=0.0000 | status=NEED_REVIEW | reason=MISSING_MAPS_ADDRESS
2026-09-05 12:55:06,495 | INFO | Opening Maps URL | attempt=1/3
2026-09-05 12:55:09,543 | INFO | Current Maps URL: https://www.google.com/maps/place/Kh%C3%A1ch+S%E1%BA%A1n+%C4%90o%C3%A0n+gia/data=!4m10!3m9!1s0x317526ffd5ba706d:0xe969ae5471694ea1!5m2!4m1!1i2!8m2!3d10.828539!4d106.77335!16s%2Fg%2F11fmns903y!19sChIJbXC61f8mdTERoU5pcVSuaek?authuser=0&hl=vi&g_ep=EgoyMDI2MDkwMS4wIJJjKgBIAVAD&rclk=1
2026-09-05 12:55:09,543 | INFO | Valid Google Maps Place URL opened.
2026-09-05 12:55:15,029 | INFO | Address check | score=0.0000 | status=NEED_REVIEW | reason=MISSING_MAPS_ADDRESS
2026-09-05 12:55:15,030 | INFO | CHECKPOINT | processed=350 | matched=1 | mismatched=6 | review=343
2026-09-05 12:55:15,533 | INFO | Excel saved: D:\Product-Google-Maps\output\hotels_export_google_maps_checked.xlsx
2026-09-05 12:55:15,534 | INFO | Opening Maps URL | attempt=1/3
2026-09-05 12:55:18,487 | INFO | Current Maps URL: https://www.google.com/maps/place/NH%C3%80+NGH%E1%BB%88+TH%C3%80NH+DANH/data=!4m7!3m6!1s0x316e973763645239:0xdf2409468fd7dc33!8m2!3d13.87147!4d108.2653099!16s%2Fg%2F11f54sfylq!19sChIJOVJkYzeXbjERM9zXj0YJJN8?authuser=0&hl=vi&g_ep=EgoyMDI2MDkwMS4wIJJjKgBIAVAD&rclk=1
2026-09-05 12:55:18,487 | INFO | Valid Google Maps Place URL opened.
2026-09-05 12:55:23,931 | INFO | Address check | score=0.0000 | status=NEED_REVIEW | reason=MISSING_MAPS_ADDRESS
2026-09-05 12:55:23,932 | INFO | Opening Maps URL | attempt=1/3
2026-09-05 12:55:27,947 | INFO | Current Maps URL: https://www.google.com/maps/place/Kh%C3%A1ch+S%E1%BA%A1n+Anh+Ph%C3%BA/data=!4m7!3m6!1s0x316f3b22130255b9:0x94e9ebe7b761f6c7!8m2!3d14.0171094!4d109.0546214!16s%2Fg%2F11kb12wt_3!19sChIJuVUCEyI7bzERx_Zht-fr6ZQ?authuser=0&hl=vi&g_ep=EgoyMDI2MDkwMS4wIJJjKgBIAVAD&rclk=1
2026-09-05 12:55:27,947 | INFO | Valid Google Maps Place URL opened.
2026-09-05 12:55:33,220 | INFO | Address check | score=0.0000 | status=NEED_REVIEW | reason=MISSING_MAPS_ADDRESS
2026-09-05 12:55:33,222 | INFO | Opening Maps URL | attempt=1/3
2026-09-05 12:55:37,134 | INFO | Current Maps URL: https://www.google.com/maps/place/Kh%C3%A1ch+S%E1%BA%A1n+Anh+Ph%C3%BA/data=!4m7!3m6!1s0x316f3b22130255b9:0x94e9ebe7b761f6c7!8m2!3d14.0171094!4d109.0546214!16s%2Fg%2F11kb12wt_3!19sChIJuVUCEyI7bzERx_Zht-fr6ZQ?authuser=0&hl=vi&g_ep=EgoyMDI2MDkwMS4wIJJjKgBIAVAD&rclk=1
2026-09-05 12:55:37,134 | INFO | Valid Google Maps Place URL opened.
2026-09-05 12:55:42,511 | INFO | Address check | score=0.0000 | status=NEED_REVIEW | reason=MISSING_MAPS_ADDRESS
2026-09-05 12:55:42,512 | INFO | Opening Maps URL | attempt=1/3
2026-09-05 12:55:46,329 | INFO | Current Maps URL: https://www.google.com/maps/place/Homestay+S%27nghe+M%C4%83ng+%C4%90en/data=!4m10!3m9!1s0x31694370b7aeec61:0x595e2dc19c723940!5m2!4m1!1i2!8m2!3d14.586613!4d108.278687!16s%2Fg%2F11n6_vtrrv!19sChIJYeyut3BDaTERQDlynMEtXlk?authuser=0&hl=vi&g_ep=EgoyMDI2MDkwMS4wIJJjKgBIAVAD&rclk=1
2026-09-05 12:55:46,329 | INFO | Valid Google Maps Place URL opened.
2026-09-05 12:55:51,715 | INFO | Address check | score=0.0000 | status=NEED_REVIEW | reason=MISSING_MAPS_ADDRESS
2026-09-05 12:55:51,716 | INFO | Opening Maps URL | attempt=1/3
2026-09-05 12:55:55,402 | INFO | Current Maps URL: https://www.google.com/maps/place/Grand+Hyams+Hotel+-+Quy+Nhon+Beach/data=!4m10!3m9!1s0x316f6c89aeb0a57f:0xe2b7f5f96d62ffaf!5m2!4m1!1i2!8m2!3d13.770187!4d109.233019!16s%2Fg%2F11tk30nyv5!19sChIJf6WwrolsbzERr_9ibfn1t-I?authuser=0&hl=vi&g_ep=EgoyMDI2MDkwMS4wIJJjKgBIAVAD&rclk=1
2026-09-05 12:55:55,402 | INFO | Valid Google Maps Place URL opened.
2026-09-05 12:56:00,563 | INFO | Address check | score=0.0000 | status=NEED_REVIEW | reason=MISSING_MAPS_ADDRESS
2026-09-05 12:56:00,568 | INFO | Opening Maps URL | attempt=1/3
2026-09-05 12:56:03,664 | INFO | Current Maps URL: https://www.google.com/maps/place/Grand+Hyams+Hotel+-+Quy+Nhon+Beach/data=!4m10!3m9!1s0x316f6c89aeb0a57f:0xe2b7f5f96d62ffaf!5m2!4m1!1i2!8m2!3d13.770187!4d109.233019!16s%2Fg%2F11tk30nyv5!19sChIJf6WwrolsbzERr_9ibfn1t-I?authuser=0&hl=vi&g_ep=EgoyMDI2MDkwMS4wIJJjKgBIAVAD&rclk=1
2026-09-05 12:56:03,664 | INFO | Valid Google Maps Place URL opened.
2026-09-05 12:56:09,162 | INFO | Address check | score=0.0000 | status=NEED_REVIEW | reason=MISSING_MAPS_ADDRESS
2026-09-05 12:56:09,163 | INFO | Opening Maps URL | attempt=1/3
2026-09-05 12:56:12,413 | INFO | Current Maps URL: https://www.google.com/maps/place/Kh%C3%A1ch+s%E1%BA%A1n+Pleiku/data=!4m10!3m9!1s0x316c1f9beeafdc63:0xd112ab483882c1ec!5m2!4m1!1i2!8m2!3d13.98526!4d108.007592!16s%2Fg%2F1tdy1zcp!19sChIJY9yv7psfbDER7MGCOEirEtE?authuser=0&hl=vi&g_ep=EgoyMDI2MDkwMS4wIJJjKgBIAVAD&rclk=1
2026-09-05 12:56:12,413 | INFO | Valid Google Maps Place URL opened.
2026-09-05 12:56:17,939 | INFO | Address check | score=0.0000 | status=NEED_REVIEW | reason=MISSING_MAPS_ADDRESS
2026-09-05 12:56:17,940 | INFO | Opening Maps URL | attempt=1/3
2026-09-05 12:56:20,817 | INFO | Current Maps URL: https://www.google.com/maps/place/%C3%94na%E2%80%99s+House+-+Homestay+Pleiku/data=!4m10!3m9!1s0x316c1fb93d3a002f:0x48fcd8f84ee12998!5m2!4m1!1i2!8m2!3d13.9830398!4d107.9952444!16s%2Fg%2F11v3tyh3gb!19sChIJLwA6PbkfbDERmCnhTvjY_Eg?authuser=0&hl=vi&g_ep=EgoyMDI2MDkwMS4wIJJjKgBIAVAD&rclk=1
2026-09-05 12:56:20,818 | INFO | Valid Google Maps Place URL opened.
2026-09-05 12:56:26,295 | INFO | Address check | score=0.0000 | status=NEED_REVIEW | reason=MISSING_MAPS_ADDRESS
2026-09-05 12:56:26,297 | INFO | Opening Maps URL | attempt=1/3
2026-09-05 12:56:29,226 | INFO | Current Maps URL: https://www.google.com/maps/place/Nh%C3%A0+ngh%E1%BB%89+Hoa+H%E1%BB%93ng/data=!4m7!3m6!1s0x316c03ad4ba39751:0x69356ddfcb523e92!8m2!3d14.1922421!4d107.9609334!16s%2Fg%2F11rvg_srq7!19sChIJUZejS60DbDERkj5Sy99tNWk?authuser=0&hl=vi&g_ep=EgoyMDI2MDkwMS4wIJJjKgBIAVAD&rclk=1
2026-09-05 12:56:29,227 | INFO | Valid Google Maps Place URL opened.
2026-09-05 12:56:34,636 | INFO | Address check | score=0.0000 | status=NEED_REVIEW | reason=MISSING_MAPS_ADDRESS
2026-09-05 12:56:34,637 | INFO | Opening Maps URL | attempt=1/3
2026-09-05 12:56:37,637 | INFO | Current Maps URL: https://www.google.com/maps/place/Kh%C3%A1ch+s%E1%BA%A1n+M%C6%B0%E1%BB%9Dng+Thanh+Quy+Nh%C6%A1n/data=!4m10!3m9!1s0x316f6c63266f0b61:0xa880a4e3e56c7806!5m2!4m1!1i2!8m2!3d13.772077!4d109.238862!16s%2Fg%2F12hkbf13m!19sChIJYQtvJmNsbzERBnhs5eOkgKg?authuser=0&hl=vi&g_ep=EgoyMDI2MDkwMS4wIJJjKgBIAVAD&rclk=1
2026-09-05 12:56:37,638 | INFO | Valid Google Maps Place URL opened.
2026-09-05 12:56:42,821 | INFO | Address check | score=0.0000 | status=NEED_REVIEW | reason=MISSING_MAPS_ADDRESS
2026-09-05 12:56:42,822 | INFO | CHECKPOINT | processed=360 | matched=1 | mismatched=6 | review=353
2026-09-05 12:56:43,694 | INFO | Excel saved: D:\Product-Google-Maps\output\hotels_export_google_maps_checked.xlsx
2026-09-05 12:56:43,695 | INFO | Opening Maps URL | attempt=1/3
2026-09-05 12:56:46,645 | INFO | Current Maps URL: https://www.google.com/maps/place/FLC+Sea+Tower/data=!4m10!3m9!1s0x316f6ce900f3a50b:0x29c154825ef759cd!5m2!4m1!1i2!8m2!3d13.755644!4d109.21487!16s%2Fg%2F11csryy0ls!19sChIJC6XzAOlsbzERzVn3XoJUwSk?authuser=0&hl=vi&g_ep=EgoyMDI2MDkwMS4wIJJjKgBIAVAD&rclk=1
2026-09-05 12:56:46,645 | INFO | Valid Google Maps Place URL opened.
2026-09-05 12:56:51,975 | INFO | Address check | score=0.0000 | status=NEED_REVIEW | reason=MISSING_MAPS_ADDRESS
2026-09-05 12:56:51,976 | INFO | Opening Maps URL | attempt=1/3
2026-09-05 12:56:54,909 | INFO | Current Maps URL: https://www.google.com/maps/place/Kh%C3%A1ch+S%E1%BA%A1n+Thu+L%C3%AA/data=!4m7!3m6!1s0x31752963fb13108d:0x956d7a6b02cd4035!8m2!3d10.8080084!4d106.7074544!16s%2Fg%2F11fjy9drh8!19sChIJjRAT-2MpdTERNUDNAmt6bZU?authuser=0&hl=vi&g_ep=EgoyMDI2MDkwMS4wIJJjKgBIAVAD&rclk=1
2026-09-05 12:56:54,910 | INFO | Valid Google Maps Place URL opened.
2026-09-05 12:56:59,961 | INFO | Address check | score=0.0000 | status=NEED_REVIEW | reason=MISSING_MAPS_ADDRESS
2026-09-05 12:56:59,962 | INFO | Opening Maps URL | attempt=1/3
2026-09-05 12:57:02,969 | INFO | Current Maps URL: https://www.google.com/maps/place/Kh%C3%A1ch+S%E1%BA%A1n+Thi%C3%AAn+Ph%C3%BA/data=!4m10!3m9!1s0x3175297d1cd02d75:0xb9e03d21451002f8!5m2!4m1!1i2!8m2!3d10.827613!4d106.63185!16s%2Fg%2F1pp2v1_60!19sChIJdS3QHH0pdTER-AIQRSE94Lk?authuser=0&hl=vi&g_ep=EgoyMDI2MDkwMS4wIJJjKgBIAVAD&rclk=1
2026-09-05 12:57:02,969 | INFO | Valid Google Maps Place URL opened.
2026-09-05 12:57:08,455 | INFO | Address check | score=0.0000 | status=NEED_REVIEW | reason=MISSING_MAPS_ADDRESS
2026-09-05 12:57:08,458 | INFO | Opening Maps URL | attempt=1/3
2026-09-05 12:57:12,503 | INFO | Current Maps URL: https://www.google.com/maps/place/Nh%C3%A0+ngh%E1%BB%89+nh%C6%B0+%C3%BD/data=!4m7!3m6!1s0x316e67a1d48c67fb:0x688554430e228065!8m2!3d13.4263095!4d108.4269943!16s%2Fg%2F11fl452rnp!19sChIJ-2eM1KFnbjERZYAiDkNUhWg?authuser=0&hl=vi&g_ep=EgoyMDI2MDkwMS4wIJJjKgBIAVAD&rclk=1
2026-09-05 12:57:12,504 | INFO | Valid Google Maps Place URL opened.
2026-09-05 12:57:17,909 | INFO | Address check | score=0.0000 | status=NEED_REVIEW | reason=MISSING_MAPS_ADDRESS
2026-09-05 12:57:17,910 | INFO | Opening Maps URL | attempt=1/3
2026-09-05 12:57:22,063 | INFO | Current Maps URL: https://www.google.com/maps/place/Karaoke+Nh%C3%A0+ngh%E1%BB%89+H%C6%B0ng+Hi%E1%BA%BFu/data=!4m7!3m6!1s0x316dc5e9576466c5:0x5b37cf9db153e829!8m2!3d13.4406081!4d107.8505454!16s%2Fg%2F11q1vmv576!19sChIJxWZkV-nFbTERKehTsZ3PN1s?authuser=0&hl=vi&g_ep=EgoyMDI2MDkwMS4wIJJjKgBIAVAD&rclk=1
2026-09-05 12:57:22,063 | INFO | Valid Google Maps Place URL opened.
2026-09-05 12:57:27,479 | INFO | Address check | score=0.0000 | status=NEED_REVIEW | reason=MISSING_MAPS_ADDRESS
2026-09-05 12:57:27,481 | INFO | Opening Maps URL | attempt=1/3
2026-09-05 12:57:30,480 | INFO | Current Maps URL: https://www.google.com/maps/place/Nh%C3%A0+Ngh%E1%BB%89+H%C6%B0ng+M%E1%BB%B9/data=!4m7!3m6!1s0x316f398d7fe273db:0xfe0df670c6eec73!8m2!3d13.9666798!4d109.176618!16s%2Fg%2F11sp955whl!19sChIJ23Pif405bzERc-xuDGff4A8?authuser=0&hl=vi&g_ep=EgoyMDI2MDkwMS4wIJJjKgBIAVAD&rclk=1
2026-09-05 12:57:30,481 | INFO | Valid Google Maps Place URL opened.
2026-09-05 12:57:35,824 | INFO | Address check | score=0.0000 | status=NEED_REVIEW | reason=MISSING_MAPS_ADDRESS
2026-09-05 12:57:35,825 | INFO | Opening Maps URL | attempt=1/3
2026-09-05 12:57:38,734 | INFO | Current Maps URL: https://www.google.com/maps/place/Nh%C3%A0+Ngh%E1%BB%89+H%C3%A0+Th%C3%A0nh/data=!4m7!3m6!1s0x316e679c047f6b63:0x5bae2ec466907de!8m2!3d13.472821!4d108.376579!16s%2Fg%2F11kjcrplhm!19sChIJY2t_BJxnbjER3gdpRuziugU?authuser=0&hl=vi&g_ep=EgoyMDI2MDkwMS4wIJJjKgBIAVAD&rclk=1
2026-09-05 12:57:38,734 | INFO | Valid Google Maps Place URL opened.
2026-09-05 12:57:44,185 | INFO | Address check | score=0.0000 | status=NEED_REVIEW | reason=MISSING_MAPS_ADDRESS
2026-09-05 12:57:44,189 | INFO | Opening Maps URL | attempt=1/3
2026-09-05 12:57:47,126 | INFO | Current Maps URL: https://www.google.com/maps/place/Nh%C3%A0+Ngh%E1%BB%89+H%C3%A0+Th%C3%A0nh/data=!4m7!3m6!1s0x316e679c047f6b63:0x5bae2ec466907de!8m2!3d13.472821!4d108.376579!16s%2Fg%2F11kjcrplhm!19sChIJY2t_BJxnbjER3gdpRuziugU?authuser=0&hl=vi&g_ep=EgoyMDI2MDkwMS4wIJJjKgBIAVAD&rclk=1
2026-09-05 12:57:47,127 | INFO | Valid Google Maps Place URL opened.
2026-09-05 12:57:52,528 | INFO | Address check | score=0.0000 | status=NEED_REVIEW | reason=MISSING_MAPS_ADDRESS
2026-09-05 12:57:52,531 | INFO | Opening Maps URL | attempt=1/3
2026-09-05 12:57:55,520 | INFO | Current Maps URL: https://www.google.com/maps/place/Ti%E1%BB%87m+%C4%82n+C%C3%A2y+D%E1%BB%ABa/data=!4m7!3m6!1s0x317530196eeffcc3:0xdaa6a9a6d3a201dd!8m2!3d10.6945355!4d106.7048033!16s%2Fg%2F11j62_vrmg!19sChIJw_zvbhkwdTER3QGi06appto?authuser=0&hl=vi&g_ep=EgoyMDI2MDkwMS4wIJJjKgBIAVAD&rclk=1
2026-09-05 12:57:55,523 | INFO | Valid Google Maps Place URL opened.
2026-09-05 12:58:00,969 | INFO | Address check | score=0.0000 | status=NEED_REVIEW | reason=MISSING_MAPS_ADDRESS
2026-09-05 12:58:00,970 | INFO | Opening Maps URL | attempt=1/3
2026-09-05 12:58:03,861 | INFO | Current Maps URL: https://www.google.com/maps/place/Ng%E1%BB%8Dc+San+San+Hotel/data=!4m10!3m9!1s0x31752fa4c5457a71:0x1f9a63c4008b0d8f!5m2!4m1!1i2!8m2!3d10.735896!4d106.691818!16s%2Fg%2F11bwhb1zp0!19sChIJcXpFxaQvdTERjw2LAMRjmh8?authuser=0&hl=vi&g_ep=EgoyMDI2MDkwMS4wIJJjKgBIAVAD&rclk=1
2026-09-05 12:58:03,861 | INFO | Valid Google Maps Place URL opened.
2026-09-05 12:58:09,248 | INFO | Address check | score=0.0000 | status=NEED_REVIEW | reason=MISSING_MAPS_ADDRESS
2026-09-05 12:58:09,248 | INFO | CHECKPOINT | processed=370 | matched=1 | mismatched=6 | review=363
2026-09-05 12:58:09,810 | INFO | Excel saved: D:\Product-Google-Maps\output\hotels_export_google_maps_checked.xlsx
2026-09-05 12:58:09,811 | INFO | Opening Maps URL | attempt=1/3
2026-09-05 12:58:12,760 | INFO | Current Maps URL: https://www.google.com/maps/place/Nh%E1%BA%ADt+Anh+Hotel/data=!4m7!3m6!1s0x31752c4d1d56b071:0x98970fc22354e60a!8m2!3d10.7532792!4d106.5966923!16s%2Fg%2F11c54bxkkm!19sChIJcbBWHU0sdTERCuZUI8IPl5g?authuser=0&hl=vi&g_ep=EgoyMDI2MDkwMS4wIJJjKgBIAVAD&rclk=1
2026-09-05 12:58:12,760 | INFO | Valid Google Maps Place URL opened.
2026-09-05 12:58:17,800 | INFO | Address check | score=0.0000 | status=NEED_REVIEW | reason=MISSING_MAPS_ADDRESS
2026-09-05 12:58:17,801 | INFO | Opening Maps URL | attempt=1/3
2026-09-05 12:58:20,989 | INFO | Current Maps URL: https://www.google.com/maps/place/Nh%C3%A0+ngh%E1%BB%89+Ng%E1%BB%8Dc+%C3%81nh+S%C3%A0i+G%C3%B2n/data=!4m7!3m6!1s0x316e794588caa4ef:0xde5072a2376a0e28!8m2!3d13.5142253!4d108.1029741!16s%2Fg%2F11y21b06nl!19sChIJ76TKiEV5bjERKA5qN6JyUN4?authuser=0&hl=vi&g_ep=EgoyMDI2MDkwMS4wIJJjKgBIAVAD&rclk=1
2026-09-05 12:58:20,990 | INFO | Valid Google Maps Place URL opened.
2026-09-05 12:58:26,370 | INFO | Address check | score=0.0000 | status=NEED_REVIEW | reason=MISSING_MAPS_ADDRESS
2026-09-05 12:58:26,371 | INFO | Opening Maps URL | attempt=1/3
2026-09-05 12:58:30,408 | INFO | Current Maps URL: https://www.google.com/maps/place/Nh%C3%A0+ngh%E1%BB%89+369/data=!4m7!3m6!1s0x316c3d4092cb741f:0x526be28e0920156f!8m2!3d13.9610624!4d107.8386065!16s%2Fg%2F11hbc060jw!19sChIJH3TLkkA9bDERbxUgCY7ia1I?authuser=0&hl=vi&g_ep=EgoyMDI2MDkwMS4wIJJjKgBIAVAD&rclk=1
2026-09-05 12:58:30,408 | INFO | Valid Google Maps Place URL opened.
2026-09-05 12:58:35,928 | INFO | Address check | score=0.0000 | status=NEED_REVIEW | reason=MISSING_MAPS_ADDRESS
2026-09-05 12:58:35,932 | INFO | Opening Maps URL | attempt=1/3
2026-09-05 12:58:39,973 | INFO | Current Maps URL: https://www.google.com/maps/place/FLC+Luxury+Hotel+Quy+Nhon/data=!4m10!3m9!1s0x316f41f43775ab65:0xf7105eac4b998d9a!5m2!4m1!1i2!8m2!3d13.887154!4d109.279516!16s%2Fg%2F11p5jyyk3q!19sChIJZat1N_RBbzERmo2ZS6xeEPc?authuser=0&hl=vi&g_ep=EgoyMDI2MDkwMS4wIJJjKgBIAVAD&rclk=1
2026-09-05 12:58:39,974 | INFO | Valid Google Maps Place URL opened.
2026-09-05 12:58:45,483 | INFO | Address check | score=0.0000 | status=NEED_REVIEW | reason=MISSING_MAPS_ADDRESS
2026-09-05 12:58:45,485 | INFO | Opening Maps URL | attempt=1/3
2026-09-05 12:58:48,818 | INFO | Current Maps URL: https://www.google.com/maps/place/Nh%C3%A0+ngh%E1%BB%89+%C3%A1nh+d%C6%B0%C6%A1ng/data=!4m7!3m6!1s0x316c23e148ba5927:0xda7728e11969f611!8m2!3d13.962183!4d107.863743!16s%2Fg%2F11ghltb827!19sChIJJ1m6SOEjbDEREfZpGeEod9o?authuser=0&hl=vi&g_ep=EgoyMDI2MDkwMS4wIJJjKgBIAVAD&rclk=1
2026-09-05 12:58:48,819 | INFO | Valid Google Maps Place URL opened.
2026-09-05 12:58:54,177 | INFO | Address check | score=0.0000 | status=NEED_REVIEW | reason=MISSING_MAPS_ADDRESS
2026-09-05 12:58:54,178 | INFO | Opening Maps URL | attempt=1/3
2026-09-05 12:58:58,127 | INFO | Current Maps URL: https://www.google.com/maps/place/Nh%C3%A0+Ngh%E1%BB%89+47/data=!4m7!3m6!1s0x316c1f884920b24d:0x2865e17db873493!8m2!3d13.9678437!4d108.0168906!16s%2Fg%2F11cs328mt6!19sChIJTbIgSYgfbDERkzSH2xdehgI?authuser=0&hl=vi&g_ep=EgoyMDI2MDkwMS4wIJJjKgBIAVAD&rclk=1
2026-09-05 12:58:58,132 | INFO | Valid Google Maps Place URL opened.
2026-09-05 12:59:03,583 | INFO | Address check | score=0.0000 | status=NEED_REVIEW | reason=MISSING_MAPS_ADDRESS
2026-09-05 12:59:03,584 | INFO | Opening Maps URL | attempt=1/3
2026-09-05 12:59:06,535 | INFO | Current Maps URL: https://www.google.com/maps/place/Lu+Khach+Quan+Homestay/data=!4m10!3m9!1s0x3174ddfea9f7d31d:0x7b15bf32a1e7c2!5m2!4m1!1i2!8m2!3d10.9727103!4d106.8880451!16s%2Fg%2F11hdsz0tnl!19sChIJHdP3qf7ddDERwuehMr8VewA?authuser=0&hl=vi&g_ep=EgoyMDI2MDkwMS4wIJJjKgBIAVAD&rclk=1
2026-09-05 12:59:06,535 | INFO | Valid Google Maps Place URL opened.
2026-09-05 12:59:11,575 | INFO | Address check | score=0.0000 | status=NEED_REVIEW | reason=MISSING_MAPS_ADDRESS
2026-09-05 12:59:11,576 | INFO | Opening Maps URL | attempt=1/3
2026-09-05 12:59:14,455 | INFO | Current Maps URL: https://www.google.com/maps/place/Kh%C3%A1ch+S%E1%BA%A1n+Thi%C3%AAn+C%C3%A1c+2/data=!4m10!3m9!1s0x316f6c93b3a4dfc1:0x8f214f28c76a6a57!5m2!4m1!1i2!8m2!3d13.766987!4d109.220483!16s%2Fg%2F11fhwtwztp!19sChIJwd-ks5NsbzERV2pqxyhPIY8?authuser=0&hl=vi&g_ep=EgoyMDI2MDkwMS4wIJJjKgBIAVAD&rclk=1
2026-09-05 12:59:14,455 | INFO | Valid Google Maps Place URL opened.
2026-09-05 12:59:19,467 | INFO | Address check | score=0.0000 | status=NEED_REVIEW | reason=MISSING_MAPS_ADDRESS
2026-09-05 12:59:19,468 | INFO | Opening Maps URL | attempt=1/3
2026-09-05 12:59:22,484 | INFO | Current Maps URL: https://www.google.com/maps/place/Mira+B%C3%A3i+X%E1%BA%BFp+Quy+Nh%C6%A1n/data=!4m10!3m9!1s0x316f72861703f041:0x8558ab9e8359c452!5m2!4m1!1i2!8m2!3d13.685788!4d109.230904!16s%2Fg%2F11fqd136pq!19sChIJQfADF4ZybzERUsRZg56rWIU?authuser=0&hl=vi&g_ep=EgoyMDI2MDkwMS4wIJJjKgBIAVAD&rclk=1
2026-09-05 12:59:22,486 | INFO | Valid Google Maps Place URL opened.
2026-09-05 12:59:27,773 | INFO | Address check | score=0.0000 | status=NEED_REVIEW | reason=MISSING_MAPS_ADDRESS
2026-09-05 12:59:27,776 | INFO | Opening Maps URL | attempt=1/3
2026-09-05 12:59:30,783 | INFO | Current Maps URL: https://www.google.com/maps/place/Kh%C3%A1ch+s%E1%BA%A1n+Mira+-+Kh%C3%A1ch+s%E1%BA%A1n+g%E1%BA%A7n+bi%E1%BB%83n+%E1%BB%9F+Quy+Nh%C6%A1n/data=!4m10!3m9!1s0x316f6ceceb457403:0x1de22f520372522b!5m2!4m1!1i2!8m2!3d13.761717!4d109.219274!16s%2Fg%2F11fk15qdmx!19sChIJA3RF6-xsbzERK1JyA1Iv4h0?authuser=0&hl=vi&g_ep=EgoyMDI2MDkwMS4wIJJjKgBIAVAD&rclk=1
2026-09-05 12:59:30,784 | INFO | Valid Google Maps Place URL opened.
2026-09-05 12:59:35,893 | INFO | Address check | score=0.0000 | status=NEED_REVIEW | reason=MISSING_MAPS_ADDRESS
2026-09-05 12:59:35,896 | INFO | CHECKPOINT | processed=380 | matched=1 | mismatched=6 | review=373
2026-09-05 12:59:36,387 | INFO | Excel saved: D:\Product-Google-Maps\output\hotels_export_google_maps_checked.xlsx
2026-09-05 12:59:36,388 | INFO | Opening Maps URL | attempt=1/3
2026-09-05 12:59:39,454 | INFO | Current Maps URL: https://www.google.com/maps/place/Canary+Gold+Hotel/data=!4m10!3m9!1s0x316f6c64b0910047:0x12e42c7f99efeec9!5m2!4m1!1i2!8m2!3d13.771961!4d109.242511!16s%2Fg%2F11rlvhrhcn!19sChIJRwCRsGRsbzERye7vmX8s5BI?authuser=0&hl=vi&g_ep=EgoyMDI2MDkwMS4wIJJjKgBIAVAD&rclk=1
2026-09-05 12:59:39,454 | INFO | Valid Google Maps Place URL opened.
2026-09-05 12:59:44,928 | INFO | Address check | score=0.0000 | status=NEED_REVIEW | reason=MISSING_MAPS_ADDRESS
2026-09-05 12:59:44,932 | INFO | Opening Maps URL | attempt=1/3
2026-09-05 12:59:47,838 | INFO | Current Maps URL: https://www.google.com/maps/place/Kh%C3%A1ch+s%E1%BA%A1n+H%E1%BA%A3i+S%C6%A1n+Qu%E1%BA%ADn+B%C3%ACnh+T%C3%A2n/data=!4m7!3m6!1s0x31752c32db0461e9:0x7edf2a8d92ae1e32!8m2!3d10.751069!4d106.6148376!16s%2Fg%2F11btrrpmxb!19sChIJ6WEE2zIsdTERMh6uko0q334?authuser=0&hl=vi&g_ep=EgoyMDI2MDkwMS4wIJJjKgBIAVAD&rclk=1
2026-09-05 12:59:47,838 | INFO | Valid Google Maps Place URL opened.
2026-09-05 12:59:52,968 | INFO | Address check | score=0.0000 | status=NEED_REVIEW | reason=MISSING_MAPS_ADDRESS
2026-09-05 12:59:52,969 | INFO | Opening Maps URL | attempt=1/3
2026-09-05 12:59:55,934 | INFO | Current Maps URL: https://www.google.com/maps/place/Me+Dream+Residence/data=!4m10!3m9!1s0x30540641a75b0401:0x698d449409fae577!5m2!4m1!1i2!8m2!3d9.133016!4d99.341353!16s%2Fg%2F11bw1z1zpq!19sChIJAQRbp0EGVDARd-X6CZREjWk?authuser=0&hl=vi&g_ep=EgoyMDI2MDkwMS4wIJJjKgBIAVAD&rclk=1
2026-09-05 12:59:55,935 | INFO | Valid Google Maps Place URL opened.
2026-09-05 13:00:01,473 | INFO | Address check | score=0.0000 | status=NEED_REVIEW | reason=MISSING_MAPS_ADDRESS
2026-09-05 13:00:01,474 | INFO | Opening Maps URL | attempt=1/3
2026-09-05 13:00:05,155 | INFO | Current Maps URL: https://www.google.com/maps/place/Pleiku+Homestay/data=!4m10!3m9!1s0x316c1f965eda9afb:0xc3d95f43f0cb7527!5m2!4m1!1i2!8m2!3d13.974368!4d108.0131419!16s%2Fg%2F11tjq_n97q!19sChIJ-5raXpYfbDERJ3XL8ENf2cM?authuser=0&hl=vi&g_ep=EgoyMDI2MDkwMS4wIJJjKgBIAVAD&rclk=1
2026-09-05 13:00:05,156 | INFO | Valid Google Maps Place URL opened.
2026-09-05 13:00:10,325 | INFO | Address check | score=0.0000 | status=NEED_REVIEW | reason=MISSING_MAPS_ADDRESS
2026-09-05 13:00:10,327 | INFO | Opening Maps URL | attempt=1/3
2026-09-05 13:00:14,336 | INFO | Current Maps URL: https://www.google.com/maps/place/Pleiku+Homestay/data=!4m10!3m9!1s0x316c1f965eda9afb:0xc3d95f43f0cb7527!5m2!4m1!1i2!8m2!3d13.974368!4d108.0131419!16s%2Fg%2F11tjq_n97q!19sChIJ-5raXpYfbDERJ3XL8ENf2cM?authuser=0&hl=vi&g_ep=EgoyMDI2MDkwMS4wIJJjKgBIAVAD&rclk=1
2026-09-05 13:00:14,337 | INFO | Valid Google Maps Place URL opened.
2026-09-05 13:00:19,691 | INFO | Address check | score=0.0000 | status=NEED_REVIEW | reason=MISSING_MAPS_ADDRESS
2026-09-05 13:00:19,693 | INFO | Opening Maps URL | attempt=1/3
2026-09-05 13:00:22,662 | INFO | Current Maps URL: https://www.google.com/maps/place/Khaolak+Banana+Bungalow/data=!4m10!3m9!1s0x3050eec3686065f3:0x348936b38c7c5da3!5m2!4m1!1i2!8m2!3d8.641791!4d98.252585!16s%2Fg%2F113k9m29s!19sChIJ82VgaMPuUDARo118jLM2iTQ?authuser=0&hl=vi&g_ep=EgoyMDI2MDkwMS4wIJJjKgBIAVAD&rclk=1
2026-09-05 13:00:22,663 | INFO | Valid Google Maps Place URL opened.
2026-09-05 13:00:23,560 | INFO | Address check | score=0.1818 | status=MISMATCH | reason=ADDRESS_MISMATCH
2026-09-05 13:00:23,561 | INFO | Opening Maps URL | attempt=1/3
2026-09-05 13:00:27,421 | INFO | Current Maps URL: https://www.google.com/maps/place/Khaolak+Banana+Bungalow/data=!4m10!3m9!1s0x3050eec3686065f3:0x348936b38c7c5da3!5m2!4m1!1i2!8m2!3d8.641791!4d98.252585!16s%2Fg%2F113k9m29s!19sChIJ82VgaMPuUDARo118jLM2iTQ?authuser=0&hl=vi&g_ep=EgoyMDI2MDkwMS4wIJJjKgBIAVAD&rclk=1
2026-09-05 13:00:27,422 | INFO | Valid Google Maps Place URL opened.
2026-09-05 13:00:32,853 | INFO | Address check | score=0.0000 | status=NEED_REVIEW | reason=MISSING_MAPS_ADDRESS
2026-09-05 13:00:32,857 | INFO | Opening Maps URL | attempt=1/3
2026-09-05 13:00:36,653 | INFO | Current Maps URL: https://www.google.com/maps/place/QL1A/data=!4m7!3m6!1s0x36b55ac590a3a137:0x5ff8f9aa8d1a4520!8m2!3d14.1221807!4d109.0451217!16s%2Fm%2F02qs0cd!19sIi4qLAoUChIJN6GjkMVatTYRIEUajar5-F8SFAoSCaOBLwKCH2wxEQ21Q4H2tVKM?authuser=0&hl=vi&g_ep=EgoyMDI2MDkwMS4wIJJjKgBIAVAD&rclk=1
2026-09-05 13:00:36,653 | INFO | Valid Google Maps Place URL opened.
2026-09-05 13:00:41,979 | INFO | Address check | score=0.0000 | status=NEED_REVIEW | reason=MISSING_MAPS_ADDRESS
2026-09-05 13:00:41,980 | INFO | Opening Maps URL | attempt=1/3
2026-09-05 13:00:45,000 | INFO | Current Maps URL: https://www.google.com/maps/place/Nh%C3%A0+Ngh%E1%BB%89+Ph%C6%B0%C6%A1ng+Anh/data=!4m7!3m6!1s0x316c1f9bb9fe651f:0xd99a2cae59299f68!8m2!3d13.9843567!4d108.0087503!16s%2Fg%2F11kmnywqv8!19sChIJH2X-uZsfbDERaJ8pWa4smtk?authuser=0&hl=vi&g_ep=EgoyMDI2MDkwMS4wIJJjKgBIAVAD&rclk=1
2026-09-05 13:00:45,000 | INFO | Valid Google Maps Place URL opened.
2026-09-05 13:00:50,486 | INFO | Address check | score=0.0000 | status=NEED_REVIEW | reason=MISSING_MAPS_ADDRESS
2026-09-05 13:00:50,487 | INFO | Opening Maps URL | attempt=1/3
2026-09-05 13:00:53,691 | INFO | Current Maps URL: https://www.google.com/maps/place/Nh%C3%A0+ngh%E1%BB%89+Anh+Ph%C6%B0%C6%A1ng+2/data=!4m7!3m6!1s0x316f6ce81dc81351:0x9006d6daf826998e!8m2!3d13.753761!4d109.2118877!16s%2Fg%2F11cn92cjwz!19sChIJURPIHehsbzERjpkm-NrWBpA?authuser=0&hl=vi&g_ep=EgoyMDI2MDkwMS4wIJJjKgBIAVAD&rclk=1
2026-09-05 13:00:53,691 | INFO | Valid Google Maps Place URL opened.
2026-09-05 13:00:59,124 | INFO | Address check | score=0.0000 | status=NEED_REVIEW | reason=MISSING_MAPS_ADDRESS
2026-09-05 13:00:59,125 | INFO | CHECKPOINT | processed=390 | matched=1 | mismatched=7 | review=382
2026-09-05 13:00:59,621 | INFO | Excel saved: D:\Product-Google-Maps\output\hotels_export_google_maps_checked.xlsx
2026-09-05 13:00:59,622 | INFO | Opening Maps URL | attempt=1/3
2026-09-05 13:01:02,559 | INFO | Current Maps URL: https://www.google.com/maps/place/Homies+Homestay+Quy+Nh%C6%A1n/data=!4m10!3m9!1s0x316f6de041964587:0x9443522f7007fd59!5m2!4m1!1i2!8m2!3d13.7826885!4d109.2242203!16s%2Fg%2F11t7z549z5!19sChIJh0WWQeBtbzERWf0HcC9SQ5Q?authuser=0&hl=vi&g_ep=EgoyMDI2MDkwMS4wIJJjKgBIAVAD&rclk=1
2026-09-05 13:01:02,560 | INFO | Valid Google Maps Place URL opened.
2026-09-05 13:01:07,949 | INFO | Address check | score=0.0000 | status=NEED_REVIEW | reason=MISSING_MAPS_ADDRESS
2026-09-05 13:01:07,953 | INFO | Opening Maps URL | attempt=1/3
2026-09-05 13:01:11,076 | INFO | Current Maps URL: https://www.google.com/maps/place/L%E1%BA%A1c+H%E1%BB%93ng+Hotel/data=!4m7!3m6!1s0x31752dc50f234939:0x7df339f358a30a44!8m2!3d10.737506!4d106.6149483!16s%2Fg%2F1hc223zhn!19sChIJOUkjD8UtdTERRAqjWPM5830?authuser=0&hl=vi&g_ep=EgoyMDI2MDkwMS4wIJJjKgBIAVAD&rclk=1
2026-09-05 13:01:11,077 | INFO | Valid Google Maps Place URL opened.
2026-09-05 13:01:16,534 | INFO | Address check | score=0.0000 | status=NEED_REVIEW | reason=MISSING_MAPS_ADDRESS
2026-09-05 13:01:16,535 | INFO | Opening Maps URL | attempt=1/3
2026-09-05 13:01:19,450 | INFO | Current Maps URL: https://www.google.com/maps/place/Baan+Kao+Hua+Jook/data=!4m10!3m9!1s0x3054f04a6077640b:0xebd5711a8509b2ec!5m2!4m1!1i2!8m2!3d9.535595!4d100.056961!16s%2Fg%2F11btv689s2!19sChIJC2R3YErwVDAR7LIJhRpx1es?authuser=0&hl=vi&g_ep=EgoyMDI2MDkwMS4wIJJjKgBIAVAD&rclk=1
2026-09-05 13:01:19,451 | INFO | Valid Google Maps Place URL opened.
2026-09-05 13:01:24,895 | INFO | Address check | score=0.0000 | status=NEED_REVIEW | reason=MISSING_MAPS_ADDRESS
2026-09-05 13:01:24,897 | INFO | Opening Maps URL | attempt=1/3
2026-09-05 13:01:27,834 | INFO | Current Maps URL: https://www.google.com/maps/place/Kh%C3%A1ch+s%E1%BA%A1n+Pleiku/data=!4m10!3m9!1s0x316c1f9beeafdc63:0xd112ab483882c1ec!5m2!4m1!1i2!8m2!3d13.98526!4d108.007592!16s%2Fg%2F1tdy1zcp!19sChIJY9yv7psfbDER7MGCOEirEtE?authuser=0&hl=vi&g_ep=EgoyMDI2MDkwMS4wIJJjKgBIAVAD&rclk=1
2026-09-05 13:01:27,834 | INFO | Valid Google Maps Place URL opened.
2026-09-05 13:01:33,308 | INFO | Address check | score=0.0000 | status=NEED_REVIEW | reason=MISSING_MAPS_ADDRESS
2026-09-05 13:01:33,309 | INFO | Opening Maps URL | attempt=1/3
2026-09-05 13:01:36,488 | INFO | Current Maps URL: https://www.google.com/maps/place/Green+Hotel+Quy+Nh%C6%A1n+-+C%C3%A1ch+bi%E1%BB%83n+200m/data=!4m10!3m9!1s0x316f6d21678907cb:0xbf61311ccc0b065e!5m2!4m1!1i2!8m2!3d13.7528117!4d109.2142909!16s%2Fg%2F11h22ppmqg!19sChIJyweJZyFtbzERXgYLzBwxYb8?authuser=0&hl=vi&g_ep=EgoyMDI2MDkwMS4wIJJjKgBIAVAD&rclk=1
2026-09-05 13:01:36,488 | INFO | Valid Google Maps Place URL opened.
2026-09-05 13:01:41,859 | INFO | Address check | score=0.0000 | status=NEED_REVIEW | reason=MISSING_MAPS_ADDRESS
2026-09-05 13:01:41,863 | INFO | Opening Maps URL | attempt=1/3
2026-09-05 13:01:44,805 | INFO | Current Maps URL: https://www.google.com/maps/place/LY+KY+HOTEL/data=!4m10!3m9!1s0x316f6c8d3ec2aa69:0xd91b2d6b8e10d327!5m2!4m1!1i2!8m2!3d13.7642244!4d109.2250849!16s%2Fg%2F11bw67jvkm!19sChIJaarCPo1sbzERJ9MQjmstG9k?authuser=0&hl=vi&g_ep=EgoyMDI2MDkwMS4wIJJjKgBIAVAD&rclk=1
2026-09-05 13:01:44,805 | INFO | Valid Google Maps Place URL opened.
2026-09-05 13:01:50,223 | INFO | Address check | score=0.0000 | status=NEED_REVIEW | reason=MISSING_MAPS_ADDRESS
2026-09-05 13:01:50,226 | INFO | Opening Maps URL | attempt=1/3
2026-09-05 13:01:53,096 | INFO | Current Maps URL: https://www.google.com/maps/place/Duparc+Hotel+Dalat/data=!4m10!3m9!1s0x3171133073081d53:0x79ff591500016721!5m2!4m1!1i2!8m2!3d11.936639!4d108.438967!16s%2Fg%2F1ptzp9tvh!19sChIJUx0IczATcTERIWcBABVZ_3k?authuser=0&hl=vi&g_ep=EgoyMDI2MDkwMS4wIJJjKgBIAVAD&rclk=1
2026-09-05 13:01:53,096 | INFO | Valid Google Maps Place URL opened.
2026-09-05 13:01:58,201 | INFO | Address check | score=0.0000 | status=NEED_REVIEW | reason=MISSING_MAPS_ADDRESS
2026-09-05 13:01:58,203 | INFO | Opening Maps URL | attempt=1/3
2026-09-05 13:02:01,078 | INFO | Current Maps URL: https://www.google.com/maps/place/Nh%C3%A0+Ngh%E1%BB%89+An+Ti%C3%AAn/data=!4m7!3m6!1s0x316c1f7b035946db:0x61e967f4db7ecdaf!8m2!3d13.9788052!4d107.9909507!16s%2Fg%2F11c45w4r56!19sChIJ20ZZA3sfbDERr81-2_Rn6WE?authuser=0&hl=vi&g_ep=EgoyMDI2MDkwMS4wIJJjKgBIAVAD&rclk=1
2026-09-05 13:02:01,078 | INFO | Valid Google Maps Place URL opened.
2026-09-05 13:02:06,384 | INFO | Address check | score=0.0000 | status=NEED_REVIEW | reason=MISSING_MAPS_ADDRESS
2026-09-05 13:02:06,386 | INFO | Opening Maps URL | attempt=1/3
2026-09-05 13:02:09,296 | INFO | Current Maps URL: https://www.google.com/maps/place/Kh%C3%A1ch+s%E1%BA%A1n+Minh+Anh/data=!4m10!3m9!1s0x317529a533d71ead:0xd2e47341d775fd81!5m2!4m1!1i2!8m2!3d10.845383!4d106.66251!16s%2Fg%2F11gjt1ts6p!19sChIJrR7XM6UpdTERgf1110Fz5NI?authuser=0&hl=vi&g_ep=EgoyMDI2MDkwMS4wIJJjKgBIAVAD&rclk=1
2026-09-05 13:02:09,297 | INFO | Valid Google Maps Place URL opened.
2026-09-05 13:02:14,386 | INFO | Address check | score=0.0000 | status=NEED_REVIEW | reason=MISSING_MAPS_ADDRESS
2026-09-05 13:02:14,390 | INFO | Opening Maps URL | attempt=1/3
2026-09-05 13:02:17,469 | INFO | Current Maps URL: https://www.google.com/maps/place/NH%C3%80+NGH%E1%BB%88+THU+PH%C6%AF%C6%A0NG+B%E1%BB%9D+K%C3%A8+Ph%C3%BA+Thi%E1%BB%87n/data=!4m7!3m6!1s0x316e63463fa99835:0x3eedf87ba84cec2a!8m2!3d13.5266875!4d108.3101875!16s%2Fg%2F11yqsy0h40!19sChIJNZipP0ZjbjERKuxMqHv47T4?authuser=0&hl=vi&g_ep=EgoyMDI2MDkwMS4wIJJjKgBIAVAD&rclk=1
2026-09-05 13:02:17,470 | INFO | Valid Google Maps Place URL opened.
2026-09-05 13:02:22,942 | INFO | Address check | score=0.3077 | status=MISMATCH | reason=ADDRESS_MISMATCH
2026-09-05 13:02:22,943 | INFO | CHECKPOINT | processed=400 | matched=1 | mismatched=8 | review=391
2026-09-05 13:02:23,486 | INFO | Excel saved: D:\Product-Google-Maps\output\hotels_export_google_maps_checked.xlsx
2026-09-05 13:02:23,486 | INFO | Opening Maps URL | attempt=1/3
2026-09-05 13:02:26,644 | INFO | Current Maps URL: https://www.google.com/maps/place/%E0%B8%9E%E0%B8%A3%E0%B8%B8%E0%B8%A7%E0%B8%B1%E0%B8%A5%E0%B9%80%E0%B8%A5%E0%B9%88%E0%B8%A2%E0%B9%8C+%E0%B8%97%E0%B8%B0%E0%B9%80%E0%B8%A5%E0%B9%83%E0%B8%95%E0%B9%89+%E0%B8%A3%E0%B8%B5%E0%B8%AA%E0%B8%AD%E0%B8%A3%E0%B9%8C%E0%B8%97+%28Pru+Valley+Thaley+Tai+Resort%29/data=!4m10!3m9!1s0x3055fc1362211e7f:0x9d22771d88c0eed5!5m2!4m1!1i2!8m2!3d10.374869!4d99.26203!16s%2Fg%2F11gh0jxvgd!19sChIJfx4hYhP8VTAR1e7AiB13Ip0?authuser=0&hl=vi&g_ep=EgoyMDI2MDkwMS4wIJJjKgBIAVAD&rclk=1
2026-09-05 13:02:26,645 | INFO | Valid Google Maps Place URL opened.
2026-09-05 13:02:32,042 | INFO | Address check | score=0.0000 | status=NEED_REVIEW | reason=MISSING_MAPS_ADDRESS
2026-09-05 13:02:32,043 | INFO | Opening Maps URL | attempt=1/3
2026-09-05 13:02:34,957 | INFO | Current Maps URL: https://www.google.com/maps/place/Kh%C3%A1ch+S%E1%BA%A1n+H%E1%BB%AFu+Ngh%E1%BB%8B/data=!4m7!3m6!1s0x31752f46e514ad47:0xe2d8abcc7daf29e9!8m2!3d10.7744424!4d106.7036643!16s%2Fg%2F11lky4yxz5!19sChIJR60U5UYvdTER6Smvfcyr2OI?authuser=0&hl=vi&g_ep=EgoyMDI2MDkwMS4wIJJjKgBIAVAD&rclk=1
2026-09-05 13:02:34,957 | INFO | Valid Google Maps Place URL opened.
2026-09-05 13:02:40,343 | INFO | Address check | score=0.0000 | status=NEED_REVIEW | reason=MISSING_MAPS_ADDRESS
2026-09-05 13:02:40,345 | INFO | Opening Maps URL | attempt=1/3
2026-09-05 13:02:43,524 | INFO | Current Maps URL: https://www.google.com/maps/place/V%C3%82N+MAI+HOTEL/data=!4m7!3m6!1s0x316f6db2d452778b:0xb2c194b43c3d06c4!8m2!3d13.7812172!4d109.2342319!16s%2Fg%2F11j2ch023_!19sChIJi3dS1LJtbzERxAY9PLSUwbI?authuser=0&hl=vi&g_ep=EgoyMDI2MDkwMS4wIJJjKgBIAVAD&rclk=1
2026-09-05 13:02:43,524 | INFO | Valid Google Maps Place URL opened.
2026-09-05 13:02:48,918 | INFO | Address check | score=0.0000 | status=NEED_REVIEW | reason=MISSING_MAPS_ADDRESS
2026-09-05 13:02:48,920 | INFO | Opening Maps URL | attempt=1/3
2026-09-05 13:02:52,014 | INFO | Current Maps URL: https://www.google.com/maps/place/H%E1%BB%99+Kinh+Doanh+Nguy%E1%BB%85n+Anh+Th%C6%B0/data=!4m7!3m6!1s0x317525007ee0f7f1:0x444bffbffc73d36c!8m2!3d10.7140451!4d106.7393158!16s%2Fg%2F11z9q39fs2!19sChIJ8ffgfgAldTERbNNz_L__S0Q?authuser=0&hl=vi&g_ep=EgoyMDI2MDkwMS4wIJJjKgBIAVAD&rclk=1
2026-09-05 13:02:52,015 | INFO | Valid Google Maps Place URL opened.
2026-09-05 13:02:57,469 | INFO | Address check | score=0.0000 | status=NEED_REVIEW | reason=MISSING_MAPS_ADDRESS
2026-09-05 13:02:57,470 | INFO | Opening Maps URL | attempt=1/3
2026-09-05 13:03:00,782 | INFO | Current Maps URL: https://www.google.com/maps/place/Zin%E2%80%99s+Homestay+Pleiku+Gia+lai/data=!4m10!3m9!1s0x316c211e571e487f:0x755ccc77a83bea6!5m2!4m1!1i2!8m2!3d13.9331168!4d107.989937!16s%2Fg%2F11vln75pcv!19sChIJf0geVx4hbDERpr6DesfMVQc?authuser=0&hl=vi&g_ep=EgoyMDI2MDkwMS4wIJJjKgBIAVAD&rclk=1
2026-09-05 13:03:00,782 | INFO | Valid Google Maps Place URL opened.
2026-09-05 13:03:06,233 | INFO | Address check | score=0.0000 | status=NEED_REVIEW | reason=MISSING_MAPS_ADDRESS
2026-09-05 13:03:06,234 | INFO | Opening Maps URL | attempt=1/3
2026-09-05 13:03:09,549 | INFO | Current Maps URL: https://www.google.com/maps/place/Kh%C3%A1ch+s%E1%BA%A1n+Mira+-+Kh%C3%A1ch+s%E1%BA%A1n+g%E1%BA%A7n+bi%E1%BB%83n+%E1%BB%9F+Quy+Nh%C6%A1n/data=!4m10!3m9!1s0x316f6ceceb457403:0x1de22f520372522b!5m2!4m1!1i2!8m2!3d13.761717!4d109.219274!16s%2Fg%2F11fk15qdmx!19sChIJA3RF6-xsbzERK1JyA1Iv4h0?authuser=0&hl=vi&g_ep=EgoyMDI2MDkwMS4wIJJjKgBIAVAD&rclk=1
2026-09-05 13:03:09,549 | INFO | Valid Google Maps Place URL opened.
2026-09-05 13:03:14,873 | INFO | Address check | score=0.0000 | status=NEED_REVIEW | reason=MISSING_MAPS_ADDRESS
2026-09-05 13:03:14,875 | INFO | Opening Maps URL | attempt=1/3
2026-09-05 13:03:17,805 | INFO | Current Maps URL: https://www.google.com/maps/place/Kh%C3%A1ch+s%E1%BA%A1n+Mira+-+Kh%C3%A1ch+s%E1%BA%A1n+g%E1%BA%A7n+bi%E1%BB%83n+%E1%BB%9F+Quy+Nh%C6%A1n/data=!4m10!3m9!1s0x316f6ceceb457403:0x1de22f520372522b!5m2!4m1!1i2!8m2!3d13.761717!4d109.219274!16s%2Fg%2F11fk15qdmx!19sChIJA3RF6-xsbzERK1JyA1Iv4h0?authuser=0&hl=vi&g_ep=EgoyMDI2MDkwMS4wIJJjKgBIAVAD&rclk=1
2026-09-05 13:03:17,805 | INFO | Valid Google Maps Place URL opened.
2026-09-05 13:03:23,274 | INFO | Address check | score=0.0000 | status=NEED_REVIEW | reason=MISSING_MAPS_ADDRESS
2026-09-05 13:03:23,275 | INFO | Opening Maps URL | attempt=1/3
2026-09-05 13:03:26,249 | INFO | Current Maps URL: https://www.google.com/maps/place/Kh%C3%A1ch+s%E1%BA%A1n+Mira+-+Kh%C3%A1ch+s%E1%BA%A1n+g%E1%BA%A7n+bi%E1%BB%83n+%E1%BB%9F+Quy+Nh%C6%A1n/data=!4m10!3m9!1s0x316f6ceceb457403:0x1de22f520372522b!5m2!4m1!1i2!8m2!3d13.761717!4d109.219274!16s%2Fg%2F11fk15qdmx!19sChIJA3RF6-xsbzERK1JyA1Iv4h0?authuser=0&hl=vi&g_ep=EgoyMDI2MDkwMS4wIJJjKgBIAVAD&rclk=1
2026-09-05 13:03:26,249 | INFO | Valid Google Maps Place URL opened.
2026-09-05 13:03:31,366 | INFO | Address check | score=0.0000 | status=NEED_REVIEW | reason=MISSING_MAPS_ADDRESS
2026-09-05 13:03:31,367 | INFO | Opening Maps URL | attempt=1/3
2026-09-05 13:03:35,191 | INFO | Current Maps URL: https://www.google.com/maps/place/Duc+Long+Gia+Lai+2+Hotel/data=!4m10!3m9!1s0x316c1f795948acf9:0x7ec48a341177a032!5m2!4m1!1i2!8m2!3d13.977072!4d107.994967!16s%2Fg%2F11xmphd6h!19sChIJ-axIWXkfbDERMqB3ETSKxH4?authuser=0&hl=vi&g_ep=EgoyMDI2MDkwMS4wIJJjKgBIAVAD&rclk=1
2026-09-05 13:03:35,192 | INFO | Valid Google Maps Place URL opened.
2026-09-05 13:03:40,323 | INFO | Address check | score=0.0000 | status=NEED_REVIEW | reason=MISSING_MAPS_ADDRESS
2026-09-05 13:03:40,324 | INFO | Opening Maps URL | attempt=1/3
2026-09-05 13:03:44,136 | INFO | Current Maps URL: https://www.google.com/maps/place/HOTEL+DUY+NH%E1%BA%A4T+2/data=!4m10!3m9!1s0x316e7ee308e6b155:0x2b72f69c7d37c92e!5m2!4m1!1i2!8m2!3d13.548018!4d108.099301!16s%2Fg%2F11lhch9tbs!19sChIJVbHmCON-bjERLsk3fZz2cis?authuser=0&hl=vi&g_ep=EgoyMDI2MDkwMS4wIJJjKgBIAVAD&rclk=1
2026-09-05 13:03:44,137 | INFO | Valid Google Maps Place URL opened.
2026-09-05 13:03:49,577 | INFO | Address check | score=0.0000 | status=NEED_REVIEW | reason=MISSING_MAPS_ADDRESS
2026-09-05 13:03:49,577 | INFO | CHECKPOINT | processed=410 | matched=1 | mismatched=8 | review=401
2026-09-05 13:03:50,056 | INFO | Excel saved: D:\Product-Google-Maps\output\hotels_export_google_maps_checked.xlsx
2026-09-05 13:03:50,057 | INFO | Opening Maps URL | attempt=1/3
2026-09-05 13:03:54,065 | INFO | Current Maps URL: https://www.google.com/maps/place/Nh%C3%A0+Ngh%E1%BB%89+Th%E1%BB%91ng+Nh%E1%BA%A5t/data=!4m7!3m6!1s0x316c1efc88b4b711:0x5a2f5aa23e734b16!8m2!3d14.0224361!4d107.9907795!16s%2Fg%2F1hc29b1kn!19sChIJEbe0iPwebDERFktzPqJaL1o?authuser=0&hl=vi&g_ep=EgoyMDI2MDkwMS4wIJJjKgBIAVAD&rclk=1
2026-09-05 13:03:54,065 | INFO | Valid Google Maps Place URL opened.
2026-09-05 13:03:59,605 | INFO | Address check | score=0.0000 | status=NEED_REVIEW | reason=MISSING_MAPS_ADDRESS
2026-09-05 13:03:59,606 | INFO | Opening Maps URL | attempt=1/3
2026-09-05 13:04:02,536 | INFO | Current Maps URL: https://www.google.com/maps/place/Nh%C3%A0+Ngh%E1%BB%89+M%E1%BB%B9+Ng%E1%BB%8Dc/data=!4m7!3m6!1s0x316f2393858e635d:0x84b21ea4c6db7da3!8m2!3d13.8996668!4d108.9560855!16s%2Fg%2F11j7kycwg0!19sChIJXWOOhZMjbzERo33bxqQesoQ?authuser=0&hl=vi&g_ep=EgoyMDI2MDkwMS4wIJJjKgBIAVAD&rclk=1
2026-09-05 13:04:02,536 | INFO | Valid Google Maps Place URL opened.
2026-09-05 13:04:07,878 | INFO | Address check | score=0.0000 | status=NEED_REVIEW | reason=MISSING_MAPS_ADDRESS
2026-09-05 13:04:07,879 | INFO | Opening Maps URL | attempt=1/3
2026-09-05 13:04:10,934 | INFO | Current Maps URL: https://www.google.com/maps/place/Nh%C3%A0+Ngh%E1%BB%89+Ho%C3%A0ng+H%C3%B4n/data=!4m7!3m6!1s0x316f3ba4590103c1:0x5758466895777c83!8m2!3d14.0060228!4d109.0541212!16s%2Fg%2F11b67jl5d1!19sChIJwQMBWaQ7bzERg3x3lWhGWFc?authuser=0&hl=vi&g_ep=EgoyMDI2MDkwMS4wIJJjKgBIAVAD&rclk=1
2026-09-05 13:04:10,934 | INFO | Valid Google Maps Place URL opened.
2026-09-05 13:04:16,474 | INFO | Address check | score=0.0000 | status=NEED_REVIEW | reason=MISSING_MAPS_ADDRESS
2026-09-05 13:04:16,479 | INFO | Opening Maps URL | attempt=1/3
2026-09-05 13:04:19,665 | INFO | Current Maps URL: https://www.google.com/maps/place/Kh%C3%A1ch+S%E1%BA%A1n+H%E1%BA%A3i+%C3%82u/data=!4m10!3m9!1s0x316f6ceec7943d93:0x32843a68840876c6!5m2!4m1!1i2!8m2!3d13.756456!4d109.218592!16s%2Fg%2F1tfthps7!19sChIJkz2Ux-5sbzERxnYIhGg6hDI?authuser=0&hl=vi&g_ep=EgoyMDI2MDkwMS4wIJJjKgBIAVAD&rclk=1
2026-09-05 13:04:19,665 | INFO | Valid Google Maps Place URL opened.
2026-09-05 13:04:24,883 | INFO | Address check | score=0.0000 | status=NEED_REVIEW | reason=MISSING_MAPS_ADDRESS
2026-09-05 13:04:24,885 | INFO | Opening Maps URL | attempt=1/3
2026-09-05 13:04:27,921 | INFO | Current Maps URL: https://www.google.com/maps/place/Navina+Chilling+House/data=!4m10!3m9!1s0x316ce1a529366d7b:0x1a169c66c805549a!5m2!4m1!1i2!8m2!3d13.721683!4d106.973888!16s%2Fg%2F11y97qslhz!19sChIJe202KaXhbDERmlQFyGacFho?authuser=0&hl=vi&g_ep=EgoyMDI2MDkwMS4wIJJjKgBIAVAD&rclk=1
2026-09-05 13:04:27,933 | INFO | Valid Google Maps Place URL opened.
2026-09-05 13:04:33,357 | INFO | Address check | score=0.0000 | status=NEED_REVIEW | reason=MISSING_MAPS_ADDRESS
2026-09-05 13:04:33,358 | INFO | Opening Maps URL | attempt=1/3
2026-09-05 13:04:36,332 | INFO | Current Maps URL: https://www.google.com/maps/place/Nh%C3%A0+ngh%E1%BB%89+%C4%90ak+%C4%90oa+Motel+Nam+Ph%C6%B0%C6%A1ng/data=!4m7!3m6!1s0x316ea1001783cb95:0x5cf88fbe58e58d1c!8m2!3d13.980969!4d108.124555!16s%2Fg%2F11w9j3c49q!19sChIJlcuDFwChbjERHI3lWL6P-Fw?authuser=0&hl=vi&g_ep=EgoyMDI2MDkwMS4wIJJjKgBIAVAD&rclk=1
2026-09-05 13:04:36,332 | INFO | Valid Google Maps Place URL opened.
2026-09-05 13:04:41,666 | INFO | Address check | score=0.0000 | status=NEED_REVIEW | reason=MISSING_MAPS_ADDRESS
2026-09-05 13:04:41,668 | INFO | Opening Maps URL | attempt=1/3
2026-09-05 13:04:44,675 | INFO | Current Maps URL: https://www.google.com/maps/place/Nh%C3%A0+ngh%E1%BB%89+Thanh+Ng%C3%A2n/data=!4m7!3m6!1s0x316ec396dcbdb497:0x5d1aeeacc733a621!8m2!3d13.9742309!4d108.5564111!16s%2Fg%2F11jgj4fjtc!19sChIJl7S93JbDbjERIaYzx6zuGl0?authuser=0&hl=vi&g_ep=EgoyMDI2MDkwMS4wIJJjKgBIAVAD&rclk=1
2026-09-05 13:04:44,676 | INFO | Valid Google Maps Place URL opened.
2026-09-05 13:04:49,983 | INFO | Address check | score=0.0000 | status=NEED_REVIEW | reason=MISSING_MAPS_ADDRESS
2026-09-05 13:04:49,985 | INFO | Opening Maps URL | attempt=1/3
2026-09-05 13:04:53,104 | INFO | Current Maps URL: https://www.google.com/maps/place/NH%C3%80+NGH%E1%BB%88+C%C6%AF%E1%BB%9CNG+TH%E1%BB%82+-+C%C6%AF%E1%BB%9CNG+TH%E1%BB%82+MOTEL+AN+KH%C3%8A+GIA+LAI/data=!4m7!3m6!1s0x316edd50a13f2a11:0x91e37b371fada192!8m2!3d13.9753849!4d108.6718409!16s%2Fg%2F11ktl8qd80!19sChIJESo_oVDdbjERkqGtHzd745E?authuser=0&hl=vi&g_ep=EgoyMDI2MDkwMS4wIJJjKgBIAVAD&rclk=1
2026-09-05 13:04:53,105 | INFO | Valid Google Maps Place URL opened.
2026-09-05 13:04:58,493 | INFO | Address check | score=0.4706 | status=MISMATCH | reason=ADDRESS_MISMATCH
2026-09-05 13:04:58,494 | INFO | Opening Maps URL | attempt=1/3
2026-09-05 13:05:01,643 | INFO | Current Maps URL: https://www.google.com/maps/place/H%E1%BA%A3i+Y%E1%BA%BFn+Hotel/data=!4m7!3m6!1s0x316c1f9ae545549f:0xfc34d6057258f184!8m2!3d13.9826396!4d108.010293!16s%2Fg%2F11c5bh4_jd!19sChIJn1RF5ZofbDERhPFYcgXWNPw?authuser=0&hl=vi&g_ep=EgoyMDI2MDkwMS4wIJJjKgBIAVAD&rclk=1
2026-09-05 13:05:01,643 | INFO | Valid Google Maps Place URL opened.
2026-09-05 13:05:07,077 | INFO | Address check | score=0.0000 | status=NEED_REVIEW | reason=MISSING_MAPS_ADDRESS
2026-09-05 13:05:07,078 | INFO | Opening Maps URL | attempt=1/3
2026-09-05 13:05:10,238 | INFO | Current Maps URL: https://www.google.com/maps/place/Kh%C3%A1ch+s%E1%BA%A1n+Pleiku/data=!4m10!3m9!1s0x316c1f9beeafdc63:0xd112ab483882c1ec!5m2!4m1!1i2!8m2!3d13.98526!4d108.007592!16s%2Fg%2F1tdy1zcp!19sChIJY9yv7psfbDER7MGCOEirEtE?authuser=0&hl=vi&g_ep=EgoyMDI2MDkwMS4wIJJjKgBIAVAD&rclk=1
2026-09-05 13:05:10,250 | INFO | Valid Google Maps Place URL opened.
2026-09-05 13:05:15,676 | INFO | Address check | score=0.0000 | status=NEED_REVIEW | reason=MISSING_MAPS_ADDRESS
2026-09-05 13:05:15,676 | INFO | CHECKPOINT | processed=420 | matched=1 | mismatched=9 | review=410
2026-09-05 13:05:16,216 | INFO | Excel saved: D:\Product-Google-Maps\output\hotels_export_google_maps_checked.xlsx
2026-09-05 13:05:16,217 | INFO | Opening Maps URL | attempt=1/3
2026-09-05 13:05:19,185 | INFO | Current Maps URL: https://www.google.com/maps/place/Nh%C3%A0+ngh%E1%BB%89+T%E1%BB%A9+H%E1%BA%A3i/data=!4m7!3m6!1s0x314ca9d80f1a6045:0xdf9064351b12cd6c!8m2!3d21.4764335!4d108.0177372!16s%2Fg%2F11txfb90cd!19sChIJRWAaD9ipTDERbM0SGzVkkN8?authuser=0&hl=vi&g_ep=EgoyMDI2MDkwMS4wIJJjKgBIAVAD&rclk=1
2026-09-05 13:05:19,188 | INFO | Valid Google Maps Place URL opened.
2026-09-05 13:05:24,576 | INFO | Address check | score=0.0000 | status=NEED_REVIEW | reason=MISSING_MAPS_ADDRESS
2026-09-05 13:05:24,577 | INFO | Opening Maps URL | attempt=1/3
2026-09-05 13:05:27,521 | INFO | Current Maps URL: https://www.google.com/maps/place/Kh%C3%A1ch+s%E1%BA%A1n+Pleiku/data=!4m10!3m9!1s0x316c1f9beeafdc63:0xd112ab483882c1ec!5m2!4m1!1i2!8m2!3d13.98526!4d108.007592!16s%2Fg%2F1tdy1zcp!19sChIJY9yv7psfbDER7MGCOEirEtE?authuser=0&hl=vi&g_ep=EgoyMDI2MDkwMS4wIJJjKgBIAVAD&rclk=1
2026-09-05 13:05:27,521 | INFO | Valid Google Maps Place URL opened.
2026-09-05 13:05:32,841 | INFO | Address check | score=0.0000 | status=NEED_REVIEW | reason=MISSING_MAPS_ADDRESS
2026-09-05 13:05:32,844 | INFO | Opening Maps URL | attempt=1/3
2026-09-05 13:05:35,856 | INFO | Current Maps URL: https://www.google.com/maps/place/Xavia+Hotel+-+Kh%C3%A1ch+S%E1%BA%A1n+3+Sao+Quy+Nh%C6%A1n/data=!4m10!3m9!1s0x316f6ce83f641eab:0x8ece1fb58cf83e77!5m2!4m1!1i2!8m2!3d13.754424!4d109.213249!16s%2Fg%2F11jh80cj1s!19sChIJqx5kP-hsbzERdz74jLUfzo4?authuser=0&hl=vi&g_ep=EgoyMDI2MDkwMS4wIJJjKgBIAVAD&rclk=1
2026-09-05 13:05:35,856 | INFO | Valid Google Maps Place URL opened.
2026-09-05 13:05:40,863 | INFO | Address check | score=0.0000 | status=NEED_REVIEW | reason=MISSING_MAPS_ADDRESS
2026-09-05 13:05:40,864 | INFO | Opening Maps URL | attempt=1/3
2026-09-05 13:05:43,842 | INFO | Current Maps URL: https://www.google.com/maps/place/APEC+MANDALA+PH%C3%9A+Y%C3%8AN+CHAMPA+LiViNG+HOMES/data=!4m10!3m9!1s0x316fec681e5141c9:0x3cb8a05ad1ee64ed!5m2!4m1!1i2!8m2!3d13.10362!4d109.306786!16s%2Fg%2F11g_qsf358!19sChIJyUFRHmjsbzER7WTu0VqguDw?authuser=0&hl=vi&g_ep=EgoyMDI2MDkwMS4wIJJjKgBIAVAD&rclk=1
2026-09-05 13:05:43,843 | INFO | Valid Google Maps Place URL opened.
2026-09-05 13:05:49,222 | INFO | Address check | score=0.0000 | status=NEED_REVIEW | reason=MISSING_MAPS_ADDRESS
2026-09-05 13:05:49,223 | INFO | Opening Maps URL | attempt=1/3
2026-09-05 13:05:52,212 | INFO | Current Maps URL: https://www.google.com/maps/place/APEC+MANDALA+PH%C3%9A+Y%C3%8AN+CHAMPA+LiViNG+HOMES/data=!4m10!3m9!1s0x316fec681e5141c9:0x3cb8a05ad1ee64ed!5m2!4m1!1i2!8m2!3d13.10362!4d109.306786!16s%2Fg%2F11g_qsf358!19sChIJyUFRHmjsbzER7WTu0VqguDw?authuser=0&hl=vi&g_ep=EgoyMDI2MDkwMS4wIJJjKgBIAVAD&rclk=1
2026-09-05 13:05:52,212 | INFO | Valid Google Maps Place URL opened.
2026-09-05 13:05:57,251 | INFO | Address check | score=0.0000 | status=NEED_REVIEW | reason=MISSING_MAPS_ADDRESS
2026-09-05 13:05:57,252 | INFO | Opening Maps URL | attempt=1/3
2026-09-05 13:06:00,254 | INFO | Current Maps URL: https://www.google.com/maps/place/Kh%C3%A1ch+s%E1%BA%A1n+Mira+-+Kh%C3%A1ch+s%E1%BA%A1n+g%E1%BA%A7n+bi%E1%BB%83n+%E1%BB%9F+Quy+Nh%C6%A1n/data=!4m10!3m9!1s0x316f6ceceb457403:0x1de22f520372522b!5m2!4m1!1i2!8m2!3d13.761717!4d109.219274!16s%2Fg%2F11fk15qdmx!19sChIJA3RF6-xsbzERK1JyA1Iv4h0?authuser=0&hl=vi&g_ep=EgoyMDI2MDkwMS4wIJJjKgBIAVAD&rclk=1
2026-09-05 13:06:00,258 | INFO | Valid Google Maps Place URL opened.
2026-09-05 13:06:05,719 | INFO | Address check | score=0.0000 | status=NEED_REVIEW | reason=MISSING_MAPS_ADDRESS
2026-09-05 13:06:05,720 | INFO | Opening Maps URL | attempt=1/3
2026-09-05 13:06:08,622 | INFO | Current Maps URL: https://www.google.com/maps/place/Nh%C3%A0+Ngh%E1%BB%89+%C4%90%C3%B4ng+Nam+%C3%81/data=!4m7!3m6!1s0x316c1f7f2255d589:0x6b49191b5152d806!8m2!3d13.9745272!4d107.9981106!16s%2Fg%2F1hc0vftqg!19sChIJidVVIn8fbDERBthSURsZSWs?authuser=0&hl=vi&g_ep=EgoyMDI2MDkwMS4wIJJjKgBIAVAD&rclk=1
2026-09-05 13:06:08,623 | INFO | Valid Google Maps Place URL opened.
2026-09-05 13:06:14,115 | INFO | Address check | score=0.0000 | status=NEED_REVIEW | reason=MISSING_MAPS_ADDRESS
2026-09-05 13:06:14,116 | INFO | Opening Maps URL | attempt=1/3
2026-09-05 13:06:17,055 | INFO | Current Maps URL: https://www.google.com/maps/place/Kh%C3%A1ch+s%E1%BA%A1n+M%C6%B0%E1%BB%9Dng+Thanh+Quy+Nh%C6%A1n/data=!4m10!3m9!1s0x316f6c63266f0b61:0xa880a4e3e56c7806!5m2!4m1!1i2!8m2!3d13.772077!4d109.238862!16s%2Fg%2F12hkbf13m!19sChIJYQtvJmNsbzERBnhs5eOkgKg?authuser=0&hl=vi&g_ep=EgoyMDI2MDkwMS4wIJJjKgBIAVAD&rclk=1
2026-09-05 13:06:17,055 | INFO | Valid Google Maps Place URL opened.
2026-09-05 13:06:22,455 | INFO | Address check | score=0.0000 | status=NEED_REVIEW | reason=MISSING_MAPS_ADDRESS
2026-09-05 13:06:22,459 | INFO | Opening Maps URL | attempt=1/3
2026-09-05 13:06:25,426 | INFO | Current Maps URL: https://www.google.com/maps/place/Kh%C3%A1ch+s%E1%BA%A1n+M%C6%B0%E1%BB%9Dng+Thanh+Quy+Nh%C6%A1n/data=!4m10!3m9!1s0x316f6c63266f0b61:0xa880a4e3e56c7806!5m2!4m1!1i2!8m2!3d13.772077!4d109.238862!16s%2Fg%2F12hkbf13m!19sChIJYQtvJmNsbzERBnhs5eOkgKg?authuser=0&hl=vi&g_ep=EgoyMDI2MDkwMS4wIJJjKgBIAVAD&rclk=1
2026-09-05 13:06:25,426 | INFO | Valid Google Maps Place URL opened.
2026-09-05 13:06:30,840 | INFO | Address check | score=0.0000 | status=NEED_REVIEW | reason=MISSING_MAPS_ADDRESS
2026-09-05 13:06:30,841 | INFO | Opening Maps URL | attempt=1/3
2026-09-05 13:06:33,737 | INFO | Current Maps URL: https://www.google.com/maps/place/HeniSi+Hotel+M%C4%83ng+%C4%90en+%28HeniSi+2%29/data=!4m10!3m9!1s0x31694379a5ecc069:0x93c6b2747879d7ea!5m2!4m1!1i2!8m2!3d14.582772!4d108.281434!16s%2Fg%2F11y3qsz2xx!19sChIJacDspXlDaTER6td5eHSyxpM?authuser=0&hl=vi&g_ep=EgoyMDI2MDkwMS4wIJJjKgBIAVAD&rclk=1
2026-09-05 13:06:33,737 | INFO | Valid Google Maps Place URL opened.
2026-09-05 13:06:39,144 | INFO | Address check | score=0.0000 | status=NEED_REVIEW | reason=MISSING_MAPS_ADDRESS
2026-09-05 13:06:39,144 | INFO | CHECKPOINT | processed=430 | matched=1 | mismatched=9 | review=420
2026-09-05 13:06:39,677 | INFO | Excel saved: D:\Product-Google-Maps\output\hotels_export_google_maps_checked.xlsx
2026-09-05 13:06:39,678 | INFO | Opening Maps URL | attempt=1/3
2026-09-05 13:06:42,754 | INFO | Current Maps URL: https://www.google.com/maps/place/HeniSi+Hotel+M%C4%83ng+%C4%90en+%28HeniSi+2%29/data=!4m10!3m9!1s0x31694379a5ecc069:0x93c6b2747879d7ea!5m2!4m1!1i2!8m2!3d14.582772!4d108.281434!16s%2Fg%2F11y3qsz2xx!19sChIJacDspXlDaTER6td5eHSyxpM?authuser=0&hl=vi&g_ep=EgoyMDI2MDkwMS4wIJJjKgBIAVAD&rclk=1
2026-09-05 13:06:42,755 | INFO | Valid Google Maps Place URL opened.
2026-09-05 13:06:48,150 | INFO | Address check | score=0.0000 | status=NEED_REVIEW | reason=MISSING_MAPS_ADDRESS
2026-09-05 13:06:48,151 | INFO | Opening Maps URL | attempt=1/3
2026-09-05 13:06:51,278 | INFO | Current Maps URL: https://www.google.com/maps/place/Nh%C3%A0+Ngh%E1%BB%89+Tr%C3%BAc+Mai/data=!4m7!3m6!1s0x316c1f123c45cc01:0xf74fde3da6fe779c!8m2!3d13.9980644!4d107.9870384!16s%2Fg%2F11fxqr2zzz!19sChIJAcxFPBIfbDERnHf-pj3eT_c?authuser=0&hl=vi&g_ep=EgoyMDI2MDkwMS4wIJJjKgBIAVAD&rclk=1
2026-09-05 13:06:51,278 | INFO | Valid Google Maps Place URL opened.
2026-09-05 13:06:56,663 | INFO | Address check | score=0.0000 | status=NEED_REVIEW | reason=MISSING_MAPS_ADDRESS
2026-09-05 13:06:56,664 | INFO | Opening Maps URL | attempt=1/3
2026-09-05 13:06:59,620 | INFO | Current Maps URL: https://www.google.com/maps/place/Nh%C3%A0+ngh%E1%BB%89+h%E1%BB%99i+ng%E1%BB%99/data=!4m7!3m6!1s0x316e784a59460a0f:0xf5efc35d1ddc28de!8m2!3d13.4507081!4d108.0925653!16s%2Fg%2F11hd53kvqc!19sChIJDwpGWUp4bjER3ijcHV3D7_U?authuser=0&hl=vi&g_ep=EgoyMDI2MDkwMS4wIJJjKgBIAVAD&rclk=1
2026-09-05 13:06:59,620 | INFO | Valid Google Maps Place URL opened.
2026-09-05 13:07:05,010 | INFO | Address check | score=0.0000 | status=NEED_REVIEW | reason=MISSING_MAPS_ADDRESS
2026-09-05 13:07:05,011 | INFO | Opening Maps URL | attempt=1/3
2026-09-05 13:07:08,039 | INFO | Current Maps URL: https://www.google.com/maps/place/Nh%C3%A0+ngh%E1%BB%89+h%E1%BB%99i+ng%E1%BB%99/data=!4m7!3m6!1s0x316e784a59460a0f:0xf5efc35d1ddc28de!8m2!3d13.4507081!4d108.0925653!16s%2Fg%2F11hd53kvqc!19sChIJDwpGWUp4bjER3ijcHV3D7_U?authuser=0&hl=vi&g_ep=EgoyMDI2MDkwMS4wIJJjKgBIAVAD&rclk=1
2026-09-05 13:07:08,039 | INFO | Valid Google Maps Place URL opened.
2026-09-05 13:07:13,369 | INFO | Address check | score=0.0000 | status=NEED_REVIEW | reason=MISSING_MAPS_ADDRESS
2026-09-05 13:07:13,377 | INFO | Opening Maps URL | attempt=1/3
2026-09-05 13:07:16,318 | INFO | Current Maps URL: https://www.google.com/maps/place/Hotel+Ng%E1%BB%8Dc+M%E1%BA%A5y+-+%C4%90%E1%BA%A1i+L%E1%BB%A3i/data=!4m10!3m9!1s0x310a26a59b5bbddf:0x251886e162d654d5!5m2!4m1!1i2!8m2!3d10.7097973!4d105.1186207!16s%2Fg%2F11b7tptx6c!19sChIJ371bm6UmCjER1VTWYuGGGCU?authuser=0&hl=vi&g_ep=EgoyMDI2MDkwMS4wIJJjKgBIAVAD&rclk=1
2026-09-05 13:07:16,318 | INFO | Valid Google Maps Place URL opened.
2026-09-05 13:07:21,402 | INFO | Address check | score=0.0000 | status=NEED_REVIEW | reason=MISSING_MAPS_ADDRESS
2026-09-05 13:07:21,403 | INFO | Opening Maps URL | attempt=1/3
2026-09-05 13:07:24,488 | INFO | Current Maps URL: https://www.google.com/maps/place/Anh+Nguy%C3%AAn+Hotel/data=!4m7!3m6!1s0x316e43e168ae66db:0x70e910062ffee9bb!8m2!3d13.3981727!4d108.4379225!16s%2Fg%2F11lpxj16pb!19sChIJ22auaOFDbjERu-n-LwYQ6XA?authuser=0&hl=vi&g_ep=EgoyMDI2MDkwMS4wIJJjKgBIAVAD&rclk=1
2026-09-05 13:07:24,489 | INFO | Valid Google Maps Place URL opened.
2026-09-05 13:07:29,789 | INFO | Address check | score=0.0000 | status=NEED_REVIEW | reason=MISSING_MAPS_ADDRESS
2026-09-05 13:07:29,791 | INFO | Opening Maps URL | attempt=1/3
2026-09-05 13:07:32,780 | INFO | Current Maps URL: https://www.google.com/maps/place/Anh+Nguy%C3%AAn+Hotel/data=!4m7!3m6!1s0x316e43e168ae66db:0x70e910062ffee9bb!8m2!3d13.3981727!4d108.4379225!16s%2Fg%2F11lpxj16pb!19sChIJ22auaOFDbjERu-n-LwYQ6XA?authuser=0&hl=vi&g_ep=EgoyMDI2MDkwMS4wIJJjKgBIAVAD&rclk=1
2026-09-05 13:07:32,780 | INFO | Valid Google Maps Place URL opened.
2026-09-05 13:07:38,107 | INFO | Address check | score=0.0000 | status=NEED_REVIEW | reason=MISSING_MAPS_ADDRESS
2026-09-05 13:07:38,108 | INFO | Opening Maps URL | attempt=1/3
2026-09-05 13:07:41,123 | INFO | Current Maps URL: https://www.google.com/maps/place/Nh%C3%A0+ngh%E1%BB%89+Th%C3%BAy+H%C3%A0./data=!4m7!3m6!1s0x316ebde26f03ee57:0xb3d2f2d6aa0f07d8!8m2!3d14.0247382!4d108.250367!16s%2Fg%2F11hzl_np5r!19sChIJV-4Db-K9bjER2AcPqtby0rM?authuser=0&hl=vi&g_ep=EgoyMDI2MDkwMS4wIJJjKgBIAVAD&rclk=1
2026-09-05 13:07:41,124 | INFO | Valid Google Maps Place URL opened.
2026-09-05 13:07:46,551 | INFO | Address check | score=0.0000 | status=NEED_REVIEW | reason=MISSING_MAPS_ADDRESS
2026-09-05 13:07:46,552 | INFO | Opening Maps URL | attempt=1/3
2026-09-05 13:07:49,655 | INFO | Current Maps URL: https://www.google.com/maps/place/Hotel+RiverSide/data=!4m10!3m9!1s0x3175306c6a1a9353:0xced0e339bec290aa!5m2!4m1!1i2!8m2!3d10.676136!4d106.707194!16s%2Fg%2F11zwqqx4dv!19sChIJU5MaamwwdTERqpDCvjnj0M4?authuser=0&hl=vi&g_ep=EgoyMDI2MDkwMS4wIJJjKgBIAVAD&rclk=1
2026-09-05 13:07:49,656 | INFO | Valid Google Maps Place URL opened.
2026-09-05 13:07:55,119 | INFO | Address check | score=0.0000 | status=NEED_REVIEW | reason=MISSING_MAPS_ADDRESS
2026-09-05 13:07:55,120 | INFO | Opening Maps URL | attempt=1/3
2026-09-05 13:07:58,452 | INFO | Current Maps URL: https://www.google.com/maps/place/Hotel+RiverSide/data=!4m10!3m9!1s0x3175306c6a1a9353:0xced0e339bec290aa!5m2!4m1!1i2!8m2!3d10.676136!4d106.707194!16s%2Fg%2F11zwqqx4dv!19sChIJU5MaamwwdTERqpDCvjnj0M4?authuser=0&hl=vi&g_ep=EgoyMDI2MDkwMS4wIJJjKgBIAVAD&rclk=1
2026-09-05 13:07:58,452 | INFO | Valid Google Maps Place URL opened.
2026-09-05 13:08:03,818 | INFO | Address check | score=0.0000 | status=NEED_REVIEW | reason=MISSING_MAPS_ADDRESS
2026-09-05 13:08:03,818 | INFO | CHECKPOINT | processed=440 | matched=1 | mismatched=9 | review=430
2026-09-05 13:08:04,420 | INFO | Excel saved: D:\Product-Google-Maps\output\hotels_export_google_maps_checked.xlsx
2026-09-05 13:08:04,421 | INFO | Opening Maps URL | attempt=1/3
2026-09-05 13:08:07,348 | INFO | Current Maps URL: https://www.google.com/maps/place/Nh%C3%A0+ngh%E1%BB%89+Th%C3%A0nh+Tr%C3%AD/data=!4m7!3m6!1s0x316c25002f772e47:0x49f96d6ab292a94a!8m2!3d13.8570069!4d107.9411025!16s%2Fg%2F11lf1ysf98!19sChIJRy53LwAlbDERSqmSsmpt-Uk?authuser=0&hl=vi&g_ep=EgoyMDI2MDkwMS4wIJJjKgBIAVAD&rclk=1
2026-09-05 13:08:07,348 | INFO | Valid Google Maps Place URL opened.
2026-09-05 13:08:12,710 | INFO | Address check | score=0.0000 | status=NEED_REVIEW | reason=MISSING_MAPS_ADDRESS
2026-09-05 13:08:12,713 | INFO | Opening Maps URL | attempt=1/3
2026-09-05 13:08:15,636 | INFO | Current Maps URL: https://www.google.com/maps/place/Kh%C3%A1ch+S%E1%BA%A1n+Nh%C6%B0+%C3%9D+T%C3%A2n+Ph%C3%BA/data=!4m10!3m9!1s0x31752eac3f2942b9:0x3ec2ed5ad9b519c2!5m2!4m1!1i2!8m2!3d10.788396!4d106.636841!16s%2Fg%2F11y47f1xmr!19sChIJuUIpP6wudTERwhm12Vrtwj4?authuser=0&hl=vi&g_ep=EgoyMDI2MDkwMS4wIJJjKgBIAVAD&rclk=1
2026-09-05 13:08:15,636 | INFO | Valid Google Maps Place URL opened.
2026-09-05 13:08:21,088 | INFO | Address check | score=0.0000 | status=NEED_REVIEW | reason=MISSING_MAPS_ADDRESS
2026-09-05 13:08:21,092 | INFO | Opening Maps URL | attempt=1/3
2026-09-05 13:08:24,084 | INFO | Current Maps URL: https://www.google.com/maps/place/Nh%C3%A0+ngh%E1%BB%89+Th%C3%B9y+D%C6%B0%C6%A1ng/data=!4m7!3m6!1s0x3174e7b64731da79:0x19472b6e7b2cf1b7!8m2!3d10.9569412!4d106.9408414!16s%2Fg%2F11nnmzdcwd!19sChIJedoxR7bndDERt_Ese24rRxk?authuser=0&hl=vi&g_ep=EgoyMDI2MDkwMS4wIJJjKgBIAVAD&rclk=1
2026-09-05 13:08:24,084 | INFO | Valid Google Maps Place URL opened.
2026-09-05 13:08:29,474 | INFO | Address check | score=0.0000 | status=NEED_REVIEW | reason=MISSING_MAPS_ADDRESS
2026-09-05 13:08:29,475 | INFO | Opening Maps URL | attempt=1/3
2026-09-05 13:08:32,385 | INFO | Current Maps URL: https://www.google.com/maps/place/Kh%C3%A1ch+S%E1%BA%A1n+T%C3%A2y+%C4%90%C3%B4/data=!4m7!3m6!1s0x316c20382b5f3ce7:0x4b68e65b56e4d5fb!8m2!3d13.949559!4d108.0127944!16s%2Fg%2F11j00sr5nh!19sChIJ5zxfKzggbDER-9XkVlvmaEs?authuser=0&hl=vi&g_ep=EgoyMDI2MDkwMS4wIJJjKgBIAVAD&rclk=1
2026-09-05 13:08:32,386 | INFO | Valid Google Maps Place URL opened.
2026-09-05 13:08:37,744 | INFO | Address check | score=0.0000 | status=NEED_REVIEW | reason=MISSING_MAPS_ADDRESS
2026-09-05 13:08:37,746 | INFO | Opening Maps URL | attempt=1/3
2026-09-05 13:08:40,663 | INFO | Current Maps URL: https://www.google.com/maps/place/Kh%C3%A1ch+S%E1%BA%A1n+Duy+Long/data=!4m7!3m6!1s0x316c1f040a280bf7:0xd554624961ebe797!8m2!3d14.0096489!4d107.9933762!16s%2Fg%2F1yj4k3nsf!19sChIJ9wsoCgQfbDERl-frYUliVNU?authuser=0&hl=vi&g_ep=EgoyMDI2MDkwMS4wIJJjKgBIAVAD&rclk=1
2026-09-05 13:08:40,663 | INFO | Valid Google Maps Place URL opened.
2026-09-05 13:08:45,959 | INFO | Address check | score=0.0000 | status=NEED_REVIEW | reason=MISSING_MAPS_ADDRESS
2026-09-05 13:08:45,960 | INFO | Opening Maps URL | attempt=1/3
2026-09-05 13:08:48,812 | INFO | Current Maps URL: https://www.google.com/maps/place/Nh%C3%A0+ngh%E1%BB%89+chi%E1%BB%81u+xu%C3%A2n/data=!4m7!3m6!1s0x316f6c91f833af95:0x2de70aea3d04672b!8m2!3d13.768869!4d109.2231175!16s%2Fg%2F11fr6sqwth!19sChIJla8z-JFsbzERK2cEPeoK5y0?authuser=0&hl=vi&g_ep=EgoyMDI2MDkwMS4wIJJjKgBIAVAD&rclk=1
2026-09-05 13:08:48,813 | INFO | Valid Google Maps Place URL opened.
2026-09-05 13:08:54,273 | INFO | Address check | score=0.0000 | status=NEED_REVIEW | reason=MISSING_MAPS_ADDRESS
2026-09-05 13:08:54,274 | INFO | Opening Maps URL | attempt=1/3
2026-09-05 13:08:57,167 | INFO | Current Maps URL: https://www.google.com/maps/place/Nh%C3%A0+ngh%E1%BB%89+369/data=!4m7!3m6!1s0x316c3d4092cb741f:0x526be28e0920156f!8m2!3d13.9610624!4d107.8386065!16s%2Fg%2F11hbc060jw!19sChIJH3TLkkA9bDERbxUgCY7ia1I?authuser=0&hl=vi&g_ep=EgoyMDI2MDkwMS4wIJJjKgBIAVAD&rclk=1
2026-09-05 13:08:57,167 | INFO | Valid Google Maps Place URL opened.
2026-09-05 13:09:02,593 | INFO | Address check | score=0.0000 | status=NEED_REVIEW | reason=MISSING_MAPS_ADDRESS
2026-09-05 13:09:02,594 | INFO | Opening Maps URL | attempt=1/3
2026-09-05 13:09:05,713 | INFO | Current Maps URL: https://www.google.com/maps/place/Kh%C3%A1ch+s%E1%BA%A1n+PH%C6%AF%C6%A0NG+MAI+Chi+nh%C3%A1nh+2/data=!4m10!3m9!1s0x310acc8fea21c763:0x72b1890bcef49e5b!5m2!4m1!1i2!8m2!3d10.638098!4d106.498369!16s%2Fg%2F11x6389kkw!19sChIJY8ch6o_MCjERW570zguJsXI?authuser=0&hl=vi&g_ep=EgoyMDI2MDkwMS4wIJJjKgBIAVAD&rclk=1
2026-09-05 13:09:05,713 | INFO | Valid Google Maps Place URL opened.
2026-09-05 13:09:11,082 | INFO | Address check | score=0.0000 | status=NEED_REVIEW | reason=MISSING_MAPS_ADDRESS
2026-09-05 13:09:11,083 | INFO | Opening Maps URL | attempt=1/3
2026-09-05 13:09:13,984 | INFO | Current Maps URL: https://www.google.com/maps/place/Massage+B%E1%BB%93ng+Lai+C%C3%A1c+%E6%80%BB%E9%83%A8%E9%BE%99%E5%AE%AB+%28%E5%BE%AE%E4%BF%A1%E9%BE%8D%E5%AE%AE:+massage_vn%29/data=!4m7!3m6!1s0x31752f622f1a4303:0xada62fc03086fb6e!8m2!3d10.7374462!4d106.6910244!16s%2Fg%2F11sm7sr3wr!19sChIJA0MaL2IvdTERbvuGMMAvpq0?authuser=0&hl=vi&g_ep=EgoyMDI2MDkwMS4wIJJjKgBIAVAD&rclk=1
2026-09-05 13:09:13,984 | INFO | Valid Google Maps Place URL opened.
2026-09-05 13:09:19,373 | INFO | Address check | score=0.0000 | status=NEED_REVIEW | reason=MISSING_MAPS_ADDRESS
2026-09-05 13:09:19,374 | INFO | Opening Maps URL | attempt=1/3
2026-09-05 13:09:22,498 | INFO | Current Maps URL: https://www.google.com/maps/place/Kh%C3%A1ch+s%E1%BA%A1n+Mira+-+Kh%C3%A1ch+s%E1%BA%A1n+g%E1%BA%A7n+bi%E1%BB%83n+%E1%BB%9F+Quy+Nh%C6%A1n/data=!4m10!3m9!1s0x316f6ceceb457403:0x1de22f520372522b!5m2!4m1!1i2!8m2!3d13.761717!4d109.219274!16s%2Fg%2F11fk15qdmx!19sChIJA3RF6-xsbzERK1JyA1Iv4h0?authuser=0&hl=vi&g_ep=EgoyMDI2MDkwMS4wIJJjKgBIAVAD&rclk=1
2026-09-05 13:09:22,508 | INFO | Valid Google Maps Place URL opened.
2026-09-05 13:09:27,979 | INFO | Address check | score=0.0000 | status=NEED_REVIEW | reason=MISSING_MAPS_ADDRESS
2026-09-05 13:09:27,980 | INFO | CHECKPOINT | processed=450 | matched=1 | mismatched=9 | review=440
2026-09-05 13:09:28,493 | INFO | Excel saved: D:\Product-Google-Maps\output\hotels_export_google_maps_checked.xlsx
2026-09-05 13:09:28,493 | INFO | Opening Maps URL | attempt=1/3
2026-09-05 13:09:31,417 | INFO | Current Maps URL: https://www.google.com/maps/place/Nh%C3%A0+ngh%E1%BB%89+s%C3%A2n+v%C6%B0%E1%BB%9Dn+Anh+Th%C3%A1i./data=!4m7!3m6!1s0x316f14a43335e00b:0x146dd8da35eafd82!8m2!3d13.7959157!4d109.1730885!16s%2Fg%2F1jkwb2nbx!19sChIJC-A1M6QUbzERgv3qNdrYbRQ?authuser=0&hl=vi&g_ep=EgoyMDI2MDkwMS4wIJJjKgBIAVAD&rclk=1
2026-09-05 13:09:31,417 | INFO | Valid Google Maps Place URL opened.
2026-09-05 13:09:36,828 | INFO | Address check | score=0.0000 | status=NEED_REVIEW | reason=MISSING_MAPS_ADDRESS
2026-09-05 13:09:36,829 | INFO | Opening Maps URL | attempt=1/3
2026-09-05 13:09:39,844 | INFO | Current Maps URL: https://www.google.com/maps/place/Kh%C3%A1ch+s%E1%BA%A1n+Pleiku/data=!4m10!3m9!1s0x316c1f9beeafdc63:0xd112ab483882c1ec!5m2!4m1!1i2!8m2!3d13.98526!4d108.007592!16s%2Fg%2F1tdy1zcp!19sChIJY9yv7psfbDER7MGCOEirEtE?authuser=0&hl=vi&g_ep=EgoyMDI2MDkwMS4wIJJjKgBIAVAD&rclk=1
2026-09-05 13:09:39,844 | INFO | Valid Google Maps Place URL opened.
2026-09-05 13:09:45,353 | INFO | Address check | score=0.0000 | status=NEED_REVIEW | reason=MISSING_MAPS_ADDRESS
2026-09-05 13:09:45,356 | INFO | Opening Maps URL | attempt=1/3
2026-09-05 13:09:48,449 | INFO | Current Maps URL: https://www.google.com/maps/place/Hai+Ha+Hotel+Nha+Nghi/data=!4m7!3m6!1s0x316f13a82f898a11:0x2cd267cf0200c7dc!8m2!3d13.7825165!4d109.1803181!16s%2Fg%2F11g10p2x3d!19sChIJEYqJL6gTbzER3McAAs9n0iw?authuser=0&hl=vi&g_ep=EgoyMDI2MDkwMS4wIJJjKgBIAVAD&rclk=1
2026-09-05 13:09:48,449 | INFO | Valid Google Maps Place URL opened.
2026-09-05 13:09:53,750 | INFO | Address check | score=0.0000 | status=NEED_REVIEW | reason=MISSING_MAPS_ADDRESS
2026-09-05 13:09:53,754 | INFO | Opening Maps URL | attempt=1/3
2026-09-05 13:09:56,727 | INFO | Current Maps URL: https://www.google.com/maps/place/Nh%C3%A0+Ngh%E1%BB%89+Gia+Ph%C3%BA/data=!4m7!3m6!1s0x316f6dd7e3afcdb3:0xed337408399df548!8m2!3d13.7824218!4d109.2164902!16s%2Fg%2F11fk5ndl7y!19sChIJs82v49dtbzERSPWdOQh0M-0?authuser=0&hl=vi&g_ep=EgoyMDI2MDkwMS4wIJJjKgBIAVAD&rclk=1
2026-09-05 13:09:56,727 | INFO | Valid Google Maps Place URL opened.
2026-09-05 13:10:01,731 | INFO | Address check | score=0.0000 | status=NEED_REVIEW | reason=MISSING_MAPS_ADDRESS
2026-09-05 13:10:01,732 | INFO | Opening Maps URL | attempt=1/3
2026-09-05 13:10:04,875 | INFO | Current Maps URL: https://www.google.com/maps/place/Nh%C3%A0+Ngh%E1%BB%89+999/data=!4m7!3m6!1s0x316c1f73b30b7cc5:0x1b7d7428660d0925!8m2!3d13.9893759!4d107.9919394!16s%2Fg%2F11fxzm5t_f!19sChIJxXwLs3MfbDERJQkNZih0fRs?authuser=0&hl=vi&g_ep=EgoyMDI2MDkwMS4wIJJjKgBIAVAD&rclk=1
2026-09-05 13:10:04,876 | INFO | Valid Google Maps Place URL opened.
2026-09-05 13:10:10,363 | INFO | Address check | score=0.0000 | status=NEED_REVIEW | reason=MISSING_MAPS_ADDRESS
2026-09-05 13:10:10,364 | INFO | Opening Maps URL | attempt=1/3
2026-09-05 13:10:13,569 | INFO | Current Maps URL: https://www.google.com/maps/place/Nh%C3%A0+ngh%E1%BB%89+Thu%E1%BB%B3+Trang/data=!4m7!3m6!1s0x316f150588c46cef:0x2dad7508f788ddb8!8m2!3d13.8603393!4d109.1329476!16s%2Fg%2F11llrk90rd!19sChIJ72zEiAUVbzERuN2I9wh1rS0?authuser=0&hl=vi&g_ep=EgoyMDI2MDkwMS4wIJJjKgBIAVAD&rclk=1
2026-09-05 13:10:13,569 | INFO | Valid Google Maps Place URL opened.
2026-09-05 13:10:18,948 | INFO | Address check | score=0.0000 | status=NEED_REVIEW | reason=MISSING_MAPS_ADDRESS
2026-09-05 13:10:18,949 | INFO | Opening Maps URL | attempt=1/3
2026-09-05 13:10:21,851 | INFO | Current Maps URL: https://www.google.com/maps/place/Kh%C3%A1ch+S%E1%BA%A1n+Xu%C3%A2n+L%C3%A0nh/data=!4m7!3m6!1s0x316e818eb14beb89:0x8a615d65dccd3b28!8m2!3d13.6907097!4d108.0786495!16s%2Fg%2F1jkwdrytz!19sChIJietLsY6BbjERKDvN3GVdYYo?authuser=0&hl=vi&g_ep=EgoyMDI2MDkwMS4wIJJjKgBIAVAD&rclk=1
2026-09-05 13:10:21,855 | INFO | Valid Google Maps Place URL opened.
2026-09-05 13:10:27,163 | INFO | Address check | score=0.0000 | status=NEED_REVIEW | reason=MISSING_MAPS_ADDRESS
2026-09-05 13:10:27,167 | INFO | Opening Maps URL | attempt=1/3
2026-09-05 13:10:30,204 | INFO | Current Maps URL: https://www.google.com/maps/place/Nh%C3%A0+Ngh%E1%BB%89+123/data=!4m7!3m6!1s0x316c1f8a5b625d73:0xe3d85a1f29219434!8m2!3d13.9704699!4d108.0206087!16s%2Fg%2F1hc3nsfsw!19sChIJc11iW4ofbDERNJQhKR9a2OM?authuser=0&hl=vi&g_ep=EgoyMDI2MDkwMS4wIJJjKgBIAVAD&rclk=1
2026-09-05 13:10:30,204 | INFO | Valid Google Maps Place URL opened.
2026-09-05 13:10:35,598 | INFO | Address check | score=0.0000 | status=NEED_REVIEW | reason=MISSING_MAPS_ADDRESS
2026-09-05 13:10:35,603 | INFO | Opening Maps URL | attempt=1/3
2026-09-05 13:10:38,574 | INFO | Current Maps URL: https://www.google.com/maps/place/Ph%E1%BB%91+N%C3%BAi+2+Hotel/data=!4m10!3m9!1s0x316c1f8a3775818b:0xc7a01f49ece3cb54!5m2!4m1!1i2!8m2!3d13.970775!4d108.019669!16s%2Fg%2F11z8wh271t!19sChIJi4F1N4ofbDERVMvj7EkfoMc?authuser=0&hl=vi&g_ep=EgoyMDI2MDkwMS4wIJJjKgBIAVAD&rclk=1
2026-09-05 13:10:38,575 | INFO | Valid Google Maps Place URL opened.
2026-09-05 13:10:43,986 | INFO | Address check | score=0.0000 | status=NEED_REVIEW | reason=MISSING_MAPS_ADDRESS
2026-09-05 13:10:43,987 | INFO | Opening Maps URL | attempt=1/3
2026-09-05 13:10:46,842 | INFO | Current Maps URL: https://www.google.com/maps/place/Kh%C3%A1ch+S%E1%BA%A1n+Hoa+Vinh/data=!4m10!3m9!1s0x317527056aee2b11:0xff0ec7678e3453d7!5m2!4m1!1i2!8m2!3d10.8381644!4d106.7808508!16s%2Fg%2F11cmcw2_64!19sChIJESvuagUndTER11M0jmfHDv8?authuser=0&hl=vi&g_ep=EgoyMDI2MDkwMS4wIJJjKgBIAVAD&rclk=1
2026-09-05 13:10:46,842 | INFO | Valid Google Maps Place URL opened.
2026-09-05 13:10:52,259 | INFO | Address check | score=0.0000 | status=NEED_REVIEW | reason=MISSING_MAPS_ADDRESS
2026-09-05 13:10:52,261 | INFO | CHECKPOINT | processed=460 | matched=1 | mismatched=9 | review=450
2026-09-05 13:10:52,808 | INFO | Excel saved: D:\Product-Google-Maps\output\hotels_export_google_maps_checked.xlsx
2026-09-05 13:10:52,809 | INFO | Opening Maps URL | attempt=1/3
2026-09-05 13:10:55,710 | INFO | Current Maps URL: https://www.google.com/maps/place/KH%C3%81CH+S%E1%BA%A0N+LAN+ANH/data=!4m10!3m9!1s0x317529a30590bdfb:0xd6ccf995c13e8808!5m2!4m1!1i2!8m2!3d10.84379!4d106.656331!16s%2Fg%2F11fpqchhw3!19sChIJ-72QBaMpdTERCIg-wZX5zNY?authuser=0&hl=vi&g_ep=EgoyMDI2MDkwMS4wIJJjKgBIAVAD&rclk=1
2026-09-05 13:10:55,710 | INFO | Valid Google Maps Place URL opened.
2026-09-05 13:11:00,733 | INFO | Address check | score=0.0000 | status=NEED_REVIEW | reason=MISSING_MAPS_ADDRESS
2026-09-05 13:11:00,734 | INFO | Opening Maps URL | attempt=1/3
2026-09-05 13:11:03,614 | INFO | Current Maps URL: https://www.google.com/maps/place/KH%C3%81CH+S%E1%BA%A0N+LAN+ANH/data=!4m10!3m9!1s0x317529a30590bdfb:0xd6ccf995c13e8808!5m2!4m1!1i2!8m2!3d10.84379!4d106.656331!16s%2Fg%2F11fpqchhw3!19sChIJ-72QBaMpdTERCIg-wZX5zNY?authuser=0&hl=vi&g_ep=EgoyMDI2MDkwMS4wIJJjKgBIAVAD&rclk=1
2026-09-05 13:11:03,615 | INFO | Valid Google Maps Place URL opened.
2026-09-05 13:11:08,756 | INFO | Address check | score=0.0000 | status=NEED_REVIEW | reason=MISSING_MAPS_ADDRESS
2026-09-05 13:11:08,757 | INFO | Opening Maps URL | attempt=1/3
2026-09-05 13:11:11,854 | INFO | Current Maps URL: https://www.google.com/maps/place/M%E1%BB%99c+Th%E1%BA%A1ch+Coffee+Homestay/data=!4m10!3m9!1s0x316e81c134a80817:0x4d6f1fbfe879ddbb!5m2!4m1!1i2!8m2!3d13.6887675!4d108.077148!16s%2Fg%2F11ymnbhms4!19sChIJFwioNMGBbjERu9156L8fb00?authuser=0&hl=vi&g_ep=EgoyMDI2MDkwMS4wIJJjKgBIAVAD&rclk=1
2026-09-05 13:11:11,855 | INFO | Valid Google Maps Place URL opened.
2026-09-05 13:11:17,176 | INFO | Address check | score=0.0000 | status=NEED_REVIEW | reason=MISSING_MAPS_ADDRESS
2026-09-05 13:11:17,178 | INFO | Opening Maps URL | attempt=1/3
2026-09-05 13:11:20,122 | INFO | Current Maps URL: https://www.google.com/maps/place/Cao+Nguyen+Hotel+-+Gia+Lai/data=!4m10!3m9!1s0x316c1f7f238122ab:0xfada289988c2f1af!5m2!4m1!1i2!8m2!3d13.9740297!4d107.9984891!16s%2Fg%2F1t_wlvg7!19sChIJqyKBI38fbDERr_HCiJko2vo?authuser=0&hl=vi&g_ep=EgoyMDI2MDkwMS4wIJJjKgBIAVAD&rclk=1
2026-09-05 13:11:20,122 | INFO | Valid Google Maps Place URL opened.
2026-09-05 13:11:25,160 | INFO | Address check | score=0.0000 | status=NEED_REVIEW | reason=MISSING_MAPS_ADDRESS
2026-09-05 13:11:25,161 | INFO | Opening Maps URL | attempt=1/3
2026-09-05 13:11:28,287 | INFO | Current Maps URL: https://www.google.com/maps/place/Nh%C3%A0+Ngh%E1%BB%89+Ho%C3%A0ng+Dung/data=!4m7!3m6!1s0x316c374605edf995:0x3d8b02b8aa892364!8m2!3d13.8122521!4d107.7055908!16s%2Fg%2F11h4c8lyc9!19sChIJlfntBUY3bDERZCOJqrgCiz0?authuser=0&hl=vi&g_ep=EgoyMDI2MDkwMS4wIJJjKgBIAVAD&rclk=1
2026-09-05 13:11:28,287 | INFO | Valid Google Maps Place URL opened.
2026-09-05 13:11:33,721 | INFO | Address check | score=0.0000 | status=NEED_REVIEW | reason=MISSING_MAPS_ADDRESS
2026-09-05 13:11:33,723 | INFO | Opening Maps URL | attempt=1/3
2026-09-05 13:11:36,902 | INFO | Current Maps URL: https://www.google.com/maps/place/ANYA+PREMIER+BEACHFRONT+HOTEL+QUY+NHON/data=!4m10!3m9!1s0x316f6ce6286b8b2d:0x598c09d1e98a3a84!5m2!4m1!1i2!8m2!3d13.752524!4d109.215436!16s%2Fg%2F11fqxrk2jk!19sChIJLYtrKOZsbzERhDqK6dEJjFk?authuser=0&hl=vi&g_ep=EgoyMDI2MDkwMS4wIJJjKgBIAVAD&rclk=1
2026-09-05 13:11:36,902 | INFO | Valid Google Maps Place URL opened.
2026-09-05 13:11:42,357 | INFO | Address check | score=0.0000 | status=NEED_REVIEW | reason=MISSING_MAPS_ADDRESS
2026-09-05 13:11:42,358 | INFO | Opening Maps URL | attempt=1/3
2026-09-05 13:11:45,208 | INFO | Current Maps URL: https://www.google.com/maps/place/Thai+Thanh+Hung+Motel/data=!4m7!3m6!1s0x3174d74c37c97dcd:0xb1c076da4c23e896!8m2!3d10.959287!4d106.7087216!16s%2Fg%2F11btm7nj93!19sChIJzX3JN0zXdDERlugjTNp2wLE?authuser=0&hl=vi&g_ep=EgoyMDI2MDkwMS4wIJJjKgBIAVAD&rclk=1
2026-09-05 13:11:45,208 | INFO | Valid Google Maps Place URL opened.
2026-09-05 13:11:50,680 | INFO | Address check | score=0.0000 | status=NEED_REVIEW | reason=MISSING_MAPS_ADDRESS
2026-09-05 13:11:50,683 | INFO | Opening Maps URL | attempt=1/3
2026-09-05 13:11:53,626 | INFO | Current Maps URL: https://www.google.com/maps/place/Duc+Long+Gia+Lai+2+Hotel/data=!4m10!3m9!1s0x316c1f795948acf9:0x7ec48a341177a032!5m2!4m1!1i2!8m2!3d13.977072!4d107.994967!16s%2Fg%2F11xmphd6h!19sChIJ-axIWXkfbDERMqB3ETSKxH4?authuser=0&hl=vi&g_ep=EgoyMDI2MDkwMS4wIJJjKgBIAVAD&rclk=1
2026-09-05 13:11:53,628 | INFO | Valid Google Maps Place URL opened.
2026-09-05 13:11:58,678 | INFO | Address check | score=0.0000 | status=NEED_REVIEW | reason=MISSING_MAPS_ADDRESS
2026-09-05 13:11:58,679 | INFO | Opening Maps URL | attempt=1/3
2026-09-05 13:12:01,632 | INFO | Current Maps URL: https://www.google.com/maps/place/Kh%C3%A1ch+S%E1%BA%A1n+H%E1%BB%93ng+Ph%C3%BAc/data=!4m10!3m9!1s0x316f6d008f3e6e95:0xc856c34057510df!5m2!4m1!1i2!8m2!3d13.7637775!4d109.2244861!16s%2Fg%2F11y6dqzt0v!19sChIJlW4-jwBtbzER3xB1BTRshQw?authuser=0&hl=vi&g_ep=EgoyMDI2MDkwMS4wIJJjKgBIAVAD&rclk=1
2026-09-05 13:12:01,632 | INFO | Valid Google Maps Place URL opened.
2026-09-05 13:12:07,021 | INFO | Address check | score=0.0000 | status=NEED_REVIEW | reason=MISSING_MAPS_ADDRESS
2026-09-05 13:12:07,022 | INFO | Opening Maps URL | attempt=1/3
2026-09-05 13:12:10,047 | INFO | Current Maps URL: https://www.google.com/maps/place/Y%C3%AAn+Vy+04+Luxury+Hotel/data=!4m10!3m9!1s0x316f6ce8d927e96b:0x3821665b4e3ac0d6!5m2!4m1!1i2!8m2!3d13.755119!4d109.216672!16s%2Fg%2F11gghc_vcd!19sChIJa-kn2ehsbzER1sA6TltmITg?authuser=0&hl=vi&g_ep=EgoyMDI2MDkwMS4wIJJjKgBIAVAD&rclk=1
2026-09-05 13:12:10,047 | INFO | Valid Google Maps Place URL opened.
2026-09-05 13:12:15,430 | INFO | Address check | score=0.0000 | status=NEED_REVIEW | reason=MISSING_MAPS_ADDRESS
2026-09-05 13:12:15,431 | INFO | CHECKPOINT | processed=470 | matched=1 | mismatched=9 | review=460
2026-09-05 13:12:15,984 | INFO | Excel saved: D:\Product-Google-Maps\output\hotels_export_google_maps_checked.xlsx
2026-09-05 13:12:15,984 | INFO | Opening Maps URL | attempt=1/3
2026-09-05 13:12:19,087 | INFO | Current Maps URL: https://www.google.com/maps/place/Kh%C3%A1ch+s%E1%BA%A1n+Pleiku/data=!4m10!3m9!1s0x316c1f9beeafdc63:0xd112ab483882c1ec!5m2!4m1!1i2!8m2!3d13.98526!4d108.007592!16s%2Fg%2F1tdy1zcp!19sChIJY9yv7psfbDER7MGCOEirEtE?authuser=0&hl=vi&g_ep=EgoyMDI2MDkwMS4wIJJjKgBIAVAD&rclk=1
2026-09-05 13:12:19,087 | INFO | Valid Google Maps Place URL opened.
2026-09-05 13:12:24,449 | INFO | Address check | score=0.0000 | status=NEED_REVIEW | reason=MISSING_MAPS_ADDRESS
2026-09-05 13:12:24,453 | INFO | Opening Maps URL | attempt=1/3
2026-09-05 13:12:27,440 | INFO | Current Maps URL: https://www.google.com/maps/place/Hotel+Long+Tu%E1%BA%A5n/data=!4m7!3m6!1s0x316f15b2d9c5cd2d:0xe76609379f33c221!8m2!3d13.8159279!4d109.1470385!16s%2Fg%2F11gh9m777g!19sChIJLc3F2bIVbzERIcIznzcJZuc?authuser=0&hl=vi&g_ep=EgoyMDI2MDkwMS4wIJJjKgBIAVAD&rclk=1
2026-09-05 13:12:27,441 | INFO | Valid Google Maps Place URL opened.
2026-09-05 13:12:32,820 | INFO | Address check | score=0.0000 | status=NEED_REVIEW | reason=MISSING_MAPS_ADDRESS
2026-09-05 13:12:32,822 | INFO | Opening Maps URL | attempt=1/3
2026-09-05 13:12:35,782 | INFO | Current Maps URL: https://www.google.com/maps/place/Hotel+Long+Tu%E1%BA%A5n/data=!4m7!3m6!1s0x316f15b2d9c5cd2d:0xe76609379f33c221!8m2!3d13.8159279!4d109.1470385!16s%2Fg%2F11gh9m777g!19sChIJLc3F2bIVbzERIcIznzcJZuc?authuser=0&hl=vi&g_ep=EgoyMDI2MDkwMS4wIJJjKgBIAVAD&rclk=1
2026-09-05 13:12:35,782 | INFO | Valid Google Maps Place URL opened.
2026-09-05 13:12:41,139 | INFO | Address check | score=0.0000 | status=NEED_REVIEW | reason=MISSING_MAPS_ADDRESS
2026-09-05 13:12:41,141 | INFO | Opening Maps URL | attempt=1/3
2026-09-05 13:12:44,094 | INFO | Current Maps URL: https://www.google.com/maps/place/Hotel+Long+Tu%E1%BA%A5n/data=!4m7!3m6!1s0x316f15b2d9c5cd2d:0xe76609379f33c221!8m2!3d13.8159279!4d109.1470385!16s%2Fg%2F11gh9m777g!19sChIJLc3F2bIVbzERIcIznzcJZuc?authuser=0&hl=vi&g_ep=EgoyMDI2MDkwMS4wIJJjKgBIAVAD&rclk=1
2026-09-05 13:12:44,095 | INFO | Valid Google Maps Place URL opened.
2026-09-05 13:12:49,486 | INFO | Address check | score=0.0000 | status=NEED_REVIEW | reason=MISSING_MAPS_ADDRESS
2026-09-05 13:12:49,489 | INFO | Opening Maps URL | attempt=1/3
2026-09-05 13:12:52,495 | INFO | Current Maps URL: https://www.google.com/maps/place/Hotel+Long+Tu%E1%BA%A5n/data=!4m7!3m6!1s0x316f15b2d9c5cd2d:0xe76609379f33c221!8m2!3d13.8159279!4d109.1470385!16s%2Fg%2F11gh9m777g!19sChIJLc3F2bIVbzERIcIznzcJZuc?authuser=0&hl=vi&g_ep=EgoyMDI2MDkwMS4wIJJjKgBIAVAD&rclk=1
2026-09-05 13:12:52,495 | INFO | Valid Google Maps Place URL opened.
2026-09-05 13:12:57,931 | INFO | Address check | score=0.0000 | status=NEED_REVIEW | reason=MISSING_MAPS_ADDRESS
2026-09-05 13:12:57,935 | INFO | Opening Maps URL | attempt=1/3
2026-09-05 13:13:01,049 | INFO | Current Maps URL: https://www.google.com/maps/place/Gia+Ph%C3%BA+Hotel/data=!4m10!3m9!1s0x316f6d08f11ab121:0xd0ce367fa01fa9d6!5m2!4m1!1i2!8m2!3d13.7528481!4d109.2127951!16s%2Fg%2F11ywkgn0wt!19sChIJIbEa8QhtbzER1qkfoH82ztA?authuser=0&hl=vi&g_ep=EgoyMDI2MDkwMS4wIJJjKgBIAVAD&rclk=1
2026-09-05 13:13:01,049 | INFO | Valid Google Maps Place URL opened.
2026-09-05 13:13:06,373 | INFO | Address check | score=0.0000 | status=NEED_REVIEW | reason=MISSING_MAPS_ADDRESS
2026-09-05 13:13:06,377 | INFO | Opening Maps URL | attempt=1/3
2026-09-05 13:13:09,307 | INFO | Current Maps URL: https://www.google.com/maps/place/Nh%C3%A0+Ngh%E1%BB%89+Gia+Linh/data=!4m7!3m6!1s0x3174a5155dab1719:0xd0c90e8d08221238!8m2!3d11.4064932!4d106.730889!16s%2Fg%2F11msmsh1m4!19sChIJGRerXRWldDEROBIiCI0OydA?authuser=0&hl=vi&g_ep=EgoyMDI2MDkwMS4wIJJjKgBIAVAD&rclk=1
2026-09-05 13:13:09,308 | INFO | Valid Google Maps Place URL opened.
2026-09-05 13:13:14,588 | INFO | Address check | score=0.0000 | status=NEED_REVIEW | reason=MISSING_MAPS_ADDRESS
2026-09-05 13:13:14,589 | INFO | Opening Maps URL | attempt=1/3
2026-09-05 13:13:17,469 | INFO | Current Maps URL: https://www.google.com/maps/place/Sabaidee+Valley+Resort/data=!4m10!3m9!1s0x3114e1f2095d9513:0x52bcf95f1fa976b4!5m2!4m1!1i2!8m2!3d15.175965!4d106.075494!16s%2Fg%2F11g_1c5s7!19sChIJE5VdCfLhFDERtHapH1_5vFI?authuser=0&hl=vi&g_ep=EgoyMDI2MDkwMS4wIJJjKgBIAVAD&rclk=1
2026-09-05 13:13:17,469 | INFO | Valid Google Maps Place URL opened.
2026-09-05 13:13:22,821 | INFO | Address check | score=0.0000 | status=NEED_REVIEW | reason=MISSING_MAPS_ADDRESS
2026-09-05 13:13:22,823 | INFO | Opening Maps URL | attempt=1/3
2026-09-05 13:13:25,847 | INFO | Current Maps URL: https://www.google.com/maps/place/Sabaidee+Valley+Resort/data=!4m10!3m9!1s0x3114e1f2095d9513:0x52bcf95f1fa976b4!5m2!4m1!1i2!8m2!3d15.175965!4d106.075494!16s%2Fg%2F11g_1c5s7!19sChIJE5VdCfLhFDERtHapH1_5vFI?authuser=0&hl=vi&g_ep=EgoyMDI2MDkwMS4wIJJjKgBIAVAD&rclk=1
2026-09-05 13:13:25,847 | INFO | Valid Google Maps Place URL opened.
2026-09-05 13:13:31,191 | INFO | Address check | score=0.0000 | status=NEED_REVIEW | reason=MISSING_MAPS_ADDRESS
2026-09-05 13:13:31,194 | INFO | Opening Maps URL | attempt=1/3
2026-09-05 13:13:34,193 | INFO | Current Maps URL: https://www.google.com/maps/place/CN+C%C3%B4ng+Ty+c%E1%BB%95+Ph%E1%BA%A7n+T%E1%BA%ADp+%C4%90o%C3%A0n+Hoa+Sen+T%E1%BA%A1i+%C4%90%E1%BA%AFk+%C4%90oa/data=!4m7!3m6!1s0x316ea1b155600769:0x3c5c2021d57f1619!8m2!3d13.9901423!4d108.1013585!16s%2Fg%2F11c6vythbq!19sChIJaQdgVbGhbjERGRZ_1SEgXDw?authuser=0&hl=vi&g_ep=EgoyMDI2MDkwMS4wIJJjKgBIAVAD&rclk=1
2026-09-05 13:13:34,194 | INFO | Valid Google Maps Place URL opened.
2026-09-05 13:13:39,610 | INFO | Address check | score=0.0000 | status=NEED_REVIEW | reason=MISSING_MAPS_ADDRESS
2026-09-05 13:13:39,611 | INFO | CHECKPOINT | processed=480 | matched=1 | mismatched=9 | review=470
2026-09-05 13:13:40,401 | INFO | Excel saved: D:\Product-Google-Maps\output\hotels_export_google_maps_checked.xlsx
2026-09-05 13:13:40,402 | INFO | Opening Maps URL | attempt=1/3
2026-09-05 13:13:43,316 | INFO | Current Maps URL: https://www.google.com/maps/place/%C3%94na%E2%80%99s+House+-+Homestay+Pleiku/data=!4m10!3m9!1s0x316c1fb93d3a002f:0x48fcd8f84ee12998!5m2!4m1!1i2!8m2!3d13.9830398!4d107.9952444!16s%2Fg%2F11v3tyh3gb!19sChIJLwA6PbkfbDERmCnhTvjY_Eg?authuser=0&hl=vi&g_ep=EgoyMDI2MDkwMS4wIJJjKgBIAVAD&rclk=1
2026-09-05 13:13:43,317 | INFO | Valid Google Maps Place URL opened.
2026-09-05 13:13:48,323 | INFO | Address check | score=0.0000 | status=NEED_REVIEW | reason=MISSING_MAPS_ADDRESS
2026-09-05 13:13:48,325 | INFO | Opening Maps URL | attempt=1/3
2026-09-05 13:13:51,337 | INFO | Current Maps URL: https://www.google.com/maps/place/M%C6%A1+Homestay/data=!4m7!3m6!1s0x3174d9002d0de49f:0xdb35feb5ba51e483!8m2!3d10.8924442!4d106.7923742!16s%2Fg%2F11z51hsb_p!19sChIJn-QNLQDZdDERg-RRurX-Nds?authuser=0&hl=vi&g_ep=EgoyMDI2MDkwMS4wIJJjKgBIAVAD&rclk=1
2026-09-05 13:13:51,337 | INFO | Valid Google Maps Place URL opened.
2026-09-05 13:13:56,806 | INFO | Address check | score=0.0000 | status=NEED_REVIEW | reason=MISSING_MAPS_ADDRESS
2026-09-05 13:13:56,807 | INFO | Opening Maps URL | attempt=1/3
2026-09-05 13:13:59,749 | INFO | Current Maps URL: https://www.google.com/maps/place/M%C6%A1+Homestay/data=!4m7!3m6!1s0x3174d9002d0de49f:0xdb35feb5ba51e483!8m2!3d10.8924442!4d106.7923742!16s%2Fg%2F11z51hsb_p!19sChIJn-QNLQDZdDERg-RRurX-Nds?authuser=0&hl=vi&g_ep=EgoyMDI2MDkwMS4wIJJjKgBIAVAD&rclk=1
2026-09-05 13:13:59,749 | INFO | Valid Google Maps Place URL opened.
2026-09-05 13:14:05,119 | INFO | Address check | score=0.0000 | status=NEED_REVIEW | reason=MISSING_MAPS_ADDRESS
2026-09-05 13:14:05,120 | INFO | Opening Maps URL | attempt=1/3
2026-09-05 13:14:08,058 | INFO | Current Maps URL: https://www.google.com/maps/place/M%C6%A1+Homestay/data=!4m7!3m6!1s0x3174d9002d0de49f:0xdb35feb5ba51e483!8m2!3d10.8924442!4d106.7923742!16s%2Fg%2F11z51hsb_p!19sChIJn-QNLQDZdDERg-RRurX-Nds?authuser=0&hl=vi&g_ep=EgoyMDI2MDkwMS4wIJJjKgBIAVAD&rclk=1
2026-09-05 13:14:08,059 | INFO | Valid Google Maps Place URL opened.
2026-09-05 13:14:13,369 | INFO | Address check | score=0.0000 | status=NEED_REVIEW | reason=MISSING_MAPS_ADDRESS
2026-09-05 13:14:13,369 | INFO | Opening Maps URL | attempt=1/3
2026-09-05 13:14:16,327 | INFO | Current Maps URL: https://www.google.com/maps/place/Kh%C3%A1ch+S%E1%BA%A1n+Ph%C3%BA+Phong/data=!4m7!3m6!1s0x316f220fe53ee481:0xd4d6afc3c01e24e2!8m2!3d13.9091929!4d108.9154051!16s%2Fg%2F1tfsqc61!19sChIJgeQ-5Q8ibzER4iQewMOv1tQ?authuser=0&hl=vi&g_ep=EgoyMDI2MDkwMS4wIJJjKgBIAVAD&rclk=1
2026-09-05 13:14:16,328 | INFO | Valid Google Maps Place URL opened.
2026-09-05 13:14:21,643 | INFO | Address check | score=0.0000 | status=NEED_REVIEW | reason=MISSING_MAPS_ADDRESS
2026-09-05 13:14:21,644 | INFO | Opening Maps URL | attempt=1/3
2026-09-05 13:14:24,512 | INFO | Current Maps URL: https://www.google.com/maps/place/Ms.+Yang+Homestay/data=!4m10!3m9!1s0x31752f3cacf4565b:0x12602e4e16f06e08!5m2!4m1!1i2!8m2!3d10.7731118!4d106.6879942!16s%2Fg%2F11b6t2zddh!19sChIJW1b0rDwvdTERCG7wFk4uYBI?authuser=0&hl=vi&g_ep=EgoyMDI2MDkwMS4wIJJjKgBIAVAD&rclk=1
2026-09-05 13:14:24,512 | INFO | Valid Google Maps Place URL opened.
2026-09-05 13:14:29,650 | INFO | Address check | score=0.0000 | status=NEED_REVIEW | reason=MISSING_MAPS_ADDRESS
2026-09-05 13:14:29,651 | INFO | Opening Maps URL | attempt=1/3
2026-09-05 13:14:32,689 | INFO | Current Maps URL: https://www.google.com/maps/place/Sanga+Hostel+and+souvenir/data=!4m10!3m9!1s0x3114f8b39b336f95:0x717cef0f126b3ad8!5m2!4m1!1i2!8m2!3d15.119859!4d105.798935!16s%2Fg%2F11gxs0hmgb!19sChIJlW8zm7P4FDER2DprEg_vfHE?authuser=0&hl=vi&g_ep=EgoyMDI2MDkwMS4wIJJjKgBIAVAD&rclk=1
2026-09-05 13:14:32,689 | INFO | Valid Google Maps Place URL opened.
2026-09-05 13:14:38,060 | INFO | Address check | score=0.0000 | status=NEED_REVIEW | reason=MISSING_MAPS_ADDRESS
2026-09-05 13:14:38,061 | INFO | Opening Maps URL | attempt=1/3
2026-09-05 13:14:41,121 | INFO | Current Maps URL: https://www.google.com/maps/place/Motel+Ho%C3%A0ng+Vi%E1%BB%87t/data=!4m10!3m9!1s0x316c1f005b9d0477:0x4ce92d06622c914f!5m2!4m1!1i2!8m2!3d13.9811057!4d108.0003522!16s%2Fg%2F11z7qn897c!19sChIJdwSdWwAfbDERT5EsYgYt6Uw?authuser=0&hl=vi&g_ep=EgoyMDI2MDkwMS4wIJJjKgBIAVAD&rclk=1
2026-09-05 13:14:41,121 | INFO | Valid Google Maps Place URL opened.
2026-09-05 13:14:46,525 | INFO | Address check | score=0.0000 | status=NEED_REVIEW | reason=MISSING_MAPS_ADDRESS
2026-09-05 13:14:46,529 | INFO | Opening Maps URL | attempt=1/3
2026-09-05 13:14:49,488 | INFO | Current Maps URL: https://www.google.com/maps/place/Gia+lai+Homestay+Ph%C6%B0%C6%A1ng+My/data=!4m7!3m6!1s0x316c2113bff05879:0x236d2e7c5ef6f969!8m2!3d13.9576311!4d108.0341075!16s%2Fg%2F11s56qjp4l!19sChIJeVjwvxMhbDERafn2XnwubSM?authuser=0&hl=vi&g_ep=EgoyMDI2MDkwMS4wIJJjKgBIAVAD&rclk=1
2026-09-05 13:14:49,488 | INFO | Valid Google Maps Place URL opened.
2026-09-05 13:14:54,915 | INFO | Address check | score=0.0000 | status=NEED_REVIEW | reason=MISSING_MAPS_ADDRESS
2026-09-05 13:14:54,918 | INFO | Opening Maps URL | attempt=1/3
2026-09-05 13:14:57,912 | INFO | Current Maps URL: https://www.google.com/maps/place/Homestay+H%E1%BB%8D+B%C3%B9i/data=!4m7!3m6!1s0x316edbf8572ab1ff:0x770ebf67f024fdf9!8m2!3d14.0694424!4d108.6312883!16s%2Fg%2F11kjqlqj0m!19sChIJ_7EqV_jbbjER-f0k8Ge_Dnc?authuser=0&hl=vi&g_ep=EgoyMDI2MDkwMS4wIJJjKgBIAVAD&rclk=1
2026-09-05 13:14:57,912 | INFO | Valid Google Maps Place URL opened.
2026-09-05 13:15:03,350 | INFO | Address check | score=0.0000 | status=NEED_REVIEW | reason=MISSING_MAPS_ADDRESS
2026-09-05 13:15:03,351 | INFO | CHECKPOINT | processed=490 | matched=1 | mismatched=9 | review=480
2026-09-05 13:15:03,871 | INFO | Excel saved: D:\Product-Google-Maps\output\hotels_export_google_maps_checked.xlsx
2026-09-05 13:15:03,872 | INFO | Opening Maps URL | attempt=1/3
2026-09-05 13:15:06,773 | INFO | Current Maps URL: https://www.google.com/maps/place/Ph%C3%BA+Gia+Hotel/data=!4m7!3m6!1s0x31752e8c3fc77109:0xae138f2474ddc626!8m2!3d10.755333!4d106.648164!16s%2Fg%2F11c5_tnryn!19sChIJCXHHP4wudTERJsbddCSPE64?authuser=0&hl=vi&g_ep=EgoyMDI2MDkwMS4wIJJjKgBIAVAD&rclk=1
2026-09-05 13:15:06,792 | INFO | Valid Google Maps Place URL opened.
2026-09-05 13:15:12,243 | INFO | Address check | score=0.0000 | status=NEED_REVIEW | reason=MISSING_MAPS_ADDRESS
2026-09-05 13:15:12,244 | INFO | Opening Maps URL | attempt=1/3
2026-09-05 13:15:15,193 | INFO | Current Maps URL: https://www.google.com/maps/place/Nh%C3%A0+Ngh%E1%BB%89+T%C3%A2n+Trang/data=!4m7!3m6!1s0x316e370070f2563f:0xe3f3d96504a842a3!8m2!3d13.1984457!4d108.6899489!16s%2Fg%2F11xw2lywx_!19sChIJP1bycAA3bjERo0KoBGXZ8-M?authuser=0&hl=vi&g_ep=EgoyMDI2MDkwMS4wIJJjKgBIAVAD&rclk=1
2026-09-05 13:15:15,193 | INFO | Valid Google Maps Place URL opened.
2026-09-05 13:15:20,604 | INFO | Address check | score=0.0000 | status=NEED_REVIEW | reason=MISSING_MAPS_ADDRESS
2026-09-05 13:15:20,605 | INFO | Opening Maps URL | attempt=1/3
2026-09-05 13:15:23,540 | INFO | Current Maps URL: https://www.google.com/maps/place/Nh%C3%A0+Ngh%E1%BB%89+T%C3%A2n+Trang/data=!4m7!3m6!1s0x316e370070f2563f:0xe3f3d96504a842a3!8m2!3d13.1984457!4d108.6899489!16s%2Fg%2F11xw2lywx_!19sChIJP1bycAA3bjERo0KoBGXZ8-M?authuser=0&hl=vi&g_ep=EgoyMDI2MDkwMS4wIJJjKgBIAVAD&rclk=1
2026-09-05 13:15:23,541 | INFO | Valid Google Maps Place URL opened.
2026-09-05 13:15:29,035 | INFO | Address check | score=0.0000 | status=NEED_REVIEW | reason=MISSING_MAPS_ADDRESS
2026-09-05 13:15:29,036 | INFO | Opening Maps URL | attempt=1/3
2026-09-05 13:15:31,983 | INFO | Current Maps URL: https://www.google.com/maps/place/Vee+Homestay/data=!4m7!3m6!1s0x316c1f003703e54d:0x14a63616ca053ad2!8m2!3d13.9720362!4d107.9879075!16s%2Fg%2F11mzn_sj2d!19sChIJTeUDNwAfbDER0joFyhY2phQ?authuser=0&hl=vi&g_ep=EgoyMDI2MDkwMS4wIJJjKgBIAVAD&rclk=1
2026-09-05 13:15:31,983 | INFO | Valid Google Maps Place URL opened.
2026-09-05 13:15:37,335 | INFO | Address check | score=0.0000 | status=NEED_REVIEW | reason=MISSING_MAPS_ADDRESS
2026-09-05 13:15:37,337 | INFO | Opening Maps URL | attempt=1/3
2026-09-05 13:15:40,262 | INFO | Current Maps URL: https://www.google.com/maps/place/Nh%C3%A0+Ngh%E1%BB%89+Ch%C6%B0+S%C3%AA/data=!4m7!3m6!1s0x316e83c5b3ab8603:0x1a7029b5d909598f!8m2!3d13.7221326!4d108.0641672!16s%2Fg%2F11gtftml8b!19sChIJA4ars8WDbjERj1kJ2bUpcBo?authuser=0&hl=vi&g_ep=EgoyMDI2MDkwMS4wIJJjKgBIAVAD&rclk=1
2026-09-05 13:15:40,270 | INFO | Valid Google Maps Place URL opened.
2026-09-05 13:15:45,603 | INFO | Address check | score=0.0000 | status=NEED_REVIEW | reason=MISSING_MAPS_ADDRESS
2026-09-05 13:15:45,605 | INFO | Opening Maps URL | attempt=1/3
2026-09-05 13:15:48,557 | INFO | Current Maps URL: https://www.google.com/maps/place/Nh%C3%A0+Ngh%E1%BB%89+Ch%C6%B0+S%C3%AA/data=!4m7!3m6!1s0x316e83c5b3ab8603:0x1a7029b5d909598f!8m2!3d13.7221326!4d108.0641672!16s%2Fg%2F11gtftml8b!19sChIJA4ars8WDbjERj1kJ2bUpcBo?authuser=0&hl=vi&g_ep=EgoyMDI2MDkwMS4wIJJjKgBIAVAD&rclk=1
2026-09-05 13:15:48,558 | INFO | Valid Google Maps Place URL opened.
2026-09-05 13:15:53,878 | INFO | Address check | score=0.0000 | status=NEED_REVIEW | reason=MISSING_MAPS_ADDRESS
2026-09-05 13:15:53,879 | INFO | Opening Maps URL | attempt=1/3
2026-09-05 13:15:56,779 | INFO | Current Maps URL: https://www.google.com/maps/place/Nh%C3%A0+Ngh%E1%BB%89+C%C3%A1t+H%E1%BA%A1/data=!4m7!3m6!1s0x316c21d6036cc2ef:0x3c0ce7d1ccba3dd7!8m2!3d13.9702277!4d107.9942384!16s%2Fg%2F11c1t5405n!19sChIJ78JsA9YhbDER1z26zNHnDDw?authuser=0&hl=vi&g_ep=EgoyMDI2MDkwMS4wIJJjKgBIAVAD&rclk=1
2026-09-05 13:15:56,780 | INFO | Valid Google Maps Place URL opened.
2026-09-05 13:16:02,188 | INFO | Address check | score=0.0000 | status=NEED_REVIEW | reason=MISSING_MAPS_ADDRESS
2026-09-05 13:16:02,190 | INFO | Opening Maps URL | attempt=1/3
2026-09-05 13:16:05,150 | INFO | Current Maps URL: https://www.google.com/maps/place/Blue+Zones+Hotel+%26+Homestay/data=!4m7!3m6!1s0x316c1f000387adb3:0xd899380fbbd13b0a!8m2!3d13.9812504!4d107.9728673!16s%2Fg%2F11xksgpztl!19sChIJs62HAwAfbDERCjvRuw84mdg?authuser=0&hl=vi&g_ep=EgoyMDI2MDkwMS4wIJJjKgBIAVAD&rclk=1
2026-09-05 13:16:05,150 | INFO | Valid Google Maps Place URL opened.
2026-09-05 13:16:10,500 | INFO | Address check | score=0.0000 | status=NEED_REVIEW | reason=MISSING_MAPS_ADDRESS
2026-09-05 13:16:10,501 | INFO | Opening Maps URL | attempt=1/3
2026-09-05 13:16:13,591 | INFO | Current Maps URL: https://www.google.com/maps/place/Homestay+Lan+Anh+3/data=!4m7!3m6!1s0x316f6dc7942adeb5:0x44a9d2bd3af30fd5!8m2!3d13.7721083!4d109.2423197!16s%2Fg%2F11rk2vb9yb!19sChIJtd4qlMdtbzER1Q_zOr3SqUQ?authuser=0&hl=vi&g_ep=EgoyMDI2MDkwMS4wIJJjKgBIAVAD&rclk=1
2026-09-05 13:16:13,592 | INFO | Valid Google Maps Place URL opened.
2026-09-05 13:16:19,013 | INFO | Address check | score=0.0000 | status=NEED_REVIEW | reason=MISSING_MAPS_ADDRESS
2026-09-05 13:16:19,014 | INFO | Opening Maps URL | attempt=1/3
2026-09-05 13:16:22,211 | INFO | Current Maps URL: https://www.google.com/maps/place/Kh%C3%A1ch+s%E1%BA%A1n+Pleiku/data=!4m10!3m9!1s0x316c1f9beeafdc63:0xd112ab483882c1ec!5m2!4m1!1i2!8m2!3d13.98526!4d108.007592!16s%2Fg%2F1tdy1zcp!19sChIJY9yv7psfbDER7MGCOEirEtE?authuser=0&hl=vi&g_ep=EgoyMDI2MDkwMS4wIJJjKgBIAVAD&rclk=1
2026-09-05 13:16:22,211 | INFO | Valid Google Maps Place URL opened.
2026-09-05 13:16:27,565 | INFO | Address check | score=0.0000 | status=NEED_REVIEW | reason=MISSING_MAPS_ADDRESS
2026-09-05 13:16:27,566 | INFO | CHECKPOINT | processed=500 | matched=1 | mismatched=9 | review=490
2026-09-05 13:16:28,091 | INFO | Excel saved: D:\Product-Google-Maps\output\hotels_export_google_maps_checked.xlsx
2026-09-05 13:16:28,092 | INFO | Opening Maps URL | attempt=1/3
2026-09-05 13:16:30,967 | INFO | Current Maps URL: https://www.google.com/maps/place/Kh%C3%A1ch+s%E1%BA%A1n+Bay+H%E1%BB%93+Ch%C3%AD+Minh/data=!4m10!3m9!1s0x31752f4edf46da0d:0xc74b1dbb86db813c!5m2!4m1!1i2!8m2!3d10.780679!4d106.706945!16s%2Fg%2F11cn7tdf_9!19sChIJDdpG304vdTERPIHbhrsdS8c?authuser=0&hl=vi&g_ep=EgoyMDI2MDkwMS4wIJJjKgBIAVAD&rclk=1
2026-09-05 13:16:30,968 | INFO | Valid Google Maps Place URL opened.
2026-09-05 13:16:36,373 | INFO | Address check | score=0.0000 | status=NEED_REVIEW | reason=MISSING_MAPS_ADDRESS
2026-09-05 13:16:36,374 | INFO | Opening Maps URL | attempt=1/3
2026-09-05 13:16:39,281 | INFO | Current Maps URL: https://www.google.com/maps/place/Kimstay/data=!4m7!3m6!1s0x31752fc75d1272d3:0x6b72866fd80c0890!8m2!3d10.7983834!4d106.6842851!16s%2Fg%2F11yxpzn4bg!19sChIJ03ISXccvdTERkAgM2G-Gcms?authuser=0&hl=vi&g_ep=EgoyMDI2MDkwMS4wIJJjKgBIAVAD&rclk=1
2026-09-05 13:16:39,281 | INFO | Valid Google Maps Place URL opened.
2026-09-05 13:16:44,706 | INFO | Address check | score=0.0000 | status=NEED_REVIEW | reason=MISSING_MAPS_ADDRESS
2026-09-05 13:16:44,708 | INFO | Opening Maps URL | attempt=1/3
2026-09-05 13:16:47,834 | INFO | Current Maps URL: https://www.google.com/maps/place/Nh%C3%A0+Ngh%E1%BB%89+Ph%C3%BA+Gia/data=!4m7!3m6!1s0x316edd077c076447:0x2e36deb214e072f4!8m2!3d13.9551145!4d108.6645677!16s%2Fg%2F11c1t5132w!19sChIJR2QHfAfdbjER9HLgFLLeNi4?authuser=0&hl=vi&g_ep=EgoyMDI2MDkwMS4wIJJjKgBIAVAD&rclk=1
2026-09-05 13:16:47,835 | INFO | Valid Google Maps Place URL opened.
2026-09-05 13:16:53,282 | INFO | Address check | score=0.0000 | status=NEED_REVIEW | reason=MISSING_MAPS_ADDRESS
2026-09-05 13:16:53,286 | INFO | Opening Maps URL | attempt=1/3
2026-09-05 13:16:56,310 | INFO | Current Maps URL: https://www.google.com/maps/place/Nh%C3%A0+Ngh%E1%BB%89+Ph%C3%BA+Gia/data=!4m7!3m6!1s0x316edd077c076447:0x2e36deb214e072f4!8m2!3d13.9551145!4d108.6645677!16s%2Fg%2F11c1t5132w!19sChIJR2QHfAfdbjER9HLgFLLeNi4?authuser=0&hl=vi&g_ep=EgoyMDI2MDkwMS4wIJJjKgBIAVAD&rclk=1
2026-09-05 13:16:56,310 | INFO | Valid Google Maps Place URL opened.
2026-09-05 13:17:01,601 | INFO | Address check | score=0.0000 | status=NEED_REVIEW | reason=MISSING_MAPS_ADDRESS
2026-09-05 13:17:01,602 | INFO | Opening Maps URL | attempt=1/3
2026-09-05 13:17:04,571 | INFO | Current Maps URL: https://www.google.com/maps/place/Nh%C3%A0+ngh%E1%BB%89+H%C3%A0m+R%E1%BB%93ng/data=!4m7!3m6!1s0x316c210023f7741f:0x47bf81a9d5ce49a!8m2!3d13.9104937!4d108.0096576!16s%2Fg%2F11vrfl722l!19sChIJH3T3IwAhbDERmuRcnRr4ewQ?authuser=0&hl=vi&g_ep=EgoyMDI2MDkwMS4wIJJjKgBIAVAD&rclk=1
2026-09-05 13:17:04,571 | INFO | Valid Google Maps Place URL opened.
2026-09-05 13:17:09,938 | INFO | Address check | score=0.0000 | status=NEED_REVIEW | reason=MISSING_MAPS_ADDRESS
2026-09-05 13:17:09,943 | INFO | Opening Maps URL | attempt=1/3
2026-09-05 13:17:12,993 | INFO | Current Maps URL: https://www.google.com/maps/place/Nh%C3%A0+ngh%E1%BB%89+H%C3%A0m+R%E1%BB%93ng/data=!4m7!3m6!1s0x316c210023f7741f:0x47bf81a9d5ce49a!8m2!3d13.9104937!4d108.0096576!16s%2Fg%2F11vrfl722l!19sChIJH3T3IwAhbDERmuRcnRr4ewQ?authuser=0&hl=vi&g_ep=EgoyMDI2MDkwMS4wIJJjKgBIAVAD&rclk=1
2026-09-05 13:17:12,993 | INFO | Valid Google Maps Place URL opened.
2026-09-05 13:17:18,375 | INFO | Address check | score=0.0000 | status=NEED_REVIEW | reason=MISSING_MAPS_ADDRESS
2026-09-05 13:17:18,378 | INFO | Opening Maps URL | attempt=1/3
2026-09-05 13:17:21,245 | INFO | Current Maps URL: https://www.google.com/maps/place/Vika+Homestay/data=!4m10!3m9!1s0x31752f35817ed33b:0x919cc0d4366283bf!5m2!4m1!1i2!8m2!3d10.786278!4d106.699531!16s%2Fg%2F11f5464q31!19sChIJO9N-gTUvdTERv4NiNtTAnJE?authuser=0&hl=vi&g_ep=EgoyMDI2MDkwMS4wIJJjKgBIAVAD&rclk=1
2026-09-05 13:17:21,246 | INFO | Valid Google Maps Place URL opened.
2026-09-05 13:17:26,722 | INFO | Address check | score=0.0000 | status=NEED_REVIEW | reason=MISSING_MAPS_ADDRESS
2026-09-05 13:17:26,723 | INFO | Opening Maps URL | attempt=1/3
2026-09-05 13:17:29,852 | INFO | Current Maps URL: https://www.google.com/maps/place/Nh%C3%A0+Ngh%E1%BB%89+Th%C3%A0nh+Nh%C3%A2n/data=!4m7!3m6!1s0x316e4300270b7671:0x48bcf412aed18b4!8m2!3d13.4026263!4d108.4401318!16s%2Fg%2F11yfr0_kd8!19sChIJcXYLJwBDbjERtBjtKkHPiwQ?authuser=0&hl=vi&g_ep=EgoyMDI2MDkwMS4wIJJjKgBIAVAD&rclk=1
2026-09-05 13:17:29,867 | INFO | Valid Google Maps Place URL opened.
2026-09-05 13:17:35,223 | INFO | Address check | score=0.0000 | status=NEED_REVIEW | reason=MISSING_MAPS_ADDRESS
2026-09-05 13:17:35,224 | INFO | Opening Maps URL | attempt=1/3
2026-09-05 13:17:38,457 | INFO | Current Maps URL: https://www.google.com/maps/place/Gia+B%E1%BA%A3o+Hotel/data=!4m10!3m9!1s0x317525006bcaedf5:0x235fc496558ccfd1!5m2!4m1!1i2!8m2!3d10.7446134!4d106.7320889!16s%2Fg%2F11mrxznc5x!19sChIJ9e3KawAldTER0c-MVZbEXyM?authuser=0&hl=vi&g_ep=EgoyMDI2MDkwMS4wIJJjKgBIAVAD&rclk=1
2026-09-05 13:17:38,457 | INFO | Valid Google Maps Place URL opened.
2026-09-05 13:17:43,870 | INFO | Address check | score=0.0000 | status=NEED_REVIEW | reason=MISSING_MAPS_ADDRESS
2026-09-05 13:17:43,871 | INFO | Opening Maps URL | attempt=1/3
2026-09-05 13:17:46,867 | INFO | Current Maps URL: https://www.google.com/maps/place/Nh%C3%A0+ngh%E1%BB%89+Bazan/data=!4m7!3m6!1s0x316c1f9d7e8389fd:0xc2ffd29091fa5baa!8m2!3d13.9838399!4d108.0007231!16s%2Fg%2F11bxg31y9q!19sChIJ_YmDfp0fbDERqlv6kZDS_8I?authuser=0&hl=vi&g_ep=EgoyMDI2MDkwMS4wIJJjKgBIAVAD&rclk=1
2026-09-05 13:17:46,867 | INFO | Valid Google Maps Place URL opened.
2026-09-05 13:17:52,268 | INFO | Address check | score=0.0000 | status=NEED_REVIEW | reason=MISSING_MAPS_ADDRESS
2026-09-05 13:17:52,270 | INFO | CHECKPOINT | processed=510 | matched=1 | mismatched=9 | review=500
2026-09-05 13:17:52,847 | INFO | Excel saved: D:\Product-Google-Maps\output\hotels_export_google_maps_checked.xlsx
2026-09-05 13:17:52,848 | INFO | Opening Maps URL | attempt=1/3
2026-09-05 13:17:55,821 | INFO | Current Maps URL: https://www.google.com/maps/place/Nh%C3%A0+ngh%E1%BB%89+Ti%E1%BA%BFn+Th%C3%A0nh/data=!4m7!3m6!1s0x3174d9056a1a200b:0x8424b9f386d4321a!8m2!3d10.9268125!4d106.7465247!16s%2Fg%2F11nx53_1n1!19sChIJCyAaagXZdDERGjLUhvO5JIQ?authuser=0&hl=vi&g_ep=EgoyMDI2MDkwMS4wIJJjKgBIAVAD&rclk=1
2026-09-05 13:17:55,821 | INFO | Valid Google Maps Place URL opened.
2026-09-05 13:18:01,278 | INFO | Address check | score=0.0000 | status=NEED_REVIEW | reason=MISSING_MAPS_ADDRESS
2026-09-05 13:18:01,281 | INFO | Opening Maps URL | attempt=1/3
2026-09-05 13:18:04,231 | INFO | Current Maps URL: https://www.google.com/maps/place/25+Chu+M%E1%BA%A1nh+Trinh/data=!4m7!3m6!1s0x316c21d21825fc19:0x704d719d8d5810dd!8m2!3d13.9605384!4d107.9954153!16s%2Fg%2F11j6zyd8bv!19sChIJGfwlGNIhbDER3RBYjZ1xTXA?authuser=0&hl=vi&g_ep=EgoyMDI2MDkwMS4wIJJjKgBIAVAD&rclk=1
2026-09-05 13:18:04,231 | INFO | Valid Google Maps Place URL opened.
2026-09-05 13:18:09,626 | INFO | Address check | score=0.0000 | status=NEED_REVIEW | reason=MISSING_MAPS_ADDRESS
2026-09-05 13:18:09,627 | INFO | Opening Maps URL | attempt=1/3
2026-09-05 13:18:12,812 | INFO | Current Maps URL: https://www.google.com/maps/place/Kh%C3%A1ch+S%E1%BA%A1n+Qu%E1%BB%B3nh+Anh/data=!4m10!3m9!1s0x317529f749d78873:0x283986a0c0792e8d!5m2!4m1!1i2!8m2!3d10.867707!4d106.634518!16s%2Fg%2F11xmzp8lj!19sChIJc4jXSfcpdTERjS55wKCGOSg?authuser=0&hl=vi&g_ep=EgoyMDI2MDkwMS4wIJJjKgBIAVAD&rclk=1
2026-09-05 13:18:12,814 | INFO | Valid Google Maps Place URL opened.
2026-09-05 13:18:18,291 | INFO | Address check | score=0.0000 | status=NEED_REVIEW | reason=MISSING_MAPS_ADDRESS
2026-09-05 13:18:18,293 | INFO | Opening Maps URL | attempt=1/3
2026-09-05 13:18:21,247 | INFO | Current Maps URL: https://www.google.com/maps/place/Nh%C3%A0+ngh%E1%BB%89+y%E1%BA%BFn+nh%C6%B0/data=!4m7!3m6!1s0x316e45007d8cef1b:0x1ff00dff40950f7e!8m2!3d13.3046588!4d108.6038329!16s%2Fg%2F11ynv77495!19sChIJG--MfQBFbjERfg-VQP8N8B8?authuser=0&hl=vi&g_ep=EgoyMDI2MDkwMS4wIJJjKgBIAVAD&rclk=1
2026-09-05 13:18:21,248 | INFO | Valid Google Maps Place URL opened.
2026-09-05 13:18:26,684 | INFO | Address check | score=0.0000 | status=NEED_REVIEW | reason=MISSING_MAPS_ADDRESS
2026-09-05 13:18:26,686 | INFO | Opening Maps URL | attempt=1/3
2026-09-05 13:18:29,694 | INFO | Current Maps URL: https://www.google.com/maps/place/Homestay+An+Nhi%C3%AAn/data=!4m7!3m6!1s0x316c21001f40d07d:0xdf7eaf1d87d3fb7e!8m2!3d13.9613455!4d108.0026096!16s%2Fg%2F11w_hk_vsz!19sChIJfdBAHwAhbDERfvvThx2vft8?authuser=0&hl=vi&g_ep=EgoyMDI2MDkwMS4wIJJjKgBIAVAD&rclk=1
2026-09-05 13:18:29,694 | INFO | Valid Google Maps Place URL opened.
2026-09-05 13:18:35,090 | INFO | Address check | score=0.0000 | status=NEED_REVIEW | reason=MISSING_MAPS_ADDRESS
2026-09-05 13:18:35,091 | INFO | Opening Maps URL | attempt=1/3
2026-09-05 13:18:38,037 | INFO | Current Maps URL: https://www.google.com/maps/place/Kh%C3%A1ch+s%E1%BA%A1n+Pleiku/data=!4m10!3m9!1s0x316c1f9beeafdc63:0xd112ab483882c1ec!5m2!4m1!1i2!8m2!3d13.98526!4d108.007592!16s%2Fg%2F1tdy1zcp!19sChIJY9yv7psfbDER7MGCOEirEtE?authuser=0&hl=vi&g_ep=EgoyMDI2MDkwMS4wIJJjKgBIAVAD&rclk=1
2026-09-05 13:18:38,038 | INFO | Valid Google Maps Place URL opened.
2026-09-05 13:18:43,471 | INFO | Address check | score=0.0000 | status=NEED_REVIEW | reason=MISSING_MAPS_ADDRESS
2026-09-05 13:18:43,473 | INFO | Opening Maps URL | attempt=1/3
2026-09-05 13:18:46,458 | INFO | Current Maps URL: https://www.google.com/maps/place/Nh%C3%A0+Ngh%E1%BB%89+T%C3%A2n+Ho%C3%A0n+Nhi/data=!4m7!3m6!1s0x316f3ba52dee1c67:0xb65b1495cd5cd838!8m2!3d14.0073529!4d109.0568744!16s%2Fg%2F11fy_27hlc!19sChIJZxzuLaU7bzERONhczZUUW7Y?authuser=0&hl=vi&g_ep=EgoyMDI2MDkwMS4wIJJjKgBIAVAD&rclk=1
2026-09-05 13:18:46,459 | INFO | Valid Google Maps Place URL opened.
2026-09-05 13:18:51,902 | INFO | Address check | score=0.0000 | status=NEED_REVIEW | reason=MISSING_MAPS_ADDRESS
2026-09-05 13:18:51,903 | INFO | Opening Maps URL | attempt=1/3
2026-09-05 13:18:55,091 | INFO | Current Maps URL: https://www.google.com/maps/place/Nh%C3%A0+ngh%E1%BB%89+chi%E1%BB%81u+xu%C3%A2n/data=!4m7!3m6!1s0x316f6c91f833af95:0x2de70aea3d04672b!8m2!3d13.768869!4d109.2231175!16s%2Fg%2F11fr6sqwth!19sChIJla8z-JFsbzERK2cEPeoK5y0?authuser=0&hl=vi&g_ep=EgoyMDI2MDkwMS4wIJJjKgBIAVAD&rclk=1
2026-09-05 13:18:55,092 | INFO | Valid Google Maps Place URL opened.
2026-09-05 13:19:00,619 | INFO | Address check | score=0.0000 | status=NEED_REVIEW | reason=MISSING_MAPS_ADDRESS
2026-09-05 13:19:00,620 | INFO | Opening Maps URL | attempt=1/3
2026-09-05 13:19:03,555 | INFO | Current Maps URL: https://www.google.com/maps/place/Nh%C3%A0+Ngh%E1%BB%89+%C4%90%E1%BB%93ng+Qu%C3%AA/data=!4m7!3m6!1s0x316c1f1d78e1ee01:0xb7dca3766cd61cb1!8m2!3d14.0153188!4d107.9859639!16s%2Fg%2F11fnwhyw4v!19sChIJAe7heB0fbDERsRzWbHaj3Lc?authuser=0&hl=vi&g_ep=EgoyMDI2MDkwMS4wIJJjKgBIAVAD&rclk=1
2026-09-05 13:19:03,556 | INFO | Valid Google Maps Place URL opened.
2026-09-05 13:19:08,826 | INFO | Address check | score=0.0000 | status=NEED_REVIEW | reason=MISSING_MAPS_ADDRESS
2026-09-05 13:19:08,827 | INFO | Opening Maps URL | attempt=1/3
2026-09-05 13:19:11,812 | INFO | Current Maps URL: https://www.google.com/maps/place/Nh%C3%A0+Ngh%E1%BB%89+Hoa+%C4%90%C4%83ng/data=!4m7!3m6!1s0x3175a23a08f9f6e3:0xce79669245318a84!8m2!3d10.521794!4d107.4017719!16s%2Fg%2F11bcclzsrp!19sChIJ4_b5CDqidTERhIoxRZJmec4?authuser=0&hl=vi&g_ep=EgoyMDI2MDkwMS4wIJJjKgBIAVAD&rclk=1
2026-09-05 13:19:11,813 | INFO | Valid Google Maps Place URL opened.
2026-09-05 13:19:16,828 | INFO | Address check | score=0.0000 | status=NEED_REVIEW | reason=MISSING_MAPS_ADDRESS
2026-09-05 13:19:16,828 | INFO | CHECKPOINT | processed=520 | matched=1 | mismatched=9 | review=510
2026-09-05 13:19:17,364 | INFO | Excel saved: D:\Product-Google-Maps\output\hotels_export_google_maps_checked.xlsx
2026-09-05 13:19:17,367 | INFO | Opening Maps URL | attempt=1/3
2026-09-05 13:19:20,241 | INFO | Current Maps URL: https://www.google.com/maps/place/Ch%C3%AD+Thanh+Hotel+homestay/data=!4m10!3m9!1s0x316e8101208121c9:0x593cad933ce9f3c7!5m2!4m1!1i2!8m2!3d13.655063!4d108.098417!16s%2Fg%2F11vlyv451f!19sChIJySGBIAGBbjERx_PpPJOtPFk?authuser=0&hl=vi&g_ep=EgoyMDI2MDkwMS4wIJJjKgBIAVAD&rclk=1
2026-09-05 13:19:20,241 | INFO | Valid Google Maps Place URL opened.
2026-09-05 13:19:25,649 | INFO | Address check | score=0.0000 | status=NEED_REVIEW | reason=MISSING_MAPS_ADDRESS
2026-09-05 13:19:25,650 | INFO | Opening Maps URL | attempt=1/3
2026-09-05 13:19:28,520 | INFO | Current Maps URL: https://www.google.com/maps/place/Le+VyN+Boutique+Hotel/data=!4m10!3m9!1s0x316943aec74467cf:0x9cf3752d6bf36e89!5m2!4m1!1i2!8m2!3d14.610804!4d108.292185!16s%2Fg%2F11ms10ylsp!19sChIJz2dEx65DaTERiW7zay1185w?authuser=0&hl=vi&g_ep=EgoyMDI2MDkwMS4wIJJjKgBIAVAD&rclk=1
2026-09-05 13:19:28,520 | INFO | Valid Google Maps Place URL opened.
2026-09-05 13:19:33,886 | INFO | Address check | score=0.0000 | status=NEED_REVIEW | reason=MISSING_MAPS_ADDRESS
2026-09-05 13:19:33,887 | INFO | Opening Maps URL | attempt=1/3
2026-09-05 13:19:36,870 | INFO | Current Maps URL: https://www.google.com/maps/place/Motel+B%C3%ACnh+Minh+Ph%C3%B9+C%C3%A1t/data=!4m7!3m6!1s0x316f3b2e6947d195:0xd1cc5de5ace01f88!8m2!3d14.0047882!4d109.0576724!16s%2Fg%2F11jb3d7cd_!19sChIJldFHaS47bzERiB_grOVdzNE?authuser=0&hl=vi&g_ep=EgoyMDI2MDkwMS4wIJJjKgBIAVAD&rclk=1
2026-09-05 13:19:36,870 | INFO | Valid Google Maps Place URL opened.
2026-09-05 13:19:42,322 | INFO | Address check | score=0.0000 | status=NEED_REVIEW | reason=MISSING_MAPS_ADDRESS
2026-09-05 13:19:42,325 | INFO | Opening Maps URL | attempt=1/3
2026-09-05 13:19:45,345 | INFO | Current Maps URL: https://www.google.com/maps/place/Nh%C3%A0+ngh%E1%BB%89+l%C3%AA+h%C3%B9ng/data=!4m7!3m6!1s0x31351700713a5523:0xeb1cbbb9f8e71982!8m2!3d21.4520375!4d105.9780781!16s%2Fg%2F11yn5y8xcx!19sChIJI1U6cQAXNTERghnn-Lm7HOs?authuser=0&hl=vi&g_ep=EgoyMDI2MDkwMS4wIJJjKgBIAVAD&rclk=1
2026-09-05 13:19:45,348 | INFO | Valid Google Maps Place URL opened.
2026-09-05 13:19:50,781 | INFO | Address check | score=0.0000 | status=NEED_REVIEW | reason=MISSING_MAPS_ADDRESS
2026-09-05 13:19:50,782 | INFO | Opening Maps URL | attempt=1/3
2026-09-05 13:19:53,699 | INFO | Current Maps URL: https://www.google.com/maps/place/Nh%C3%A0+ngh%E1%BB%89+Thi%C3%AAn+%C4%90%C6%B0%E1%BB%9Dng+Xanh/data=!4m7!3m6!1s0x316ea3f83b815cf9:0x1ad8ab913124df5b!8m2!3d14.0118019!4d108.2251418!16s%2Fg%2F11q57rtyzs!19sChIJ-VyBO_ijbjERW98kMZGr2Bo?authuser=0&hl=vi&g_ep=EgoyMDI2MDkwMS4wIJJjKgBIAVAD&rclk=1
2026-09-05 13:19:53,700 | INFO | Valid Google Maps Place URL opened.
2026-09-05 13:19:59,141 | INFO | Address check | score=0.0000 | status=NEED_REVIEW | reason=MISSING_MAPS_ADDRESS
2026-09-05 13:19:59,142 | INFO | Opening Maps URL | attempt=1/3
2026-09-05 13:20:02,029 | INFO | Current Maps URL: https://www.google.com/maps/place/Nh%C3%A0+Ngh%E1%BB%89+Ho%C3%A0i+Thu/data=!4m10!3m9!1s0x316f14acfebac423:0x1c10ebf8b54a5075!5m2!4m1!1i2!8m2!3d13.7963023!4d109.1853529!16s%2Fg%2F1jkvv005v!19sChIJI8S6_qwUbzERdVBKtfjrEBw?authuser=0&hl=vi&g_ep=EgoyMDI2MDkwMS4wIJJjKgBIAVAD&rclk=1
2026-09-05 13:20:02,029 | INFO | Valid Google Maps Place URL opened.
2026-09-05 13:20:07,483 | INFO | Address check | score=0.0000 | status=NEED_REVIEW | reason=MISSING_MAPS_ADDRESS
2026-09-05 13:20:07,484 | INFO | Opening Maps URL | attempt=1/3
2026-09-05 13:20:10,593 | INFO | Current Maps URL: https://www.google.com/maps/place/Chung+C%C6%B0+L%C6%B0u+Tr%C3%BA+C%C3%B4ng+Nh%C3%A2n/data=!4m7!3m6!1s0x31753a715f105c51:0x7442d0d3c1d8c0a5!8m2!3d10.6408689!4d106.730528!16s%2Fg%2F11clvw5t9l!19sChIJUVwQX3E6dTERpcDYwdPQQnQ?authuser=0&hl=vi&g_ep=EgoyMDI2MDkwMS4wIJJjKgBIAVAD&rclk=1
2026-09-05 13:20:10,593 | INFO | Valid Google Maps Place URL opened.
2026-09-05 13:20:15,920 | INFO | Address check | score=0.0000 | status=NEED_REVIEW | reason=MISSING_MAPS_ADDRESS
2026-09-05 13:20:15,921 | INFO | Opening Maps URL | attempt=1/3
2026-09-05 13:20:18,795 | INFO | Current Maps URL: https://www.google.com/maps/place/Di%CC%A3ch+Vu%CC%A3+Du+Li%CC%A3ch+Ha%CC%89i+%C3%82u+Travel/data=!4m7!3m6!1s0x31752f0001797197:0x6f83a83cf8da23a4!8m2!3d10.759053!4d106.6893687!16s%2Fg%2F11ntjq1pwn!19sChIJl3F5AQAvdTERpCPa-Dyog28?authuser=0&hl=vi&g_ep=EgoyMDI2MDkwMS4wIJJjKgBIAVAD&rclk=1
2026-09-05 13:20:18,795 | INFO | Valid Google Maps Place URL opened.
2026-09-05 13:20:24,139 | INFO | Address check | score=0.0000 | status=NEED_REVIEW | reason=MISSING_MAPS_ADDRESS
2026-09-05 13:20:24,141 | INFO | Opening Maps URL | attempt=1/3
2026-09-05 13:20:27,254 | INFO | Current Maps URL: https://www.google.com/maps/place/Kh%C3%A1ch+s%E1%BA%A1n+Pleiku/data=!4m10!3m9!1s0x316c1f9beeafdc63:0xd112ab483882c1ec!5m2!4m1!1i2!8m2!3d13.98526!4d108.007592!16s%2Fg%2F1tdy1zcp!19sChIJY9yv7psfbDER7MGCOEirEtE?authuser=0&hl=vi&g_ep=EgoyMDI2MDkwMS4wIJJjKgBIAVAD&rclk=1
2026-09-05 13:20:27,254 | INFO | Valid Google Maps Place URL opened.
2026-09-05 13:20:32,619 | INFO | Address check | score=0.0000 | status=NEED_REVIEW | reason=MISSING_MAPS_ADDRESS
2026-09-05 13:20:32,620 | INFO | Opening Maps URL | attempt=1/3
2026-09-05 13:20:35,526 | INFO | Current Maps URL: https://www.google.com/maps/place/27+%C4%90%C6%B0%E1%BB%9Dng+V%C3%B5+Tr%E1%BB%8Dng+Lo/data=!4m7!3m6!1s0x316f6b52b5a0563f:0x51f4fea9d2913c45!8m2!3d13.7978849!4d109.188234!16s%2Fg%2F11lh3w_2lf!19sChIJP1agtVJrbzERRTyR0qn-9FE?authuser=0&hl=vi&g_ep=EgoyMDI2MDkwMS4wIJJjKgBIAVAD&rclk=1
2026-09-05 13:20:35,526 | INFO | Valid Google Maps Place URL opened.
2026-09-05 13:20:40,949 | INFO | Address check | score=0.9000 | status=MATCH | reason=ADDRESS_MATCH
2026-09-05 13:20:40,951 | INFO | CHECKPOINT | processed=530 | matched=2 | mismatched=9 | review=519
2026-09-05 13:20:41,547 | INFO | Excel saved: D:\Product-Google-Maps\output\hotels_export_google_maps_checked.xlsx
2026-09-05 13:20:41,547 | INFO | Opening Maps URL | attempt=1/3
2026-09-05 13:20:44,718 | INFO | Current Maps URL: https://www.google.com/maps/place/Khach+san+Yen+Vy+32/data=!4m10!3m9!1s0x316f6ce8742db711:0xb38b2f39e226c08d!5m2!4m1!1i2!8m2!3d13.752962!4d109.213611!16s%2Fg%2F11hb3d2dqp!19sChIJEbctdOhsbzERjcAm4jkvi7M?authuser=0&hl=vi&g_ep=EgoyMDI2MDkwMS4wIJJjKgBIAVAD&rclk=1
2026-09-05 13:20:44,718 | INFO | Valid Google Maps Place URL opened.
2026-09-05 13:20:50,197 | INFO | Address check | score=0.0000 | status=NEED_REVIEW | reason=MISSING_MAPS_ADDRESS
2026-09-05 13:20:50,198 | INFO | Opening Maps URL | attempt=1/3
2026-09-05 13:20:53,216 | INFO | Current Maps URL: https://www.google.com/maps/place/Gi%C3%B3+Homestay/data=!4m10!3m9!1s0x316c1fbe4b711731:0xf0d82d115efe058e!5m2!4m1!1i2!8m2!3d13.997214!4d108.0048007!16s%2Fg%2F11v05pk7zx!19sChIJMRdxS74fbDERjgX-XhEt2PA?authuser=0&hl=vi&g_ep=EgoyMDI2MDkwMS4wIJJjKgBIAVAD&rclk=1
2026-09-05 13:20:53,216 | INFO | Valid Google Maps Place URL opened.
2026-09-05 13:20:58,615 | INFO | Address check | score=0.0000 | status=NEED_REVIEW | reason=MISSING_MAPS_ADDRESS
2026-09-05 13:20:58,617 | INFO | Opening Maps URL | attempt=1/3
2026-09-05 13:21:01,710 | INFO | Current Maps URL: https://www.google.com/maps/place/BA+TAM+VU+SUA+Homestay/data=!4m10!3m9!1s0x31752f0952dc30d1:0xfbe5b05257fd95e8!5m2!4m1!1i2!8m2!3d10.7581164!4d106.6882798!16s%2Fg%2F11lcqscl9r!19sChIJ0TDcUgkvdTER6JX9V1Kw5fs?authuser=0&hl=vi&g_ep=EgoyMDI2MDkwMS4wIJJjKgBIAVAD&rclk=1
2026-09-05 13:21:01,711 | INFO | Valid Google Maps Place URL opened.
2026-09-05 13:21:07,194 | INFO | Address check | score=0.0000 | status=NEED_REVIEW | reason=MISSING_MAPS_ADDRESS
2026-09-05 13:21:07,196 | INFO | Opening Maps URL | attempt=1/3
2026-09-05 13:21:10,152 | INFO | Current Maps URL: https://www.google.com/maps/place/Phnom+Penh+Katari+Hotel/data=!4m10!3m9!1s0x31095125491a1c05:0xfdde80b5cab56a0c!5m2!4m1!1i2!8m2!3d11.553686!4d104.925994!16s%2Fg%2F11c3l6hsy5!19sChIJBRwaSSVRCTERDGq1yrWA3v0?authuser=0&hl=vi&g_ep=EgoyMDI2MDkwMS4wIJJjKgBIAVAD&rclk=1
2026-09-05 13:21:10,153 | INFO | Valid Google Maps Place URL opened.
2026-09-05 13:21:15,685 | INFO | Address check | score=0.0000 | status=NEED_REVIEW | reason=MISSING_MAPS_ADDRESS
2026-09-05 13:21:15,689 | INFO | Opening Maps URL | attempt=1/3
2026-09-05 13:21:18,930 | INFO | Current Maps URL: https://www.google.com/maps/place/Kh%C3%A1ch+s%E1%BA%A1n+Tr%C3%A2m+Anh+-+34+Nguy%E1%BB%85n+Hu%E1%BB%87+-+quy+Nh%C6%A1n+-+-b%C3%ACnh+%C4%91%E1%BB%8Bnh/data=!4m10!3m9!1s0x316f6c893fc68b4f:0xc67b6741bbacf9c0!5m2!4m1!1i2!8m2!3d13.769488!4d109.231041!16s%2Fg%2F11g1lq966z!19sChIJT4vGP4lsbzERwPmsu0Fne8Y?authuser=0&hl=vi&g_ep=EgoyMDI2MDkwMS4wIJJjKgBIAVAD&rclk=1
2026-09-05 13:21:18,931 | INFO | Valid Google Maps Place URL opened.
2026-09-05 13:21:24,324 | INFO | Address check | score=0.0000 | status=NEED_REVIEW | reason=MISSING_MAPS_ADDRESS
2026-09-05 13:21:24,325 | INFO | Opening Maps URL | attempt=1/3
2026-09-05 13:21:27,220 | INFO | Current Maps URL: https://www.google.com/maps/place/Little+Quy+Nhon+-+Homestay+Near+Sea/data=!4m10!3m9!1s0x316f6d36c7ffad4b:0xc2fe71e139c4f509!5m2!4m1!1i2!8m2!3d13.7619382!4d109.2189953!16s%2Fg%2F11h_vbppmh!19sChIJS63_xzZtbzERCfXEOeFx_sI?authuser=0&hl=vi&g_ep=EgoyMDI2MDkwMS4wIJJjKgBIAVAD&rclk=1
2026-09-05 13:21:27,220 | INFO | Valid Google Maps Place URL opened.
2026-09-05 13:21:32,233 | INFO | Address check | score=0.0000 | status=NEED_REVIEW | reason=MISSING_MAPS_ADDRESS
2026-09-05 13:21:32,236 | INFO | Opening Maps URL | attempt=1/3
2026-09-05 13:21:35,318 | INFO | Current Maps URL: https://www.google.com/maps/place/229+%C4%90.+Ho%C3%A0ng+V%C4%83n+Th%E1%BB%A5/data=!4m7!3m6!1s0x316f6c95eaa2cc09:0x919a948f067bb5cb!8m2!3d13.7681159!4d109.2132314!16s%2Fg%2F11ljsnb7b6!19sChIJCcyi6pVsbzERy7V7Bo-UmpE?authuser=0&hl=vi&g_ep=EgoyMDI2MDkwMS4wIJJjKgBIAVAD&rclk=1
2026-09-05 13:21:35,318 | INFO | Valid Google Maps Place URL opened.
2026-09-05 13:21:40,718 | INFO | Address check | score=0.0000 | status=NEED_REVIEW | reason=MISSING_MAPS_ADDRESS
2026-09-05 13:21:40,719 | INFO | Opening Maps URL | attempt=1/3
2026-09-05 13:21:43,657 | INFO | Current Maps URL: https://www.google.com/maps/place/Nh%C3%A0+ngh%E1%BB%89+Tr%C4%83ng+Non/data=!4m7!3m6!1s0x314203be80e97275:0x692487fa8b60475a!8m2!3d15.8524859!4d108.0704024!16s%2Fg%2F11v48l7ym8!19sChIJdXLpgL4DQjERWkdgi_qHJGk?authuser=0&hl=vi&g_ep=EgoyMDI2MDkwMS4wIJJjKgBIAVAD&rclk=1
2026-09-05 13:21:43,658 | INFO | Valid Google Maps Place URL opened.
2026-09-05 13:21:49,178 | INFO | Address check | score=0.0000 | status=NEED_REVIEW | reason=MISSING_MAPS_ADDRESS
2026-09-05 13:21:49,179 | INFO | Opening Maps URL | attempt=1/3
2026-09-05 13:21:52,294 | INFO | Current Maps URL: https://www.google.com/maps/place/NH%C3%80+NGH%E1%BB%88+CAO+NGUY%C3%8AN/data=!4m7!3m6!1s0x316ea1ba63ce45b5:0x68cb9d9fc2715c05!8m2!3d13.9942508!4d108.1117962!16s%2Fg%2F11f106c5mn!19sChIJtUXOY7qhbjERBVxxwp-dy2g?authuser=0&hl=vi&g_ep=EgoyMDI2MDkwMS4wIJJjKgBIAVAD&rclk=1
2026-09-05 13:21:52,295 | INFO | Valid Google Maps Place URL opened.
2026-09-05 13:21:57,346 | INFO | Address check | score=0.0000 | status=NEED_REVIEW | reason=MISSING_MAPS_ADDRESS
2026-09-05 13:21:57,347 | INFO | Opening Maps URL | attempt=1/3
2026-09-05 13:22:00,480 | INFO | Current Maps URL: https://www.google.com/maps/place/Green+Hotel+Quy+Nh%C6%A1n+-+C%C3%A1ch+bi%E1%BB%83n+200m/data=!4m7!3m6!1s0x316f6d21678907cb:0xbf61311ccc0b065e!8m2!3d13.752812!4d109.214291!16s%2Fg%2F11h22ppmqg!19sChIJyweJZyFtbzERXgYLzBwxYb8?authuser=0&hl=vi&g_ep=EgoyMDI2MDkwMS4wIJJjKgBIAVAD&rclk=1
2026-09-05 13:22:00,480 | INFO | Valid Google Maps Place URL opened.
2026-09-05 13:22:05,880 | INFO | Address check | score=0.0000 | status=NEED_REVIEW | reason=MISSING_MAPS_ADDRESS
2026-09-05 13:22:05,881 | INFO | CHECKPOINT | processed=540 | matched=2 | mismatched=9 | review=529
2026-09-05 13:22:06,421 | INFO | Excel saved: D:\Product-Google-Maps\output\hotels_export_google_maps_checked.xlsx
2026-09-05 13:22:06,421 | INFO | Opening Maps URL | attempt=1/3
2026-09-05 13:22:09,590 | INFO | Current Maps URL: https://www.google.com/maps/place/Kh%C3%A1ch+S%E1%BA%A1n+Ho%C3%A0ng+Ng%E1%BB%8Dc/data=!4m7!3m6!1s0x31752fa52b5a07e9:0xb92d1467c0101941!8m2!3d10.7350342!4d106.6907661!16s%2Fg%2F1hc74mvyy!19sChIJ6QdaK6UvdTERQRkQwGcULbk?authuser=0&hl=vi&g_ep=EgoyMDI2MDkwMS4wIJJjKgBIAVAD&rclk=1
2026-09-05 13:22:09,590 | INFO | Valid Google Maps Place URL opened.
2026-09-05 13:22:14,972 | INFO | Address check | score=0.0000 | status=NEED_REVIEW | reason=MISSING_MAPS_ADDRESS
2026-09-05 13:22:14,973 | INFO | Opening Maps URL | attempt=1/3
2026-09-05 13:22:17,939 | INFO | Current Maps URL: https://www.google.com/maps/place/Kh%C3%A1ch+S%E1%BA%A1n+Xu%C3%A2n+L%C3%A0nh/data=!4m7!3m6!1s0x316e818eb14beb89:0x8a615d65dccd3b28!8m2!3d13.6907097!4d108.0786495!16s%2Fg%2F1jkwdrytz!19sChIJietLsY6BbjERKDvN3GVdYYo?authuser=0&hl=vi&g_ep=EgoyMDI2MDkwMS4wIJJjKgBIAVAD&rclk=1
2026-09-05 13:22:17,939 | INFO | Valid Google Maps Place URL opened.
2026-09-05 13:22:23,302 | INFO | Address check | score=0.0000 | status=NEED_REVIEW | reason=MISSING_MAPS_ADDRESS
2026-09-05 13:22:23,303 | INFO | Opening Maps URL | attempt=1/3
2026-09-05 13:22:26,299 | INFO | Current Maps URL: https://www.google.com/maps/place/Nh%C3%A0+Ngh%E1%BB%89+%C4%90%C6%B0%E1%BB%9Dng+L%C3%BD+Th%C3%A1i+T%E1%BB%95/data=!4m7!3m6!1s0x316f6cc20b47e0f5:0x7d4ff5904d6edd86!8m2!3d13.7572033!4d109.211556!16s%2Fg%2F11flt91k71!19sChIJ9eBHC8JsbzERht1uTZD1T30?authuser=0&hl=vi&g_ep=EgoyMDI2MDkwMS4wIJJjKgBIAVAD&rclk=1
2026-09-05 13:22:26,300 | INFO | Valid Google Maps Place URL opened.
2026-09-05 13:22:31,687 | INFO | Address check | score=0.0000 | status=NEED_REVIEW | reason=MISSING_MAPS_ADDRESS
2026-09-05 13:22:31,710 | INFO | Opening Maps URL | attempt=1/3
2026-09-05 13:22:34,877 | INFO | Current Maps URL: https://www.google.com/maps/place/Kh%C3%A1ch+s%E1%BA%A1n+Pleiku/data=!4m10!3m9!1s0x316c1f9beeafdc63:0xd112ab483882c1ec!5m2!4m1!1i2!8m2!3d13.98526!4d108.007592!16s%2Fg%2F1tdy1zcp!19sChIJY9yv7psfbDER7MGCOEirEtE?authuser=0&hl=vi&g_ep=EgoyMDI2MDkwMS4wIJJjKgBIAVAD&rclk=1
2026-09-05 13:22:34,878 | INFO | Valid Google Maps Place URL opened.
2026-09-05 13:22:40,322 | INFO | Address check | score=0.0000 | status=NEED_REVIEW | reason=MISSING_MAPS_ADDRESS
2026-09-05 13:22:40,325 | INFO | Opening Maps URL | attempt=1/3
2026-09-05 13:22:43,286 | INFO | Current Maps URL: https://www.google.com/maps/place/Kh%C3%A1ch+s%E1%BA%A1n+Pleiku/data=!4m10!3m9!1s0x316c1f9beeafdc63:0xd112ab483882c1ec!5m2!4m1!1i2!8m2!3d13.98526!4d108.007592!16s%2Fg%2F1tdy1zcp!19sChIJY9yv7psfbDER7MGCOEirEtE?authuser=0&hl=vi&g_ep=EgoyMDI2MDkwMS4wIJJjKgBIAVAD&rclk=1
2026-09-05 13:22:43,286 | INFO | Valid Google Maps Place URL opened.
2026-09-05 13:22:48,667 | INFO | Address check | score=0.0000 | status=NEED_REVIEW | reason=MISSING_MAPS_ADDRESS
2026-09-05 13:22:48,669 | INFO | Opening Maps URL | attempt=1/3
2026-09-05 13:22:51,860 | INFO | Current Maps URL: https://www.google.com/maps/place/Grand+Hyams+Hotel+-+Quy+Nhon+Beach/data=!4m10!3m9!1s0x316f6c89aeb0a57f:0xe2b7f5f96d62ffaf!5m2!4m1!1i2!8m2!3d13.770187!4d109.233019!16s%2Fg%2F11tk30nyv5!19sChIJf6WwrolsbzERr_9ibfn1t-I?authuser=0&hl=vi&g_ep=EgoyMDI2MDkwMS4wIJJjKgBIAVAD&rclk=1
2026-09-05 13:22:51,861 | INFO | Valid Google Maps Place URL opened.
2026-09-05 13:22:57,414 | INFO | Address check | score=0.0000 | status=NEED_REVIEW | reason=MISSING_MAPS_ADDRESS
2026-09-05 13:22:57,418 | INFO | Opening Maps URL | attempt=1/3
2026-09-05 13:23:00,590 | INFO | Current Maps URL: https://www.google.com/maps/place/Grand+Hyams+Hotel+-+Quy+Nhon+Beach/data=!4m10!3m9!1s0x316f6c89aeb0a57f:0xe2b7f5f96d62ffaf!5m2!4m1!1i2!8m2!3d13.770187!4d109.233019!16s%2Fg%2F11tk30nyv5!19sChIJf6WwrolsbzERr_9ibfn1t-I?authuser=0&hl=vi&g_ep=EgoyMDI2MDkwMS4wIJJjKgBIAVAD&rclk=1
2026-09-05 13:23:00,591 | INFO | Valid Google Maps Place URL opened.
2026-09-05 13:23:06,088 | INFO | Address check | score=0.0000 | status=NEED_REVIEW | reason=MISSING_MAPS_ADDRESS
2026-09-05 13:23:06,089 | INFO | Opening Maps URL | attempt=1/3
2026-09-05 13:23:09,173 | INFO | Current Maps URL: https://www.google.com/maps/place/MM+Homestay/data=!4m7!3m6!1s0x31752f0054814e45:0xe5c88708bf683813!8m2!3d10.7603345!4d106.6923163!16s%2Fg%2F11zb_wl9lb!19sChIJRU6BVAAvdTEREzhovwiHyOU?authuser=0&hl=vi&g_ep=EgoyMDI2MDkwMS4wIJJjKgBIAVAD&rclk=1
2026-09-05 13:23:09,173 | INFO | Valid Google Maps Place URL opened.
2026-09-05 13:23:14,502 | INFO | Address check | score=0.0000 | status=NEED_REVIEW | reason=MISSING_MAPS_ADDRESS
2026-09-05 13:23:14,504 | INFO | Opening Maps URL | attempt=1/3
2026-09-05 13:23:17,415 | INFO | Current Maps URL: https://www.google.com/maps/place/Homestay+Nguy%E1%BB%85n+T%E1%BA%A5n+Ph%E1%BA%A5t/data=!4m7!3m6!1s0x316c2b004dc35931:0xf4d2716a14248930!8m2!3d13.669475!4d107.989601!16s%2Fg%2F11z483bbh5!19sChIJMVnDTQArbDERMIkkFGpx0vQ?authuser=0&hl=vi&g_ep=EgoyMDI2MDkwMS4wIJJjKgBIAVAD&rclk=1
2026-09-05 13:23:17,415 | INFO | Valid Google Maps Place URL opened.
2026-09-05 13:23:22,796 | INFO | Address check | score=0.0000 | status=NEED_REVIEW | reason=MISSING_MAPS_ADDRESS
2026-09-05 13:23:22,798 | INFO | Opening Maps URL | attempt=1/3
2026-09-05 13:23:25,873 | INFO | Current Maps URL: https://www.google.com/maps/place/FLC+Luxury+Hotel+Quy+Nhon/data=!4m10!3m9!1s0x316f41f43775ab65:0xf7105eac4b998d9a!5m2!4m1!1i2!8m2!3d13.887154!4d109.279516!16s%2Fg%2F11p5jyyk3q!19sChIJZat1N_RBbzERmo2ZS6xeEPc?authuser=0&hl=vi&g_ep=EgoyMDI2MDkwMS4wIJJjKgBIAVAD&rclk=1
2026-09-05 13:23:25,874 | INFO | Valid Google Maps Place URL opened.
2026-09-05 13:23:31,213 | INFO | Address check | score=0.0000 | status=NEED_REVIEW | reason=MISSING_MAPS_ADDRESS
2026-09-05 13:23:31,214 | INFO | CHECKPOINT | processed=550 | matched=2 | mismatched=9 | review=539
2026-09-05 13:23:31,748 | INFO | Excel saved: D:\Product-Google-Maps\output\hotels_export_google_maps_checked.xlsx
2026-09-05 13:23:31,749 | INFO | Opening Maps URL | attempt=1/3
2026-09-05 13:23:34,788 | INFO | Current Maps URL: https://www.google.com/maps/place/FLC+Luxury+Hotel+Quy+Nhon/data=!4m10!3m9!1s0x316f41f43775ab65:0xf7105eac4b998d9a!5m2!4m1!1i2!8m2!3d13.887154!4d109.279516!16s%2Fg%2F11p5jyyk3q!19sChIJZat1N_RBbzERmo2ZS6xeEPc?authuser=0&hl=vi&g_ep=EgoyMDI2MDkwMS4wIJJjKgBIAVAD&rclk=1
2026-09-05 13:23:34,788 | INFO | Valid Google Maps Place URL opened.
2026-09-05 13:23:40,197 | INFO | Address check | score=0.0000 | status=NEED_REVIEW | reason=MISSING_MAPS_ADDRESS
2026-09-05 13:23:40,198 | INFO | Opening Maps URL | attempt=1/3
2026-09-05 13:23:43,374 | INFO | Current Maps URL: https://www.google.com/maps/place/Maia+Resort+Quy+Nhon/data=!4m10!3m9!1s0x316f411ae6d6f15d:0xf1f4dde8747e523!5m2!4m1!1i2!8m2!3d13.9300247!4d109.2443715!16s%2Fg%2F11jgj4hs74!19sChIJXfHW5hpBbzERI-VHh95NHw8?authuser=0&hl=vi&g_ep=EgoyMDI2MDkwMS4wIJJjKgBIAVAD&rclk=1
2026-09-05 13:23:43,374 | INFO | Valid Google Maps Place URL opened.
2026-09-05 13:23:48,699 | INFO | Address check | score=0.0000 | status=NEED_REVIEW | reason=MISSING_MAPS_ADDRESS
2026-09-05 13:23:48,701 | INFO | Opening Maps URL | attempt=1/3
2026-09-05 13:23:51,950 | INFO | Current Maps URL: https://www.google.com/maps/place/Kh%C3%A1ch+s%E1%BA%A1n+Mira+-+Kh%C3%A1ch+s%E1%BA%A1n+g%E1%BA%A7n+bi%E1%BB%83n+%E1%BB%9F+Quy+Nh%C6%A1n/data=!4m10!3m9!1s0x316f6ceceb457403:0x1de22f520372522b!5m2!4m1!1i2!8m2!3d13.761717!4d109.219274!16s%2Fg%2F11fk15qdmx!19sChIJA3RF6-xsbzERK1JyA1Iv4h0?authuser=0&hl=vi&g_ep=EgoyMDI2MDkwMS4wIJJjKgBIAVAD&rclk=1
2026-09-05 13:23:51,951 | INFO | Valid Google Maps Place URL opened.
2026-09-05 13:23:57,294 | INFO | Address check | score=0.0000 | status=NEED_REVIEW | reason=MISSING_MAPS_ADDRESS
2026-09-05 13:23:57,296 | INFO | Opening Maps URL | attempt=1/3
2026-09-05 13:24:00,195 | INFO | Current Maps URL: https://www.google.com/maps/place/Kh%C3%A1ch+s%E1%BA%A1n+Mira+-+Kh%C3%A1ch+s%E1%BA%A1n+g%E1%BA%A7n+bi%E1%BB%83n+%E1%BB%9F+Quy+Nh%C6%A1n/data=!4m10!3m9!1s0x316f6ceceb457403:0x1de22f520372522b!5m2!4m1!1i2!8m2!3d13.761717!4d109.219274!16s%2Fg%2F11fk15qdmx!19sChIJA3RF6-xsbzERK1JyA1Iv4h0?authuser=0&hl=vi&g_ep=EgoyMDI2MDkwMS4wIJJjKgBIAVAD&rclk=1
2026-09-05 13:24:00,196 | INFO | Valid Google Maps Place URL opened.
2026-09-05 13:24:05,715 | INFO | Address check | score=0.0000 | status=NEED_REVIEW | reason=MISSING_MAPS_ADDRESS
2026-09-05 13:24:05,717 | INFO | Opening Maps URL | attempt=1/3
2026-09-05 13:24:08,842 | INFO | Current Maps URL: https://www.google.com/maps/place/Green+Hotel+Quy+Nh%C6%A1n+-+C%C3%A1ch+bi%E1%BB%83n+200m/data=!4m10!3m9!1s0x316f6d21678907cb:0xbf61311ccc0b065e!5m2!4m1!1i2!8m2!3d13.7528117!4d109.2142909!16s%2Fg%2F11h22ppmqg!19sChIJyweJZyFtbzERXgYLzBwxYb8?authuser=0&hl=vi&g_ep=EgoyMDI2MDkwMS4wIJJjKgBIAVAD&rclk=1
2026-09-05 13:24:08,842 | INFO | Valid Google Maps Place URL opened.
2026-09-05 13:24:14,298 | INFO | Address check | score=0.0000 | status=NEED_REVIEW | reason=MISSING_MAPS_ADDRESS
2026-09-05 13:24:14,299 | INFO | Opening Maps URL | attempt=1/3
2026-09-05 13:24:17,303 | INFO | Current Maps URL: https://www.google.com/maps/place/Co+Ba+Homestay/data=!4m10!3m9!1s0x316f6c82d624d2c9:0x9cbade1f850d145f!5m2!4m1!1i2!8m2!3d13.782515!4d109.2240663!16s%2Fg%2F11vhqmv3_6!19sChIJydIk1oJsbzERXxQNhR_eupw?authuser=0&hl=vi&g_ep=EgoyMDI2MDkwMS4wIJJjKgBIAVAD&rclk=1
2026-09-05 13:24:17,303 | INFO | Valid Google Maps Place URL opened.
2026-09-05 13:24:22,675 | INFO | Address check | score=0.0000 | status=NEED_REVIEW | reason=MISSING_MAPS_ADDRESS
2026-09-05 13:24:22,679 | INFO | Opening Maps URL | attempt=1/3
2026-09-05 13:24:25,808 | INFO | Current Maps URL: https://www.google.com/maps/place/Co+Ba+Homestay/data=!4m10!3m9!1s0x316f6c82d624d2c9:0x9cbade1f850d145f!5m2!4m1!1i2!8m2!3d13.782515!4d109.2240663!16s%2Fg%2F11vhqmv3_6!19sChIJydIk1oJsbzERXxQNhR_eupw?authuser=0&hl=vi&g_ep=EgoyMDI2MDkwMS4wIJJjKgBIAVAD&rclk=1
2026-09-05 13:24:25,808 | INFO | Valid Google Maps Place URL opened.
2026-09-05 13:24:31,241 | INFO | Address check | score=0.0000 | status=NEED_REVIEW | reason=MISSING_MAPS_ADDRESS
2026-09-05 13:24:31,242 | INFO | Opening Maps URL | attempt=1/3
2026-09-05 13:24:34,102 | INFO | Current Maps URL: https://www.google.com/maps/place/HNK%27s+Homestay+Quy+Nh%C6%A1n/data=!4m7!3m6!1s0x316f6dea4808baa3:0xacdba9f194293163!8m2!3d13.7670533!4d109.2232588!16s%2Fg%2F11t0vrwgl_!19sChIJo7oISOptbzERYzEplPGp26w?authuser=0&hl=vi&g_ep=EgoyMDI2MDkwMS4wIJJjKgBIAVAD&rclk=1
2026-09-05 13:24:34,103 | INFO | Valid Google Maps Place URL opened.
2026-09-05 13:24:39,528 | INFO | Address check | score=0.0000 | status=NEED_REVIEW | reason=MISSING_MAPS_ADDRESS
2026-09-05 13:24:39,529 | INFO | Opening Maps URL | attempt=1/3
2026-09-05 13:24:42,691 | INFO | Current Maps URL: https://www.google.com/maps/place/Kh%C3%A1ch+s%E1%BA%A1n+Mira+-+Kh%C3%A1ch+s%E1%BA%A1n+g%E1%BA%A7n+bi%E1%BB%83n+%E1%BB%9F+Quy+Nh%C6%A1n/data=!4m10!3m9!1s0x316f6ceceb457403:0x1de22f520372522b!5m2!4m1!1i2!8m2!3d13.761717!4d109.219274!16s%2Fg%2F11fk15qdmx!19sChIJA3RF6-xsbzERK1JyA1Iv4h0?authuser=0&hl=vi&g_ep=EgoyMDI2MDkwMS4wIJJjKgBIAVAD&rclk=1
2026-09-05 13:24:42,691 | INFO | Valid Google Maps Place URL opened.
2026-09-05 13:24:48,030 | INFO | Address check | score=0.0000 | status=NEED_REVIEW | reason=MISSING_MAPS_ADDRESS
2026-09-05 13:24:48,031 | INFO | Opening Maps URL | attempt=1/3
2026-09-05 13:24:51,196 | INFO | Current Maps URL: https://www.google.com/maps/place/Kh%C3%A1ch+s%E1%BA%A1n+Mira+-+Kh%C3%A1ch+s%E1%BA%A1n+g%E1%BA%A7n+bi%E1%BB%83n+%E1%BB%9F+Quy+Nh%C6%A1n/data=!4m10!3m9!1s0x316f6ceceb457403:0x1de22f520372522b!5m2!4m1!1i2!8m2!3d13.761717!4d109.219274!16s%2Fg%2F11fk15qdmx!19sChIJA3RF6-xsbzERK1JyA1Iv4h0?authuser=0&hl=vi&g_ep=EgoyMDI2MDkwMS4wIJJjKgBIAVAD&rclk=1
2026-09-05 13:24:51,196 | INFO | Valid Google Maps Place URL opened.
2026-09-05 13:24:56,586 | INFO | Address check | score=0.0000 | status=NEED_REVIEW | reason=MISSING_MAPS_ADDRESS
2026-09-05 13:24:56,587 | INFO | CHECKPOINT | processed=560 | matched=2 | mismatched=9 | review=549
2026-09-05 13:24:57,094 | INFO | Excel saved: D:\Product-Google-Maps\output\hotels_export_google_maps_checked.xlsx
2026-09-05 13:24:57,095 | INFO | Opening Maps URL | attempt=1/3
2026-09-05 13:24:59,975 | INFO | Current Maps URL: https://www.google.com/maps/place/Tr%E1%BB%8D+c%C3%B4+%C3%9At/data=!4m7!3m6!1s0x316c1f00287e417b:0xa86175df070143ed!8m2!3d13.9780344!4d108.007657!16s%2Fg%2F11yspy170d!19sChIJe0F-KAAfbDER7UMBB991Yag?authuser=0&hl=vi&g_ep=EgoyMDI2MDkwMS4wIJJjKgBIAVAD&rclk=1
2026-09-05 13:24:59,975 | INFO | Valid Google Maps Place URL opened.
2026-09-05 13:25:05,374 | INFO | Address check | score=0.0000 | status=NEED_REVIEW | reason=MISSING_MAPS_ADDRESS
2026-09-05 13:25:05,384 | INFO | Opening Maps URL | attempt=1/3
2026-09-05 13:25:08,414 | INFO | Current Maps URL: https://www.google.com/maps/place/Vietnam+Phuot+Real+home/data=!4m10!3m9!1s0x316c009ab565b6c1:0xe2ea9d3d66a2383f!5m2!4m1!1i2!8m2!3d14.318604!4d107.988906!16s%2Fg%2F11c6f9py0_!19sChIJwbZltZoAbDERPziiZj2d6uI?authuser=0&hl=vi&g_ep=EgoyMDI2MDkwMS4wIJJjKgBIAVAD&rclk=1
2026-09-05 13:25:08,415 | INFO | Valid Google Maps Place URL opened.
2026-09-05 13:25:13,853 | INFO | Address check | score=0.0000 | status=NEED_REVIEW | reason=MISSING_MAPS_ADDRESS
2026-09-05 13:25:13,854 | INFO | Opening Maps URL | attempt=1/3
2026-09-05 13:25:16,959 | INFO | Current Maps URL: https://www.google.com/maps/place/Kh%C3%A1ch+s%E1%BA%A1n+Mira+-+Kh%C3%A1ch+s%E1%BA%A1n+g%E1%BA%A7n+bi%E1%BB%83n+%E1%BB%9F+Quy+Nh%C6%A1n/data=!4m10!3m9!1s0x316f6ceceb457403:0x1de22f520372522b!5m2!4m1!1i2!8m2!3d13.761717!4d109.219274!16s%2Fg%2F11fk15qdmx!19sChIJA3RF6-xsbzERK1JyA1Iv4h0?authuser=0&hl=vi&g_ep=EgoyMDI2MDkwMS4wIJJjKgBIAVAD&rclk=1
2026-09-05 13:25:16,959 | INFO | Valid Google Maps Place URL opened.
2026-09-05 13:25:22,258 | INFO | Address check | score=0.0000 | status=NEED_REVIEW | reason=MISSING_MAPS_ADDRESS
2026-09-05 13:25:22,259 | INFO | Opening Maps URL | attempt=1/3
2026-09-05 13:25:25,400 | INFO | Current Maps URL: https://www.google.com/maps/place/Kh%C3%A1ch+s%E1%BA%A1n+Mira+-+Kh%C3%A1ch+s%E1%BA%A1n+g%E1%BA%A7n+bi%E1%BB%83n+%E1%BB%9F+Quy+Nh%C6%A1n/data=!4m10!3m9!1s0x316f6ceceb457403:0x1de22f520372522b!5m2!4m1!1i2!8m2!3d13.761717!4d109.219274!16s%2Fg%2F11fk15qdmx!19sChIJA3RF6-xsbzERK1JyA1Iv4h0?authuser=0&hl=vi&g_ep=EgoyMDI2MDkwMS4wIJJjKgBIAVAD&rclk=1
2026-09-05 13:25:25,400 | INFO | Valid Google Maps Place URL opened.
2026-09-05 13:25:30,734 | INFO | Address check | score=0.0000 | status=NEED_REVIEW | reason=MISSING_MAPS_ADDRESS
2026-09-05 13:25:30,736 | INFO | Opening Maps URL | attempt=1/3
2026-09-05 13:25:33,972 | INFO | Current Maps URL: https://www.google.com/maps/place/Kh%C3%A1ch+s%E1%BA%A1n+Mira+-+Kh%C3%A1ch+s%E1%BA%A1n+g%E1%BA%A7n+bi%E1%BB%83n+%E1%BB%9F+Quy+Nh%C6%A1n/data=!4m10!3m9!1s0x316f6ceceb457403:0x1de22f520372522b!5m2!4m1!1i2!8m2!3d13.761717!4d109.219274!16s%2Fg%2F11fk15qdmx!19sChIJA3RF6-xsbzERK1JyA1Iv4h0?authuser=0&hl=vi&g_ep=EgoyMDI2MDkwMS4wIJJjKgBIAVAD&rclk=1
2026-09-05 13:25:33,972 | INFO | Valid Google Maps Place URL opened.
2026-09-05 13:25:39,349 | INFO | Address check | score=0.0000 | status=NEED_REVIEW | reason=MISSING_MAPS_ADDRESS
2026-09-05 13:25:39,350 | INFO | Opening Maps URL | attempt=1/3
2026-09-05 13:25:42,244 | INFO | Current Maps URL: https://www.google.com/maps/place/86+Nguy%E1%BB%85n+V%C4%83n+Tr%E1%BB%97i/data=!4m7!3m6!1s0x316c1f83a4985c39:0x5f3a3def9c2d9dcd!8m2!3d13.9775492!4d108.0046747!16s%2Fg%2F11fwhzm3hw!19sChIJOVyYpIMfbDERzZ0tnO89Ol8?authuser=0&hl=vi&g_ep=EgoyMDI2MDkwMS4wIJJjKgBIAVAD&rclk=1
2026-09-05 13:25:42,245 | INFO | Valid Google Maps Place URL opened.
2026-09-05 13:25:47,311 | INFO | Address check | score=0.0000 | status=NEED_REVIEW | reason=MISSING_MAPS_ADDRESS
2026-09-05 13:25:47,313 | INFO | Opening Maps URL | attempt=1/3
2026-09-05 13:25:50,431 | INFO | Current Maps URL: https://www.google.com/maps/place/SaladHut/data=!4m10!3m9!1s0x30550196f8432e7b:0xffe188e9fb91b457!5m2!4m1!1i2!8m2!3d9.784851!4d99.971759!16s%2Fg%2F1tf559l_!19sChIJey5D-JYBVTARV7SR--mI4f8?authuser=0&hl=vi&g_ep=EgoyMDI2MDkwMS4wIJJjKgBIAVAD&rclk=1
2026-09-05 13:25:50,433 | INFO | Valid Google Maps Place URL opened.
2026-09-05 13:25:55,919 | INFO | Address check | score=0.0000 | status=NEED_REVIEW | reason=MISSING_MAPS_ADDRESS
2026-09-05 13:25:55,921 | INFO | Opening Maps URL | attempt=1/3
2026-09-05 13:25:58,911 | INFO | Current Maps URL: https://www.google.com/maps/place/nh%C3%A0+Ba+c%C6%A1m+M%C3%A1+homestay/data=!4m10!3m9!1s0x316f414a05c29757:0x61fa300ae733272c!5m2!4m1!1i2!8m2!3d13.9496737!4d109.2412332!16s%2Fg%2F11r36jz2yc!19sChIJV5fCBUpBbzERLCcz5wow-mE?authuser=0&hl=vi&g_ep=EgoyMDI2MDkwMS4wIJJjKgBIAVAD&rclk=1
2026-09-05 13:25:58,911 | INFO | Valid Google Maps Place URL opened.
2026-09-05 13:26:04,292 | INFO | Address check | score=0.0000 | status=NEED_REVIEW | reason=MISSING_MAPS_ADDRESS
2026-09-05 13:26:04,294 | INFO | Opening Maps URL | attempt=1/3
2026-09-05 13:26:07,464 | INFO | Current Maps URL: https://www.google.com/maps/place/ANYA+BEACH+HOTEL+QUY+NHON/data=!4m10!3m9!1s0x316f6ce8f4206e2d:0x871f57c9517affb5!5m2!4m1!1i2!8m2!3d13.754387!4d109.215034!16s%2Fg%2F11h0mj10lh!19sChIJLW4g9OhsbzERtf96UclXH4c?authuser=0&hl=vi&g_ep=EgoyMDI2MDkwMS4wIJJjKgBIAVAD&rclk=1
2026-09-05 13:26:07,464 | INFO | Valid Google Maps Place URL opened.
2026-09-05 13:26:12,634 | INFO | Address check | score=0.0000 | status=NEED_REVIEW | reason=MISSING_MAPS_ADDRESS
2026-09-05 13:26:12,635 | INFO | Opening Maps URL | attempt=1/3
2026-09-05 13:26:15,846 | INFO | Current Maps URL: https://www.google.com/maps/place/ANYA+BEACH+HOTEL+QUY+NHON/data=!4m10!3m9!1s0x316f6ce8f4206e2d:0x871f57c9517affb5!5m2!4m1!1i2!8m2!3d13.754387!4d109.215034!16s%2Fg%2F11h0mj10lh!19sChIJLW4g9OhsbzERtf96UclXH4c?authuser=0&hl=vi&g_ep=EgoyMDI2MDkwMS4wIJJjKgBIAVAD&rclk=1
2026-09-05 13:26:15,846 | INFO | Valid Google Maps Place URL opened.
2026-09-05 13:26:20,927 | INFO | Address check | score=0.0000 | status=NEED_REVIEW | reason=MISSING_MAPS_ADDRESS
2026-09-05 13:26:20,928 | INFO | CHECKPOINT | processed=570 | matched=2 | mismatched=9 | review=559
2026-09-05 13:26:21,471 | INFO | Excel saved: D:\Product-Google-Maps\output\hotels_export_google_maps_checked.xlsx
2026-09-05 13:26:21,472 | INFO | Opening Maps URL | attempt=1/3
2026-09-05 13:26:24,721 | INFO | Current Maps URL: https://www.google.com/maps/place/ANYA+BEACH+HOTEL+QUY+NHON/data=!4m10!3m9!1s0x316f6ce8f4206e2d:0x871f57c9517affb5!5m2!4m1!1i2!8m2!3d13.754387!4d109.215034!16s%2Fg%2F11h0mj10lh!19sChIJLW4g9OhsbzERtf96UclXH4c?authuser=0&hl=vi&g_ep=EgoyMDI2MDkwMS4wIJJjKgBIAVAD&rclk=1
2026-09-05 13:26:24,721 | INFO | Valid Google Maps Place URL opened.
2026-09-05 13:26:30,093 | INFO | Address check | score=0.0000 | status=NEED_REVIEW | reason=MISSING_MAPS_ADDRESS
2026-09-05 13:26:30,094 | INFO | Opening Maps URL | attempt=1/3
2026-09-05 13:26:33,271 | INFO | Current Maps URL: https://www.google.com/maps/place/ANYA+BEACH+HOTEL+QUY+NHON/data=!4m10!3m9!1s0x316f6ce8f4206e2d:0x871f57c9517affb5!5m2!4m1!1i2!8m2!3d13.754387!4d109.215034!16s%2Fg%2F11h0mj10lh!19sChIJLW4g9OhsbzERtf96UclXH4c?authuser=0&hl=vi&g_ep=EgoyMDI2MDkwMS4wIJJjKgBIAVAD&rclk=1
2026-09-05 13:26:33,271 | INFO | Valid Google Maps Place URL opened.
2026-09-05 13:26:38,683 | INFO | Address check | score=0.0000 | status=NEED_REVIEW | reason=MISSING_MAPS_ADDRESS
2026-09-05 13:26:38,685 | INFO | Opening Maps URL | attempt=1/3
2026-09-05 13:26:41,778 | INFO | Current Maps URL: https://www.google.com/maps/place/Ky+Co+Nhon+Ly+Summer+House/data=!4m10!3m9!1s0x316f73f5c91bb7a5:0x983b902bac5bd4fe!5m2!4m1!1i2!8m2!3d13.885395!4d109.2866913!16s%2Fg%2F11g4d5d8h4!19sChIJpbcbyfVzbzER_tRbrCuQO5g?authuser=0&hl=vi&g_ep=EgoyMDI2MDkwMS4wIJJjKgBIAVAD&rclk=1
2026-09-05 13:26:41,778 | INFO | Valid Google Maps Place URL opened.
2026-09-05 13:26:47,298 | INFO | Address check | score=0.0000 | status=NEED_REVIEW | reason=MISSING_MAPS_ADDRESS
2026-09-05 13:26:47,300 | INFO | Opening Maps URL | attempt=1/3
2026-09-05 13:26:50,419 | INFO | Current Maps URL: https://www.google.com/maps/place/Green+Hotel+Quy+Nh%C6%A1n+-+C%C3%A1ch+bi%E1%BB%83n+200m/data=!4m7!3m6!1s0x316f6d21678907cb:0xbf61311ccc0b065e!8m2!3d13.752812!4d109.214291!16s%2Fg%2F11h22ppmqg!19sChIJyweJZyFtbzERXgYLzBwxYb8?authuser=0&hl=vi&g_ep=EgoyMDI2MDkwMS4wIJJjKgBIAVAD&rclk=1
2026-09-05 13:26:50,427 | INFO | Valid Google Maps Place URL opened.
2026-09-05 13:26:55,498 | INFO | Address check | score=0.0000 | status=NEED_REVIEW | reason=MISSING_MAPS_ADDRESS
2026-09-05 13:26:55,500 | INFO | Opening Maps URL | attempt=1/3
2026-09-05 13:26:59,137 | INFO | Current Maps URL: https://www.google.com/maps/place/Green+Hotel+Quy+Nh%C6%A1n+-+C%C3%A1ch+bi%E1%BB%83n+200m/data=!4m7!3m6!1s0x316f6d21678907cb:0xbf61311ccc0b065e!8m2!3d13.752812!4d109.214291!16s%2Fg%2F11h22ppmqg!19sChIJyweJZyFtbzERXgYLzBwxYb8?authuser=0&hl=vi&g_ep=EgoyMDI2MDkwMS4wIJJjKgBIAVAD&rclk=1
2026-09-05 13:26:59,137 | INFO | Valid Google Maps Place URL opened.
2026-09-05 13:27:04,576 | INFO | Address check | score=0.0000 | status=NEED_REVIEW | reason=MISSING_MAPS_ADDRESS
2026-09-05 13:27:04,577 | INFO | Opening Maps URL | attempt=1/3
2026-09-05 13:27:07,589 | INFO | Current Maps URL: https://www.google.com/maps/place/Green+Hotel+Quy+Nh%C6%A1n+-+C%C3%A1ch+bi%E1%BB%83n+200m/data=!4m7!3m6!1s0x316f6d21678907cb:0xbf61311ccc0b065e!8m2!3d13.752812!4d109.214291!16s%2Fg%2F11h22ppmqg!19sChIJyweJZyFtbzERXgYLzBwxYb8?authuser=0&hl=vi&g_ep=EgoyMDI2MDkwMS4wIJJjKgBIAVAD&rclk=1
2026-09-05 13:27:07,590 | INFO | Valid Google Maps Place URL opened.
2026-09-05 13:27:12,990 | INFO | Address check | score=0.0000 | status=NEED_REVIEW | reason=MISSING_MAPS_ADDRESS
2026-09-05 13:27:12,992 | INFO | Opening Maps URL | attempt=1/3
2026-09-05 13:27:16,169 | INFO | Current Maps URL: https://www.google.com/maps/place/Su+Homestay+%28c%E1%BA%A7u+r%E1%BA%A1ch+%C4%91%E1%BB%89a+1%29/data=!4m7!3m6!1s0x31752f000c6a8c27:0x7c1326fe52449e95!8m2!3d10.7241437!4d106.6960893!16s%2Fg%2F11nvh64wpg!19sChIJJ4xqDAAvdTERlZ5EUv4mE3w?authuser=0&hl=vi&g_ep=EgoyMDI2MDkwMS4wIJJjKgBIAVAD&rclk=1
2026-09-05 13:27:16,170 | INFO | Valid Google Maps Place URL opened.
2026-09-05 13:27:21,624 | INFO | Address check | score=0.0000 | status=NEED_REVIEW | reason=MISSING_MAPS_ADDRESS
2026-09-05 13:27:21,625 | INFO | Opening Maps URL | attempt=1/3
2026-09-05 13:27:24,522 | INFO | Current Maps URL: https://www.google.com/maps/place/AN+LOC+HOTEL+%26+SPA/data=!4m10!3m9!1s0x31735434294712d3:0xfbc5e61624ec5ef1!5m2!4m1!1i2!8m2!3d11.631231!4d106.608955!16s%2Fg%2F12hpr39gn!19sChIJ0xJHKTRUczER8V7sJBbmxfs?authuser=0&hl=vi&g_ep=EgoyMDI2MDkwMS4wIJJjKgBIAVAD&rclk=1
2026-09-05 13:27:24,523 | INFO | Valid Google Maps Place URL opened.
2026-09-05 13:27:29,888 | INFO | Address check | score=0.0000 | status=NEED_REVIEW | reason=MISSING_MAPS_ADDRESS
2026-09-05 13:27:29,889 | INFO | Opening Maps URL | attempt=1/3
2026-09-05 13:27:33,146 | INFO | Current Maps URL: https://www.google.com/maps/place/Kh%C3%A1ch+s%E1%BA%A1n+Mira+-+Kh%C3%A1ch+s%E1%BA%A1n+g%E1%BA%A7n+bi%E1%BB%83n+%E1%BB%9F+Quy+Nh%C6%A1n/data=!4m10!3m9!1s0x316f6ceceb457403:0x1de22f520372522b!5m2!4m1!1i2!8m2!3d13.761717!4d109.219274!16s%2Fg%2F11fk15qdmx!19sChIJA3RF6-xsbzERK1JyA1Iv4h0?authuser=0&hl=vi&g_ep=EgoyMDI2MDkwMS4wIJJjKgBIAVAD&rclk=1
2026-09-05 13:27:33,146 | INFO | Valid Google Maps Place URL opened.
2026-09-05 13:27:38,518 | INFO | Address check | score=0.0000 | status=NEED_REVIEW | reason=MISSING_MAPS_ADDRESS
2026-09-05 13:27:38,519 | INFO | Opening Maps URL | attempt=1/3
2026-09-05 13:27:41,758 | INFO | Current Maps URL: https://www.google.com/maps/place/Anh+Khoa+Hotel/data=!4m10!3m9!1s0x316bff9e4bd69fa7:0xbc77aa35ff8f8a4d!5m2!4m1!1i2!8m2!3d14.346712!4d108.002284!16s%2Fg%2F11mkq1cq5l!19sChIJp5_WS57_azERTYqP_zWqd7w?authuser=0&hl=vi&g_ep=EgoyMDI2MDkwMS4wIJJjKgBIAVAD&rclk=1
2026-09-05 13:27:41,758 | INFO | Valid Google Maps Place URL opened.
2026-09-05 13:27:47,131 | INFO | Address check | score=0.0000 | status=NEED_REVIEW | reason=MISSING_MAPS_ADDRESS
2026-09-05 13:27:47,132 | INFO | CHECKPOINT | processed=580 | matched=2 | mismatched=9 | review=569
2026-09-05 13:27:47,697 | INFO | Excel saved: D:\Product-Google-Maps\output\hotels_export_google_maps_checked.xlsx
2026-09-05 13:27:47,699 | INFO | Opening Maps URL | attempt=1/3
2026-09-05 13:27:50,664 | INFO | Current Maps URL: https://www.google.com/maps/place/FLC+Luxury+Hotel+Quy+Nhon/data=!4m10!3m9!1s0x316f41f43775ab65:0xf7105eac4b998d9a!5m2!4m1!1i2!8m2!3d13.887154!4d109.279516!16s%2Fg%2F11p5jyyk3q!19sChIJZat1N_RBbzERmo2ZS6xeEPc?authuser=0&hl=vi&g_ep=EgoyMDI2MDkwMS4wIJJjKgBIAVAD&rclk=1
2026-09-05 13:27:50,665 | INFO | Valid Google Maps Place URL opened.
2026-09-05 13:27:56,101 | INFO | Address check | score=0.0000 | status=NEED_REVIEW | reason=MISSING_MAPS_ADDRESS
2026-09-05 13:27:56,103 | INFO | Opening Maps URL | attempt=1/3
2026-09-05 13:27:59,083 | INFO | Current Maps URL: https://www.google.com/maps/place/Homestay+Gi%C3%B3/data=!4m7!3m6!1s0x31753b07dd261bb5:0x9cf069aeb6640960!8m2!3d10.6882708!4d106.7378962!16s%2Fg%2F11yt029wvf!19sChIJtRsm3Qc7dTERYAlktq5p8Jw?authuser=0&hl=vi&g_ep=EgoyMDI2MDkwMS4wIJJjKgBIAVAD&rclk=1
2026-09-05 13:27:59,083 | INFO | Valid Google Maps Place URL opened.
2026-09-05 13:28:04,511 | INFO | Address check | score=0.0000 | status=NEED_REVIEW | reason=MISSING_MAPS_ADDRESS
2026-09-05 13:28:04,512 | INFO | Opening Maps URL | attempt=1/3
2026-09-05 13:28:07,639 | INFO | Current Maps URL: https://www.google.com/maps/place/Kingsales+Hotel/data=!4m10!3m9!1s0x313657f8b9f7cdc7:0x8db95fb24fba804!5m2!4m1!1i2!8m2!3d19.80748!4d105.788727!16s%2Fg%2F11q57ypp4h!19sChIJx833ufhXNjERBKj7JPuV2wg?authuser=0&hl=vi&g_ep=EgoyMDI2MDkwMS4wIJJjKgBIAVAD&rclk=1
2026-09-05 13:28:07,639 | INFO | Valid Google Maps Place URL opened.
2026-09-05 13:28:12,910 | INFO | Address check | score=0.0000 | status=NEED_REVIEW | reason=MISSING_MAPS_ADDRESS
2026-09-05 13:28:12,911 | INFO | Opening Maps URL | attempt=1/3
2026-09-05 13:28:16,165 | INFO | Current Maps URL: https://www.google.com/maps/place/Kingsales+Hotel/data=!4m10!3m9!1s0x313657f8b9f7cdc7:0x8db95fb24fba804!5m2!4m1!1i2!8m2!3d19.80748!4d105.788727!16s%2Fg%2F11q57ypp4h!19sChIJx833ufhXNjERBKj7JPuV2wg?authuser=0&hl=vi&g_ep=EgoyMDI2MDkwMS4wIJJjKgBIAVAD&rclk=1
2026-09-05 13:28:16,165 | INFO | Valid Google Maps Place URL opened.
2026-09-05 13:28:21,649 | INFO | Address check | score=0.0000 | status=NEED_REVIEW | reason=MISSING_MAPS_ADDRESS
2026-09-05 13:28:21,650 | INFO | Opening Maps URL | attempt=1/3
2026-09-05 13:28:24,637 | INFO | Current Maps URL: https://www.google.com/maps/place/Kingsales+Hotel/data=!4m10!3m9!1s0x313657f8b9f7cdc7:0x8db95fb24fba804!5m2!4m1!1i2!8m2!3d19.80748!4d105.788727!16s%2Fg%2F11q57ypp4h!19sChIJx833ufhXNjERBKj7JPuV2wg?authuser=0&hl=vi&g_ep=EgoyMDI2MDkwMS4wIJJjKgBIAVAD&rclk=1
2026-09-05 13:28:24,638 | INFO | Valid Google Maps Place URL opened.
2026-09-05 13:28:30,187 | INFO | Address check | score=0.0000 | status=NEED_REVIEW | reason=MISSING_MAPS_ADDRESS
2026-09-05 13:28:30,188 | INFO | Opening Maps URL | attempt=1/3
2026-09-05 13:28:33,282 | INFO | Current Maps URL: https://www.google.com/maps/place/FLC+Luxury+Hotel+Quy+Nhon/data=!4m10!3m9!1s0x316f41f43775ab65:0xf7105eac4b998d9a!5m2!4m1!1i2!8m2!3d13.887154!4d109.279516!16s%2Fg%2F11p5jyyk3q!19sChIJZat1N_RBbzERmo2ZS6xeEPc?authuser=0&hl=vi&g_ep=EgoyMDI2MDkwMS4wIJJjKgBIAVAD&rclk=1
2026-09-05 13:28:33,282 | INFO | Valid Google Maps Place URL opened.
2026-09-05 13:28:38,605 | INFO | Address check | score=0.0000 | status=NEED_REVIEW | reason=MISSING_MAPS_ADDRESS
2026-09-05 13:28:38,606 | INFO | Opening Maps URL | attempt=1/3
2026-09-05 13:28:41,753 | INFO | Current Maps URL: https://www.google.com/maps/place/FLC+Luxury+Hotel+Quy+Nhon/data=!4m10!3m9!1s0x316f41f43775ab65:0xf7105eac4b998d9a!5m2!4m1!1i2!8m2!3d13.887154!4d109.279516!16s%2Fg%2F11p5jyyk3q!19sChIJZat1N_RBbzERmo2ZS6xeEPc?authuser=0&hl=vi&g_ep=EgoyMDI2MDkwMS4wIJJjKgBIAVAD&rclk=1
2026-09-05 13:28:41,753 | INFO | Valid Google Maps Place URL opened.
2026-09-05 13:28:47,144 | INFO | Address check | score=0.0000 | status=NEED_REVIEW | reason=MISSING_MAPS_ADDRESS
2026-09-05 13:28:47,145 | INFO | Opening Maps URL | attempt=1/3
2026-09-05 13:28:50,108 | INFO | Current Maps URL: https://www.google.com/maps/place/Nha%CC%80+Nghi%CC%89+Happy+Quy+Nh%C6%A1n/data=!4m10!3m9!1s0x316f6b60c5b17aeb:0xbec68d80ec189b22!5m2!4m1!1i2!8m2!3d13.7927283!4d109.2111622!16s%2Fg%2F11c5_vpf7w!19sChIJ63qxxWBrbzERIpsY7ICNxr4?authuser=0&hl=vi&g_ep=EgoyMDI2MDkwMS4wIJJjKgBIAVAD&rclk=1
2026-09-05 13:28:50,109 | INFO | Valid Google Maps Place URL opened.
2026-09-05 13:28:55,447 | INFO | Address check | score=0.0000 | status=NEED_REVIEW | reason=MISSING_MAPS_ADDRESS
2026-09-05 13:28:55,448 | INFO | Opening Maps URL | attempt=1/3
2026-09-05 13:28:58,631 | INFO | Current Maps URL: https://www.google.com/maps/place/Kh%C3%A1ch+s%E1%BA%A1n+Mira+-+Kh%C3%A1ch+s%E1%BA%A1n+g%E1%BA%A7n+bi%E1%BB%83n+%E1%BB%9F+Quy+Nh%C6%A1n/data=!4m10!3m9!1s0x316f6ceceb457403:0x1de22f520372522b!5m2!4m1!1i2!8m2!3d13.761717!4d109.219274!16s%2Fg%2F11fk15qdmx!19sChIJA3RF6-xsbzERK1JyA1Iv4h0?authuser=0&hl=vi&g_ep=EgoyMDI2MDkwMS4wIJJjKgBIAVAD&rclk=1
2026-09-05 13:28:58,631 | INFO | Valid Google Maps Place URL opened.
2026-09-05 13:29:04,074 | INFO | Address check | score=0.0000 | status=NEED_REVIEW | reason=MISSING_MAPS_ADDRESS
2026-09-05 13:29:04,076 | INFO | Opening Maps URL | attempt=1/3
2026-09-05 13:29:07,272 | INFO | Current Maps URL: https://www.google.com/maps/place/A%27dor+Hotel+%26+Spa+Quy+Nh%C6%A1n/data=!4m10!3m9!1s0x316f6c91dade7c39:0xaa4dea463f313f39!5m2!4m1!1i2!8m2!3d13.770556!4d109.223022!16s%2Fg%2F11m6b1vq7t!19sChIJOXze2pFsbzEROT8xP0bqTao?authuser=0&hl=vi&g_ep=EgoyMDI2MDkwMS4wIJJjKgBIAVAD&rclk=1
2026-09-05 13:29:07,272 | INFO | Valid Google Maps Place URL opened.
2026-09-05 13:29:12,619 | INFO | Address check | score=0.0000 | status=NEED_REVIEW | reason=MISSING_MAPS_ADDRESS
2026-09-05 13:29:12,620 | INFO | CHECKPOINT | processed=590 | matched=2 | mismatched=9 | review=579
2026-09-05 13:29:13,364 | INFO | Excel saved: D:\Product-Google-Maps\output\hotels_export_google_maps_checked.xlsx
2026-09-05 13:29:13,365 | INFO | Opening Maps URL | attempt=1/3
2026-09-05 13:29:16,623 | INFO | Current Maps URL: https://www.google.com/maps/place/New+Land+Nam+Thong+3/data=!4m10!3m9!1s0x3175255d00555553:0x49188872608333bf!5m2!4m1!1i2!8m2!3d10.719496!4d106.732494!16s%2Fg%2F11ks2mwyrz!19sChIJU1VVAF0ldTERvzODYHKIGEk?authuser=0&hl=vi&g_ep=EgoyMDI2MDkwMS4wIJJjKgBIAVAD&rclk=1
2026-09-05 13:29:16,625 | INFO | Valid Google Maps Place URL opened.
2026-09-05 13:29:22,151 | INFO | Address check | score=0.0000 | status=NEED_REVIEW | reason=MISSING_MAPS_ADDRESS
2026-09-05 13:29:22,153 | INFO | Opening Maps URL | attempt=1/3
2026-09-05 13:29:26,007 | INFO | Current Maps URL: https://www.google.com/maps/place/Kim+Hi+Homestay/data=!4m10!3m9!1s0x31752f004e843d0f:0xe688eb537b92c2ef!5m2!4m1!1i2!8m2!3d10.7609383!4d106.7034429!16s%2Fg%2F11z8r49wky!19sChIJDz2ETgAvdTER78KSe1PriOY?authuser=0&hl=vi&g_ep=EgoyMDI2MDkwMS4wIJJjKgBIAVAD&rclk=1
2026-09-05 13:29:26,010 | INFO | Valid Google Maps Place URL opened.
2026-09-05 13:29:31,527 | INFO | Address check | score=0.0000 | status=NEED_REVIEW | reason=MISSING_MAPS_ADDRESS
2026-09-05 13:29:31,528 | INFO | Opening Maps URL | attempt=1/3
2026-09-05 13:29:34,492 | INFO | Current Maps URL: https://www.google.com/maps/place/Kh%C3%A1ch+s%E1%BA%A1n+Mira+-+Kh%C3%A1ch+s%E1%BA%A1n+g%E1%BA%A7n+bi%E1%BB%83n+%E1%BB%9F+Quy+Nh%C6%A1n/data=!4m10!3m9!1s0x316f6ceceb457403:0x1de22f520372522b!5m2!4m1!1i2!8m2!3d13.761717!4d109.219274!16s%2Fg%2F11fk15qdmx!19sChIJA3RF6-xsbzERK1JyA1Iv4h0?authuser=0&hl=vi&g_ep=EgoyMDI2MDkwMS4wIJJjKgBIAVAD&rclk=1
2026-09-05 13:29:34,494 | INFO | Valid Google Maps Place URL opened.
2026-09-05 13:29:39,736 | INFO | Address check | score=0.0000 | status=NEED_REVIEW | reason=MISSING_MAPS_ADDRESS
2026-09-05 13:29:39,738 | INFO | Opening Maps URL | attempt=1/3
2026-09-05 13:29:42,993 | INFO | Current Maps URL: https://www.google.com/maps/place/Centoria+Hotel+Quang+Trung+by+Urban+B/data=!4m10!3m9!1s0x317529a6dc22dc8b:0x1a34fae17dc733c9!5m2!4m1!1i2!8m2!3d10.838062!4d106.659812!16s%2Fg%2F11zbsm3qq5!19sChIJi9wi3KYpdTERyTPHfeH6NBo?authuser=0&hl=vi&g_ep=EgoyMDI2MDkwMS4wIJJjKgBIAVAD&rclk=1
2026-09-05 13:29:43,130 | INFO | Valid Google Maps Place URL opened.
2026-09-05 13:29:48,325 | INFO | Address check | score=0.0000 | status=NEED_REVIEW | reason=MISSING_MAPS_ADDRESS
2026-09-05 13:29:48,327 | INFO | Opening Maps URL | attempt=1/3
2026-09-05 13:29:51,625 | INFO | Current Maps URL: https://www.google.com/maps/place/Collection+O+Sunrise+Hotel+Trung+Son+Near+Lotte+Mart/data=!4m10!3m9!1s0x31752fba5813358b:0xe106a19722ede1c7!5m2!4m1!1i2!8m2!3d10.732473!4d106.690204!16s%2Fg%2F11sy3tdjtj!19sChIJizUTWLovdTERx-HtIpehBuE?authuser=0&hl=vi&g_ep=EgoyMDI2MDkwMS4wIJJjKgBIAVAD&rclk=1
2026-09-05 13:29:51,626 | INFO | Valid Google Maps Place URL opened.
2026-09-05 13:29:56,656 | INFO | Address check | score=0.0000 | status=NEED_REVIEW | reason=MISSING_MAPS_ADDRESS
2026-09-05 13:29:56,657 | INFO | Opening Maps URL | attempt=1/3
2026-09-05 13:29:59,878 | INFO | Current Maps URL: https://www.google.com/maps/place/Collection+O+Sunrise+Hotel+Trung+Son+Near+Lotte+Mart/data=!4m10!3m9!1s0x31752fba5813358b:0xe106a19722ede1c7!5m2!4m1!1i2!8m2!3d10.732473!4d106.690204!16s%2Fg%2F11sy3tdjtj!19sChIJizUTWLovdTERx-HtIpehBuE?authuser=0&hl=vi&g_ep=EgoyMDI2MDkwMS4wIJJjKgBIAVAD&rclk=1
2026-09-05 13:29:59,879 | INFO | Valid Google Maps Place URL opened.
2026-09-05 13:30:04,887 | INFO | Address check | score=0.0000 | status=NEED_REVIEW | reason=MISSING_MAPS_ADDRESS
2026-09-05 13:30:04,889 | INFO | Opening Maps URL | attempt=1/3
2026-09-05 13:30:07,875 | INFO | Current Maps URL: https://www.google.com/maps/place/Kh%C3%A1ch+S%E1%BA%A1n+Thanh+Loan/data=!4m7!3m6!1s0x31752f70ddf18a13:0x28ab1d9f0bf419c1!8m2!3d10.7516402!4d106.7091495!16s%2Fg%2F1hc6xjr__!19sChIJE4rx3XAvdTERwRn0C58dqyg?authuser=0&hl=vi&g_ep=EgoyMDI2MDkwMS4wIJJjKgBIAVAD&rclk=1
2026-09-05 13:30:07,875 | INFO | Valid Google Maps Place URL opened.
2026-09-05 13:30:12,969 | INFO | Address check | score=0.0000 | status=NEED_REVIEW | reason=MISSING_MAPS_ADDRESS
2026-09-05 13:30:12,970 | INFO | Opening Maps URL | attempt=1/3
2026-09-05 13:30:16,306 | INFO | Current Maps URL: https://www.google.com/maps/place/Kh%C3%A1ch+S%E1%BA%A1n+Thanh+Loan/data=!4m7!3m6!1s0x31752f70ddf18a13:0x28ab1d9f0bf419c1!8m2!3d10.7516402!4d106.7091495!16s%2Fg%2F1hc6xjr__!19sChIJE4rx3XAvdTERwRn0C58dqyg?authuser=0&hl=vi&g_ep=EgoyMDI2MDkwMS4wIJJjKgBIAVAD&rclk=1
2026-09-05 13:30:16,306 | INFO | Valid Google Maps Place URL opened.
2026-09-05 13:30:21,786 | INFO | Address check | score=0.0000 | status=NEED_REVIEW | reason=MISSING_MAPS_ADDRESS
2026-09-05 13:30:21,826 | INFO | Opening Maps URL | attempt=1/3
2026-09-05 13:30:24,942 | INFO | Current Maps URL: https://www.google.com/maps/place/Kh%C3%A1ch+s%E1%BA%A1n+Mira+-+Kh%C3%A1ch+s%E1%BA%A1n+g%E1%BA%A7n+bi%E1%BB%83n+%E1%BB%9F+Quy+Nh%C6%A1n/data=!4m10!3m9!1s0x316f6ceceb457403:0x1de22f520372522b!5m2!4m1!1i2!8m2!3d13.761717!4d109.219274!16s%2Fg%2F11fk15qdmx!19sChIJA3RF6-xsbzERK1JyA1Iv4h0?authuser=0&hl=vi&g_ep=EgoyMDI2MDkwMS4wIJJjKgBIAVAD&rclk=1
2026-09-05 13:30:24,942 | INFO | Valid Google Maps Place URL opened.
2026-09-05 13:30:30,006 | INFO | Address check | score=0.0000 | status=NEED_REVIEW | reason=MISSING_MAPS_ADDRESS
2026-09-05 13:30:30,007 | INFO | Opening Maps URL | attempt=1/3
2026-09-05 13:30:32,968 | INFO | Current Maps URL: https://www.google.com/maps/place/Sanga+Hostel+and+souvenir/data=!4m10!3m9!1s0x3114f8b39b336f95:0x717cef0f126b3ad8!5m2!4m1!1i2!8m2!3d15.119859!4d105.798935!16s%2Fg%2F11gxs0hmgb!19sChIJlW8zm7P4FDER2DprEg_vfHE?authuser=0&hl=vi&g_ep=EgoyMDI2MDkwMS4wIJJjKgBIAVAD&rclk=1
2026-09-05 13:30:32,968 | INFO | Valid Google Maps Place URL opened.
2026-09-05 13:30:38,111 | INFO | Address check | score=0.0000 | status=NEED_REVIEW | reason=MISSING_MAPS_ADDRESS
2026-09-05 13:30:38,112 | INFO | CHECKPOINT | processed=600 | matched=2 | mismatched=9 | review=589
2026-09-05 13:30:38,845 | INFO | Excel saved: D:\Product-Google-Maps\output\hotels_export_google_maps_checked.xlsx
2026-09-05 13:30:38,846 | INFO | Opening Maps URL | attempt=1/3
2026-09-05 13:30:41,825 | INFO | Current Maps URL: https://www.google.com/maps/place/Green+Hotel+Quy+Nh%C6%A1n+-+C%C3%A1ch+bi%E1%BB%83n+200m/data=!4m7!3m6!1s0x316f6d21678907cb:0xbf61311ccc0b065e!8m2!3d13.752812!4d109.214291!16s%2Fg%2F11h22ppmqg!19sChIJyweJZyFtbzERXgYLzBwxYb8?authuser=0&hl=vi&g_ep=EgoyMDI2MDkwMS4wIJJjKgBIAVAD&rclk=1
2026-09-05 13:30:41,826 | INFO | Valid Google Maps Place URL opened.
2026-09-05 13:30:46,984 | INFO | Address check | score=0.0000 | status=NEED_REVIEW | reason=MISSING_MAPS_ADDRESS
2026-09-05 13:30:46,985 | INFO | Opening Maps URL | attempt=1/3
2026-09-05 13:30:49,880 | INFO | Current Maps URL: https://www.google.com/maps/place/M%E1%BB%99c+S%E1%BB%8Fi+Homestay/data=!4m10!3m9!1s0x316f43a58a370ee7:0xc40dd650d8a20fe3!5m2!4m1!1i2!8m2!3d13.8742881!4d109.2921313!16s%2Fg%2F11n951t19x!19sChIJ5w43iqVDbzER4w-i2FDWDcQ?authuser=0&hl=vi&g_ep=EgoyMDI2MDkwMS4wIJJjKgBIAVAD&rclk=1
2026-09-05 13:30:49,881 | INFO | Valid Google Maps Place URL opened.
2026-09-05 13:30:55,381 | INFO | Address check | score=0.0000 | status=NEED_REVIEW | reason=MISSING_MAPS_ADDRESS
2026-09-05 13:30:55,383 | INFO | Opening Maps URL | attempt=1/3
2026-09-05 13:30:58,256 | INFO | Current Maps URL: https://www.google.com/maps/place/Mu%E1%BB%91i+Homestay+-+L%C3%A0ng+Ch%C3%A0i+An+H%E1%BA%A3i,+C%C3%B9+Lao+Ma%CC%81i+Nha%CC%80/data=!4m7!3m6!1s0x316f91840785e301:0x915448f6c65d91f3!8m2!3d13.2729795!4d109.3091736!16s%2Fg%2F11n9rhdw8z!19sChIJAeOFB4SRbzER85FdxvZIVJE?authuser=0&hl=vi&g_ep=EgoyMDI2MDkwMS4wIJJjKgBIAVAD&rclk=1
2026-09-05 13:30:58,263 | INFO | Valid Google Maps Place URL opened.
2026-09-05 13:31:03,672 | INFO | Address check | score=0.0000 | status=NEED_REVIEW | reason=MISSING_MAPS_ADDRESS
2026-09-05 13:31:03,674 | INFO | Opening Maps URL | attempt=1/3
2026-09-05 13:31:06,562 | INFO | Current Maps URL: https://www.google.com/maps/place/Kh%C3%A1ch+S%E1%BA%A1n+Ho%C3%A0ng+Vy/data=!4m7!3m6!1s0x317525815b6be717:0x235c3565507cab6f!8m2!3d10.7484934!4d106.7286739!16s%2Fg%2F11yhj8n92!19sChIJF-drW4EldTERb6t8UGU1XCM?authuser=0&hl=vi&g_ep=EgoyMDI2MDkwMS4wIJJjKgBIAVAD&rclk=1
2026-09-05 13:31:06,563 | INFO | Valid Google Maps Place URL opened.
2026-09-05 13:31:11,925 | INFO | Address check | score=0.0000 | status=NEED_REVIEW | reason=MISSING_MAPS_ADDRESS
2026-09-05 13:31:11,928 | INFO | Opening Maps URL | attempt=1/3
2026-09-05 13:31:14,823 | INFO | Current Maps URL: https://www.google.com/maps/place/Nh%C3%A0+Ngh%E1%BB%89+Th%C3%B9y+Trang/data=!4m7!3m6!1s0x31752eddd6100df7:0x9165e7d9cdb75b4a!8m2!3d10.7706403!4d106.6704828!16s%2Fg%2F1hc2503m9!19sChIJ9w0Q1t0udTERSlu3zdnnZZE?authuser=0&hl=vi&g_ep=EgoyMDI2MDkwMS4wIJJjKgBIAVAD&rclk=1
2026-09-05 13:31:14,823 | INFO | Valid Google Maps Place URL opened.
2026-09-05 13:31:20,300 | INFO | Address check | score=0.0000 | status=NEED_REVIEW | reason=MISSING_MAPS_ADDRESS
2026-09-05 13:31:20,302 | INFO | Opening Maps URL | attempt=1/3
2026-09-05 13:31:23,224 | INFO | Current Maps URL: https://www.google.com/maps/place/Nh%C3%A0+Ngh%E1%BB%89+Th%C3%B9y+Trang/data=!4m7!3m6!1s0x31752eddd6100df7:0x9165e7d9cdb75b4a!8m2!3d10.7706403!4d106.6704828!16s%2Fg%2F1hc2503m9!19sChIJ9w0Q1t0udTERSlu3zdnnZZE?authuser=0&hl=vi&g_ep=EgoyMDI2MDkwMS4wIJJjKgBIAVAD&rclk=1
2026-09-05 13:31:23,225 | INFO | Valid Google Maps Place URL opened.
2026-09-05 13:31:28,603 | INFO | Address check | score=0.0000 | status=NEED_REVIEW | reason=MISSING_MAPS_ADDRESS
2026-09-05 13:31:28,604 | INFO | Opening Maps URL | attempt=1/3
2026-09-05 13:31:31,524 | INFO | Current Maps URL: https://www.google.com/maps/place/Kh%C3%A1ch+S%E1%BA%A1n+Thi%C3%AAn+C%C3%A1c+2/data=!4m10!3m9!1s0x316f6c93b3a4dfc1:0x8f214f28c76a6a57!5m2!4m1!1i2!8m2!3d13.766987!4d109.220483!16s%2Fg%2F11fhwtwztp!19sChIJwd-ks5NsbzERV2pqxyhPIY8?authuser=0&hl=vi&g_ep=EgoyMDI2MDkwMS4wIJJjKgBIAVAD&rclk=1
2026-09-05 13:31:31,525 | INFO | Valid Google Maps Place URL opened.
2026-09-05 13:31:36,876 | INFO | Address check | score=0.0000 | status=NEED_REVIEW | reason=MISSING_MAPS_ADDRESS
2026-09-05 13:31:36,877 | INFO | Opening Maps URL | attempt=1/3
2026-09-05 13:31:39,835 | INFO | Current Maps URL: https://www.google.com/maps/place/Nh%C3%A0+Ngh%E1%BB%89+Minh+Ph%C6%B0%C6%A1ng/data=!4m7!3m6!1s0x316f330072b06e63:0x96152b8fb0d2f7e3!8m2!3d14.167114!4d109.0557489!16s%2Fg%2F11z1y2b21x!19sChIJY26wcgAzbzER4_fSsI8rFZY?authuser=0&hl=vi&g_ep=EgoyMDI2MDkwMS4wIJJjKgBIAVAD&rclk=1
2026-09-05 13:31:39,835 | INFO | Valid Google Maps Place URL opened.
2026-09-05 13:31:45,298 | INFO | Address check | score=0.0000 | status=NEED_REVIEW | reason=MISSING_MAPS_ADDRESS
2026-09-05 13:31:45,299 | INFO | Opening Maps URL | attempt=1/3
2026-09-05 13:31:48,454 | INFO | Current Maps URL: https://www.google.com/maps/place/Kh%C3%A1ch+S%E1%BA%A1n+Ph%C6%B0%C6%A1ng+Vy/data=!4m7!3m6!1s0x31752f9d13f9d0fd:0x8d5e22b8fcfddf43!8m2!3d10.7433562!4d106.7099087!16s%2Fg%2F11_k25j8l!19sChIJ_dD5E50vdTERQ9_9_LgiXo0?authuser=0&hl=vi&g_ep=EgoyMDI2MDkwMS4wIJJjKgBIAVAD&rclk=1
2026-09-05 13:31:48,454 | INFO | Valid Google Maps Place URL opened.
2026-09-05 13:31:53,927 | INFO | Address check | score=0.0000 | status=NEED_REVIEW | reason=MISSING_MAPS_ADDRESS
2026-09-05 13:31:53,928 | INFO | Opening Maps URL | attempt=1/3
2026-09-05 13:31:56,960 | INFO | Current Maps URL: https://www.google.com/maps/place/Kh%C3%A1ch+S%E1%BA%A1n+Ph%C6%B0%C6%A1ng+Vy/data=!4m7!3m6!1s0x31752f9d13f9d0fd:0x8d5e22b8fcfddf43!8m2!3d10.7433562!4d106.7099087!16s%2Fg%2F11_k25j8l!19sChIJ_dD5E50vdTERQ9_9_LgiXo0?authuser=0&hl=vi&g_ep=EgoyMDI2MDkwMS4wIJJjKgBIAVAD&rclk=1
2026-09-05 13:31:56,960 | INFO | Valid Google Maps Place URL opened.
2026-09-05 13:32:02,285 | INFO | Address check | score=0.0000 | status=NEED_REVIEW | reason=MISSING_MAPS_ADDRESS
2026-09-05 13:32:02,285 | INFO | CHECKPOINT | processed=610 | matched=2 | mismatched=9 | review=599
2026-09-05 13:32:02,845 | INFO | Excel saved: D:\Product-Google-Maps\output\hotels_export_google_maps_checked.xlsx
2026-09-05 13:32:02,846 | INFO | Opening Maps URL | attempt=1/3
2026-09-05 13:32:05,814 | INFO | Current Maps URL: https://www.google.com/maps/place/Nh%C6%A1n+L%C3%BD+Hostel/data=!4m10!3m9!1s0x316f421935b416cd:0x2d6090e947a2f88b!5m2!4m1!1i2!8m2!3d13.8866901!4d109.2893605!16s%2Fg%2F11c1wyr5qb!19sChIJzRa0NRlCbzERi_iiR-mQYC0?authuser=0&hl=vi&g_ep=EgoyMDI2MDkwMS4wIJJjKgBIAVAD&rclk=1
2026-09-05 13:32:05,814 | INFO | Valid Google Maps Place URL opened.
2026-09-05 13:32:11,144 | INFO | Address check | score=0.0000 | status=NEED_REVIEW | reason=MISSING_MAPS_ADDRESS
2026-09-05 13:32:11,147 | INFO | Opening Maps URL | attempt=1/3
2026-09-05 13:32:14,038 | INFO | Current Maps URL: https://www.google.com/maps/place/Quy+Nhon+Homestay+BnB+-+Villa,+8+Bedrooms/data=!4m11!3m10!1s0x316f6cddef59acad:0x341f27464d328064!5m2!4m1!1i2!8m2!3d13.7481699!4d109.2107315!16s%2Fg%2F11nbms9khn!17BQ0FF!19sChIJraxZ791sbzERZIAyTUYnHzQ?authuser=0&hl=vi&g_ep=EgoyMDI2MDkwMS4wIJJjKgBIAVAD&rclk=1
2026-09-05 13:32:14,038 | INFO | Valid Google Maps Place URL opened.
2026-09-05 13:32:20,125 | INFO | Address check | score=0.0000 | status=NEED_REVIEW | reason=MISSING_MAPS_ADDRESS
2026-09-05 13:32:20,126 | INFO | Opening Maps URL | attempt=1/3
2026-09-05 13:32:23,471 | INFO | Current Maps URL: https://www.google.com/maps/place/Green+Hotel+Quy+Nh%C6%A1n+-+C%C3%A1ch+bi%E1%BB%83n+200m/data=!4m10!3m9!1s0x316f6d21678907cb:0xbf61311ccc0b065e!5m2!4m1!1i2!8m2!3d13.7528117!4d109.2142909!16s%2Fg%2F11h22ppmqg!19sChIJyweJZyFtbzERXgYLzBwxYb8?authuser=0&hl=vi&g_ep=EgoyMDI2MDkwMS4wIJJjKgBIAVAD&rclk=1
2026-09-05 13:32:23,471 | INFO | Valid Google Maps Place URL opened.
2026-09-05 13:32:28,866 | INFO | Address check | score=0.0000 | status=NEED_REVIEW | reason=MISSING_MAPS_ADDRESS
2026-09-05 13:32:28,869 | INFO | Opening Maps URL | attempt=1/3
2026-09-05 13:32:31,992 | INFO | Current Maps URL: https://www.google.com/maps/place/Green+Hotel+Quy+Nh%C6%A1n+-+C%C3%A1ch+bi%E1%BB%83n+200m/data=!4m10!3m9!1s0x316f6d21678907cb:0xbf61311ccc0b065e!5m2!4m1!1i2!8m2!3d13.7528117!4d109.2142909!16s%2Fg%2F11h22ppmqg!19sChIJyweJZyFtbzERXgYLzBwxYb8?authuser=0&hl=vi&g_ep=EgoyMDI2MDkwMS4wIJJjKgBIAVAD&rclk=1
2026-09-05 13:32:31,993 | INFO | Valid Google Maps Place URL opened.
2026-09-05 13:32:37,310 | INFO | Address check | score=0.0000 | status=NEED_REVIEW | reason=MISSING_MAPS_ADDRESS
2026-09-05 13:32:37,311 | INFO | Opening Maps URL | attempt=1/3
2026-09-05 13:32:40,483 | INFO | Current Maps URL: https://www.google.com/maps/place/Sea+Flower+Homestay+Quy+Nh%C6%A1n/data=!4m10!3m9!1s0x316f6ce97940f0d7:0xb56c5cd381ff655!5m2!4m1!1i2!8m2!3d13.757776!4d109.21505!16s%2Fg%2F11y3d_t3j8!19sChIJ1_BAeelsbzERVfYfOM3FVgs?authuser=0&hl=vi&g_ep=EgoyMDI2MDkwMS4wIJJjKgBIAVAD&rclk=1
2026-09-05 13:32:40,483 | INFO | Valid Google Maps Place URL opened.
2026-09-05 13:32:45,864 | INFO | Address check | score=0.0000 | status=NEED_REVIEW | reason=MISSING_MAPS_ADDRESS
2026-09-05 13:32:45,866 | INFO | Opening Maps URL | attempt=1/3
2026-09-05 13:32:49,058 | INFO | Current Maps URL: https://www.google.com/maps/place/Kh%C3%A1ch+s%E1%BA%A1n+Mira+-+Kh%C3%A1ch+s%E1%BA%A1n+g%E1%BA%A7n+bi%E1%BB%83n+%E1%BB%9F+Quy+Nh%C6%A1n/data=!4m10!3m9!1s0x316f6ceceb457403:0x1de22f520372522b!5m2!4m1!1i2!8m2!3d13.761717!4d109.219274!16s%2Fg%2F11fk15qdmx!19sChIJA3RF6-xsbzERK1JyA1Iv4h0?authuser=0&hl=vi&g_ep=EgoyMDI2MDkwMS4wIJJjKgBIAVAD&rclk=1
2026-09-05 13:32:49,059 | INFO | Valid Google Maps Place URL opened.
2026-09-05 13:32:54,396 | INFO | Address check | score=0.0000 | status=NEED_REVIEW | reason=MISSING_MAPS_ADDRESS
2026-09-05 13:32:54,397 | INFO | Opening Maps URL | attempt=1/3
2026-09-05 13:32:57,625 | INFO | Current Maps URL: https://www.google.com/maps/place/Kh%C3%A1ch+s%E1%BA%A1n+Mira+-+Kh%C3%A1ch+s%E1%BA%A1n+g%E1%BA%A7n+bi%E1%BB%83n+%E1%BB%9F+Quy+Nh%C6%A1n/data=!4m10!3m9!1s0x316f6ceceb457403:0x1de22f520372522b!5m2!4m1!1i2!8m2!3d13.761717!4d109.219274!16s%2Fg%2F11fk15qdmx!19sChIJA3RF6-xsbzERK1JyA1Iv4h0?authuser=0&hl=vi&g_ep=EgoyMDI2MDkwMS4wIJJjKgBIAVAD&rclk=1
2026-09-05 13:32:57,626 | INFO | Valid Google Maps Place URL opened.
2026-09-05 13:33:02,963 | INFO | Address check | score=0.0000 | status=NEED_REVIEW | reason=MISSING_MAPS_ADDRESS
2026-09-05 13:33:02,964 | INFO | Opening Maps URL | attempt=1/3
2026-09-05 13:33:05,872 | INFO | Current Maps URL: https://www.google.com/maps/place/Ba+Danh+Homestay+%26+Kitchen+-+Ben+Tre+Mekong+delta/data=!4m10!3m9!1s0x310aa9b53df45d3d:0xb216934df07a9cc8!5m2!4m1!1i2!8m2!3d10.220527!4d106.394933!16s%2Fg%2F11f4_57y82!19sChIJPV30PbWpCjERyJx68E2TFrI?authuser=0&hl=vi&g_ep=EgoyMDI2MDkwMS4wIJJjKgBIAVAD&rclk=1
2026-09-05 13:33:05,872 | INFO | Valid Google Maps Place URL opened.
2026-09-05 13:33:11,187 | INFO | Address check | score=0.0000 | status=NEED_REVIEW | reason=MISSING_MAPS_ADDRESS
2026-09-05 13:33:11,188 | INFO | Opening Maps URL | attempt=1/3
2026-09-05 13:33:14,372 | INFO | Current Maps URL: https://www.google.com/maps/place/VV+Hotel+Battambang/data=!4m10!3m9!1s0x3105498b51b24421:0xa639afb7a55694e4!5m2!4m1!1i2!8m2!3d13.103271!4d103.197632!16s%2Fg%2F11rk8x8ysh!19sChIJIUSyUYtJBTER5JRWpbevOaY?authuser=0&hl=vi&g_ep=EgoyMDI2MDkwMS4wIJJjKgBIAVAD&rclk=1
2026-09-05 13:33:14,372 | INFO | Valid Google Maps Place URL opened.
2026-09-05 13:33:19,733 | INFO | Address check | score=0.0000 | status=NEED_REVIEW | reason=MISSING_MAPS_ADDRESS
2026-09-05 13:33:19,734 | INFO | Opening Maps URL | attempt=1/3
2026-09-05 13:33:22,936 | INFO | Current Maps URL: https://www.google.com/maps/place/Kh%C3%A1ch+S%E1%BA%A1n+V%C4%83n+Minh+2/data=!4m7!3m6!1s0x3175257fc2b8c0fd:0x97783a8f4dab3eec!8m2!3d10.7430597!4d106.7243823!16s%2Fg%2F11b73r3mgf!19sChIJ_cC4wn8ldTER7D6rTY86eJc?authuser=0&hl=vi&g_ep=EgoyMDI2MDkwMS4wIJJjKgBIAVAD&rclk=1
2026-09-05 13:33:22,937 | INFO | Valid Google Maps Place URL opened.
2026-09-05 13:33:28,413 | INFO | Address check | score=0.0000 | status=NEED_REVIEW | reason=MISSING_MAPS_ADDRESS
2026-09-05 13:33:28,413 | INFO | CHECKPOINT | processed=620 | matched=2 | mismatched=9 | review=609
2026-09-05 13:33:29,001 | INFO | Excel saved: D:\Product-Google-Maps\output\hotels_export_google_maps_checked.xlsx
2026-09-05 13:33:29,002 | INFO | Opening Maps URL | attempt=1/3
2026-09-05 13:33:31,953 | INFO | Current Maps URL: https://www.google.com/maps/place/Kh%C3%A1ch+S%E1%BA%A1n+V%C4%83n+Minh+2/data=!4m7!3m6!1s0x3175257fc2b8c0fd:0x97783a8f4dab3eec!8m2!3d10.7430597!4d106.7243823!16s%2Fg%2F11b73r3mgf!19sChIJ_cC4wn8ldTER7D6rTY86eJc?authuser=0&hl=vi&g_ep=EgoyMDI2MDkwMS4wIJJjKgBIAVAD&rclk=1
2026-09-05 13:33:31,954 | INFO | Valid Google Maps Place URL opened.
2026-09-05 13:33:37,314 | INFO | Address check | score=0.0000 | status=NEED_REVIEW | reason=MISSING_MAPS_ADDRESS
2026-09-05 13:33:37,316 | INFO | Opening Maps URL | attempt=1/3
2026-09-05 13:33:40,344 | INFO | Current Maps URL: https://www.google.com/maps/place/Kh%C3%A1ch+S%E1%BA%A1n+V%C4%83n+Minh+2/data=!4m7!3m6!1s0x3175257fc2b8c0fd:0x97783a8f4dab3eec!8m2!3d10.7430597!4d106.7243823!16s%2Fg%2F11b73r3mgf!19sChIJ_cC4wn8ldTER7D6rTY86eJc?authuser=0&hl=vi&g_ep=EgoyMDI2MDkwMS4wIJJjKgBIAVAD&rclk=1
2026-09-05 13:33:40,344 | INFO | Valid Google Maps Place URL opened.
2026-09-05 13:33:45,723 | INFO | Address check | score=0.0000 | status=NEED_REVIEW | reason=MISSING_MAPS_ADDRESS
2026-09-05 13:33:45,724 | INFO | Opening Maps URL | attempt=1/3
2026-09-05 13:33:48,711 | INFO | Current Maps URL: https://www.google.com/maps/place/Crown+Retreat+Resort+Quy+Nhon/data=!4m10!3m9!1s0x316f4129366200a1:0x91fd82de0538da25!5m2!4m1!1i2!8m2!3d13.954064!4d109.241083!16s%2Fg%2F11c2ppkchj!19sChIJoQBiNilBbzERJdo4Bd6C_ZE?authuser=0&hl=vi&g_ep=EgoyMDI2MDkwMS4wIJJjKgBIAVAD&rclk=1
2026-09-05 13:33:48,711 | INFO | Valid Google Maps Place URL opened.
2026-09-05 13:33:54,063 | INFO | Address check | score=0.0000 | status=NEED_REVIEW | reason=MISSING_MAPS_ADDRESS
2026-09-05 13:33:54,064 | INFO | Opening Maps URL | attempt=1/3
2026-09-05 13:33:57,269 | INFO | Current Maps URL: https://www.google.com/maps/place/Nh%C3%A0+Ngh%E1%BB%89+Vy+Vy/data=!4m10!3m9!1s0x316f6cc20c676e53:0x580d19c97df644d7!5m2!4m1!1i2!8m2!3d13.7573135!4d109.2113291!16s%2Fg%2F11n5cfjzkz!19sChIJU25nDMJsbzER10T2fckZDVg?authuser=0&hl=vi&g_ep=EgoyMDI2MDkwMS4wIJJjKgBIAVAD&rclk=1
2026-09-05 13:33:57,270 | INFO | Valid Google Maps Place URL opened.
2026-09-05 13:34:02,701 | INFO | Address check | score=0.0000 | status=NEED_REVIEW | reason=MISSING_MAPS_ADDRESS
2026-09-05 13:34:02,703 | INFO | Opening Maps URL | attempt=1/3
2026-09-05 13:34:05,688 | INFO | Current Maps URL: https://www.google.com/maps/place/Nh%C3%A0+Ngh%E1%BB%89+H%E1%BB%93ng+Th%E1%BA%A3o/data=!4m7!3m6!1s0x316f15c7aa55cb3b:0xa1ae6f5ae8d024d9!8m2!3d13.8645174!4d109.1302243!16s%2Fg%2F11xgfc9749!19sChIJO8tVqscVbzER2STQ6FpvrqE?authuser=0&hl=vi&g_ep=EgoyMDI2MDkwMS4wIJJjKgBIAVAD&rclk=1
2026-09-05 13:34:05,713 | INFO | Valid Google Maps Place URL opened.
2026-09-05 13:34:11,235 | INFO | Address check | score=0.0000 | status=NEED_REVIEW | reason=MISSING_MAPS_ADDRESS
2026-09-05 13:34:11,239 | INFO | Opening Maps URL | attempt=1/3
2026-09-05 13:34:14,589 | INFO | Current Maps URL: https://www.google.com/maps/place/Kh%C3%A1ch+s%E1%BA%A1n+Mira+-+Kh%C3%A1ch+s%E1%BA%A1n+g%E1%BA%A7n+bi%E1%BB%83n+%E1%BB%9F+Quy+Nh%C6%A1n/data=!4m10!3m9!1s0x316f6de1c42523df:0x1de22f520372522b!5m2!4m1!1i2!8m2!3d13.7617167!4d109.2192735!16s%2Fg%2F11fk15qdmx!19sChIJ3yMlxOFtbzERK1JyA1Iv4h0?authuser=0&hl=vi&g_ep=EgoyMDI2MDkwMS4wIJJjKgBIAVAD&rclk=1
2026-09-05 13:34:14,590 | INFO | Valid Google Maps Place URL opened.
2026-09-05 13:34:20,020 | INFO | Address check | score=0.0000 | status=NEED_REVIEW | reason=MISSING_MAPS_ADDRESS
2026-09-05 13:34:20,022 | INFO | Opening Maps URL | attempt=1/3
2026-09-05 13:34:23,156 | INFO | Current Maps URL: https://www.google.com/maps/place/18+Nguy%E1%BB%85n+Trung+Tr%E1%BB%B1c/data=!4m7!3m6!1s0x316c2177333459cb:0xc1cbf6fd78c5fe63!8m2!3d13.9548622!4d108.0036142!16s%2Fg%2F11w8p6bwjf!19sChIJy1k0M3chbDERY_7FeP32y8E?authuser=0&hl=vi&g_ep=EgoyMDI2MDkwMS4wIJJjKgBIAVAD&rclk=1
2026-09-05 13:34:23,156 | INFO | Valid Google Maps Place URL opened.
2026-09-05 13:34:28,685 | INFO | Address check | score=0.0000 | status=NEED_REVIEW | reason=MISSING_MAPS_ADDRESS
2026-09-05 13:34:28,686 | INFO | Opening Maps URL | attempt=1/3
2026-09-05 13:34:31,787 | INFO | Current Maps URL: https://www.google.com/maps/place/Casa+Marina+Resort/data=!4m10!3m9!1s0x316f72861b677905:0x9ee3fcfc76f514c8!5m2!4m1!1i2!8m2!3d13.6848891!4d109.2301316!16s%2Fg%2F11f34_wj32!19sChIJBXlnG4ZybzERyBT1dvz8454?authuser=0&hl=vi&g_ep=EgoyMDI2MDkwMS4wIJJjKgBIAVAD&rclk=1
2026-09-05 13:34:31,788 | INFO | Valid Google Maps Place URL opened.
2026-09-05 13:34:37,250 | INFO | Address check | score=0.0000 | status=NEED_REVIEW | reason=MISSING_MAPS_ADDRESS
2026-09-05 13:34:37,251 | INFO | Opening Maps URL | attempt=1/3
2026-09-05 13:34:40,263 | INFO | Current Maps URL: https://www.google.com/maps/place/C%C3%A1t+Homestay/data=!4m10!3m9!1s0x316f6d5ca6bf0775:0xd1cbb93986716fc4!5m2!4m1!1i2!8m2!3d13.7660037!4d109.2275118!16s%2Fg%2F11p3hqbh7q!19sChIJdQe_plxtbzERxG9xhjm5y9E?authuser=0&hl=vi&g_ep=EgoyMDI2MDkwMS4wIJJjKgBIAVAD&rclk=1
2026-09-05 13:34:40,264 | INFO | Valid Google Maps Place URL opened.
2026-09-05 13:34:45,432 | INFO | Address check | score=0.0000 | status=NEED_REVIEW | reason=MISSING_MAPS_ADDRESS
2026-09-05 13:34:45,433 | INFO | Opening Maps URL | attempt=1/3
2026-09-05 13:34:48,719 | INFO | Current Maps URL: https://www.google.com/maps/place/Kh%C3%A1ch+s%E1%BA%A1n+Mira+-+Kh%C3%A1ch+s%E1%BA%A1n+g%E1%BA%A7n+bi%E1%BB%83n+%E1%BB%9F+Quy+Nh%C6%A1n/data=!4m10!3m9!1s0x316f6ceceb457403:0x1de22f520372522b!5m2!4m1!1i2!8m2!3d13.761717!4d109.219274!16s%2Fg%2F11fk15qdmx!19sChIJA3RF6-xsbzERK1JyA1Iv4h0?authuser=0&hl=vi&g_ep=EgoyMDI2MDkwMS4wIJJjKgBIAVAD&rclk=1
2026-09-05 13:34:48,719 | INFO | Valid Google Maps Place URL opened.
2026-09-05 13:34:54,008 | INFO | Address check | score=0.0000 | status=NEED_REVIEW | reason=MISSING_MAPS_ADDRESS
2026-09-05 13:34:54,009 | INFO | CHECKPOINT | processed=630 | matched=2 | mismatched=9 | review=619
2026-09-05 13:34:54,650 | INFO | Excel saved: D:\Product-Google-Maps\output\hotels_export_google_maps_checked.xlsx
2026-09-05 13:34:54,651 | INFO | Opening Maps URL | attempt=1/3
2026-09-05 13:34:57,885 | INFO | Current Maps URL: https://www.google.com/maps/place/Kh%C3%A1ch+s%E1%BA%A1n+Mira+-+Kh%C3%A1ch+s%E1%BA%A1n+g%E1%BA%A7n+bi%E1%BB%83n+%E1%BB%9F+Quy+Nh%C6%A1n/data=!4m10!3m9!1s0x316f6ceceb457403:0x1de22f520372522b!5m2!4m1!1i2!8m2!3d13.761717!4d109.219274!16s%2Fg%2F11fk15qdmx!19sChIJA3RF6-xsbzERK1JyA1Iv4h0?authuser=0&hl=vi&g_ep=EgoyMDI2MDkwMS4wIJJjKgBIAVAD&rclk=1
2026-09-05 13:34:57,885 | INFO | Valid Google Maps Place URL opened.
2026-09-05 13:35:03,216 | INFO | Address check | score=0.0000 | status=NEED_REVIEW | reason=MISSING_MAPS_ADDRESS
2026-09-05 13:35:03,217 | INFO | Opening Maps URL | attempt=1/3
2026-09-05 13:35:06,523 | INFO | Current Maps URL: https://www.google.com/maps/place/Kh%C3%A1ch+s%E1%BA%A1n+Mira+-+Kh%C3%A1ch+s%E1%BA%A1n+g%E1%BA%A7n+bi%E1%BB%83n+%E1%BB%9F+Quy+Nh%C6%A1n/data=!4m10!3m9!1s0x316f6ceceb457403:0x1de22f520372522b!5m2!4m1!1i2!8m2!3d13.761717!4d109.219274!16s%2Fg%2F11fk15qdmx!19sChIJA3RF6-xsbzERK1JyA1Iv4h0?authuser=0&hl=vi&g_ep=EgoyMDI2MDkwMS4wIJJjKgBIAVAD&rclk=1
2026-09-05 13:35:06,523 | INFO | Valid Google Maps Place URL opened.
2026-09-05 13:35:11,613 | INFO | Address check | score=0.0000 | status=NEED_REVIEW | reason=MISSING_MAPS_ADDRESS
2026-09-05 13:35:11,614 | INFO | Opening Maps URL | attempt=1/3
2026-09-05 13:35:14,483 | INFO | Current Maps URL: https://www.google.com/maps/place/IBIS+SAIGON+AIRPORT/data=!4m10!3m9!1s0x31752918739f1a5d:0x6f19169582f31ebb!5m2!4m1!1i2!8m2!3d10.813229!4d106.666174!16s%2Fg%2F11c0rpps7v!19sChIJXRqfcxgpdTERux7zgpUWGW8?authuser=0&hl=vi&g_ep=EgoyMDI2MDkwMS4wIJJjKgBIAVAD&rclk=1
2026-09-05 13:35:14,483 | INFO | Valid Google Maps Place URL opened.
2026-09-05 13:35:19,970 | INFO | Address check | score=0.0000 | status=NEED_REVIEW | reason=MISSING_MAPS_ADDRESS
2026-09-05 13:35:19,971 | INFO | Opening Maps URL | attempt=1/3
2026-09-05 13:35:22,845 | INFO | Current Maps URL: https://www.google.com/maps/place/HOTEL+THANH+VAN/data=!4m7!3m6!1s0x31752553712b3211:0x3d027ce07a6488c4!8m2!3d10.7028373!4d106.7302412!16s%2Fg%2F11f4vdm9dq!19sChIJETIrcVMldTERxIhkeuB8Aj0?authuser=0&hl=vi&g_ep=EgoyMDI2MDkwMS4wIJJjKgBIAVAD&rclk=1
2026-09-05 13:35:22,845 | INFO | Valid Google Maps Place URL opened.
2026-09-05 13:35:28,315 | INFO | Address check | score=0.0000 | status=NEED_REVIEW | reason=MISSING_MAPS_ADDRESS
2026-09-05 13:35:28,316 | INFO | Opening Maps URL | attempt=1/3
2026-09-05 13:35:31,900 | INFO | Current Maps URL: https://www.google.com/maps/place/HOTEL+THANH+VAN/data=!4m7!3m6!1s0x31752553712b3211:0x3d027ce07a6488c4!8m2!3d10.7028373!4d106.7302412!16s%2Fg%2F11f4vdm9dq!19sChIJETIrcVMldTERxIhkeuB8Aj0?authuser=0&hl=vi&g_ep=EgoyMDI2MDkwMS4wIJJjKgBIAVAD&rclk=1
2026-09-05 13:35:31,900 | INFO | Valid Google Maps Place URL opened.
2026-09-05 13:35:37,209 | INFO | Address check | score=0.0000 | status=NEED_REVIEW | reason=MISSING_MAPS_ADDRESS
2026-09-05 13:35:37,214 | INFO | Opening Maps URL | attempt=1/3
2026-09-05 13:35:40,274 | INFO | Current Maps URL: https://www.google.com/maps/place/HOTEL+THANH+VAN/data=!4m7!3m6!1s0x31752553712b3211:0x3d027ce07a6488c4!8m2!3d10.7028373!4d106.7302412!16s%2Fg%2F11f4vdm9dq!19sChIJETIrcVMldTERxIhkeuB8Aj0?authuser=0&hl=vi&g_ep=EgoyMDI2MDkwMS4wIJJjKgBIAVAD&rclk=1
2026-09-05 13:35:40,274 | INFO | Valid Google Maps Place URL opened.
2026-09-05 13:35:45,723 | INFO | Address check | score=0.0000 | status=NEED_REVIEW | reason=MISSING_MAPS_ADDRESS
2026-09-05 13:35:45,724 | INFO | Opening Maps URL | attempt=1/3
2026-09-05 13:35:48,633 | INFO | Current Maps URL: https://www.google.com/maps/place/Nh%C3%A0+Ngh%E1%BB%89+Cao+C%E1%BA%A5p+Da+Tuy%E1%BA%BFt/data=!4m7!3m6!1s0x316f6be8a092c273:0xb7cf09be9284f9cb!8m2!3d13.7918049!4d109.205258!16s%2Fg%2F11gyymhkf3!19sChIJc8KSoOhrbzERy_mEkr4Jz7c?authuser=0&hl=vi&g_ep=EgoyMDI2MDkwMS4wIJJjKgBIAVAD&rclk=1
2026-09-05 13:35:48,633 | INFO | Valid Google Maps Place URL opened.
2026-09-05 13:35:53,973 | INFO | Address check | score=0.0000 | status=NEED_REVIEW | reason=MISSING_MAPS_ADDRESS
2026-09-05 13:35:53,975 | INFO | Opening Maps URL | attempt=1/3
2026-09-05 13:35:56,930 | INFO | Current Maps URL: https://www.google.com/maps/place/Nh%C3%A0+Ngh%E1%BB%89+Gia+H%C3%A2n/data=!4m7!3m6!1s0x316f14f3783373cf:0xb6963fef3ea05b50!8m2!3d13.8160491!4d109.1470503!16s%2Fg%2F12mj_sd4y!19sChIJz3MzePMUbzERUFugPu8_lrY?authuser=0&hl=vi&g_ep=EgoyMDI2MDkwMS4wIJJjKgBIAVAD&rclk=1
2026-09-05 13:35:56,930 | INFO | Valid Google Maps Place URL opened.
2026-09-05 13:36:02,475 | INFO | Address check | score=0.0000 | status=NEED_REVIEW | reason=MISSING_MAPS_ADDRESS
2026-09-05 13:36:02,550 | INFO | Opening Maps URL | attempt=1/3
2026-09-05 13:36:06,082 | INFO | Current Maps URL: https://www.google.com/maps/place/Nh%C6%A1n+L%C3%BD+Hostel/data=!4m10!3m9!1s0x316f421935b416cd:0x2d6090e947a2f88b!5m2!4m1!1i2!8m2!3d13.8866901!4d109.2893605!16s%2Fg%2F11c1wyr5qb!19sChIJzRa0NRlCbzERi_iiR-mQYC0?authuser=0&hl=vi&g_ep=EgoyMDI2MDkwMS4wIJJjKgBIAVAD&rclk=1
2026-09-05 13:36:06,082 | INFO | Valid Google Maps Place URL opened.
2026-09-05 13:36:11,494 | INFO | Address check | score=0.0000 | status=NEED_REVIEW | reason=MISSING_MAPS_ADDRESS
2026-09-05 13:36:11,495 | INFO | Opening Maps URL | attempt=1/3
2026-09-05 13:36:14,846 | INFO | Current Maps URL: https://www.google.com/maps/place/Sea+Flower+Homestay+Quy+Nh%C6%A1n/data=!4m10!3m9!1s0x316f6ce97940f0d7:0xb56c5cd381ff655!5m2!4m1!1i2!8m2!3d13.757776!4d109.21505!16s%2Fg%2F11y3d_t3j8!19sChIJ1_BAeelsbzERVfYfOM3FVgs?authuser=0&hl=vi&g_ep=EgoyMDI2MDkwMS4wIJJjKgBIAVAD&rclk=1
2026-09-05 13:36:14,846 | INFO | Valid Google Maps Place URL opened.
2026-09-05 13:36:20,242 | INFO | Address check | score=0.0000 | status=NEED_REVIEW | reason=MISSING_MAPS_ADDRESS
2026-09-05 13:36:20,243 | INFO | CHECKPOINT | processed=640 | matched=2 | mismatched=9 | review=629
2026-09-05 13:36:20,928 | INFO | Excel saved: D:\Product-Google-Maps\output\hotels_export_google_maps_checked.xlsx
2026-09-05 13:36:20,929 | INFO | Opening Maps URL | attempt=1/3
2026-09-05 13:36:23,924 | INFO | Current Maps URL: https://www.google.com/maps/place/A%27dor+Hotel+%26+Spa+Quy+Nh%C6%A1n/data=!4m10!3m9!1s0x316f6c91dade7c39:0xaa4dea463f313f39!5m2!4m1!1i2!8m2!3d13.770556!4d109.223022!16s%2Fg%2F11m6b1vq7t!19sChIJOXze2pFsbzEROT8xP0bqTao?authuser=0&hl=vi&g_ep=EgoyMDI2MDkwMS4wIJJjKgBIAVAD&rclk=1
2026-09-05 13:36:23,924 | INFO | Valid Google Maps Place URL opened.
2026-09-05 13:36:28,997 | INFO | Address check | score=0.0000 | status=NEED_REVIEW | reason=MISSING_MAPS_ADDRESS
2026-09-05 13:36:28,998 | INFO | Opening Maps URL | attempt=1/3
2026-09-05 13:36:32,208 | INFO | Current Maps URL: https://www.google.com/maps/place/A%27dor+Hotel+%26+Spa+Quy+Nh%C6%A1n/data=!4m10!3m9!1s0x316f6c91dade7c39:0xaa4dea463f313f39!5m2!4m1!1i2!8m2!3d13.770556!4d109.223022!16s%2Fg%2F11m6b1vq7t!19sChIJOXze2pFsbzEROT8xP0bqTao?authuser=0&hl=vi&g_ep=EgoyMDI2MDkwMS4wIJJjKgBIAVAD&rclk=1
2026-09-05 13:36:32,208 | INFO | Valid Google Maps Place URL opened.
2026-09-05 13:36:37,665 | INFO | Address check | score=0.0000 | status=NEED_REVIEW | reason=MISSING_MAPS_ADDRESS
2026-09-05 13:36:37,666 | INFO | Opening Maps URL | attempt=1/3
2026-09-05 13:36:40,710 | INFO | Current Maps URL: https://www.google.com/maps/place/Green+Hotel+Quy+Nh%C6%A1n+-+C%C3%A1ch+bi%E1%BB%83n+200m/data=!4m7!3m6!1s0x316f6d21678907cb:0xbf61311ccc0b065e!8m2!3d13.752812!4d109.214291!16s%2Fg%2F11h22ppmqg!19sChIJyweJZyFtbzERXgYLzBwxYb8?authuser=0&hl=vi&g_ep=EgoyMDI2MDkwMS4wIJJjKgBIAVAD&rclk=1
2026-09-05 13:36:40,712 | INFO | Valid Google Maps Place URL opened.
2026-09-05 13:36:45,752 | INFO | Address check | score=0.0000 | status=NEED_REVIEW | reason=MISSING_MAPS_ADDRESS
2026-09-05 13:36:45,753 | INFO | Opening Maps URL | attempt=1/3
2026-09-05 13:36:48,983 | INFO | Current Maps URL: https://www.google.com/maps/place/Green+Hotel+Quy+Nh%C6%A1n+-+C%C3%A1ch+bi%E1%BB%83n+200m/data=!4m7!3m6!1s0x316f6d21678907cb:0xbf61311ccc0b065e!8m2!3d13.752812!4d109.214291!16s%2Fg%2F11h22ppmqg!19sChIJyweJZyFtbzERXgYLzBwxYb8?authuser=0&hl=vi&g_ep=EgoyMDI2MDkwMS4wIJJjKgBIAVAD&rclk=1
2026-09-05 13:36:48,983 | INFO | Valid Google Maps Place URL opened.
2026-09-05 13:36:54,075 | INFO | Address check | score=0.0000 | status=NEED_REVIEW | reason=MISSING_MAPS_ADDRESS
2026-09-05 13:36:54,102 | INFO | Opening Maps URL | attempt=1/3
2026-09-05 13:36:58,023 | INFO | Current Maps URL: https://www.google.com/maps/place/Green+Hotel+Quy+Nh%C6%A1n+-+C%C3%A1ch+bi%E1%BB%83n+200m/data=!4m7!3m6!1s0x316f6d21678907cb:0xbf61311ccc0b065e!8m2!3d13.752812!4d109.214291!16s%2Fg%2F11h22ppmqg!19sChIJyweJZyFtbzERXgYLzBwxYb8?authuser=0&hl=vi&g_ep=EgoyMDI2MDkwMS4wIJJjKgBIAVAD&rclk=1
2026-09-05 13:36:58,024 | INFO | Valid Google Maps Place URL opened.
2026-09-05 13:37:03,114 | INFO | Address check | score=0.0000 | status=NEED_REVIEW | reason=MISSING_MAPS_ADDRESS
2026-09-05 13:37:03,115 | INFO | Opening Maps URL | attempt=1/3
2026-09-05 13:37:06,437 | INFO | Current Maps URL: https://www.google.com/maps/place/Carisbay+Hostel+Quy+Nh%C6%A1n/data=!4m10!3m9!1s0x316f6dcd9da12149:0x73030f6d3379884f!5m2!4m1!1i2!8m2!3d13.7614212!4d109.2203589!16s%2Fg%2F11fj9htd61!19sChIJSSGhnc1tbzERT4h5M20PA3M?authuser=0&hl=vi&g_ep=EgoyMDI2MDkwMS4wIJJjKgBIAVAD&rclk=1
2026-09-05 13:37:06,438 | INFO | Valid Google Maps Place URL opened.
2026-09-05 13:37:11,942 | INFO | Address check | score=0.0000 | status=NEED_REVIEW | reason=MISSING_MAPS_ADDRESS
2026-09-05 13:37:11,943 | INFO | Opening Maps URL | attempt=1/3
2026-09-05 13:37:15,207 | INFO | Current Maps URL: https://www.google.com/maps/place/Carisbay+Hostel+Quy+Nh%C6%A1n/data=!4m10!3m9!1s0x316f6dcd9da12149:0x73030f6d3379884f!5m2!4m1!1i2!8m2!3d13.7614212!4d109.2203589!16s%2Fg%2F11fj9htd61!19sChIJSSGhnc1tbzERT4h5M20PA3M?authuser=0&hl=vi&g_ep=EgoyMDI2MDkwMS4wIJJjKgBIAVAD&rclk=1
2026-09-05 13:37:15,208 | INFO | Valid Google Maps Place URL opened.
2026-09-05 13:37:20,401 | INFO | Address check | score=0.0000 | status=NEED_REVIEW | reason=MISSING_MAPS_ADDRESS
2026-09-05 13:37:20,403 | INFO | Opening Maps URL | attempt=1/3
2026-09-05 13:37:23,516 | INFO | Current Maps URL: https://www.google.com/maps/place/Kh%C3%A1ch+S%E1%BA%A1n+Ho%C3%A0ng+H%E1%BA%A3i/data=!4m10!3m9!1s0x31752f6d21303c7f:0x421408c428c8dd71!5m2!4m1!1i2!8m2!3d10.7590284!4d106.7009347!16s%2Fg%2F1hc4b4bty!19sChIJfzwwIW0vdTERcd3IKMQIFEI?authuser=0&hl=vi&g_ep=EgoyMDI2MDkwMS4wIJJjKgBIAVAD&rclk=1
2026-09-05 13:37:23,516 | INFO | Valid Google Maps Place URL opened.
2026-09-05 13:37:28,649 | INFO | Address check | score=0.0000 | status=NEED_REVIEW | reason=MISSING_MAPS_ADDRESS
2026-09-05 13:37:28,650 | INFO | Opening Maps URL | attempt=1/3
2026-09-05 13:37:31,861 | INFO | Current Maps URL: https://www.google.com/maps/place/HOME+PH%C3%99+%C4%90%E1%BB%94NG+PLEIKU/data=!4m7!3m6!1s0x316c1f000cab447b:0x8bd1ca41170d87a9!8m2!3d13.9761161!4d108.0137286!16s%2Fg%2F11x5dt4g3g!19sChIJe0SrDAAfbDERqYcNF0HK0Ys?authuser=0&hl=vi&g_ep=EgoyMDI2MDkwMS4wIJJjKgBIAVAD&rclk=1
2026-09-05 13:37:31,861 | INFO | Valid Google Maps Place URL opened.
2026-09-05 13:37:37,282 | INFO | Address check | score=0.0000 | status=NEED_REVIEW | reason=MISSING_MAPS_ADDRESS
2026-09-05 13:37:37,283 | INFO | Opening Maps URL | attempt=1/3
2026-09-05 13:37:40,621 | INFO | Current Maps URL: https://www.google.com/maps/place/Kh%C3%A1ch+s%E1%BA%A1n+Mira+-+Kh%C3%A1ch+s%E1%BA%A1n+g%E1%BA%A7n+bi%E1%BB%83n+%E1%BB%9F+Quy+Nh%C6%A1n/data=!4m10!3m9!1s0x316f6ceceb457403:0x1de22f520372522b!5m2!4m1!1i2!8m2!3d13.761717!4d109.219274!16s%2Fg%2F11fk15qdmx!19sChIJA3RF6-xsbzERK1JyA1Iv4h0?authuser=0&hl=vi&g_ep=EgoyMDI2MDkwMS4wIJJjKgBIAVAD&rclk=1
2026-09-05 13:37:40,634 | INFO | Valid Google Maps Place URL opened.
2026-09-05 13:37:46,170 | INFO | Address check | score=0.0000 | status=NEED_REVIEW | reason=MISSING_MAPS_ADDRESS
2026-09-05 13:37:46,172 | INFO | CHECKPOINT | processed=650 | matched=2 | mismatched=9 | review=639
2026-09-05 13:37:46,896 | INFO | Excel saved: D:\Product-Google-Maps\output\hotels_export_google_maps_checked.xlsx
2026-09-05 13:37:46,897 | INFO | Opening Maps URL | attempt=1/3
2026-09-05 13:37:49,833 | INFO | Current Maps URL: https://www.google.com/maps/place/Kh%C3%A1ch+s%E1%BA%A1n+Mira+-+Kh%C3%A1ch+s%E1%BA%A1n+g%E1%BA%A7n+bi%E1%BB%83n+%E1%BB%9F+Quy+Nh%C6%A1n/data=!4m10!3m9!1s0x316f6ceceb457403:0x1de22f520372522b!5m2!4m1!1i2!8m2!3d13.761717!4d109.219274!16s%2Fg%2F11fk15qdmx!19sChIJA3RF6-xsbzERK1JyA1Iv4h0?authuser=0&hl=vi&g_ep=EgoyMDI2MDkwMS4wIJJjKgBIAVAD&rclk=1
2026-09-05 13:37:49,833 | INFO | Valid Google Maps Place URL opened.
2026-09-05 13:37:55,242 | INFO | Address check | score=0.0000 | status=NEED_REVIEW | reason=MISSING_MAPS_ADDRESS
2026-09-05 13:37:55,243 | INFO | Opening Maps URL | attempt=1/3
2026-09-05 13:37:58,350 | INFO | Current Maps URL: https://www.google.com/maps/place/Kh%C3%A1ch+s%E1%BA%A1n+Mira+-+Kh%C3%A1ch+s%E1%BA%A1n+g%E1%BA%A7n+bi%E1%BB%83n+%E1%BB%9F+Quy+Nh%C6%A1n/data=!4m10!3m9!1s0x316f6ceceb457403:0x1de22f520372522b!5m2!4m1!1i2!8m2!3d13.761717!4d109.219274!16s%2Fg%2F11fk15qdmx!19sChIJA3RF6-xsbzERK1JyA1Iv4h0?authuser=0&hl=vi&g_ep=EgoyMDI2MDkwMS4wIJJjKgBIAVAD&rclk=1
2026-09-05 13:37:58,351 | INFO | Valid Google Maps Place URL opened.
2026-09-05 13:38:03,482 | INFO | Address check | score=0.0000 | status=NEED_REVIEW | reason=MISSING_MAPS_ADDRESS
2026-09-05 13:38:03,484 | INFO | Opening Maps URL | attempt=1/3
2026-09-05 13:38:06,490 | INFO | Current Maps URL: https://www.google.com/maps/place/Kh%C3%A1ch+s%E1%BA%A1n+Mira+-+Kh%C3%A1ch+s%E1%BA%A1n+g%E1%BA%A7n+bi%E1%BB%83n+%E1%BB%9F+Quy+Nh%C6%A1n/data=!4m10!3m9!1s0x316f6ceceb457403:0x1de22f520372522b!5m2!4m1!1i2!8m2!3d13.761717!4d109.219274!16s%2Fg%2F11fk15qdmx!19sChIJA3RF6-xsbzERK1JyA1Iv4h0?authuser=0&hl=vi&g_ep=EgoyMDI2MDkwMS4wIJJjKgBIAVAD&rclk=1
2026-09-05 13:38:06,491 | INFO | Valid Google Maps Place URL opened.
2026-09-05 13:38:11,601 | INFO | Address check | score=0.0000 | status=NEED_REVIEW | reason=MISSING_MAPS_ADDRESS
2026-09-05 13:38:11,605 | INFO | Opening Maps URL | attempt=1/3
2026-09-05 13:38:14,829 | INFO | Current Maps URL: https://www.google.com/maps/place/Kh%C3%A1ch+s%E1%BA%A1n+Mira+-+Kh%C3%A1ch+s%E1%BA%A1n+g%E1%BA%A7n+bi%E1%BB%83n+%E1%BB%9F+Quy+Nh%C6%A1n/data=!4m10!3m9!1s0x316f6ceceb457403:0x1de22f520372522b!5m2!4m1!1i2!8m2!3d13.761717!4d109.219274!16s%2Fg%2F11fk15qdmx!19sChIJA3RF6-xsbzERK1JyA1Iv4h0?authuser=0&hl=vi&g_ep=EgoyMDI2MDkwMS4wIJJjKgBIAVAD&rclk=1
2026-09-05 13:38:14,829 | INFO | Valid Google Maps Place URL opened.
2026-09-05 13:38:20,302 | INFO | Address check | score=0.0000 | status=NEED_REVIEW | reason=MISSING_MAPS_ADDRESS
2026-09-05 13:38:20,303 | INFO | Opening Maps URL | attempt=1/3
2026-09-05 13:38:23,590 | INFO | Current Maps URL: https://www.google.com/maps/place/Kh%C3%A1ch+s%E1%BA%A1n+Mira+-+Kh%C3%A1ch+s%E1%BA%A1n+g%E1%BA%A7n+bi%E1%BB%83n+%E1%BB%9F+Quy+Nh%C6%A1n/@13.7617167,109.2192735,17z/data=!3m1!4b1!4m9!3m8!1s0x316f6de1c42523df:0x1de22f520372522b!5m2!4m1!1i2!8m2!3d13.7617167!4d109.2192735!16s%2Fg%2F11fk15qdmx?authuser=0&hl=vi&entry=ttu&g_ep=EgoyMDI2MDkwMi4wIKXMDSoASAFQAw%3D%3D
2026-09-05 13:38:23,590 | INFO | Valid Google Maps Place URL opened.
2026-09-05 13:38:28,962 | INFO | Address check | score=0.0000 | status=NEED_REVIEW | reason=MISSING_MAPS_ADDRESS
2026-09-05 13:38:28,964 | INFO | Opening Maps URL | attempt=1/3
2026-09-05 13:38:32,351 | INFO | Current Maps URL: https://www.google.com/maps/place/Kh%C3%A1ch+s%E1%BA%A1n+Mira+-+Kh%C3%A1ch+s%E1%BA%A1n+g%E1%BA%A7n+bi%E1%BB%83n+%E1%BB%9F+Quy+Nh%C6%A1n/@13.7617167,109.2192735,17z/data=!3m1!4b1!4m9!3m8!1s0x316f6de1c42523df:0x1de22f520372522b!5m2!4m1!1i2!8m2!3d13.7617167!4d109.2192735!16s%2Fg%2F11fk15qdmx?authuser=0&hl=vi&entry=ttu&g_ep=EgoyMDI2MDkwMi4wIKXMDSoASAFQAw%3D%3D
2026-09-05 13:38:32,352 | INFO | Valid Google Maps Place URL opened.
2026-09-05 13:38:37,772 | INFO | Address check | score=0.0000 | status=NEED_REVIEW | reason=MISSING_MAPS_ADDRESS
2026-09-05 13:38:37,773 | INFO | Opening Maps URL | attempt=1/3
2026-09-05 13:38:40,743 | INFO | Current Maps URL: https://www.google.com/maps/place/A%27dor+Hotel+%26+Spa+Quy+Nh%C6%A1n/data=!4m10!3m9!1s0x316f6c91dade7c39:0xaa4dea463f313f39!5m2!4m1!1i2!8m2!3d13.770556!4d109.223022!16s%2Fg%2F11m6b1vq7t!19sChIJOXze2pFsbzEROT8xP0bqTao?authuser=0&hl=vi&g_ep=EgoyMDI2MDkwMS4wIJJjKgBIAVAD&rclk=1
2026-09-05 13:38:40,743 | INFO | Valid Google Maps Place URL opened.
2026-09-05 13:38:46,177 | INFO | Address check | score=0.0000 | status=NEED_REVIEW | reason=MISSING_MAPS_ADDRESS
2026-09-05 13:38:46,182 | INFO | Opening Maps URL | attempt=1/3
2026-09-05 13:38:49,107 | INFO | Current Maps URL: https://www.google.com/maps/place/Kh%C3%A1ch+S%E1%BA%A1n+Thi%C3%AAn+Ph%C3%BA/data=!4m10!3m9!1s0x3175297d1cd02d75:0xb9e03d21451002f8!5m2!4m1!1i2!8m2!3d10.827613!4d106.63185!16s%2Fg%2F1pp2v1_60!19sChIJdS3QHH0pdTER-AIQRSE94Lk?authuser=0&hl=vi&g_ep=EgoyMDI2MDkwMS4wIJJjKgBIAVAD&rclk=1
2026-09-05 13:38:49,107 | INFO | Valid Google Maps Place URL opened.
2026-09-05 13:38:54,144 | INFO | Address check | score=0.0000 | status=NEED_REVIEW | reason=MISSING_MAPS_ADDRESS
2026-09-05 13:38:54,145 | INFO | Opening Maps URL | attempt=1/3
2026-09-05 13:38:57,072 | INFO | Current Maps URL: https://www.google.com/maps/place/Ng%C3%B5+Homestay+-+Eo+Gi%C3%B3/data=!4m10!3m9!1s0x316f439ae6c4538f:0x5bce37b84aad3559!5m2!4m1!1i2!8m2!3d13.8844886!4d109.2913243!16s%2Fg%2F11p00_x0d5!19sChIJj1PE5ppDbzERWTWtSrg3zls?authuser=0&hl=vi&g_ep=EgoyMDI2MDkwMS4wIJJjKgBIAVAD&rclk=1
2026-09-05 13:38:57,072 | INFO | Valid Google Maps Place URL opened.
2026-09-05 13:39:02,549 | INFO | Address check | score=0.0000 | status=NEED_REVIEW | reason=MISSING_MAPS_ADDRESS
2026-09-05 13:39:02,551 | INFO | Opening Maps URL | attempt=1/3
2026-09-05 13:39:05,684 | INFO | Current Maps URL: https://www.google.com/maps/place/Kh%C3%A1ch+s%E1%BA%A1n+Mira+-+Kh%C3%A1ch+s%E1%BA%A1n+g%E1%BA%A7n+bi%E1%BB%83n+%E1%BB%9F+Quy+Nh%C6%A1n/data=!4m10!3m9!1s0x316f6ceceb457403:0x1de22f520372522b!5m2!4m1!1i2!8m2!3d13.761717!4d109.219274!16s%2Fg%2F11fk15qdmx!19sChIJA3RF6-xsbzERK1JyA1Iv4h0?authuser=0&hl=vi&g_ep=EgoyMDI2MDkwMS4wIJJjKgBIAVAD&rclk=1
2026-09-05 13:39:05,684 | INFO | Valid Google Maps Place URL opened.
2026-09-05 13:39:11,042 | INFO | Address check | score=0.0000 | status=NEED_REVIEW | reason=MISSING_MAPS_ADDRESS
2026-09-05 13:39:11,043 | INFO | CHECKPOINT | processed=660 | matched=2 | mismatched=9 | review=649
2026-09-05 13:39:11,720 | INFO | Excel saved: D:\Product-Google-Maps\output\hotels_export_google_maps_checked.xlsx
2026-09-05 13:39:11,721 | INFO | Opening Maps URL | attempt=1/3
2026-09-05 13:39:14,863 | INFO | Current Maps URL: https://www.google.com/maps/place/Nh%C3%A0+Ngh%E1%BB%89+Bi%E1%BB%83n+Xanh+2/data=!4m10!3m9!1s0x316f6d49519540ed:0x8c5bd068a5d91b57!5m2!4m1!1i2!8m2!3d13.74409!4d109.2105113!16s%2Fg%2F11g07zz2q3!19sChIJ7UCVUUltbzERVxvZpWjQW4w?authuser=0&hl=vi&g_ep=EgoyMDI2MDkwMS4wIJJjKgBIAVAD&rclk=1
2026-09-05 13:39:14,863 | INFO | Valid Google Maps Place URL opened.
2026-09-05 13:39:20,328 | INFO | Address check | score=0.0000 | status=NEED_REVIEW | reason=MISSING_MAPS_ADDRESS
2026-09-05 13:39:20,329 | INFO | Opening Maps URL | attempt=1/3
2026-09-05 13:39:24,054 | INFO | Current Maps URL: https://www.google.com/maps/place/Sunrise+Hotel/data=!4m10!3m9!1s0x316f6d213ab72277:0xd8c95f2c9eff62e2!5m2!4m1!1i2!8m2!3d13.7580529!4d109.2147715!16s%2Fg%2F11jmpfh1h8!19sChIJdyK3OiFtbzER4mL_nixfydg?authuser=0&hl=vi&g_ep=EgoyMDI2MDkwMS4wIJJjKgBIAVAD&rclk=1
2026-09-05 13:39:24,059 | INFO | Valid Google Maps Place URL opened.
2026-09-05 13:39:29,072 | INFO | Address check | score=0.0000 | status=NEED_REVIEW | reason=MISSING_MAPS_ADDRESS
2026-09-05 13:39:29,073 | INFO | Opening Maps URL | attempt=1/3
2026-09-05 13:39:31,990 | INFO | Current Maps URL: https://www.google.com/maps/place/Kh%C3%A1ch+s%E1%BA%A1n+Mira+-+Kh%C3%A1ch+s%E1%BA%A1n+g%E1%BA%A7n+bi%E1%BB%83n+%E1%BB%9F+Quy+Nh%C6%A1n/data=!4m10!3m9!1s0x316f6ceceb457403:0x1de22f520372522b!5m2!4m1!1i2!8m2!3d13.761717!4d109.219274!16s%2Fg%2F11fk15qdmx!19sChIJA3RF6-xsbzERK1JyA1Iv4h0?authuser=0&hl=vi&g_ep=EgoyMDI2MDkwMS4wIJJjKgBIAVAD&rclk=1
2026-09-05 13:39:31,990 | INFO | Valid Google Maps Place URL opened.
2026-09-05 13:39:37,002 | INFO | Address check | score=0.0000 | status=NEED_REVIEW | reason=MISSING_MAPS_ADDRESS
2026-09-05 13:39:37,003 | INFO | Opening Maps URL | attempt=1/3
2026-09-05 13:39:40,292 | INFO | Current Maps URL: https://www.google.com/maps/place/Kh%C3%A1ch+s%E1%BA%A1n+Mira+-+Kh%C3%A1ch+s%E1%BA%A1n+g%E1%BA%A7n+bi%E1%BB%83n+%E1%BB%9F+Quy+Nh%C6%A1n/data=!4m10!3m9!1s0x316f6ceceb457403:0x1de22f520372522b!5m2!4m1!1i2!8m2!3d13.761717!4d109.219274!16s%2Fg%2F11fk15qdmx!19sChIJA3RF6-xsbzERK1JyA1Iv4h0?authuser=0&hl=vi&g_ep=EgoyMDI2MDkwMS4wIJJjKgBIAVAD&rclk=1
2026-09-05 13:39:40,292 | INFO | Valid Google Maps Place URL opened.
2026-09-05 13:39:45,705 | INFO | Address check | score=0.0000 | status=NEED_REVIEW | reason=MISSING_MAPS_ADDRESS
2026-09-05 13:39:45,707 | INFO | Opening Maps URL | attempt=1/3
2026-09-05 13:39:49,065 | INFO | Current Maps URL: https://www.google.com/maps/place/Kh%C3%A1ch+s%E1%BA%A1n+Mira+-+Kh%C3%A1ch+s%E1%BA%A1n+g%E1%BA%A7n+bi%E1%BB%83n+%E1%BB%9F+Quy+Nh%C6%A1n/data=!4m10!3m9!1s0x316f6ceceb457403:0x1de22f520372522b!5m2!4m1!1i2!8m2!3d13.761717!4d109.219274!16s%2Fg%2F11fk15qdmx!19sChIJA3RF6-xsbzERK1JyA1Iv4h0?authuser=0&hl=vi&g_ep=EgoyMDI2MDkwMS4wIJJjKgBIAVAD&rclk=1
2026-09-05 13:39:49,066 | INFO | Valid Google Maps Place URL opened.
2026-09-05 13:39:54,138 | INFO | Address check | score=0.0000 | status=NEED_REVIEW | reason=MISSING_MAPS_ADDRESS
2026-09-05 13:39:54,139 | INFO | Opening Maps URL | attempt=1/3
2026-09-05 13:39:57,341 | INFO | Current Maps URL: https://www.google.com/maps/place/PHUONG+LAN+Homestay/data=!4m7!3m6!1s0x316f6d002ce91fe5:0x1bb65eb52ad379e0!8m2!3d13.7760789!4d109.2357319!16s%2Fg%2F11z0gh7nqc!19sChIJ5R_pLABtbzER4HnTKrVeths?authuser=0&hl=vi&g_ep=EgoyMDI2MDkwMS4wIJJjKgBIAVAD&rclk=1
2026-09-05 13:39:57,343 | INFO | Valid Google Maps Place URL opened.
2026-09-05 13:40:02,731 | INFO | Address check | score=0.0000 | status=NEED_REVIEW | reason=MISSING_MAPS_ADDRESS
2026-09-05 13:40:02,733 | INFO | Opening Maps URL | attempt=1/3
2026-09-05 13:40:05,693 | INFO | Current Maps URL: https://www.google.com/maps/place/PHUONG+LAN+Homestay/data=!4m7!3m6!1s0x316f6d002ce91fe5:0x1bb65eb52ad379e0!8m2!3d13.7760789!4d109.2357319!16s%2Fg%2F11z0gh7nqc!19sChIJ5R_pLABtbzER4HnTKrVeths?authuser=0&hl=vi&g_ep=EgoyMDI2MDkwMS4wIJJjKgBIAVAD&rclk=1
2026-09-05 13:40:05,693 | INFO | Valid Google Maps Place URL opened.
2026-09-05 13:40:11,229 | INFO | Address check | score=0.0000 | status=NEED_REVIEW | reason=MISSING_MAPS_ADDRESS
2026-09-05 13:40:11,230 | INFO | Opening Maps URL | attempt=1/3
2026-09-05 13:40:14,686 | INFO | Current Maps URL: https://www.google.com/maps/place/Green+Hotel+Quy+Nh%C6%A1n+-+C%C3%A1ch+bi%E1%BB%83n+200m/data=!4m10!3m9!1s0x316f6d21678907cb:0xbf61311ccc0b065e!5m2!4m1!1i2!8m2!3d13.7528117!4d109.2142909!16s%2Fg%2F11h22ppmqg!19sChIJyweJZyFtbzERXgYLzBwxYb8?authuser=0&hl=vi&g_ep=EgoyMDI2MDkwMS4wIJJjKgBIAVAD&rclk=1
2026-09-05 13:40:14,690 | INFO | Valid Google Maps Place URL opened.
2026-09-05 13:40:19,771 | INFO | Address check | score=0.0000 | status=NEED_REVIEW | reason=MISSING_MAPS_ADDRESS
2026-09-05 13:40:19,772 | INFO | Opening Maps URL | attempt=1/3
2026-09-05 13:40:22,840 | INFO | Current Maps URL: https://www.google.com/maps/place/Kh%C3%A1ch+s%E1%BA%A1n+Mira+-+Kh%C3%A1ch+s%E1%BA%A1n+g%E1%BA%A7n+bi%E1%BB%83n+%E1%BB%9F+Quy+Nh%C6%A1n/data=!4m10!3m9!1s0x316f6ceceb457403:0x1de22f520372522b!5m2!4m1!1i2!8m2!3d13.761717!4d109.219274!16s%2Fg%2F11fk15qdmx!19sChIJA3RF6-xsbzERK1JyA1Iv4h0?authuser=0&hl=vi&g_ep=EgoyMDI2MDkwMS4wIJJjKgBIAVAD&rclk=1
2026-09-05 13:40:22,841 | INFO | Valid Google Maps Place URL opened.
2026-09-05 13:40:28,107 | INFO | Address check | score=0.0000 | status=NEED_REVIEW | reason=MISSING_MAPS_ADDRESS
2026-09-05 13:40:28,108 | INFO | Opening Maps URL | attempt=1/3
2026-09-05 13:40:31,568 | INFO | Current Maps URL: https://www.google.com/maps/place/Kh%C3%A1ch+s%E1%BA%A1n+Mira+-+Kh%C3%A1ch+s%E1%BA%A1n+g%E1%BA%A7n+bi%E1%BB%83n+%E1%BB%9F+Quy+Nh%C6%A1n/data=!4m10!3m9!1s0x316f6ceceb457403:0x1de22f520372522b!5m2!4m1!1i2!8m2!3d13.761717!4d109.219274!16s%2Fg%2F11fk15qdmx!19sChIJA3RF6-xsbzERK1JyA1Iv4h0?authuser=0&hl=vi&g_ep=EgoyMDI2MDkwMS4wIJJjKgBIAVAD&rclk=1
2026-09-05 13:40:31,568 | INFO | Valid Google Maps Place URL opened.
2026-09-05 13:40:36,920 | INFO | Address check | score=0.0000 | status=NEED_REVIEW | reason=MISSING_MAPS_ADDRESS
2026-09-05 13:40:36,921 | INFO | CHECKPOINT | processed=670 | matched=2 | mismatched=9 | review=659
2026-09-05 13:40:37,559 | INFO | Excel saved: D:\Product-Google-Maps\output\hotels_export_google_maps_checked.xlsx
2026-09-05 13:40:37,560 | INFO | Opening Maps URL | attempt=1/3
2026-09-05 13:40:40,492 | INFO | Current Maps URL: https://www.google.com/maps/place/Kh%C3%A1ch+S%E1%BA%A1n+Vi%E1%BB%85n+%C4%90%C3%B4ng/data=!4m7!3m6!1s0x316c1f7a3ef893f7:0xa755620d48e87547!8m2!3d13.9802851!4d107.9933068!16s%2Fg%2F1jkwh7pgk!19sChIJ95P4PnofbDERR3XoSA1iVac?authuser=0&hl=vi&g_ep=EgoyMDI2MDkwMS4wIJJjKgBIAVAD&rclk=1
2026-09-05 13:40:40,494 | INFO | Valid Google Maps Place URL opened.
2026-09-05 13:40:45,899 | INFO | Address check | score=0.0000 | status=NEED_REVIEW | reason=MISSING_MAPS_ADDRESS
2026-09-05 13:40:45,900 | INFO | Opening Maps URL | attempt=1/3
2026-09-05 13:40:49,051 | INFO | Current Maps URL: https://www.google.com/maps/place/Nha+nghi+ph%C6%B0%C6%A1ng+anh+1/data=!4m7!3m6!1s0x31753b0057370871:0xdf06deb6b0ab367!8m2!3d10.6801754!4d106.7886568!16s%2Fg%2F11z56wjjpc!19sChIJcQg3VwA7dTERZ7MKa-tt8A0?authuser=0&hl=vi&g_ep=EgoyMDI2MDkwMS4wIJJjKgBIAVAD&rclk=1
2026-09-05 13:40:49,051 | INFO | Valid Google Maps Place URL opened.
2026-09-05 13:40:54,411 | INFO | Address check | score=0.0000 | status=NEED_REVIEW | reason=MISSING_MAPS_ADDRESS
2026-09-05 13:40:54,412 | INFO | Opening Maps URL | attempt=1/3
2026-09-05 13:40:57,529 | INFO | Current Maps URL: https://www.google.com/maps/place/Nha+nghi+ph%C6%B0%C6%A1ng+anh+1/data=!4m7!3m6!1s0x31753b0057370871:0xdf06deb6b0ab367!8m2!3d10.6801754!4d106.7886568!16s%2Fg%2F11z56wjjpc!19sChIJcQg3VwA7dTERZ7MKa-tt8A0?authuser=0&hl=vi&g_ep=EgoyMDI2MDkwMS4wIJJjKgBIAVAD&rclk=1
2026-09-05 13:40:57,529 | INFO | Valid Google Maps Place URL opened.
2026-09-05 13:41:02,969 | INFO | Address check | score=0.0000 | status=NEED_REVIEW | reason=MISSING_MAPS_ADDRESS
2026-09-05 13:41:02,970 | INFO | Opening Maps URL | attempt=1/3
2026-09-05 13:41:05,924 | INFO | Current Maps URL: https://www.google.com/maps/place/Kh%C3%A1ch+S%E1%BA%A1n+Ho%C3%A0ng+Anh/data=!4m10!3m9!1s0x3174d88a670c093b:0x11fd3351246c2a05!5m2!4m1!1i2!8m2!3d10.890908!4d106.772009!16s%2Fg%2F11ql1r44sy!19sChIJOwkMZ4rYdDERBSpsJFEz_RE?authuser=0&hl=vi&g_ep=EgoyMDI2MDkwMS4wIJJjKgBIAVAD&rclk=1
2026-09-05 13:41:05,924 | INFO | Valid Google Maps Place URL opened.
2026-09-05 13:41:11,356 | INFO | Address check | score=0.0000 | status=NEED_REVIEW | reason=MISSING_MAPS_ADDRESS
2026-09-05 13:41:11,358 | INFO | Opening Maps URL | attempt=1/3
2026-09-05 13:41:14,670 | INFO | Current Maps URL: https://www.google.com/maps/place/Kh%C3%A1ch+S%E1%BA%A1n+Ho%C3%A0ng+Anh/data=!4m10!3m9!1s0x3174d88a670c093b:0x11fd3351246c2a05!5m2!4m1!1i2!8m2!3d10.890908!4d106.772009!16s%2Fg%2F11ql1r44sy!19sChIJOwkMZ4rYdDERBSpsJFEz_RE?authuser=0&hl=vi&g_ep=EgoyMDI2MDkwMS4wIJJjKgBIAVAD&rclk=1
2026-09-05 13:41:14,670 | INFO | Valid Google Maps Place URL opened.
2026-09-05 13:41:20,005 | INFO | Address check | score=0.0000 | status=NEED_REVIEW | reason=MISSING_MAPS_ADDRESS
2026-09-05 13:41:20,006 | INFO | Opening Maps URL | attempt=1/3
2026-09-05 13:41:23,248 | INFO | Current Maps URL: https://www.google.com/maps/place/Kh%C3%A1ch+S%E1%BA%A1n+Ho%C3%A0ng+Anh/data=!4m10!3m9!1s0x3174d88a670c093b:0x11fd3351246c2a05!5m2!4m1!1i2!8m2!3d10.890908!4d106.772009!16s%2Fg%2F11ql1r44sy!19sChIJOwkMZ4rYdDERBSpsJFEz_RE?authuser=0&hl=vi&g_ep=EgoyMDI2MDkwMS4wIJJjKgBIAVAD&rclk=1
2026-09-05 13:41:23,252 | INFO | Valid Google Maps Place URL opened.
2026-09-05 13:41:28,603 | INFO | Address check | score=0.0000 | status=NEED_REVIEW | reason=MISSING_MAPS_ADDRESS
2026-09-05 13:41:28,604 | INFO | Opening Maps URL | attempt=1/3
2026-09-05 13:41:31,541 | INFO | Current Maps URL: https://www.google.com/maps/place/D%27s+Alley+Homestay/data=!4m7!3m6!1s0x317529e769b988eb:0xfeb5d8a17b0f2f5d!8m2!3d10.803566!4d106.6824072!16s%2Fg%2F11pvjpt__l!19sChIJ64i5aecpdTERXS8Pe6HYtf4?authuser=0&hl=vi&g_ep=EgoyMDI2MDkwMS4wIJJjKgBIAVAD&rclk=1
2026-09-05 13:41:31,543 | INFO | Valid Google Maps Place URL opened.
2026-09-05 13:41:36,552 | INFO | Address check | score=0.0000 | status=NEED_REVIEW | reason=MISSING_MAPS_ADDRESS
2026-09-05 13:41:36,554 | INFO | Opening Maps URL | attempt=1/3
2026-09-05 13:41:39,677 | INFO | Current Maps URL: https://www.google.com/maps/place/D%27s+Alley+Homestay/data=!4m7!3m6!1s0x317529e769b988eb:0xfeb5d8a17b0f2f5d!8m2!3d10.803566!4d106.6824072!16s%2Fg%2F11pvjpt__l!19sChIJ64i5aecpdTERXS8Pe6HYtf4?authuser=0&hl=vi&g_ep=EgoyMDI2MDkwMS4wIJJjKgBIAVAD&rclk=1
2026-09-05 13:41:39,678 | INFO | Valid Google Maps Place URL opened.
2026-09-05 13:41:45,034 | INFO | Address check | score=0.0000 | status=NEED_REVIEW | reason=MISSING_MAPS_ADDRESS
2026-09-05 13:41:45,035 | INFO | Opening Maps URL | attempt=1/3
2026-09-05 13:41:48,243 | INFO | Current Maps URL: https://www.google.com/maps/place/Kh%C3%A1ch+s%E1%BA%A1n+Pleiku/data=!4m10!3m9!1s0x316c1f9beeafdc63:0xd112ab483882c1ec!5m2!4m1!1i2!8m2!3d13.98526!4d108.007592!16s%2Fg%2F1tdy1zcp!19sChIJY9yv7psfbDER7MGCOEirEtE?authuser=0&hl=vi&g_ep=EgoyMDI2MDkwMS4wIJJjKgBIAVAD&rclk=1
2026-09-05 13:41:48,243 | INFO | Valid Google Maps Place URL opened.
2026-09-05 13:41:53,608 | INFO | Address check | score=0.0000 | status=NEED_REVIEW | reason=MISSING_MAPS_ADDRESS
2026-09-05 13:41:53,609 | INFO | Opening Maps URL | attempt=1/3
2026-09-05 13:41:56,594 | INFO | Current Maps URL: https://www.google.com/maps/place/Kh%C3%A1ch+s%E1%BA%A1n+Pleiku/data=!4m10!3m9!1s0x316c1f9beeafdc63:0xd112ab483882c1ec!5m2!4m1!1i2!8m2!3d13.98526!4d108.007592!16s%2Fg%2F1tdy1zcp!19sChIJY9yv7psfbDER7MGCOEirEtE?authuser=0&hl=vi&g_ep=EgoyMDI2MDkwMS4wIJJjKgBIAVAD&rclk=1
2026-09-05 13:41:56,594 | INFO | Valid Google Maps Place URL opened.
2026-09-05 13:42:01,851 | INFO | Address check | score=0.0000 | status=NEED_REVIEW | reason=MISSING_MAPS_ADDRESS
2026-09-05 13:42:01,852 | INFO | CHECKPOINT | processed=680 | matched=2 | mismatched=9 | review=669
2026-09-05 13:42:02,418 | INFO | Excel saved: D:\Product-Google-Maps\output\hotels_export_google_maps_checked.xlsx
2026-09-05 13:42:02,419 | INFO | Opening Maps URL | attempt=1/3
2026-09-05 13:42:05,571 | INFO | Current Maps URL: https://www.google.com/maps/place/Sunset+Hill+Hotel/data=!4m10!3m9!1s0x317112c61473e109:0x79129eb76d88126e!5m2!4m1!1i2!8m2!3d11.966462!4d108.440702!16s%2Fg%2F11kpt5mwtn!19sChIJCeFzFMYScTERbhKIbbeeEnk?authuser=0&hl=vi&g_ep=EgoyMDI2MDkwMS4wIJJjKgBIAVAD&rclk=1
2026-09-05 13:42:05,572 | INFO | Valid Google Maps Place URL opened.
2026-09-05 13:42:10,881 | INFO | Address check | score=0.0000 | status=NEED_REVIEW | reason=MISSING_MAPS_ADDRESS
2026-09-05 13:42:10,882 | INFO | Opening Maps URL | attempt=1/3
2026-09-05 13:42:13,853 | INFO | Current Maps URL: https://www.google.com/maps/place/Sunset+Hill+Hotel/data=!4m10!3m9!1s0x317112c61473e109:0x79129eb76d88126e!5m2!4m1!1i2!8m2!3d11.966462!4d108.440702!16s%2Fg%2F11kpt5mwtn!19sChIJCeFzFMYScTERbhKIbbeeEnk?authuser=0&hl=vi&g_ep=EgoyMDI2MDkwMS4wIJJjKgBIAVAD&rclk=1
2026-09-05 13:42:13,853 | INFO | Valid Google Maps Place URL opened.
2026-09-05 13:42:19,235 | INFO | Address check | score=0.0000 | status=NEED_REVIEW | reason=MISSING_MAPS_ADDRESS
2026-09-05 13:42:19,237 | INFO | Opening Maps URL | attempt=1/3
2026-09-05 13:42:22,155 | INFO | Current Maps URL: https://www.google.com/maps/place/Kh%C3%A1ch+s%E1%BA%A1n+Minh+Anh/data=!4m10!3m9!1s0x317529a533d71ead:0xd2e47341d775fd81!5m2!4m1!1i2!8m2!3d10.845383!4d106.66251!16s%2Fg%2F11gjt1ts6p!19sChIJrR7XM6UpdTERgf1110Fz5NI?authuser=0&hl=vi&g_ep=EgoyMDI2MDkwMS4wIJJjKgBIAVAD&rclk=1
2026-09-05 13:42:22,155 | INFO | Valid Google Maps Place URL opened.
2026-09-05 13:42:27,691 | INFO | Address check | score=0.0000 | status=NEED_REVIEW | reason=MISSING_MAPS_ADDRESS
2026-09-05 13:42:27,692 | INFO | Opening Maps URL | attempt=1/3
2026-09-05 13:42:30,992 | INFO | Current Maps URL: https://www.google.com/maps/place/Kh%C3%A1ch+s%E1%BA%A1n+Pleiku/data=!4m10!3m9!1s0x316c1f9beeafdc63:0xd112ab483882c1ec!5m2!4m1!1i2!8m2!3d13.98526!4d108.007592!16s%2Fg%2F1tdy1zcp!19sChIJY9yv7psfbDER7MGCOEirEtE?authuser=0&hl=vi&g_ep=EgoyMDI2MDkwMS4wIJJjKgBIAVAD&rclk=1
2026-09-05 13:42:30,992 | INFO | Valid Google Maps Place URL opened.
2026-09-05 13:42:36,366 | INFO | Address check | score=0.0000 | status=NEED_REVIEW | reason=MISSING_MAPS_ADDRESS
2026-09-05 13:42:36,367 | INFO | Opening Maps URL | attempt=1/3
2026-09-05 13:42:39,328 | INFO | Current Maps URL: https://www.google.com/maps/place/B%C3%A3i+N%E1%BB%93m+homestay+%26+Camping/data=!4m7!3m6!1s0x316f4363f22c5d69:0xde4cb5c8360acda1!8m2!3d13.8778065!4d109.2941851!16s%2Fg%2F11xmkwc385!19sChIJaV0s8mNDbzERoc0KNsi1TN4?authuser=0&hl=vi&g_ep=EgoyMDI2MDkwMS4wIJJjKgBIAVAD&rclk=1
2026-09-05 13:42:39,328 | INFO | Valid Google Maps Place URL opened.
2026-09-05 13:42:44,783 | INFO | Address check | score=0.0000 | status=NEED_REVIEW | reason=MISSING_MAPS_ADDRESS
2026-09-05 13:42:44,783 | INFO | Opening Maps URL | attempt=1/3
2026-09-05 13:42:47,683 | INFO | Current Maps URL: https://www.google.com/maps/place/Bao+Han+Homestay+-+2BR+Vinhomes+Grand+Park+District+9+in+Ho+Chi+Minh+city/data=!4m11!3m10!1s0x31752f47fb3baf05:0x1e328b1d74d4117!5m2!4m1!1i2!8m2!3d10.7777805!4d106.7005539!16s%2Fg%2F11ywfkf17s!17BQ0FF!19sChIJBa87-0cvdTERF0FN17Eo4wE?authuser=0&hl=vi&g_ep=EgoyMDI2MDkwMS4wIJJjKgBIAVAD&rclk=1
2026-09-05 13:42:47,684 | INFO | Valid Google Maps Place URL opened.
2026-09-05 13:42:53,078 | INFO | Address check | score=0.0000 | status=NEED_REVIEW | reason=MISSING_MAPS_ADDRESS
2026-09-05 13:42:53,080 | INFO | Opening Maps URL | attempt=1/3
2026-09-05 13:42:56,404 | INFO | Current Maps URL: https://www.google.com/maps/place/BI%E1%BB%82N+NH%E1%BB%9A+HOMESTAY/data=!4m7!3m6!1s0x316f410003f43707:0xc5101b6ef312e18d!8m2!3d13.9418061!4d109.2424373!16s%2Fg%2F11w2mwn46_!19sChIJBzf0AwBBbzERjeES824bEMU?authuser=0&hl=vi&g_ep=EgoyMDI2MDkwMS4wIJJjKgBIAVAD&rclk=1
2026-09-05 13:42:56,404 | INFO | Valid Google Maps Place URL opened.
2026-09-05 13:43:01,782 | INFO | Address check | score=0.0000 | status=NEED_REVIEW | reason=MISSING_MAPS_ADDRESS
2026-09-05 13:43:01,783 | INFO | Opening Maps URL | attempt=1/3
2026-09-05 13:43:04,769 | INFO | Current Maps URL: https://www.google.com/maps/place/BI%E1%BB%82N+NH%E1%BB%9A+HOMESTAY/data=!4m7!3m6!1s0x316f410003f43707:0xc5101b6ef312e18d!8m2!3d13.9418061!4d109.2424373!16s%2Fg%2F11w2mwn46_!19sChIJBzf0AwBBbzERjeES824bEMU?authuser=0&hl=vi&g_ep=EgoyMDI2MDkwMS4wIJJjKgBIAVAD&rclk=1
2026-09-05 13:43:04,769 | INFO | Valid Google Maps Place URL opened.
2026-09-05 13:43:10,168 | INFO | Address check | score=0.0000 | status=NEED_REVIEW | reason=MISSING_MAPS_ADDRESS
2026-09-05 13:43:10,169 | INFO | Opening Maps URL | attempt=1/3
2026-09-05 13:43:13,065 | INFO | Current Maps URL: https://www.google.com/maps/place/Kh%C3%A1ch+s%E1%BA%A1n+Le+Meridien+S%C3%A0i+G%C3%B2n/data=!4m10!3m9!1s0x31752f4f1812657d:0x6d16205fcb7478cf!5m2!4m1!1i2!8m2!3d10.779978!4d106.707297!16s%2Fg%2F11bvvy99wr!19sChIJfWUSGE8vdTERz3h0y18gFm0?authuser=0&hl=vi&g_ep=EgoyMDI2MDkwMS4wIJJjKgBIAVAD&rclk=1
2026-09-05 13:43:13,065 | INFO | Valid Google Maps Place URL opened.
2026-09-05 13:43:18,600 | INFO | Address check | score=0.0000 | status=NEED_REVIEW | reason=MISSING_MAPS_ADDRESS
2026-09-05 13:43:18,603 | INFO | Opening Maps URL | attempt=1/3
2026-09-05 13:43:21,552 | INFO | Current Maps URL: https://www.google.com/maps/place/Kh%C3%A1ch+s%E1%BA%A1n+Le+Meridien+S%C3%A0i+G%C3%B2n/data=!4m10!3m9!1s0x31752f4f1812657d:0x6d16205fcb7478cf!5m2!4m1!1i2!8m2!3d10.779978!4d106.707297!16s%2Fg%2F11bvvy99wr!19sChIJfWUSGE8vdTERz3h0y18gFm0?authuser=0&hl=vi&g_ep=EgoyMDI2MDkwMS4wIJJjKgBIAVAD&rclk=1
2026-09-05 13:43:21,552 | INFO | Valid Google Maps Place URL opened.
2026-09-05 13:43:26,924 | INFO | Address check | score=0.0000 | status=NEED_REVIEW | reason=MISSING_MAPS_ADDRESS
2026-09-05 13:43:26,924 | INFO | CHECKPOINT | processed=690 | matched=2 | mismatched=9 | review=679
2026-09-05 13:43:27,548 | INFO | Excel saved: D:\Product-Google-Maps\output\hotels_export_google_maps_checked.xlsx
2026-09-05 13:43:27,549 | INFO | Opening Maps URL | attempt=1/3
2026-09-05 13:43:30,513 | INFO | Current Maps URL: https://www.google.com/maps/place/Green+Hotel+Quy+Nh%C6%A1n+-+C%C3%A1ch+bi%E1%BB%83n+200m/data=!4m7!3m6!1s0x316f6d21678907cb:0xbf61311ccc0b065e!8m2!3d13.752812!4d109.214291!16s%2Fg%2F11h22ppmqg!19sChIJyweJZyFtbzERXgYLzBwxYb8?authuser=0&hl=vi&g_ep=EgoyMDI2MDkwMS4wIJJjKgBIAVAD&rclk=1
2026-09-05 13:43:30,514 | INFO | Valid Google Maps Place URL opened.
2026-09-05 13:43:35,925 | INFO | Address check | score=0.0000 | status=NEED_REVIEW | reason=MISSING_MAPS_ADDRESS
2026-09-05 13:43:35,926 | INFO | Opening Maps URL | attempt=1/3
2026-09-05 13:43:38,986 | INFO | Current Maps URL: https://www.google.com/maps/place/Green+Hotel+Quy+Nh%C6%A1n+-+C%C3%A1ch+bi%E1%BB%83n+200m/data=!4m7!3m6!1s0x316f6d21678907cb:0xbf61311ccc0b065e!8m2!3d13.752812!4d109.214291!16s%2Fg%2F11h22ppmqg!19sChIJyweJZyFtbzERXgYLzBwxYb8?authuser=0&hl=vi&g_ep=EgoyMDI2MDkwMS4wIJJjKgBIAVAD&rclk=1
2026-09-05 13:43:38,986 | INFO | Valid Google Maps Place URL opened.
2026-09-05 13:43:44,339 | INFO | Address check | score=0.0000 | status=NEED_REVIEW | reason=MISSING_MAPS_ADDRESS
2026-09-05 13:43:44,340 | INFO | Opening Maps URL | attempt=1/3
2026-09-05 13:43:47,419 | INFO | Current Maps URL: https://www.google.com/maps/place/Green+Hotel+Quy+Nh%C6%A1n+-+C%C3%A1ch+bi%E1%BB%83n+200m/data=!4m7!3m6!1s0x316f6d21678907cb:0xbf61311ccc0b065e!8m2!3d13.752812!4d109.214291!16s%2Fg%2F11h22ppmqg!19sChIJyweJZyFtbzERXgYLzBwxYb8?authuser=0&hl=vi&g_ep=EgoyMDI2MDkwMS4wIJJjKgBIAVAD&rclk=1
2026-09-05 13:43:47,419 | INFO | Valid Google Maps Place URL opened.
2026-09-05 13:43:52,808 | INFO | Address check | score=0.0000 | status=NEED_REVIEW | reason=MISSING_MAPS_ADDRESS
2026-09-05 13:43:52,810 | INFO | Opening Maps URL | attempt=1/3
2026-09-05 13:43:55,815 | INFO | Current Maps URL: https://www.google.com/maps/place/Green+Hotel+Quy+Nh%C6%A1n+-+C%C3%A1ch+bi%E1%BB%83n+200m/data=!4m7!3m6!1s0x316f6d21678907cb:0xbf61311ccc0b065e!8m2!3d13.752812!4d109.214291!16s%2Fg%2F11h22ppmqg!19sChIJyweJZyFtbzERXgYLzBwxYb8?authuser=0&hl=vi&g_ep=EgoyMDI2MDkwMS4wIJJjKgBIAVAD&rclk=1
2026-09-05 13:43:55,816 | INFO | Valid Google Maps Place URL opened.
2026-09-05 13:44:01,219 | INFO | Address check | score=0.0000 | status=NEED_REVIEW | reason=MISSING_MAPS_ADDRESS
2026-09-05 13:44:01,220 | INFO | Opening Maps URL | attempt=1/3
2026-09-05 13:44:04,162 | INFO | Current Maps URL: https://www.google.com/maps/place/Kh%C3%A1ch+s%E1%BA%A1n+Mira+-+Kh%C3%A1ch+s%E1%BA%A1n+g%E1%BA%A7n+bi%E1%BB%83n+%E1%BB%9F+Quy+Nh%C6%A1n/data=!4m10!3m9!1s0x316f6ceceb457403:0x1de22f520372522b!5m2!4m1!1i2!8m2!3d13.761717!4d109.219274!16s%2Fg%2F11fk15qdmx!19sChIJA3RF6-xsbzERK1JyA1Iv4h0?authuser=0&hl=vi&g_ep=EgoyMDI2MDkwMS4wIJJjKgBIAVAD&rclk=1
2026-09-05 13:44:04,164 | INFO | Valid Google Maps Place URL opened.
2026-09-05 13:44:09,663 | INFO | Address check | score=0.0000 | status=NEED_REVIEW | reason=MISSING_MAPS_ADDRESS
2026-09-05 13:44:09,664 | INFO | Opening Maps URL | attempt=1/3
2026-09-05 13:44:12,874 | INFO | Current Maps URL: https://www.google.com/maps/place/Kh%C3%A1ch+s%E1%BA%A1n+Mira+-+Kh%C3%A1ch+s%E1%BA%A1n+g%E1%BA%A7n+bi%E1%BB%83n+%E1%BB%9F+Quy+Nh%C6%A1n/data=!4m10!3m9!1s0x316f6ceceb457403:0x1de22f520372522b!5m2!4m1!1i2!8m2!3d13.761717!4d109.219274!16s%2Fg%2F11fk15qdmx!19sChIJA3RF6-xsbzERK1JyA1Iv4h0?authuser=0&hl=vi&g_ep=EgoyMDI2MDkwMS4wIJJjKgBIAVAD&rclk=1
2026-09-05 13:44:12,874 | INFO | Valid Google Maps Place URL opened.
2026-09-05 13:44:17,886 | INFO | Address check | score=0.0000 | status=NEED_REVIEW | reason=MISSING_MAPS_ADDRESS
2026-09-05 13:44:17,888 | INFO | Opening Maps URL | attempt=1/3
2026-09-05 13:44:20,867 | INFO | Current Maps URL: https://www.google.com/maps/place/Kh%C3%A1ch+s%E1%BA%A1n+Mira+-+Kh%C3%A1ch+s%E1%BA%A1n+g%E1%BA%A7n+bi%E1%BB%83n+%E1%BB%9F+Quy+Nh%C6%A1n/data=!4m10!3m9!1s0x316f6ceceb457403:0x1de22f520372522b!5m2!4m1!1i2!8m2!3d13.761717!4d109.219274!16s%2Fg%2F11fk15qdmx!19sChIJA3RF6-xsbzERK1JyA1Iv4h0?authuser=0&hl=vi&g_ep=EgoyMDI2MDkwMS4wIJJjKgBIAVAD&rclk=1
2026-09-05 13:44:20,868 | INFO | Valid Google Maps Place URL opened.
2026-09-05 13:44:25,955 | INFO | Address check | score=0.0000 | status=NEED_REVIEW | reason=MISSING_MAPS_ADDRESS
2026-09-05 13:44:25,956 | INFO | Opening Maps URL | attempt=1/3
2026-09-05 13:44:29,185 | INFO | Current Maps URL: https://www.google.com/maps/place/Green+Hotel+Quy+Nh%C6%A1n+-+C%C3%A1ch+bi%E1%BB%83n+200m/data=!4m10!3m9!1s0x316f6d21678907cb:0xbf61311ccc0b065e!5m2!4m1!1i2!8m2!3d13.7528117!4d109.2142909!16s%2Fg%2F11h22ppmqg!19sChIJyweJZyFtbzERXgYLzBwxYb8?authuser=0&hl=vi&g_ep=EgoyMDI2MDkwMS4wIJJjKgBIAVAD&rclk=1
2026-09-05 13:44:29,186 | INFO | Valid Google Maps Place URL opened.
2026-09-05 13:44:34,574 | INFO | Address check | score=0.0000 | status=NEED_REVIEW | reason=MISSING_MAPS_ADDRESS
2026-09-05 13:44:34,577 | INFO | Opening Maps URL | attempt=1/3
2026-09-05 13:44:37,824 | INFO | Current Maps URL: https://www.google.com/maps/place/Sandals+Ho%C3%A0ng+Y%E1%BA%BFn+Hotel/data=!4m10!3m9!1s0x316f6ce8d2ede58f:0x6d80a1665b1e8fdc!5m2!4m1!1i2!8m2!3d13.754635!4d109.217601!16s%2Fg%2F1tjfdb1t!19sChIJj-Xt0uhsbzER3I8eW2ahgG0?authuser=0&hl=vi&g_ep=EgoyMDI2MDkwMS4wIJJjKgBIAVAD&rclk=1
2026-09-05 13:44:37,824 | INFO | Valid Google Maps Place URL opened.
2026-09-05 13:44:43,104 | INFO | Address check | score=0.0000 | status=NEED_REVIEW | reason=MISSING_MAPS_ADDRESS
2026-09-05 13:44:43,105 | INFO | Opening Maps URL | attempt=1/3
2026-09-05 13:44:46,131 | INFO | Current Maps URL: https://www.google.com/maps/place/Sandals+Ho%C3%A0ng+Y%E1%BA%BFn+Hotel/data=!4m10!3m9!1s0x316f6ce8d2ede58f:0x6d80a1665b1e8fdc!5m2!4m1!1i2!8m2!3d13.754635!4d109.217601!16s%2Fg%2F1tjfdb1t!19sChIJj-Xt0uhsbzER3I8eW2ahgG0?authuser=0&hl=vi&g_ep=EgoyMDI2MDkwMS4wIJJjKgBIAVAD&rclk=1
2026-09-05 13:44:46,131 | INFO | Valid Google Maps Place URL opened.
2026-09-05 13:44:51,437 | INFO | Address check | score=0.0000 | status=NEED_REVIEW | reason=MISSING_MAPS_ADDRESS
2026-09-05 13:44:51,437 | INFO | CHECKPOINT | processed=700 | matched=2 | mismatched=9 | review=689
2026-09-05 13:44:52,740 | INFO | Excel saved: D:\Product-Google-Maps\output\hotels_export_google_maps_checked.xlsx
2026-09-05 13:44:52,750 | INFO | Opening Maps URL | attempt=1/3
2026-09-05 13:44:55,875 | INFO | Current Maps URL: https://www.google.com/maps/place/farm+farm+homestay/data=!4m10!3m9!1s0x316c1f4a080bee97:0xb4e887d37438e25e!5m2!4m1!1i2!8m2!3d14.007874!4d108.046273!16s%2Fg%2F11j2xbml6v!19sChIJl-4LCEofbDERXuI4dNOH6LQ?authuser=0&hl=vi&g_ep=EgoyMDI2MDkwMS4wIJJjKgBIAVAD&rclk=1
2026-09-05 13:44:55,875 | INFO | Valid Google Maps Place URL opened.
2026-09-05 13:45:01,361 | INFO | Address check | score=0.0000 | status=NEED_REVIEW | reason=MISSING_MAPS_ADDRESS
2026-09-05 13:45:01,362 | INFO | Opening Maps URL | attempt=1/3
2026-09-05 13:45:04,562 | INFO | Current Maps URL: https://www.google.com/maps/place/farm+farm+homestay/data=!4m10!3m9!1s0x316c1f4a080bee97:0xb4e887d37438e25e!5m2!4m1!1i2!8m2!3d14.007874!4d108.046273!16s%2Fg%2F11j2xbml6v!19sChIJl-4LCEofbDERXuI4dNOH6LQ?authuser=0&hl=vi&g_ep=EgoyMDI2MDkwMS4wIJJjKgBIAVAD&rclk=1
2026-09-05 13:45:04,562 | INFO | Valid Google Maps Place URL opened.
2026-09-05 13:45:10,033 | INFO | Address check | score=0.0000 | status=NEED_REVIEW | reason=MISSING_MAPS_ADDRESS
2026-09-05 13:45:10,034 | INFO | Opening Maps URL | attempt=1/3
2026-09-05 13:45:13,034 | INFO | Current Maps URL: https://www.google.com/maps/place/Nh%C3%A0+h%C3%A0ng+Hoa+Vi%C3%AAn+%C4%91%E1%BB%87+Nh%E1%BA%A5t/data=!4m7!3m6!1s0x31752933e8cd3f43:0x9f687d49d85dc947!8m2!3d10.79615!4d106.6599661!16s%2Fg%2F12vr3zqs4!19sChIJQz_N6DMpdTERR8ld2El9aJ8?authuser=0&hl=vi&g_ep=EgoyMDI2MDkwMS4wIJJjKgBIAVAD&rclk=1
2026-09-05 13:45:13,034 | INFO | Valid Google Maps Place URL opened.
2026-09-05 13:45:18,101 | INFO | Address check | score=0.0000 | status=NEED_REVIEW | reason=MISSING_MAPS_ADDRESS
2026-09-05 13:45:18,102 | INFO | Opening Maps URL | attempt=1/3
2026-09-05 13:45:21,124 | INFO | Current Maps URL: https://www.google.com/maps/place/FLC+Luxury+Resort+Quy+Nhon/data=!4m10!3m9!1s0x316f4192df8b4029:0x6d6e95c6ac005d0c!5m2!4m1!1i2!8m2!3d13.8914473!4d109.2733896!16s%2Fg%2F11n735mm_t!19sChIJKUCL35JBbzERDF0ArMaVbm0?authuser=0&hl=vi&g_ep=EgoyMDI2MDkwMS4wIJJjKgBIAVAD&rclk=1
2026-09-05 13:45:21,124 | INFO | Valid Google Maps Place URL opened.
2026-09-05 13:45:26,438 | INFO | Address check | score=0.0000 | status=NEED_REVIEW | reason=MISSING_MAPS_ADDRESS
2026-09-05 13:45:26,439 | INFO | Opening Maps URL | attempt=1/3
2026-09-05 13:45:29,561 | INFO | Current Maps URL: https://www.google.com/maps/place/Green+Hotel+Quy+Nh%C6%A1n+-+C%C3%A1ch+bi%E1%BB%83n+200m/data=!4m10!3m9!1s0x316f6d21678907cb:0xbf61311ccc0b065e!5m2!4m1!1i2!8m2!3d13.7528117!4d109.2142909!16s%2Fg%2F11h22ppmqg!19sChIJyweJZyFtbzERXgYLzBwxYb8?authuser=0&hl=vi&g_ep=EgoyMDI2MDkwMS4wIJJjKgBIAVAD&rclk=1
2026-09-05 13:45:29,562 | INFO | Valid Google Maps Place URL opened.
2026-09-05 13:45:35,006 | INFO | Address check | score=0.0000 | status=NEED_REVIEW | reason=MISSING_MAPS_ADDRESS
2026-09-05 13:45:35,006 | INFO | Opening Maps URL | attempt=1/3
2026-09-05 13:45:38,022 | INFO | Current Maps URL: https://www.google.com/maps/place/Green+Hotel+Quy+Nh%C6%A1n+-+C%C3%A1ch+bi%E1%BB%83n+200m/data=!4m10!3m9!1s0x316f6d21678907cb:0xbf61311ccc0b065e!5m2!4m1!1i2!8m2!3d13.7528117!4d109.2142909!16s%2Fg%2F11h22ppmqg!19sChIJyweJZyFtbzERXgYLzBwxYb8?authuser=0&hl=vi&g_ep=EgoyMDI2MDkwMS4wIJJjKgBIAVAD&rclk=1
2026-09-05 13:45:38,022 | INFO | Valid Google Maps Place URL opened.
2026-09-05 13:45:43,435 | INFO | Address check | score=0.0000 | status=NEED_REVIEW | reason=MISSING_MAPS_ADDRESS
2026-09-05 13:45:43,435 | INFO | Opening Maps URL | attempt=1/3
2026-09-05 13:45:46,598 | INFO | Current Maps URL: https://www.google.com/maps/place/Green+Hotel+Quy+Nh%C6%A1n+-+C%C3%A1ch+bi%E1%BB%83n+200m/data=!4m10!3m9!1s0x316f6d21678907cb:0xbf61311ccc0b065e!5m2!4m1!1i2!8m2!3d13.7528117!4d109.2142909!16s%2Fg%2F11h22ppmqg!19sChIJyweJZyFtbzERXgYLzBwxYb8?authuser=0&hl=vi&g_ep=EgoyMDI2MDkwMS4wIJJjKgBIAVAD&rclk=1
2026-09-05 13:45:46,598 | INFO | Valid Google Maps Place URL opened.
2026-09-05 13:45:51,982 | INFO | Address check | score=0.0000 | status=NEED_REVIEW | reason=MISSING_MAPS_ADDRESS
2026-09-05 13:45:51,983 | INFO | Opening Maps URL | attempt=1/3
2026-09-05 13:45:55,000 | INFO | Current Maps URL: https://www.google.com/maps/place/Green+Hotel+Quy+Nh%C6%A1n+-+C%C3%A1ch+bi%E1%BB%83n+200m/data=!4m10!3m9!1s0x316f6d21678907cb:0xbf61311ccc0b065e!5m2!4m1!1i2!8m2!3d13.7528117!4d109.2142909!16s%2Fg%2F11h22ppmqg!19sChIJyweJZyFtbzERXgYLzBwxYb8?authuser=0&hl=vi&g_ep=EgoyMDI2MDkwMS4wIJJjKgBIAVAD&rclk=1
2026-09-05 13:45:55,000 | INFO | Valid Google Maps Place URL opened.
2026-09-05 13:46:00,354 | INFO | Address check | score=0.0000 | status=NEED_REVIEW | reason=MISSING_MAPS_ADDRESS
2026-09-05 13:46:00,355 | INFO | Opening Maps URL | attempt=1/3
2026-09-05 13:46:03,369 | INFO | Current Maps URL: https://www.google.com/maps/place/Green+Hotel+Quy+Nh%C6%A1n+-+C%C3%A1ch+bi%E1%BB%83n+200m/data=!4m10!3m9!1s0x316f6d21678907cb:0xbf61311ccc0b065e!5m2!4m1!1i2!8m2!3d13.7528117!4d109.2142909!16s%2Fg%2F11h22ppmqg!19sChIJyweJZyFtbzERXgYLzBwxYb8?authuser=0&hl=vi&g_ep=EgoyMDI2MDkwMS4wIJJjKgBIAVAD&rclk=1
2026-09-05 13:46:03,370 | INFO | Valid Google Maps Place URL opened.
2026-09-05 13:46:08,818 | INFO | Address check | score=0.0000 | status=NEED_REVIEW | reason=MISSING_MAPS_ADDRESS
2026-09-05 13:46:08,820 | INFO | Opening Maps URL | attempt=1/3
2026-09-05 13:46:12,129 | INFO | Current Maps URL: https://www.google.com/maps/place/Green+Hotel+Quy+Nh%C6%A1n+-+C%C3%A1ch+bi%E1%BB%83n+200m/@13.7528117,109.2142909,17z/data=!3m1!4b1!4m9!3m8!1s0x316f6d21678907cb:0xbf61311ccc0b065e!5m2!4m1!1i2!8m2!3d13.7528117!4d109.2142909!16s%2Fg%2F11h22ppmqg?authuser=0&hl=vi&entry=ttu&g_ep=EgoyMDI2MDkwMi4wIKXMDSoASAFQAw%3D%3D
2026-09-05 13:46:12,130 | INFO | Valid Google Maps Place URL opened.
2026-09-05 13:46:17,544 | INFO | Address check | score=0.0000 | status=NEED_REVIEW | reason=MISSING_MAPS_ADDRESS
2026-09-05 13:46:17,545 | INFO | CHECKPOINT | processed=710 | matched=2 | mismatched=9 | review=699
2026-09-05 13:46:18,079 | INFO | Excel saved: D:\Product-Google-Maps\output\hotels_export_google_maps_checked.xlsx
2026-09-05 13:46:18,080 | INFO | Opening Maps URL | attempt=1/3
2026-09-05 13:46:21,177 | INFO | Current Maps URL: https://www.google.com/maps/place/Green+Hotel+Quy+Nh%C6%A1n+-+C%C3%A1ch+bi%E1%BB%83n+200m/@13.7528117,109.2142909,17z/data=!3m1!4b1!4m9!3m8!1s0x316f6d21678907cb:0xbf61311ccc0b065e!5m2!4m1!1i2!8m2!3d13.7528117!4d109.2142909!16s%2Fg%2F11h22ppmqg?authuser=0&hl=vi&entry=ttu&g_ep=EgoyMDI2MDkwMi4wIKXMDSoASAFQAw%3D%3D
2026-09-05 13:46:21,177 | INFO | Valid Google Maps Place URL opened.
2026-09-05 13:46:26,692 | INFO | Address check | score=0.0000 | status=NEED_REVIEW | reason=MISSING_MAPS_ADDRESS
2026-09-05 13:46:26,693 | INFO | Opening Maps URL | attempt=1/3
2026-09-05 13:46:29,920 | INFO | Current Maps URL: https://www.google.com/maps/place/Green+Hotel+Quy+Nh%C6%A1n+-+C%C3%A1ch+bi%E1%BB%83n+200m/@13.7528117,109.2142909,17z/data=!3m1!4b1!4m9!3m8!1s0x316f6d21678907cb:0xbf61311ccc0b065e!5m2!4m1!1i2!8m2!3d13.7528117!4d109.2142909!16s%2Fg%2F11h22ppmqg?authuser=0&hl=vi&entry=ttu&g_ep=EgoyMDI2MDkwMi4wIKXMDSoASAFQAw%3D%3D
2026-09-05 13:46:29,920 | INFO | Valid Google Maps Place URL opened.
2026-09-05 13:46:35,279 | INFO | Address check | score=0.0000 | status=NEED_REVIEW | reason=MISSING_MAPS_ADDRESS
2026-09-05 13:46:35,281 | INFO | Opening Maps URL | attempt=1/3
2026-09-05 13:46:38,385 | INFO | Current Maps URL: https://www.google.com/maps/place/Green+Hotel+Quy+Nh%C6%A1n+-+C%C3%A1ch+bi%E1%BB%83n+200m/@13.7528117,109.2142909,17z/data=!3m1!4b1!4m9!3m8!1s0x316f6d21678907cb:0xbf61311ccc0b065e!5m2!4m1!1i2!8m2!3d13.7528117!4d109.2142909!16s%2Fg%2F11h22ppmqg?authuser=0&hl=vi&entry=ttu&g_ep=EgoyMDI2MDkwMi4wIKXMDSoASAFQAw%3D%3D
2026-09-05 13:46:38,386 | INFO | Valid Google Maps Place URL opened.
2026-09-05 13:46:43,737 | INFO | Address check | score=0.0000 | status=NEED_REVIEW | reason=MISSING_MAPS_ADDRESS
2026-09-05 13:46:43,739 | INFO | Opening Maps URL | attempt=1/3
2026-09-05 13:46:46,962 | INFO | Current Maps URL: https://www.google.com/maps/place/Green+Hotel+Quy+Nh%C6%A1n+-+C%C3%A1ch+bi%E1%BB%83n+200m/@13.7528117,109.2142909,17z/data=!3m1!4b1!4m9!3m8!1s0x316f6d21678907cb:0xbf61311ccc0b065e!5m2!4m1!1i2!8m2!3d13.7528117!4d109.2142909!16s%2Fg%2F11h22ppmqg?authuser=0&hl=vi&entry=ttu&g_ep=EgoyMDI2MDkwMi4wIKXMDSoASAFQAw%3D%3D
2026-09-05 13:46:46,962 | INFO | Valid Google Maps Place URL opened.
2026-09-05 13:46:52,278 | INFO | Address check | score=0.0000 | status=NEED_REVIEW | reason=MISSING_MAPS_ADDRESS
2026-09-05 13:46:52,279 | INFO | Opening Maps URL | attempt=1/3
2026-09-05 13:46:55,289 | INFO | Current Maps URL: https://www.google.com/maps/place/Homestay+Bi%E1%BB%83n+G%E1%BA%A7n+,+L%C3%BD+H%C6%B0ng/data=!4m7!3m6!1s0x316f4300600e5de1:0xbf30615931f1dff!8m2!3d13.8829941!4d109.2864121!16s%2Fg%2F11z9qyqnk1!19sChIJ4V0OYABDbzER_x0fkxUG8ws?authuser=0&hl=vi&g_ep=EgoyMDI2MDkwMS4wIJJjKgBIAVAD&rclk=1
2026-09-05 13:46:55,289 | INFO | Valid Google Maps Place URL opened.
2026-09-05 13:47:00,681 | INFO | Address check | score=0.0000 | status=NEED_REVIEW | reason=MISSING_MAPS_ADDRESS
2026-09-05 13:47:00,682 | INFO | Opening Maps URL | attempt=1/3
2026-09-05 13:47:03,589 | INFO | Current Maps URL: https://www.google.com/maps/place/K%C3%AAnh+homestay+S%C3%A0i+G%C3%B2n+-+H%E1%BB%93+Ch%C3%AD+Minh/data=!4m7!3m6!1s0x31752701d830efd1:0x9aa54697500142b5!8m2!3d10.7678569!4d106.6936122!16s%2Fg%2F11j7kpdrd9!19sChIJ0e8w2AEndTERtUIBUJdGpZo?authuser=0&hl=vi&g_ep=EgoyMDI2MDkwMS4wIJJjKgBIAVAD&rclk=1
2026-09-05 13:47:03,589 | INFO | Valid Google Maps Place URL opened.
2026-09-05 13:47:09,011 | INFO | Address check | score=0.0000 | status=NEED_REVIEW | reason=MISSING_MAPS_ADDRESS
2026-09-05 13:47:09,015 | INFO | Opening Maps URL | attempt=1/3
2026-09-05 13:47:11,976 | INFO | Current Maps URL: https://www.google.com/maps/place/K%C3%AAnh+homestay+S%C3%A0i+G%C3%B2n+-+H%E1%BB%93+Ch%C3%AD+Minh/data=!4m7!3m6!1s0x31752701d830efd1:0x9aa54697500142b5!8m2!3d10.7678569!4d106.6936122!16s%2Fg%2F11j7kpdrd9!19sChIJ0e8w2AEndTERtUIBUJdGpZo?authuser=0&hl=vi&g_ep=EgoyMDI2MDkwMS4wIJJjKgBIAVAD&rclk=1
2026-09-05 13:47:11,977 | INFO | Valid Google Maps Place URL opened.
2026-09-05 13:47:17,322 | INFO | Address check | score=0.0000 | status=NEED_REVIEW | reason=MISSING_MAPS_ADDRESS
2026-09-05 13:47:17,323 | INFO | Opening Maps URL | attempt=1/3
2026-09-05 13:47:20,242 | INFO | Current Maps URL: https://www.google.com/maps/place/Homestay+Gi%C3%B3+Bi%E1%BB%83n/data=!4m7!3m6!1s0x31385d68a001cc5b:0xec14730c7bb58f1d!8m2!3d18.2704065!4d106.1063207!16s%2Fg%2F11z9y2d10p!19sChIJW8wBoGhdODERHY-1ewxzFOw?authuser=0&hl=vi&g_ep=EgoyMDI2MDkwMS4wIJJjKgBIAVAD&rclk=1
2026-09-05 13:47:20,242 | INFO | Valid Google Maps Place URL opened.
2026-09-05 13:47:25,594 | INFO | Address check | score=0.0000 | status=NEED_REVIEW | reason=MISSING_MAPS_ADDRESS
2026-09-05 13:47:25,595 | INFO | Opening Maps URL | attempt=1/3
2026-09-05 13:47:28,659 | INFO | Current Maps URL: https://www.google.com/maps/place/HOMESTAY+H%E1%BA%A2I+H%E1%BB%92/data=!4m10!3m9!1s0x316f6d693253e76b:0x3eb7d6b6e493d6e4!5m2!4m1!1i2!8m2!3d13.7783098!4d109.2375242!16s%2Fg%2F11h3k5bh3r!19sChIJa-dTMmltbzER5NaT5LbWtz4?authuser=0&hl=vi&g_ep=EgoyMDI2MDkwMS4wIJJjKgBIAVAD&rclk=1
2026-09-05 13:47:28,660 | INFO | Valid Google Maps Place URL opened.
2026-09-05 13:47:34,108 | INFO | Address check | score=0.0000 | status=NEED_REVIEW | reason=MISSING_MAPS_ADDRESS
2026-09-05 13:47:34,109 | INFO | Opening Maps URL | attempt=1/3
2026-09-05 13:47:37,156 | INFO | Current Maps URL: https://www.google.com/maps/place/Homestay+Mazamaja/data=!4m11!3m10!1s0x316f6c895bc33057:0x958bbc3e599d2d4!5m2!4m1!1i2!8m2!3d13.7684097!4d109.2306366!16s%2Fg%2F11mdspt0tn!17BQ0FF!19sChIJVzDDW4lsbzER1NKZ5cO7WAk?authuser=0&hl=vi&g_ep=EgoyMDI2MDkwMS4wIJJjKgBIAVAD&rclk=1
2026-09-05 13:47:37,157 | INFO | Valid Google Maps Place URL opened.
2026-09-05 13:47:42,505 | INFO | Address check | score=0.0000 | status=NEED_REVIEW | reason=MISSING_MAPS_ADDRESS
2026-09-05 13:47:42,506 | INFO | CHECKPOINT | processed=720 | matched=2 | mismatched=9 | review=709
2026-09-05 13:47:43,050 | INFO | Excel saved: D:\Product-Google-Maps\output\hotels_export_google_maps_checked.xlsx
2026-09-05 13:47:43,051 | INFO | Opening Maps URL | attempt=1/3
2026-09-05 13:47:46,149 | INFO | Current Maps URL: https://www.google.com/maps/place/Homestay+Mazamaja/data=!4m11!3m10!1s0x316f6c895bc33057:0x958bbc3e599d2d4!5m2!4m1!1i2!8m2!3d13.7684097!4d109.2306366!16s%2Fg%2F11mdspt0tn!17BQ0FF!19sChIJVzDDW4lsbzER1NKZ5cO7WAk?authuser=0&hl=vi&g_ep=EgoyMDI2MDkwMS4wIJJjKgBIAVAD&rclk=1
2026-09-05 13:47:46,150 | INFO | Valid Google Maps Place URL opened.
2026-09-05 13:47:51,570 | INFO | Address check | score=0.0000 | status=NEED_REVIEW | reason=MISSING_MAPS_ADDRESS
2026-09-05 13:47:51,571 | INFO | Opening Maps URL | attempt=1/3
2026-09-05 13:47:54,519 | INFO | Current Maps URL: https://www.google.com/maps/place/Homestay+Mazamaja/data=!4m11!3m10!1s0x316f6c895bc33057:0x958bbc3e599d2d4!5m2!4m1!1i2!8m2!3d13.7684097!4d109.2306366!16s%2Fg%2F11mdspt0tn!17BQ0FF!19sChIJVzDDW4lsbzER1NKZ5cO7WAk?authuser=0&hl=vi&g_ep=EgoyMDI2MDkwMS4wIJJjKgBIAVAD&rclk=1
2026-09-05 13:47:54,520 | INFO | Valid Google Maps Place URL opened.
2026-09-05 13:47:59,986 | INFO | Address check | score=0.0000 | status=NEED_REVIEW | reason=MISSING_MAPS_ADDRESS
2026-09-05 13:47:59,987 | INFO | Opening Maps URL | attempt=1/3
2026-09-05 13:48:02,902 | INFO | Current Maps URL: https://www.google.com/maps/place/Hotel+Thanh+B%C3%ACnh/data=!4m7!3m6!1s0x3175297e8bfa3251:0x69557e68d9882de0!8m2!3d10.7969055!4d106.6548828!16s%2Fg%2F11sypmhy34!19sChIJUTL6i34pdTER4C2I2Wh-VWk?authuser=0&hl=vi&g_ep=EgoyMDI2MDkwMS4wIJJjKgBIAVAD&rclk=1
2026-09-05 13:48:02,902 | INFO | Valid Google Maps Place URL opened.
2026-09-05 13:48:08,008 | INFO | Address check | score=0.0000 | status=NEED_REVIEW | reason=MISSING_MAPS_ADDRESS
2026-09-05 13:48:08,010 | INFO | Opening Maps URL | attempt=1/3
2026-09-05 13:48:11,214 | INFO | Current Maps URL: https://www.google.com/maps/place/Kh%C3%A1ch+s%E1%BA%A1n+Mira+-+Kh%C3%A1ch+s%E1%BA%A1n+g%E1%BA%A7n+bi%E1%BB%83n+%E1%BB%9F+Quy+Nh%C6%A1n/data=!4m10!3m9!1s0x316f6ceceb457403:0x1de22f520372522b!5m2!4m1!1i2!8m2!3d13.761717!4d109.219274!16s%2Fg%2F11fk15qdmx!19sChIJA3RF6-xsbzERK1JyA1Iv4h0?authuser=0&hl=vi&g_ep=EgoyMDI2MDkwMS4wIJJjKgBIAVAD&rclk=1
2026-09-05 13:48:11,215 | INFO | Valid Google Maps Place URL opened.
2026-09-05 13:48:16,611 | INFO | Address check | score=0.0000 | status=NEED_REVIEW | reason=MISSING_MAPS_ADDRESS
2026-09-05 13:48:16,612 | INFO | Opening Maps URL | attempt=1/3
2026-09-05 13:48:19,566 | INFO | Current Maps URL: https://www.google.com/maps/place/Mira+B%C3%A3i+X%E1%BA%BFp+Quy+Nh%C6%A1n/data=!4m10!3m9!1s0x316f72861703f041:0x8558ab9e8359c452!5m2!4m1!1i2!8m2!3d13.685788!4d109.230904!16s%2Fg%2F11fqd136pq!19sChIJQfADF4ZybzERUsRZg56rWIU?authuser=0&hl=vi&g_ep=EgoyMDI2MDkwMS4wIJJjKgBIAVAD&rclk=1
2026-09-05 13:48:19,567 | INFO | Valid Google Maps Place URL opened.
2026-09-05 13:48:24,923 | INFO | Address check | score=0.0000 | status=NEED_REVIEW | reason=MISSING_MAPS_ADDRESS
2026-09-05 13:48:24,924 | INFO | Opening Maps URL | attempt=1/3
2026-09-05 13:48:27,838 | INFO | Current Maps URL: https://www.google.com/maps/place/Hotel+-+Restaurant+Th%E1%BA%A3o+Trinh/data=!4m7!3m6!1s0x316f337ad1693fc5:0x5dcf8c98e169b47f!8m2!3d14.1752098!4d109.0537087!16s%2Fg%2F11y54mct88!19sChIJxT9p0XozbzERf7Rp4ZiMz10?authuser=0&hl=vi&g_ep=EgoyMDI2MDkwMS4wIJJjKgBIAVAD&rclk=1
2026-09-05 13:48:27,838 | INFO | Valid Google Maps Place URL opened.
2026-09-05 13:48:33,197 | INFO | Address check | score=0.0000 | status=NEED_REVIEW | reason=MISSING_MAPS_ADDRESS
2026-09-05 13:48:33,198 | INFO | Opening Maps URL | attempt=1/3
2026-09-05 13:48:36,233 | INFO | Current Maps URL: https://www.google.com/maps/place/Hotel+-+Restaurant+Th%E1%BA%A3o+Trinh/data=!4m7!3m6!1s0x316f337ad1693fc5:0x5dcf8c98e169b47f!8m2!3d14.1752098!4d109.0537087!16s%2Fg%2F11y54mct88!19sChIJxT9p0XozbzERf7Rp4ZiMz10?authuser=0&hl=vi&g_ep=EgoyMDI2MDkwMS4wIJJjKgBIAVAD&rclk=1
2026-09-05 13:48:36,233 | INFO | Valid Google Maps Place URL opened.
2026-09-05 13:48:41,531 | INFO | Address check | score=0.0000 | status=NEED_REVIEW | reason=MISSING_MAPS_ADDRESS
2026-09-05 13:48:41,532 | INFO | Opening Maps URL | attempt=1/3
2026-09-05 13:48:44,439 | INFO | Current Maps URL: https://www.google.com/maps/place/RUBY+-+C%C4%83n+h%E1%BB%99+d%E1%BB%8Bch+v%E1%BB%A5+%26+Kh%C3%A1ch+s%E1%BA%A1n/data=!4m10!3m9!1s0x3174d12e5aaa440d:0x54e91b88bfb56946!5m2!4m1!1i2!8m2!3d10.972953!4d106.666727!16s%2Fg%2F11wv3z3jxs!19sChIJDUSqWi7RdDERRmm1v4gb6VQ?authuser=0&hl=vi&g_ep=EgoyMDI2MDkwMS4wIJJjKgBIAVAD&rclk=1
2026-09-05 13:48:44,439 | INFO | Valid Google Maps Place URL opened.
2026-09-05 13:48:49,560 | INFO | Address check | score=0.0000 | status=NEED_REVIEW | reason=MISSING_MAPS_ADDRESS
2026-09-05 13:48:49,561 | INFO | Opening Maps URL | attempt=1/3
2026-09-05 13:48:52,789 | INFO | Current Maps URL: https://www.google.com/maps/place/RUBY+-+C%C4%83n+h%E1%BB%99+d%E1%BB%8Bch+v%E1%BB%A5+%26+Kh%C3%A1ch+s%E1%BA%A1n/data=!4m10!3m9!1s0x3174d12e5aaa440d:0x54e91b88bfb56946!5m2!4m1!1i2!8m2!3d10.972953!4d106.666727!16s%2Fg%2F11wv3z3jxs!19sChIJDUSqWi7RdDERRmm1v4gb6VQ?authuser=0&hl=vi&g_ep=EgoyMDI2MDkwMS4wIJJjKgBIAVAD&rclk=1
2026-09-05 13:48:52,789 | INFO | Valid Google Maps Place URL opened.
2026-09-05 13:48:58,158 | INFO | Address check | score=0.0000 | status=NEED_REVIEW | reason=MISSING_MAPS_ADDRESS
2026-09-05 13:48:58,162 | INFO | Opening Maps URL | attempt=1/3
2026-09-05 13:49:01,126 | INFO | Current Maps URL: https://www.google.com/maps/place/Golden+Coast+Resort+%26+Spa/data=!4m7!3m6!1s0x317528cab1d6ffff:0x1d66e91b56d516ac!8m2!3d10.7896844!4d106.6991281!16s%2Fg%2F11l5cgprbc!19sChIJ___WscoodTERrBbVVhvpZh0?authuser=0&hl=vi&g_ep=EgoyMDI2MDkwMS4wIJJjKgBIAVAD&rclk=1
2026-09-05 13:49:01,126 | INFO | Valid Google Maps Place URL opened.
2026-09-05 13:49:06,586 | INFO | Address check | score=0.0000 | status=NEED_REVIEW | reason=MISSING_MAPS_ADDRESS
2026-09-05 13:49:06,586 | INFO | CHECKPOINT | processed=730 | matched=2 | mismatched=9 | review=719
2026-09-05 13:49:07,105 | INFO | Excel saved: D:\Product-Google-Maps\output\hotels_export_google_maps_checked.xlsx
2026-09-05 13:49:07,106 | INFO | Opening Maps URL | attempt=1/3
2026-09-05 13:49:10,097 | INFO | Current Maps URL: https://www.google.com/maps/place/Y%E1%BA%BFn+Nam+Hotel/data=!4m10!3m9!1s0x31752929c3b9d965:0x2c7865e1d5fbba99!5m2!4m1!1i2!8m2!3d10.797542!4d106.675294!16s%2Fg%2F11cly1qkdb!19sChIJZdm5wykpdTERmbr71eFleCw?authuser=0&hl=vi&g_ep=EgoyMDI2MDkwMS4wIJJjKgBIAVAD&rclk=1
2026-09-05 13:49:10,097 | INFO | Valid Google Maps Place URL opened.
2026-09-05 13:49:15,508 | INFO | Address check | score=0.0000 | status=NEED_REVIEW | reason=MISSING_MAPS_ADDRESS
2026-09-05 13:49:15,509 | INFO | Opening Maps URL | attempt=1/3
2026-09-05 13:49:18,790 | INFO | Current Maps URL: https://www.google.com/maps/place/Y%E1%BA%BFn+Nam+Hotel/data=!4m10!3m9!1s0x31752929c3b9d965:0x2c7865e1d5fbba99!5m2!4m1!1i2!8m2!3d10.797542!4d106.675294!16s%2Fg%2F11cly1qkdb!19sChIJZdm5wykpdTERmbr71eFleCw?authuser=0&hl=vi&g_ep=EgoyMDI2MDkwMS4wIJJjKgBIAVAD&rclk=1
2026-09-05 13:49:18,790 | INFO | Valid Google Maps Place URL opened.
2026-09-05 13:49:23,855 | INFO | Address check | score=0.0000 | status=NEED_REVIEW | reason=MISSING_MAPS_ADDRESS
2026-09-05 13:49:23,856 | INFO | Opening Maps URL | attempt=1/3
2026-09-05 13:49:26,920 | INFO | Current Maps URL: https://www.google.com/maps/place/Y%E1%BA%BFn+Nam+Hotel/data=!4m10!3m9!1s0x31752929c3b9d965:0x2c7865e1d5fbba99!5m2!4m1!1i2!8m2!3d10.797542!4d106.675294!16s%2Fg%2F11cly1qkdb!19sChIJZdm5wykpdTERmbr71eFleCw?authuser=0&hl=vi&g_ep=EgoyMDI2MDkwMS4wIJJjKgBIAVAD&rclk=1
2026-09-05 13:49:26,921 | INFO | Valid Google Maps Place URL opened.
2026-09-05 13:49:32,394 | INFO | Address check | score=0.0000 | status=NEED_REVIEW | reason=MISSING_MAPS_ADDRESS
2026-09-05 13:49:32,395 | INFO | Opening Maps URL | attempt=1/3
2026-09-05 13:49:35,353 | INFO | Current Maps URL: https://www.google.com/maps/place/Y%E1%BA%BFn+Nam+Hotel/data=!4m10!3m9!1s0x31752929c3b9d965:0x2c7865e1d5fbba99!5m2!4m1!1i2!8m2!3d10.797542!4d106.675294!16s%2Fg%2F11cly1qkdb!19sChIJZdm5wykpdTERmbr71eFleCw?authuser=0&hl=vi&g_ep=EgoyMDI2MDkwMS4wIJJjKgBIAVAD&rclk=1
2026-09-05 13:49:35,353 | INFO | Valid Google Maps Place URL opened.
2026-09-05 13:49:40,657 | INFO | Address check | score=0.0000 | status=NEED_REVIEW | reason=MISSING_MAPS_ADDRESS
2026-09-05 13:49:40,658 | INFO | Opening Maps URL | attempt=1/3
2026-09-05 13:49:43,681 | INFO | Current Maps URL: https://www.google.com/maps/place/Kh%C3%A1ch+S%E1%BA%A1n+Qu%E1%BB%91c+Kh%C3%A1nh/data=!4m7!3m6!1s0x317529a0f0fe971b:0x6195691d7bc2b0d4!8m2!3d10.8371161!4d106.6562085!16s%2Fg%2F1hc7c5hym!19sChIJG5f-8KApdTER1LDCex1plWE?authuser=0&hl=vi&g_ep=EgoyMDI2MDkwMS4wIJJjKgBIAVAD&rclk=1
2026-09-05 13:49:43,681 | INFO | Valid Google Maps Place URL opened.
2026-09-05 13:49:49,002 | INFO | Address check | score=0.0000 | status=NEED_REVIEW | reason=MISSING_MAPS_ADDRESS
2026-09-05 13:49:49,003 | INFO | Opening Maps URL | attempt=1/3
2026-09-05 13:49:51,977 | INFO | Current Maps URL: https://www.google.com/maps/place/Kh%C3%A1ch+S%E1%BA%A1n+Qu%E1%BB%91c+Kh%C3%A1nh/data=!4m7!3m6!1s0x317529a0f0fe971b:0x6195691d7bc2b0d4!8m2!3d10.8371161!4d106.6562085!16s%2Fg%2F1hc7c5hym!19sChIJG5f-8KApdTER1LDCex1plWE?authuser=0&hl=vi&g_ep=EgoyMDI2MDkwMS4wIJJjKgBIAVAD&rclk=1
2026-09-05 13:49:51,979 | INFO | Valid Google Maps Place URL opened.
2026-09-05 13:49:57,347 | INFO | Address check | score=0.0000 | status=NEED_REVIEW | reason=MISSING_MAPS_ADDRESS
2026-09-05 13:49:57,348 | INFO | Opening Maps URL | attempt=1/3
2026-09-05 13:50:00,591 | INFO | Current Maps URL: https://www.google.com/maps/place/Kh%C3%A1ch+s%E1%BA%A1n+Mira+-+Kh%C3%A1ch+s%E1%BA%A1n+g%E1%BA%A7n+bi%E1%BB%83n+%E1%BB%9F+Quy+Nh%C6%A1n/data=!4m10!3m9!1s0x316f6ceceb457403:0x1de22f520372522b!5m2!4m1!1i2!8m2!3d13.761717!4d109.219274!16s%2Fg%2F11fk15qdmx!19sChIJA3RF6-xsbzERK1JyA1Iv4h0?authuser=0&hl=vi&g_ep=EgoyMDI2MDkwMS4wIJJjKgBIAVAD&rclk=1
2026-09-05 13:50:00,591 | INFO | Valid Google Maps Place URL opened.
2026-09-05 13:50:05,881 | INFO | Address check | score=0.0000 | status=NEED_REVIEW | reason=MISSING_MAPS_ADDRESS
2026-09-05 13:50:05,882 | INFO | Opening Maps URL | attempt=1/3
2026-09-05 13:50:09,107 | INFO | Current Maps URL: https://www.google.com/maps/place/Kh%C3%A1ch+s%E1%BA%A1n+Mira+-+Kh%C3%A1ch+s%E1%BA%A1n+g%E1%BA%A7n+bi%E1%BB%83n+%E1%BB%9F+Quy+Nh%C6%A1n/data=!4m10!3m9!1s0x316f6ceceb457403:0x1de22f520372522b!5m2!4m1!1i2!8m2!3d13.761717!4d109.219274!16s%2Fg%2F11fk15qdmx!19sChIJA3RF6-xsbzERK1JyA1Iv4h0?authuser=0&hl=vi&g_ep=EgoyMDI2MDkwMS4wIJJjKgBIAVAD&rclk=1
2026-09-05 13:50:09,107 | INFO | Valid Google Maps Place URL opened.
2026-09-05 13:50:14,605 | INFO | Address check | score=0.0000 | status=NEED_REVIEW | reason=MISSING_MAPS_ADDRESS
2026-09-05 13:50:14,606 | INFO | Opening Maps URL | attempt=1/3
2026-09-05 13:50:17,586 | INFO | Current Maps URL: https://www.google.com/maps/place/Kh%C3%A1ch+s%E1%BA%A1n+V%C4%A9nh+-+Ph%C3%A1t+-+An/data=!4m7!3m6!1s0x31753b17279bc005:0xda5b06cf7440adb6!8m2!3d10.67935!4d106.7512747!16s%2Fg%2F11q56_tbfc!19sChIJBcCbJxc7dTERtq1AdM8GW9o?authuser=0&hl=vi&g_ep=EgoyMDI2MDkwMS4wIJJjKgBIAVAD&rclk=1
2026-09-05 13:50:17,586 | INFO | Valid Google Maps Place URL opened.
2026-09-05 13:50:22,942 | INFO | Address check | score=0.0000 | status=NEED_REVIEW | reason=MISSING_MAPS_ADDRESS
2026-09-05 13:50:22,943 | INFO | Opening Maps URL | attempt=1/3
2026-09-05 13:50:25,899 | INFO | Current Maps URL: https://www.google.com/maps/place/Kh%C3%A1ch+S%E1%BA%A1n+Ph%C3%BA+Phong/data=!4m7!3m6!1s0x316f220fe53ee481:0xd4d6afc3c01e24e2!8m2!3d13.9091929!4d108.9154051!16s%2Fg%2F1tfsqc61!19sChIJgeQ-5Q8ibzER4iQewMOv1tQ?authuser=0&hl=vi&g_ep=EgoyMDI2MDkwMS4wIJJjKgBIAVAD&rclk=1
2026-09-05 13:50:25,899 | INFO | Valid Google Maps Place URL opened.
2026-09-05 13:50:31,278 | INFO | Address check | score=0.0000 | status=NEED_REVIEW | reason=MISSING_MAPS_ADDRESS
2026-09-05 13:50:31,278 | INFO | CHECKPOINT | processed=740 | matched=2 | mismatched=9 | review=729
2026-09-05 13:50:31,871 | INFO | Excel saved: D:\Product-Google-Maps\output\hotels_export_google_maps_checked.xlsx
2026-09-05 13:50:31,872 | INFO | Opening Maps URL | attempt=1/3
2026-09-05 13:50:35,093 | INFO | Current Maps URL: https://www.google.com/maps/place/Nh%C3%A0+Ngh%E1%BB%89+H%E1%BB%93ng+Linh/data=!4m7!3m6!1s0x31752f3557bf0e5d:0x76f80c6dca97ccf!8m2!3d10.7722386!4d106.6851095!16s%2Fg%2F11h414c91n!19sChIJXQ6_VzUvdTERz3yp3MaAbwc?authuser=0&hl=vi&g_ep=EgoyMDI2MDkwMS4wIJJjKgBIAVAD&rclk=1
2026-09-05 13:50:35,094 | INFO | Valid Google Maps Place URL opened.
2026-09-05 13:50:40,594 | INFO | Address check | score=0.0000 | status=NEED_REVIEW | reason=MISSING_MAPS_ADDRESS
2026-09-05 13:50:40,595 | INFO | Opening Maps URL | attempt=1/3
2026-09-05 13:50:44,087 | INFO | Current Maps URL: https://www.google.com/maps/place/K%C3%AAnh+%C4%91%E1%BA%B7t+ph%C3%B2ng+Kh%C3%A1ch+s%E1%BA%A1n+Quy+Nh%C6%A1n/data=!4m7!3m6!1s0x316f3d17097932dd:0x45b725b076998c6b!8m2!3d13.7708006!4d109.2239552!16s%2Fg%2F11t759qvsd!19sChIJ3TJ5CRc9bzERa4yZdrAlt0U?authuser=0&hl=vi&g_ep=EgoyMDI2MDkwMS4wIJJjKgBIAVAD&rclk=1
2026-09-05 13:50:44,087 | INFO | Valid Google Maps Place URL opened.
2026-09-05 13:50:49,578 | INFO | Address check | score=0.0000 | status=NEED_REVIEW | reason=MISSING_MAPS_ADDRESS
2026-09-05 13:50:49,579 | INFO | Opening Maps URL | attempt=1/3
2026-09-05 13:50:52,541 | INFO | Current Maps URL: https://www.google.com/maps/place/K%C3%AAnh+%C4%91%E1%BA%B7t+ph%C3%B2ng+Kh%C3%A1ch+s%E1%BA%A1n+Quy+Nh%C6%A1n/data=!4m7!3m6!1s0x316f3d17097932dd:0x45b725b076998c6b!8m2!3d13.7708006!4d109.2239552!16s%2Fg%2F11t759qvsd!19sChIJ3TJ5CRc9bzERa4yZdrAlt0U?authuser=0&hl=vi&g_ep=EgoyMDI2MDkwMS4wIJJjKgBIAVAD&rclk=1
2026-09-05 13:50:52,542 | INFO | Valid Google Maps Place URL opened.
2026-09-05 13:50:57,912 | INFO | Address check | score=0.0000 | status=NEED_REVIEW | reason=MISSING_MAPS_ADDRESS
2026-09-05 13:50:57,914 | INFO | Opening Maps URL | attempt=1/3
2026-09-05 13:51:01,000 | INFO | Current Maps URL: https://www.google.com/maps/place/Kh%C3%A1ch+s%E1%BA%A1n+Mira+-+Kh%C3%A1ch+s%E1%BA%A1n+g%E1%BA%A7n+bi%E1%BB%83n+%E1%BB%9F+Quy+Nh%C6%A1n/data=!4m10!3m9!1s0x316f6ceceb457403:0x1de22f520372522b!5m2!4m1!1i2!8m2!3d13.761717!4d109.219274!16s%2Fg%2F11fk15qdmx!19sChIJA3RF6-xsbzERK1JyA1Iv4h0?authuser=0&hl=vi&g_ep=EgoyMDI2MDkwMS4wIJJjKgBIAVAD&rclk=1
2026-09-05 13:51:01,000 | INFO | Valid Google Maps Place URL opened.
2026-09-05 13:51:06,323 | INFO | Address check | score=0.0000 | status=NEED_REVIEW | reason=MISSING_MAPS_ADDRESS
2026-09-05 13:51:06,324 | INFO | Opening Maps URL | attempt=1/3
2026-09-05 13:51:09,409 | INFO | Current Maps URL: https://www.google.com/maps/place/Grand+Hyams+Hotel+-+Quy+Nhon+Beach/data=!4m10!3m9!1s0x316f6c89aeb0a57f:0xe2b7f5f96d62ffaf!5m2!4m1!1i2!8m2!3d13.770187!4d109.233019!16s%2Fg%2F11tk30nyv5!19sChIJf6WwrolsbzERr_9ibfn1t-I?authuser=0&hl=vi&g_ep=EgoyMDI2MDkwMS4wIJJjKgBIAVAD&rclk=1
2026-09-05 13:51:09,409 | INFO | Valid Google Maps Place URL opened.
2026-09-05 13:51:14,856 | INFO | Address check | score=0.0000 | status=NEED_REVIEW | reason=MISSING_MAPS_ADDRESS
2026-09-05 13:51:14,857 | INFO | Opening Maps URL | attempt=1/3
2026-09-05 13:51:17,784 | INFO | Current Maps URL: https://www.google.com/maps/place/Nh%C3%A0+Ch%C3%BA+Ch%C3%ADn+-+Uncle+Nine+homestay/data=!4m10!3m9!1s0x316f6a6c1378dd47:0xeddc94b58e129ca8!5m2!4m1!1i2!8m2!3d13.855727!4d109.254727!16s%2Fg%2F11s78138qz!19sChIJR914E2xqbzERqJwSjrWU3O0?authuser=0&hl=vi&g_ep=EgoyMDI2MDkwMS4wIJJjKgBIAVAD&rclk=1
2026-09-05 13:51:17,784 | INFO | Valid Google Maps Place URL opened.
2026-09-05 13:51:23,187 | INFO | Address check | score=0.0000 | status=NEED_REVIEW | reason=MISSING_MAPS_ADDRESS
2026-09-05 13:51:23,188 | INFO | Opening Maps URL | attempt=1/3
2026-09-05 13:51:26,068 | INFO | Current Maps URL: https://www.google.com/maps/place/Kh%C3%A1ch+s%E1%BA%A1n+Hoa+h%C6%B0%E1%BB%9Bng+d%C6%B0%C6%A1ng/data=!4m7!3m6!1s0x31752e9f8ae87f99:0xe98aa456e87a27b1!8m2!3d10.7710264!4d106.6306976!16s%2Fg%2F11h0mds02c!19sChIJmX_oip8udTERsSd66Fakiuk?authuser=0&hl=vi&g_ep=EgoyMDI2MDkwMS4wIJJjKgBIAVAD&rclk=1
2026-09-05 13:51:26,069 | INFO | Valid Google Maps Place URL opened.
2026-09-05 13:51:31,196 | INFO | Address check | score=0.0000 | status=NEED_REVIEW | reason=MISSING_MAPS_ADDRESS
2026-09-05 13:51:31,197 | INFO | Opening Maps URL | attempt=1/3
2026-09-05 13:51:34,281 | INFO | Current Maps URL: https://www.google.com/maps/place/Centoria+Hotel+Quang+Trung+by+Urban+B/data=!4m10!3m9!1s0x317529a6dc22dc8b:0x1a34fae17dc733c9!5m2!4m1!1i2!8m2!3d10.838062!4d106.659812!16s%2Fg%2F11zbsm3qq5!19sChIJi9wi3KYpdTERyTPHfeH6NBo?authuser=0&hl=vi&g_ep=EgoyMDI2MDkwMS4wIJJjKgBIAVAD&rclk=1
2026-09-05 13:51:34,281 | INFO | Valid Google Maps Place URL opened.
2026-09-05 13:51:39,662 | INFO | Address check | score=0.0000 | status=NEED_REVIEW | reason=MISSING_MAPS_ADDRESS
2026-09-05 13:51:39,664 | INFO | Opening Maps URL | attempt=1/3
2026-09-05 13:51:42,712 | INFO | Current Maps URL: https://www.google.com/maps/place/Ho%C3%A0ng+Gia+Hotel+B%C3%ACnh+%C4%90%E1%BB%8Bnh/data=!4m10!3m9!1s0x3168c256948cc51d:0x3e5348d54f3d38e4!5m2!4m1!1i2!8m2!3d14.562313!4d109.049496!16s%2Fg%2F11zh96cqsz!19sChIJHcWMlFbCaDER5Dg9T9VIUz4?authuser=0&hl=vi&g_ep=EgoyMDI2MDkwMS4wIJJjKgBIAVAD&rclk=1
2026-09-05 13:51:42,713 | INFO | Valid Google Maps Place URL opened.
2026-09-05 13:51:48,235 | INFO | Address check | score=0.0000 | status=NEED_REVIEW | reason=MISSING_MAPS_ADDRESS
2026-09-05 13:51:48,240 | INFO | Opening Maps URL | attempt=1/3
2026-09-05 13:51:51,281 | INFO | Current Maps URL: https://www.google.com/maps/place/Hotel+Kim+Th%C6%B0/data=!4m7!3m6!1s0x31752dd6828c2463:0x2daeede7303803!8m2!3d10.744044!4d106.6253739!16s%2Fg%2F11j630xyv3!19sChIJYySMgtYtdTERAzgw5-2uLQA?authuser=0&hl=vi&g_ep=EgoyMDI2MDkwMS4wIJJjKgBIAVAD&rclk=1
2026-09-05 13:51:51,281 | INFO | Valid Google Maps Place URL opened.
2026-09-05 13:51:56,705 | INFO | Address check | score=0.0000 | status=NEED_REVIEW | reason=MISSING_MAPS_ADDRESS
2026-09-05 13:51:56,705 | INFO | CHECKPOINT | processed=750 | matched=2 | mismatched=9 | review=739
2026-09-05 13:51:57,255 | INFO | Excel saved: D:\Product-Google-Maps\output\hotels_export_google_maps_checked.xlsx
2026-09-05 13:51:57,256 | INFO | Opening Maps URL | attempt=1/3
2026-09-05 13:52:00,165 | INFO | Current Maps URL: https://www.google.com/maps/place/Hotel+Kim+Th%C6%B0/data=!4m7!3m6!1s0x31752dd6828c2463:0x2daeede7303803!8m2!3d10.744044!4d106.6253739!16s%2Fg%2F11j630xyv3!19sChIJYySMgtYtdTERAzgw5-2uLQA?authuser=0&hl=vi&g_ep=EgoyMDI2MDkwMS4wIJJjKgBIAVAD&rclk=1
2026-09-05 13:52:00,166 | INFO | Valid Google Maps Place URL opened.
2026-09-05 13:52:05,528 | INFO | Address check | score=0.0000 | status=NEED_REVIEW | reason=MISSING_MAPS_ADDRESS
2026-09-05 13:52:05,529 | INFO | Opening Maps URL | attempt=1/3
2026-09-05 13:52:08,458 | INFO | Current Maps URL: https://www.google.com/maps/place/Hotel+Kim+Th%C6%B0/data=!4m7!3m6!1s0x31752dd6828c2463:0x2daeede7303803!8m2!3d10.744044!4d106.6253739!16s%2Fg%2F11j630xyv3!19sChIJYySMgtYtdTERAzgw5-2uLQA?authuser=0&hl=vi&g_ep=EgoyMDI2MDkwMS4wIJJjKgBIAVAD&rclk=1
2026-09-05 13:52:08,458 | INFO | Valid Google Maps Place URL opened.
2026-09-05 13:52:13,878 | INFO | Address check | score=0.0000 | status=NEED_REVIEW | reason=MISSING_MAPS_ADDRESS
2026-09-05 13:52:13,879 | INFO | Opening Maps URL | attempt=1/3
2026-09-05 13:52:17,054 | INFO | Current Maps URL: https://www.google.com/maps/place/Kh%C3%A1ch+s%E1%BA%A1n+Mira+-+Kh%C3%A1ch+s%E1%BA%A1n+g%E1%BA%A7n+bi%E1%BB%83n+%E1%BB%9F+Quy+Nh%C6%A1n/data=!4m10!3m9!1s0x316f6ceceb457403:0x1de22f520372522b!5m2!4m1!1i2!8m2!3d13.761717!4d109.219274!16s%2Fg%2F11fk15qdmx!19sChIJA3RF6-xsbzERK1JyA1Iv4h0?authuser=0&hl=vi&g_ep=EgoyMDI2MDkwMS4wIJJjKgBIAVAD&rclk=1
2026-09-05 13:52:17,054 | INFO | Valid Google Maps Place URL opened.
2026-09-05 13:52:22,454 | INFO | Address check | score=0.0000 | status=NEED_REVIEW | reason=MISSING_MAPS_ADDRESS
2026-09-05 13:52:22,455 | INFO | Opening Maps URL | attempt=1/3
2026-09-05 13:52:25,654 | INFO | Current Maps URL: https://www.google.com/maps/place/Grand+Hyams+Hotel+-+Quy+Nhon+Beach/data=!4m10!3m9!1s0x316f6c89aeb0a57f:0xe2b7f5f96d62ffaf!5m2!4m1!1i2!8m2!3d13.770187!4d109.233019!16s%2Fg%2F11tk30nyv5!19sChIJf6WwrolsbzERr_9ibfn1t-I?authuser=0&hl=vi&g_ep=EgoyMDI2MDkwMS4wIJJjKgBIAVAD&rclk=1
2026-09-05 13:52:25,655 | INFO | Valid Google Maps Place URL opened.
2026-09-05 13:52:31,005 | INFO | Address check | score=0.0000 | status=NEED_REVIEW | reason=MISSING_MAPS_ADDRESS
2026-09-05 13:52:31,007 | INFO | Opening Maps URL | attempt=1/3
2026-09-05 13:52:34,652 | INFO | Current Maps URL: https://www.google.com/maps/place/Grand+Hyams+Hotel+-+Quy+Nhon+Beach/data=!4m10!3m9!1s0x316f6c89aeb0a57f:0xe2b7f5f96d62ffaf!5m2!4m1!1i2!8m2!3d13.770187!4d109.233019!16s%2Fg%2F11tk30nyv5!19sChIJf6WwrolsbzERr_9ibfn1t-I?authuser=0&hl=vi&g_ep=EgoyMDI2MDkwMS4wIJJjKgBIAVAD&rclk=1
2026-09-05 13:52:34,652 | INFO | Valid Google Maps Place URL opened.
2026-09-05 13:52:40,061 | INFO | Address check | score=0.0000 | status=NEED_REVIEW | reason=MISSING_MAPS_ADDRESS
2026-09-05 13:52:40,062 | INFO | Opening Maps URL | attempt=1/3
2026-09-05 13:52:43,200 | INFO | Current Maps URL: https://www.google.com/maps/place/Grand+Hyams+Hotel+-+Quy+Nhon+Beach/data=!4m10!3m9!1s0x316f6c89aeb0a57f:0xe2b7f5f96d62ffaf!5m2!4m1!1i2!8m2!3d13.770187!4d109.233019!16s%2Fg%2F11tk30nyv5!19sChIJf6WwrolsbzERr_9ibfn1t-I?authuser=0&hl=vi&g_ep=EgoyMDI2MDkwMS4wIJJjKgBIAVAD&rclk=1
2026-09-05 13:52:43,201 | INFO | Valid Google Maps Place URL opened.
2026-09-05 13:52:48,560 | INFO | Address check | score=0.0000 | status=NEED_REVIEW | reason=MISSING_MAPS_ADDRESS
2026-09-05 13:52:48,561 | INFO | Opening Maps URL | attempt=1/3
2026-09-05 13:52:51,546 | INFO | Current Maps URL: https://www.google.com/maps/place/Kh%C3%A1ch+s%E1%BA%A1n+Sunrise/data=!4m7!3m6!1s0x316f436c4b10abe9:0x5e2f5dfcde2fe89!8m2!3d13.8808188!4d109.291031!16s%2Fg%2F11t178gs3t!19sChIJ6asQS2xDbzERif7izd_14gU?authuser=0&hl=vi&g_ep=EgoyMDI2MDkwMS4wIJJjKgBIAVAD&rclk=1
2026-09-05 13:52:51,546 | INFO | Valid Google Maps Place URL opened.
2026-09-05 13:52:56,919 | INFO | Address check | score=0.0000 | status=NEED_REVIEW | reason=MISSING_MAPS_ADDRESS
2026-09-05 13:52:56,920 | INFO | Opening Maps URL | attempt=1/3
2026-09-05 13:52:59,835 | INFO | Current Maps URL: https://www.google.com/maps/place/Kh%C3%A1ch+s%E1%BA%A1n+Sunrise/data=!4m7!3m6!1s0x316f436c4b10abe9:0x5e2f5dfcde2fe89!8m2!3d13.8808188!4d109.291031!16s%2Fg%2F11t178gs3t!19sChIJ6asQS2xDbzERif7izd_14gU?authuser=0&hl=vi&g_ep=EgoyMDI2MDkwMS4wIJJjKgBIAVAD&rclk=1
2026-09-05 13:52:59,835 | INFO | Valid Google Maps Place URL opened.
2026-09-05 13:53:05,211 | INFO | Address check | score=0.0000 | status=NEED_REVIEW | reason=MISSING_MAPS_ADDRESS
2026-09-05 13:53:05,212 | INFO | Opening Maps URL | attempt=1/3
2026-09-05 13:53:08,241 | INFO | Current Maps URL: https://www.google.com/maps/place/Kh%C3%A1ch+s%E1%BA%A1n+Sunrise/data=!4m7!3m6!1s0x316f436c4b10abe9:0x5e2f5dfcde2fe89!8m2!3d13.8808188!4d109.291031!16s%2Fg%2F11t178gs3t!19sChIJ6asQS2xDbzERif7izd_14gU?authuser=0&hl=vi&g_ep=EgoyMDI2MDkwMS4wIJJjKgBIAVAD&rclk=1
2026-09-05 13:53:08,244 | INFO | Valid Google Maps Place URL opened.
2026-09-05 13:53:13,655 | INFO | Address check | score=0.0000 | status=NEED_REVIEW | reason=MISSING_MAPS_ADDRESS
2026-09-05 13:53:13,656 | INFO | Opening Maps URL | attempt=1/3
2026-09-05 13:53:16,756 | INFO | Current Maps URL: https://www.google.com/maps/place/Kh%C3%A1ch+S%E1%BA%A1n+T%C3%A2y+%C4%90%C3%B4/data=!4m7!3m6!1s0x316c20382b5f3ce7:0x4b68e65b56e4d5fb!8m2!3d13.949559!4d108.0127944!16s%2Fg%2F11j00sr5nh!19sChIJ5zxfKzggbDER-9XkVlvmaEs?authuser=0&hl=vi&g_ep=EgoyMDI2MDkwMS4wIJJjKgBIAVAD&rclk=1
2026-09-05 13:53:16,756 | INFO | Valid Google Maps Place URL opened.
2026-09-05 13:53:22,216 | INFO | Address check | score=0.0000 | status=NEED_REVIEW | reason=MISSING_MAPS_ADDRESS
2026-09-05 13:53:22,217 | INFO | CHECKPOINT | processed=760 | matched=2 | mismatched=9 | review=749
2026-09-05 13:53:22,811 | INFO | Excel saved: D:\Product-Google-Maps\output\hotels_export_google_maps_checked.xlsx
2026-09-05 13:53:22,812 | INFO | Opening Maps URL | attempt=1/3
2026-09-05 13:53:25,737 | INFO | Current Maps URL: https://www.google.com/maps/place/Kh%C3%A1ch+S%E1%BA%A1n+T%C3%A2y+%C4%90%C3%B4/data=!4m7!3m6!1s0x316c20382b5f3ce7:0x4b68e65b56e4d5fb!8m2!3d13.949559!4d108.0127944!16s%2Fg%2F11j00sr5nh!19sChIJ5zxfKzggbDER-9XkVlvmaEs?authuser=0&hl=vi&g_ep=EgoyMDI2MDkwMS4wIJJjKgBIAVAD&rclk=1
2026-09-05 13:53:25,738 | INFO | Valid Google Maps Place URL opened.
2026-09-05 13:53:31,094 | INFO | Address check | score=0.0000 | status=NEED_REVIEW | reason=MISSING_MAPS_ADDRESS
2026-09-05 13:53:31,095 | INFO | Opening Maps URL | attempt=1/3
2026-09-05 13:53:34,007 | INFO | Current Maps URL: https://www.google.com/maps/place/Kh%C3%A1ch+s%E1%BA%A1n+Th%E1%BA%A3o+Nguy%C3%AAn/data=!4m7!3m6!1s0x31753139db7b7201:0x24c8dbcbd08ba1ea!8m2!3d10.6440388!4d106.6964419!16s%2Fg%2F11zd5r7w79!19sChIJAXJ72zkxdTER6qGL0MvbyCQ?authuser=0&hl=vi&g_ep=EgoyMDI2MDkwMS4wIJJjKgBIAVAD&rclk=1
2026-09-05 13:53:34,007 | INFO | Valid Google Maps Place URL opened.
2026-09-05 13:53:39,374 | INFO | Address check | score=0.0000 | status=NEED_REVIEW | reason=MISSING_MAPS_ADDRESS
2026-09-05 13:53:39,375 | INFO | Opening Maps URL | attempt=1/3
2026-09-05 13:53:42,533 | INFO | Current Maps URL: https://www.google.com/maps/place/Th%C4%83ng+Long/data=!4m7!3m6!1s0x316f6c835533bb25:0x8d08da561114374c!8m2!3d13.7797631!4d109.2237325!16s%2Fg%2F1tdxbs6g!19sChIJJbszVYNsbzERTDcUEVbaCI0?authuser=0&hl=vi&g_ep=EgoyMDI2MDkwMS4wIJJjKgBIAVAD&rclk=1
2026-09-05 13:53:42,534 | INFO | Valid Google Maps Place URL opened.
2026-09-05 13:53:47,897 | INFO | Address check | score=0.0000 | status=NEED_REVIEW | reason=MISSING_MAPS_ADDRESS
2026-09-05 13:53:47,899 | INFO | Opening Maps URL | attempt=1/3
2026-09-05 13:53:51,045 | INFO | Current Maps URL: https://www.google.com/maps/place/Kh%C3%A1ch+s%E1%BA%A1n+Mira+-+Kh%C3%A1ch+s%E1%BA%A1n+g%E1%BA%A7n+bi%E1%BB%83n+%E1%BB%9F+Quy+Nh%C6%A1n/data=!4m10!3m9!1s0x316f6ceceb457403:0x1de22f520372522b!5m2!4m1!1i2!8m2!3d13.761717!4d109.219274!16s%2Fg%2F11fk15qdmx!19sChIJA3RF6-xsbzERK1JyA1Iv4h0?authuser=0&hl=vi&g_ep=EgoyMDI2MDkwMS4wIJJjKgBIAVAD&rclk=1
2026-09-05 13:53:51,045 | INFO | Valid Google Maps Place URL opened.
2026-09-05 13:53:56,355 | INFO | Address check | score=0.0000 | status=NEED_REVIEW | reason=MISSING_MAPS_ADDRESS
2026-09-05 13:53:56,356 | INFO | Opening Maps URL | attempt=1/3
2026-09-05 13:53:59,299 | INFO | Current Maps URL: https://www.google.com/maps/place/Thien+Thanh+Hotel/data=!4m10!3m9!1s0x3171133e550f1745:0x8a72db6f34d5d299!5m2!4m1!1i2!8m2!3d11.929473!4d108.448507!16s%2Fg%2F11qnstvg9b!19sChIJRRcPVT4TcTERmdLVNG_bcoo?authuser=0&hl=vi&g_ep=EgoyMDI2MDkwMS4wIJJjKgBIAVAD&rclk=1
2026-09-05 13:53:59,299 | INFO | Valid Google Maps Place URL opened.
2026-09-05 13:54:04,716 | INFO | Address check | score=0.0000 | status=NEED_REVIEW | reason=MISSING_MAPS_ADDRESS
2026-09-05 13:54:04,718 | INFO | Opening Maps URL | attempt=1/3
2026-09-05 13:54:07,664 | INFO | Current Maps URL: https://www.google.com/maps/place/Kh%C3%A1ch+s%E1%BA%A1n+Tu%E1%BA%A5n+Hi%E1%BB%81n/data=!4m7!3m6!1s0x316c27e5ccdfd77b:0xf3f9fe4be7e0e7c8!8m2!3d13.8600691!4d107.9535454!16s%2Fg%2F11n4cf5zfj!19sChIJe9ffzOUnbDERyOfg50v--fM?authuser=0&hl=vi&g_ep=EgoyMDI2MDkwMS4wIJJjKgBIAVAD&rclk=1
2026-09-05 13:54:07,664 | INFO | Valid Google Maps Place URL opened.
2026-09-05 13:54:13,093 | INFO | Address check | score=0.0000 | status=NEED_REVIEW | reason=MISSING_MAPS_ADDRESS
2026-09-05 13:54:13,094 | INFO | Opening Maps URL | attempt=1/3
2026-09-05 13:54:16,161 | INFO | Current Maps URL: https://www.google.com/maps/place/Sandals+Ho%C3%A0ng+Y%E1%BA%BFn+Hotel/data=!4m10!3m9!1s0x316f6ce8d2ede58f:0x6d80a1665b1e8fdc!5m2!4m1!1i2!8m2!3d13.754635!4d109.217601!16s%2Fg%2F1tjfdb1t!19sChIJj-Xt0uhsbzER3I8eW2ahgG0?authuser=0&hl=vi&g_ep=EgoyMDI2MDkwMS4wIJJjKgBIAVAD&rclk=1
2026-09-05 13:54:16,161 | INFO | Valid Google Maps Place URL opened.
2026-09-05 13:54:21,626 | INFO | Address check | score=0.0000 | status=NEED_REVIEW | reason=MISSING_MAPS_ADDRESS
2026-09-05 13:54:21,627 | INFO | Opening Maps URL | attempt=1/3
2026-09-05 13:54:24,743 | INFO | Current Maps URL: https://www.google.com/maps/place/Sandals+Ho%C3%A0ng+Y%E1%BA%BFn+Hotel/data=!4m10!3m9!1s0x316f6ce8d2ede58f:0x6d80a1665b1e8fdc!5m2!4m1!1i2!8m2!3d13.754635!4d109.217601!16s%2Fg%2F1tjfdb1t!19sChIJj-Xt0uhsbzER3I8eW2ahgG0?authuser=0&hl=vi&g_ep=EgoyMDI2MDkwMS4wIJJjKgBIAVAD&rclk=1
2026-09-05 13:54:24,743 | INFO | Valid Google Maps Place URL opened.
2026-09-05 13:54:30,108 | INFO | Address check | score=0.0000 | status=NEED_REVIEW | reason=MISSING_MAPS_ADDRESS
2026-09-05 13:54:30,109 | INFO | Opening Maps URL | attempt=1/3
2026-09-05 13:54:33,115 | INFO | Current Maps URL: https://www.google.com/maps/place/kh%C3%A1ch+s%E1%BA%A1n+m%E1%BB%B9+%C4%90i%E1%BB%81n/data=!4m7!3m6!1s0x317525005dd21e19:0xc9467ec670478564!8m2!3d10.713884!4d106.7383224!16s%2Fg%2F11w3xnjg4n!19sChIJGR7SXQAldTERZIVHcMZ-Rsk?authuser=0&hl=vi&g_ep=EgoyMDI2MDkwMS4wIJJjKgBIAVAD&rclk=1
2026-09-05 13:54:33,115 | INFO | Valid Google Maps Place URL opened.
2026-09-05 13:54:38,442 | INFO | Address check | score=0.0000 | status=NEED_REVIEW | reason=MISSING_MAPS_ADDRESS
2026-09-05 13:54:38,443 | INFO | Opening Maps URL | attempt=1/3
2026-09-05 13:54:41,517 | INFO | Current Maps URL: https://www.google.com/maps/place/kh%C3%A1ch+s%E1%BA%A1n+m%E1%BB%B9+%C4%90i%E1%BB%81n/data=!4m7!3m6!1s0x317525005dd21e19:0xc9467ec670478564!8m2!3d10.713884!4d106.7383224!16s%2Fg%2F11w3xnjg4n!19sChIJGR7SXQAldTERZIVHcMZ-Rsk?authuser=0&hl=vi&g_ep=EgoyMDI2MDkwMS4wIJJjKgBIAVAD&rclk=1
2026-09-05 13:54:41,517 | INFO | Valid Google Maps Place URL opened.
2026-09-05 13:54:46,878 | INFO | Address check | score=0.0000 | status=NEED_REVIEW | reason=MISSING_MAPS_ADDRESS
2026-09-05 13:54:46,879 | INFO | CHECKPOINT | processed=770 | matched=2 | mismatched=9 | review=759
2026-09-05 13:54:47,442 | INFO | Excel saved: D:\Product-Google-Maps\output\hotels_export_google_maps_checked.xlsx
2026-09-05 13:54:47,442 | INFO | Opening Maps URL | attempt=1/3
2026-09-05 13:54:50,451 | INFO | Current Maps URL: https://www.google.com/maps/place/kh%C3%A1ch+s%E1%BA%A1n+m%E1%BB%B9+%C4%90i%E1%BB%81n/data=!4m7!3m6!1s0x317525005dd21e19:0xc9467ec670478564!8m2!3d10.713884!4d106.7383224!16s%2Fg%2F11w3xnjg4n!19sChIJGR7SXQAldTERZIVHcMZ-Rsk?authuser=0&hl=vi&g_ep=EgoyMDI2MDkwMS4wIJJjKgBIAVAD&rclk=1
2026-09-05 13:54:50,451 | INFO | Valid Google Maps Place URL opened.
2026-09-05 13:54:55,773 | INFO | Address check | score=0.0000 | status=NEED_REVIEW | reason=MISSING_MAPS_ADDRESS
2026-09-05 13:54:55,774 | INFO | Opening Maps URL | attempt=1/3
2026-09-05 13:54:58,834 | INFO | Current Maps URL: https://www.google.com/maps/place/kh%C3%A1ch+s%E1%BA%A1n+m%E1%BB%B9+%C4%90i%E1%BB%81n/data=!4m7!3m6!1s0x317525005dd21e19:0xc9467ec670478564!8m2!3d10.713884!4d106.7383224!16s%2Fg%2F11w3xnjg4n!19sChIJGR7SXQAldTERZIVHcMZ-Rsk?authuser=0&hl=vi&g_ep=EgoyMDI2MDkwMS4wIJJjKgBIAVAD&rclk=1
2026-09-05 13:54:58,834 | INFO | Valid Google Maps Place URL opened.
2026-09-05 13:55:04,176 | INFO | Address check | score=0.0000 | status=NEED_REVIEW | reason=MISSING_MAPS_ADDRESS
2026-09-05 13:55:04,177 | INFO | Opening Maps URL | attempt=1/3
2026-09-05 13:55:07,157 | INFO | Current Maps URL: https://www.google.com/maps/place/kh%C3%A1ch+s%E1%BA%A1n+m%E1%BB%B9+%C4%90i%E1%BB%81n/data=!4m7!3m6!1s0x317525005dd21e19:0xc9467ec670478564!8m2!3d10.713884!4d106.7383224!16s%2Fg%2F11w3xnjg4n!19sChIJGR7SXQAldTERZIVHcMZ-Rsk?authuser=0&hl=vi&g_ep=EgoyMDI2MDkwMS4wIJJjKgBIAVAD&rclk=1
2026-09-05 13:55:07,157 | INFO | Valid Google Maps Place URL opened.
2026-09-05 13:55:12,604 | INFO | Address check | score=0.0000 | status=NEED_REVIEW | reason=MISSING_MAPS_ADDRESS
2026-09-05 13:55:12,605 | INFO | Opening Maps URL | attempt=1/3
2026-09-05 13:55:15,590 | INFO | Current Maps URL: https://www.google.com/maps/place/kh%C3%A1ch+s%E1%BA%A1n+m%E1%BB%B9+%C4%90i%E1%BB%81n/@10.713884,106.7383224,17z/data=!3m1!4b1!4m6!3m5!1s0x317525005dd21e19:0xc9467ec670478564!8m2!3d10.713884!4d106.7383224!16s%2Fg%2F11w3xnjg4n?authuser=0&hl=vi&entry=ttu&g_ep=EgoyMDI2MDkwMi4wIKXMDSoASAFQAw%3D%3D
2026-09-05 13:55:15,591 | INFO | Valid Google Maps Place URL opened.
2026-09-05 13:55:21,024 | INFO | Address check | score=0.0000 | status=NEED_REVIEW | reason=MISSING_MAPS_ADDRESS
2026-09-05 13:55:21,025 | INFO | Opening Maps URL | attempt=1/3
2026-09-05 13:55:24,116 | INFO | Current Maps URL: https://www.google.com/maps/place/kh%C3%A1ch+s%E1%BA%A1n+m%E1%BB%B9+%C4%90i%E1%BB%81n/@10.713884,106.7383224,17z/data=!3m1!4b1!4m6!3m5!1s0x317525005dd21e19:0xc9467ec670478564!8m2!3d10.713884!4d106.7383224!16s%2Fg%2F11w3xnjg4n?authuser=0&hl=vi&entry=ttu&g_ep=EgoyMDI2MDkwMi4wIKXMDSoASAFQAw%3D%3D
2026-09-05 13:55:24,116 | INFO | Valid Google Maps Place URL opened.
2026-09-05 13:55:29,417 | INFO | Address check | score=0.0000 | status=NEED_REVIEW | reason=MISSING_MAPS_ADDRESS
2026-09-05 13:55:29,418 | INFO | Opening Maps URL | attempt=1/3
2026-09-05 13:55:32,334 | INFO | Current Maps URL: https://www.google.com/maps/place/kh%C3%A1ch+s%E1%BA%A1n+m%E1%BB%B9+%C4%90i%E1%BB%81n/@10.713884,106.7383224,17z/data=!3m1!4b1!4m6!3m5!1s0x317525005dd21e19:0xc9467ec670478564!8m2!3d10.713884!4d106.7383224!16s%2Fg%2F11w3xnjg4n?authuser=0&hl=vi&entry=ttu&g_ep=EgoyMDI2MDkwMi4wIKXMDSoASAFQAw%3D%3D
2026-09-05 13:55:32,334 | INFO | Valid Google Maps Place URL opened.
2026-09-05 13:55:37,619 | INFO | Address check | score=0.0000 | status=NEED_REVIEW | reason=MISSING_MAPS_ADDRESS
2026-09-05 13:55:37,620 | INFO | Opening Maps URL | attempt=1/3
2026-09-05 13:55:40,557 | INFO | Current Maps URL: https://www.google.com/maps/place/kh%C3%A1ch+s%E1%BA%A1n+m%E1%BB%B9+%C4%90i%E1%BB%81n/@10.713884,106.7383224,17z/data=!3m1!4b1!4m6!3m5!1s0x317525005dd21e19:0xc9467ec670478564!8m2!3d10.713884!4d106.7383224!16s%2Fg%2F11w3xnjg4n?authuser=0&hl=vi&entry=ttu&g_ep=EgoyMDI2MDkwMi4wIKXMDSoASAFQAw%3D%3D
2026-09-05 13:55:40,557 | INFO | Valid Google Maps Place URL opened.
2026-09-05 13:55:45,872 | INFO | Address check | score=0.0000 | status=NEED_REVIEW | reason=MISSING_MAPS_ADDRESS
2026-09-05 13:55:45,873 | INFO | Opening Maps URL | attempt=1/3
2026-09-05 13:55:48,816 | INFO | Current Maps URL: https://www.google.com/maps/place/kh%C3%A1ch+s%E1%BA%A1n+m%E1%BB%B9+%C4%90i%E1%BB%81n/@10.713884,106.7383224,17z/data=!3m1!4b1!4m6!3m5!1s0x317525005dd21e19:0xc9467ec670478564!8m2!3d10.713884!4d106.7383224!16s%2Fg%2F11w3xnjg4n?authuser=0&hl=vi&entry=ttu&g_ep=EgoyMDI2MDkwMi4wIKXMDSoASAFQAw%3D%3D
2026-09-05 13:55:48,816 | INFO | Valid Google Maps Place URL opened.
2026-09-05 13:55:54,080 | INFO | Address check | score=0.0000 | status=NEED_REVIEW | reason=MISSING_MAPS_ADDRESS
2026-09-05 13:55:54,081 | INFO | Opening Maps URL | attempt=1/3
2026-09-05 13:55:57,036 | INFO | Current Maps URL: https://www.google.com/maps/place/Thung+L%C5%A9ng+Xanh+TQK+Hotel/data=!4m10!3m9!1s0x317112b89bb68659:0xfbebec1f1272169f!5m2!4m1!1i2!8m2!3d11.971185!4d108.443449!16s%2Fg%2F11kj_38pl4!19sChIJWYa2m7gScTERnxZyEh_s6_s?authuser=0&hl=vi&g_ep=EgoyMDI2MDkwMS4wIJJjKgBIAVAD&rclk=1
2026-09-05 13:55:57,036 | INFO | Valid Google Maps Place URL opened.
2026-09-05 13:56:02,601 | INFO | Address check | score=0.0000 | status=NEED_REVIEW | reason=MISSING_MAPS_ADDRESS
2026-09-05 13:56:02,603 | INFO | Opening Maps URL | attempt=1/3
2026-09-05 13:56:05,550 | INFO | Current Maps URL: https://www.google.com/maps/place/Life+Beach+Club+Resort/data=!4m10!3m9!1s0x316f46cd5428a7bd:0x891020466cb0c562!5m2!4m1!1i2!8m2!3d13.960958!4d109.247702!16s%2Fg%2F11vz47znxj!19sChIJvacoVM1GbzERYsWwbEYgEIk?authuser=0&hl=vi&g_ep=EgoyMDI2MDkwMS4wIJJjKgBIAVAD&rclk=1
2026-09-05 13:56:05,551 | INFO | Valid Google Maps Place URL opened.
2026-09-05 13:56:10,939 | INFO | Address check | score=0.0000 | status=NEED_REVIEW | reason=MISSING_MAPS_ADDRESS
2026-09-05 13:56:10,940 | INFO | CHECKPOINT | processed=780 | matched=2 | mismatched=9 | review=769
2026-09-05 13:56:11,487 | INFO | Excel saved: D:\Product-Google-Maps\output\hotels_export_google_maps_checked.xlsx
2026-09-05 13:56:11,488 | INFO | Opening Maps URL | attempt=1/3
2026-09-05 13:56:14,556 | INFO | Current Maps URL: https://www.google.com/maps/place/Life+Beach+Club+Resort/data=!4m10!3m9!1s0x316f46cd5428a7bd:0x891020466cb0c562!5m2!4m1!1i2!8m2!3d13.960958!4d109.247702!16s%2Fg%2F11vz47znxj!19sChIJvacoVM1GbzERYsWwbEYgEIk?authuser=0&hl=vi&g_ep=EgoyMDI2MDkwMS4wIJJjKgBIAVAD&rclk=1
2026-09-05 13:56:14,556 | INFO | Valid Google Maps Place URL opened.
2026-09-05 13:56:19,916 | INFO | Address check | score=0.0000 | status=NEED_REVIEW | reason=MISSING_MAPS_ADDRESS
2026-09-05 13:56:19,918 | INFO | Opening Maps URL | attempt=1/3
2026-09-05 13:56:22,946 | INFO | Current Maps URL: https://www.google.com/maps/place/Life+Beach+Club+Resort/data=!4m10!3m9!1s0x316f46cd5428a7bd:0x891020466cb0c562!5m2!4m1!1i2!8m2!3d13.960958!4d109.247702!16s%2Fg%2F11vz47znxj!19sChIJvacoVM1GbzERYsWwbEYgEIk?authuser=0&hl=vi&g_ep=EgoyMDI2MDkwMS4wIJJjKgBIAVAD&rclk=1
2026-09-05 13:56:22,946 | INFO | Valid Google Maps Place URL opened.
2026-09-05 13:56:28,276 | INFO | Address check | score=0.0000 | status=NEED_REVIEW | reason=MISSING_MAPS_ADDRESS
2026-09-05 13:56:28,277 | INFO | Opening Maps URL | attempt=1/3
2026-09-05 13:56:31,281 | INFO | Current Maps URL: https://www.google.com/maps/place/Life+Beach+Club+Resort/data=!4m10!3m9!1s0x316f46cd5428a7bd:0x891020466cb0c562!5m2!4m1!1i2!8m2!3d13.960958!4d109.247702!16s%2Fg%2F11vz47znxj!19sChIJvacoVM1GbzERYsWwbEYgEIk?authuser=0&hl=vi&g_ep=EgoyMDI2MDkwMS4wIJJjKgBIAVAD&rclk=1
2026-09-05 13:56:31,282 | INFO | Valid Google Maps Place URL opened.
2026-09-05 13:56:36,576 | INFO | Address check | score=0.0000 | status=NEED_REVIEW | reason=MISSING_MAPS_ADDRESS
2026-09-05 13:56:36,577 | INFO | Opening Maps URL | attempt=1/3
2026-09-05 13:56:39,907 | INFO | Current Maps URL: https://www.google.com/maps/place/TTC+Hotel+-+Airport+-+Kh%C3%A1ch+S%E1%BA%A1n+TTC+Ho%C3%A0ng+V%C4%83n+Th%E1%BB%A5+Gi%C3%A1+T%E1%BB%91t+G%E1%BA%A7n+S%C3%A2n+Bay/data=!4m10!3m9!1s0x3175293058b88a59:0xf128e53d41bf4c03!5m2!4m1!1i2!8m2!3d10.80041!4d106.66164!16s%2Fg%2F1tg136x9!19sChIJWYq4WDApdTERA0y_QT3lKPE?authuser=0&hl=vi&g_ep=EgoyMDI2MDkwMS4wIJJjKgBIAVAD&rclk=1
2026-09-05 13:56:39,907 | INFO | Valid Google Maps Place URL opened.
2026-09-05 13:56:45,268 | INFO | Address check | score=0.0000 | status=NEED_REVIEW | reason=MISSING_MAPS_ADDRESS
2026-09-05 13:56:45,269 | INFO | Opening Maps URL | attempt=1/3
2026-09-05 13:56:48,514 | INFO | Current Maps URL: https://www.google.com/maps/place/TTC+Hotel+-+Airport+-+Kh%C3%A1ch+S%E1%BA%A1n+TTC+Ho%C3%A0ng+V%C4%83n+Th%E1%BB%A5+Gi%C3%A1+T%E1%BB%91t+G%E1%BA%A7n+S%C3%A2n+Bay/data=!4m10!3m9!1s0x3175293058b88a59:0xf128e53d41bf4c03!5m2!4m1!1i2!8m2!3d10.80041!4d106.66164!16s%2Fg%2F1tg136x9!19sChIJWYq4WDApdTERA0y_QT3lKPE?authuser=0&hl=vi&g_ep=EgoyMDI2MDkwMS4wIJJjKgBIAVAD&rclk=1
2026-09-05 13:56:48,515 | INFO | Valid Google Maps Place URL opened.
2026-09-05 13:56:53,872 | INFO | Address check | score=0.0000 | status=NEED_REVIEW | reason=MISSING_MAPS_ADDRESS
2026-09-05 13:56:53,874 | INFO | Opening Maps URL | attempt=1/3
2026-09-05 13:56:57,518 | INFO | Current Maps URL: https://www.google.com/maps/place/Kh%C3%A1ch+s%E1%BA%A1n+Mira+-+Kh%C3%A1ch+s%E1%BA%A1n+g%E1%BA%A7n+bi%E1%BB%83n+%E1%BB%9F+Quy+Nh%C6%A1n/data=!4m10!3m9!1s0x316f6ceceb457403:0x1de22f520372522b!5m2!4m1!1i2!8m2!3d13.761717!4d109.219274!16s%2Fg%2F11fk15qdmx!19sChIJA3RF6-xsbzERK1JyA1Iv4h0?authuser=0&hl=vi&g_ep=EgoyMDI2MDkwMS4wIJJjKgBIAVAD&rclk=1
2026-09-05 13:56:57,518 | INFO | Valid Google Maps Place URL opened.
2026-09-05 13:57:03,099 | INFO | Address check | score=0.0000 | status=NEED_REVIEW | reason=MISSING_MAPS_ADDRESS
2026-09-05 13:57:03,100 | INFO | Opening Maps URL | attempt=1/3
2026-09-05 13:57:06,343 | INFO | Current Maps URL: https://www.google.com/maps/place/Kh%C3%A1ch+s%E1%BA%A1n+M%C6%B0%E1%BB%9Dng+Thanh+Quy+Nh%C6%A1n/data=!4m10!3m9!1s0x316f6c63266f0b61:0xa880a4e3e56c7806!5m2!4m1!1i2!8m2!3d13.772077!4d109.238862!16s%2Fg%2F12hkbf13m!19sChIJYQtvJmNsbzERBnhs5eOkgKg?authuser=0&hl=vi&g_ep=EgoyMDI2MDkwMS4wIJJjKgBIAVAD&rclk=1
2026-09-05 13:57:06,343 | INFO | Valid Google Maps Place URL opened.
2026-09-05 13:57:11,686 | INFO | Address check | score=0.0000 | status=NEED_REVIEW | reason=MISSING_MAPS_ADDRESS
2026-09-05 13:57:11,687 | INFO | Opening Maps URL | attempt=1/3
2026-09-05 13:57:14,877 | INFO | Current Maps URL: https://www.google.com/maps/place/Kh%C3%A1ch+s%E1%BA%A1n+Mira+-+Kh%C3%A1ch+s%E1%BA%A1n+g%E1%BA%A7n+bi%E1%BB%83n+%E1%BB%9F+Quy+Nh%C6%A1n/data=!4m10!3m9!1s0x316f6ceceb457403:0x1de22f520372522b!5m2!4m1!1i2!8m2!3d13.761717!4d109.219274!16s%2Fg%2F11fk15qdmx!19sChIJA3RF6-xsbzERK1JyA1Iv4h0?authuser=0&hl=vi&g_ep=EgoyMDI2MDkwMS4wIJJjKgBIAVAD&rclk=1
2026-09-05 13:57:14,877 | INFO | Valid Google Maps Place URL opened.
2026-09-05 13:57:20,197 | INFO | Address check | score=0.0000 | status=NEED_REVIEW | reason=MISSING_MAPS_ADDRESS
2026-09-05 13:57:20,198 | INFO | Opening Maps URL | attempt=1/3
2026-09-05 13:57:23,306 | INFO | Current Maps URL: https://www.google.com/maps/place/Kh%C3%A1ch+s%E1%BA%A1n+Pleiku/data=!4m10!3m9!1s0x316c1f9beeafdc63:0xd112ab483882c1ec!5m2!4m1!1i2!8m2!3d13.98526!4d108.007592!16s%2Fg%2F1tdy1zcp!19sChIJY9yv7psfbDER7MGCOEirEtE?authuser=0&hl=vi&g_ep=EgoyMDI2MDkwMS4wIJJjKgBIAVAD&rclk=1
2026-09-05 13:57:23,306 | INFO | Valid Google Maps Place URL opened.
2026-09-05 13:57:28,713 | INFO | Address check | score=0.0000 | status=NEED_REVIEW | reason=MISSING_MAPS_ADDRESS
2026-09-05 13:57:28,715 | INFO | Opening Maps URL | attempt=1/3
2026-09-05 13:57:31,681 | INFO | Current Maps URL: https://www.google.com/maps/place/Motel+Shine/data=!4m7!3m6!1s0x316f43000c5c853b:0xf7cf95dee8e447c4!8m2!3d13.8838942!4d109.2880708!16s%2Fg%2F11y327x8pz!19sChIJO4VcDABDbzERxEfk6N6Vz_c?authuser=0&hl=vi&g_ep=EgoyMDI2MDkwMS4wIJJjKgBIAVAD&rclk=1
2026-09-05 13:57:31,681 | INFO | Valid Google Maps Place URL opened.
2026-09-05 13:57:37,217 | INFO | Address check | score=0.0000 | status=NEED_REVIEW | reason=MISSING_MAPS_ADDRESS
2026-09-05 13:57:37,217 | INFO | CHECKPOINT | processed=790 | matched=2 | mismatched=9 | review=779
2026-09-05 13:57:37,850 | INFO | Excel saved: D:\Product-Google-Maps\output\hotels_export_google_maps_checked.xlsx
2026-09-05 13:57:37,852 | INFO | Opening Maps URL | attempt=1/3
2026-09-05 13:57:40,833 | INFO | Current Maps URL: https://www.google.com/maps/place/Blossom+Sea+Homestay+Quy+Nh%C6%A1n/data=!4m10!3m9!1s0x316f6d0b5cf629c9:0xf1470373af24e2f0!5m2!4m1!1i2!8m2!3d13.7648699!4d109.2199544!16s%2Fg%2F11jm9wvk1n!19sChIJySn2XAttbzER8OIkr3MDR_E?authuser=0&hl=vi&g_ep=EgoyMDI2MDkwMS4wIJJjKgBIAVAD&rclk=1
2026-09-05 13:57:40,837 | INFO | Valid Google Maps Place URL opened.
2026-09-05 13:57:46,005 | INFO | Address check | score=0.0000 | status=NEED_REVIEW | reason=MISSING_MAPS_ADDRESS
2026-09-05 13:57:46,006 | INFO | Opening Maps URL | attempt=1/3
2026-09-05 13:57:49,102 | INFO | Current Maps URL: https://www.google.com/maps/place/Blossom+Sea+Homestay+Quy+Nh%C6%A1n/data=!4m10!3m9!1s0x316f6d0b5cf629c9:0xf1470373af24e2f0!5m2!4m1!1i2!8m2!3d13.7648699!4d109.2199544!16s%2Fg%2F11jm9wvk1n!19sChIJySn2XAttbzER8OIkr3MDR_E?authuser=0&hl=vi&g_ep=EgoyMDI2MDkwMS4wIJJjKgBIAVAD&rclk=1
2026-09-05 13:57:49,102 | INFO | Valid Google Maps Place URL opened.
2026-09-05 13:57:54,231 | INFO | Address check | score=0.0000 | status=NEED_REVIEW | reason=MISSING_MAPS_ADDRESS
2026-09-05 13:57:54,232 | INFO | Opening Maps URL | attempt=1/3
2026-09-05 13:57:57,333 | INFO | Current Maps URL: https://www.google.com/maps/place/M%E1%BB%99c+Th%E1%BA%A1ch+Coffee+Homestay/data=!4m10!3m9!1s0x316e81c134a80817:0x4d6f1fbfe879ddbb!5m2!4m1!1i2!8m2!3d13.6887675!4d108.077148!16s%2Fg%2F11ymnbhms4!19sChIJFwioNMGBbjERu9156L8fb00?authuser=0&hl=vi&g_ep=EgoyMDI2MDkwMS4wIJJjKgBIAVAD&rclk=1
2026-09-05 13:57:57,334 | INFO | Valid Google Maps Place URL opened.
2026-09-05 13:58:02,355 | INFO | Address check | score=0.0000 | status=NEED_REVIEW | reason=MISSING_MAPS_ADDRESS
2026-09-05 13:58:02,356 | INFO | Opening Maps URL | attempt=1/3
2026-09-05 13:58:05,256 | INFO | Current Maps URL: https://www.google.com/maps/place/Homestay+MyTran+-+HauLoan/data=!4m10!3m9!1s0x316f6bbccde49e57:0xf0d84eebc39da5cb!5m2!4m1!1i2!8m2!3d13.8118387!4d109.2214217!16s%2Fg%2F11r9v731s1!19sChIJV57kzbxrbzERy6Wdw-tO2PA?authuser=0&hl=vi&g_ep=EgoyMDI2MDkwMS4wIJJjKgBIAVAD&rclk=1
2026-09-05 13:58:05,257 | INFO | Valid Google Maps Place URL opened.
2026-09-05 13:58:10,546 | INFO | Address check | score=0.0000 | status=NEED_REVIEW | reason=MISSING_MAPS_ADDRESS
2026-09-05 13:58:10,548 | INFO | Opening Maps URL | attempt=1/3
2026-09-05 13:58:13,518 | INFO | Current Maps URL: https://www.google.com/maps/place/Homestay+MyTran+-+HauLoan/data=!4m10!3m9!1s0x316f6bbccde49e57:0xf0d84eebc39da5cb!5m2!4m1!1i2!8m2!3d13.8118387!4d109.2214217!16s%2Fg%2F11r9v731s1!19sChIJV57kzbxrbzERy6Wdw-tO2PA?authuser=0&hl=vi&g_ep=EgoyMDI2MDkwMS4wIJJjKgBIAVAD&rclk=1
2026-09-05 13:58:13,518 | INFO | Valid Google Maps Place URL opened.
2026-09-05 13:58:18,812 | INFO | Address check | score=0.0000 | status=NEED_REVIEW | reason=MISSING_MAPS_ADDRESS
2026-09-05 13:58:18,813 | INFO | Opening Maps URL | attempt=1/3
2026-09-05 13:58:21,768 | INFO | Current Maps URL: https://www.google.com/maps/place/Homestay+MyTran+-+HauLoan/data=!4m10!3m9!1s0x316f6bbccde49e57:0xf0d84eebc39da5cb!5m2!4m1!1i2!8m2!3d13.8118387!4d109.2214217!16s%2Fg%2F11r9v731s1!19sChIJV57kzbxrbzERy6Wdw-tO2PA?authuser=0&hl=vi&g_ep=EgoyMDI2MDkwMS4wIJJjKgBIAVAD&rclk=1
2026-09-05 13:58:21,769 | INFO | Valid Google Maps Place URL opened.
2026-09-05 13:58:27,130 | INFO | Address check | score=0.0000 | status=NEED_REVIEW | reason=MISSING_MAPS_ADDRESS
2026-09-05 13:58:27,131 | INFO | Opening Maps URL | attempt=1/3
2026-09-05 13:58:30,065 | INFO | Current Maps URL: https://www.google.com/maps/place/Homestay+MyTran+-+HauLoan/data=!4m10!3m9!1s0x316f6bbccde49e57:0xf0d84eebc39da5cb!5m2!4m1!1i2!8m2!3d13.8118387!4d109.2214217!16s%2Fg%2F11r9v731s1!19sChIJV57kzbxrbzERy6Wdw-tO2PA?authuser=0&hl=vi&g_ep=EgoyMDI2MDkwMS4wIJJjKgBIAVAD&rclk=1
2026-09-05 13:58:30,065 | INFO | Valid Google Maps Place URL opened.
2026-09-05 13:58:35,376 | INFO | Address check | score=0.0000 | status=NEED_REVIEW | reason=MISSING_MAPS_ADDRESS
2026-09-05 13:58:35,377 | INFO | Opening Maps URL | attempt=1/3
2026-09-05 13:58:38,367 | INFO | Current Maps URL: https://www.google.com/maps/place/Nh%C3%A0+b%C3%AAn+bi%E1%BB%83n+homestay/data=!4m7!3m6!1s0x316f434f5593a55b:0x8d63b37628430c1b!8m2!3d13.886515!4d109.290826!16s%2Fg%2F11kk05_6z2!19sChIJW6WTVU9DbzERGwxDKHazY40?authuser=0&hl=vi&g_ep=EgoyMDI2MDkwMS4wIJJjKgBIAVAD&rclk=1
2026-09-05 13:58:38,367 | INFO | Valid Google Maps Place URL opened.
2026-09-05 13:58:43,711 | INFO | Address check | score=0.0000 | status=NEED_REVIEW | reason=MISSING_MAPS_ADDRESS
2026-09-05 13:58:43,712 | INFO | Opening Maps URL | attempt=1/3
2026-09-05 13:58:46,839 | INFO | Current Maps URL: https://www.google.com/maps/place/Kh%C3%A1ch+s%E1%BA%A1n+Tr%C3%A2m+Anh+-+34+Nguy%E1%BB%85n+Hu%E1%BB%87+-+quy+Nh%C6%A1n+-+-b%C3%ACnh+%C4%91%E1%BB%8Bnh/data=!4m10!3m9!1s0x316f6c893fc68b4f:0xc67b6741bbacf9c0!5m2!4m1!1i2!8m2!3d13.769488!4d109.231041!16s%2Fg%2F11g1lq966z!19sChIJT4vGP4lsbzERwPmsu0Fne8Y?authuser=0&hl=vi&g_ep=EgoyMDI2MDkwMS4wIJJjKgBIAVAD&rclk=1
2026-09-05 13:58:46,839 | INFO | Valid Google Maps Place URL opened.
2026-09-05 13:58:52,150 | INFO | Address check | score=0.0000 | status=NEED_REVIEW | reason=MISSING_MAPS_ADDRESS
2026-09-05 13:58:52,151 | INFO | Opening Maps URL | attempt=1/3
2026-09-05 13:58:55,298 | INFO | Current Maps URL: https://www.google.com/maps/place/HAVANA+HOUSE+QUY+NH%C6%A0N/data=!4m10!3m9!1s0x316f6d36669b32b5:0x12c77aee50d298ee!5m2!4m1!1i2!8m2!3d13.7616412!4d109.2186495!16s%2Fg%2F11fk0jll21!19sChIJtTKbZjZtbzER7pjSUO56xxI?authuser=0&hl=vi&g_ep=EgoyMDI2MDkwMS4wIJJjKgBIAVAD&rclk=1
2026-09-05 13:58:55,298 | INFO | Valid Google Maps Place URL opened.
2026-09-05 13:59:00,504 | INFO | Address check | score=0.0000 | status=NEED_REVIEW | reason=MISSING_MAPS_ADDRESS
2026-09-05 13:59:00,507 | INFO | CHECKPOINT | processed=800 | matched=2 | mismatched=9 | review=789
2026-09-05 13:59:01,063 | INFO | Excel saved: D:\Product-Google-Maps\output\hotels_export_google_maps_checked.xlsx
2026-09-05 13:59:01,064 | INFO | Opening Maps URL | attempt=1/3
2026-09-05 13:59:04,414 | INFO | Current Maps URL: https://www.google.com/maps/place/HAVANA+HOUSE+QUY+NH%C6%A0N/data=!4m10!3m9!1s0x316f6d36669b32b5:0x12c77aee50d298ee!5m2!4m1!1i2!8m2!3d13.7616412!4d109.2186495!16s%2Fg%2F11fk0jll21!19sChIJtTKbZjZtbzER7pjSUO56xxI?authuser=0&hl=vi&g_ep=EgoyMDI2MDkwMS4wIJJjKgBIAVAD&rclk=1
2026-09-05 13:59:04,414 | INFO | Valid Google Maps Place URL opened.
2026-09-05 13:59:09,772 | INFO | Address check | score=0.0000 | status=NEED_REVIEW | reason=MISSING_MAPS_ADDRESS
2026-09-05 13:59:09,774 | INFO | Opening Maps URL | attempt=1/3
2026-09-05 13:59:12,683 | INFO | Current Maps URL: https://www.google.com/maps/place/Nh%C3%A0+Ngh%E1%BB%89+078/data=!4m7!3m6!1s0x316f3df59c906dfb:0x454871673f327982!8m2!3d13.9152179!4d109.0788638!16s%2Fg%2F11s3r2fycz!19sChIJ-22QnPU9bzERgnkyP2dxSEU?authuser=0&hl=vi&g_ep=EgoyMDI2MDkwMS4wIJJjKgBIAVAD&rclk=1
2026-09-05 13:59:12,684 | INFO | Valid Google Maps Place URL opened.
2026-09-05 13:59:18,074 | INFO | Address check | score=0.0000 | status=NEED_REVIEW | reason=MISSING_MAPS_ADDRESS
2026-09-05 13:59:18,075 | INFO | Opening Maps URL | attempt=1/3
2026-09-05 13:59:21,052 | INFO | Current Maps URL: https://www.google.com/maps/place/Nh%C3%A0+Ngh%E1%BB%89+078/data=!4m7!3m6!1s0x316f3df59c906dfb:0x454871673f327982!8m2!3d13.9152179!4d109.0788638!16s%2Fg%2F11s3r2fycz!19sChIJ-22QnPU9bzERgnkyP2dxSEU?authuser=0&hl=vi&g_ep=EgoyMDI2MDkwMS4wIJJjKgBIAVAD&rclk=1
2026-09-05 13:59:21,052 | INFO | Valid Google Maps Place URL opened.
2026-09-05 13:59:26,486 | INFO | Address check | score=0.0000 | status=NEED_REVIEW | reason=MISSING_MAPS_ADDRESS
2026-09-05 13:59:26,486 | INFO | Opening Maps URL | attempt=1/3
2026-09-05 13:59:29,410 | INFO | Current Maps URL: https://www.google.com/maps/place/Nh%C3%A0+ngh%E1%BB%89+95/data=!4m7!3m6!1s0x316edd4b240bf5cd:0x77ba41117ab38be4!8m2!3d13.9624667!4d108.6463246!16s%2Fg%2F11njlmf5vv!19sChIJzfULJEvdbjER5IuzehFBunc?authuser=0&hl=vi&g_ep=EgoyMDI2MDkwMS4wIJJjKgBIAVAD&rclk=1
2026-09-05 13:59:29,411 | INFO | Valid Google Maps Place URL opened.
2026-09-05 13:59:34,799 | INFO | Address check | score=0.0000 | status=NEED_REVIEW | reason=MISSING_MAPS_ADDRESS
2026-09-05 13:59:34,801 | INFO | Opening Maps URL | attempt=1/3
2026-09-05 13:59:37,771 | INFO | Current Maps URL: https://www.google.com/maps/place/Homestay+S%27nghe+M%C4%83ng+%C4%90en/data=!4m10!3m9!1s0x31694370b7aeec61:0x595e2dc19c723940!5m2!4m1!1i2!8m2!3d14.586613!4d108.278687!16s%2Fg%2F11n6_vtrrv!19sChIJYeyut3BDaTERQDlynMEtXlk?authuser=0&hl=vi&g_ep=EgoyMDI2MDkwMS4wIJJjKgBIAVAD&rclk=1
2026-09-05 13:59:37,771 | INFO | Valid Google Maps Place URL opened.
2026-09-05 13:59:43,162 | INFO | Address check | score=0.0000 | status=NEED_REVIEW | reason=MISSING_MAPS_ADDRESS
2026-09-05 13:59:43,163 | INFO | Opening Maps URL | attempt=1/3
2026-09-05 13:59:46,113 | INFO | Current Maps URL: https://www.google.com/maps/place/Homestay+S%27nghe+M%C4%83ng+%C4%90en/data=!4m10!3m9!1s0x31694370b7aeec61:0x595e2dc19c723940!5m2!4m1!1i2!8m2!3d14.586613!4d108.278687!16s%2Fg%2F11n6_vtrrv!19sChIJYeyut3BDaTERQDlynMEtXlk?authuser=0&hl=vi&g_ep=EgoyMDI2MDkwMS4wIJJjKgBIAVAD&rclk=1
2026-09-05 13:59:46,113 | INFO | Valid Google Maps Place URL opened.
2026-09-05 13:59:51,577 | INFO | Address check | score=0.0000 | status=NEED_REVIEW | reason=MISSING_MAPS_ADDRESS
2026-09-05 13:59:51,578 | INFO | Opening Maps URL | attempt=1/3
2026-09-05 13:59:54,541 | INFO | Current Maps URL: https://www.google.com/maps/place/Nh%C3%A0+Ngh%E1%BB%89+Nh%C3%A2n+H%C3%B2a/data=!4m7!3m6!1s0x31752f003ed681c3:0x672dce2eb6ed0bb6!8m2!3d10.7564771!4d106.6576958!16s%2Fg%2F11ynxgvyx5!19sChIJw4HWPgAvdTERtgvtti7OLWc?authuser=0&hl=vi&g_ep=EgoyMDI2MDkwMS4wIJJjKgBIAVAD&rclk=1
2026-09-05 13:59:54,542 | INFO | Valid Google Maps Place URL opened.
2026-09-05 14:00:00,012 | INFO | Address check | score=0.0000 | status=NEED_REVIEW | reason=MISSING_MAPS_ADDRESS
2026-09-05 14:00:00,014 | INFO | Opening Maps URL | attempt=1/3
2026-09-05 14:00:02,951 | INFO | Current Maps URL: https://www.google.com/maps/place/Nh%C3%A0+Ngh%E1%BB%89+Th%E1%BA%A3o+Vy/data=!4m7!3m6!1s0x31752fa4d6c6aab9:0xb7281a0dbe04ba37!8m2!3d10.7356233!4d106.6913313!16s%2Fg%2F11hyld8w78!19sChIJuarG1qQvdTERN7oEvg0aKLc?authuser=0&hl=vi&g_ep=EgoyMDI2MDkwMS4wIJJjKgBIAVAD&rclk=1
2026-09-05 14:00:02,951 | INFO | Valid Google Maps Place URL opened.
2026-09-05 14:00:08,444 | INFO | Address check | score=0.0000 | status=NEED_REVIEW | reason=MISSING_MAPS_ADDRESS
2026-09-05 14:00:08,445 | INFO | Opening Maps URL | attempt=1/3
2026-09-05 14:00:11,400 | INFO | Current Maps URL: https://www.google.com/maps/place/Nh%C3%A0+Ngh%E1%BB%89+Th%E1%BA%A3o+Vy/data=!4m7!3m6!1s0x31752fa4d6c6aab9:0xb7281a0dbe04ba37!8m2!3d10.7356233!4d106.6913313!16s%2Fg%2F11hyld8w78!19sChIJuarG1qQvdTERN7oEvg0aKLc?authuser=0&hl=vi&g_ep=EgoyMDI2MDkwMS4wIJJjKgBIAVAD&rclk=1
2026-09-05 14:00:11,400 | INFO | Valid Google Maps Place URL opened.
2026-09-05 14:00:16,798 | INFO | Address check | score=0.0000 | status=NEED_REVIEW | reason=MISSING_MAPS_ADDRESS
2026-09-05 14:00:16,799 | INFO | Opening Maps URL | attempt=1/3
2026-09-05 14:00:19,816 | INFO | Current Maps URL: https://www.google.com/maps/place/Nh%C3%A0+Ngh%E1%BB%89+Th%E1%BA%A3o+Vy/data=!4m7!3m6!1s0x31752fa4d6c6aab9:0xb7281a0dbe04ba37!8m2!3d10.7356233!4d106.6913313!16s%2Fg%2F11hyld8w78!19sChIJuarG1qQvdTERN7oEvg0aKLc?authuser=0&hl=vi&g_ep=EgoyMDI2MDkwMS4wIJJjKgBIAVAD&rclk=1
2026-09-05 14:00:19,816 | INFO | Valid Google Maps Place URL opened.
2026-09-05 14:00:25,305 | INFO | Address check | score=0.0000 | status=NEED_REVIEW | reason=MISSING_MAPS_ADDRESS
2026-09-05 14:00:25,306 | INFO | CHECKPOINT | processed=810 | matched=2 | mismatched=9 | review=799
2026-09-05 14:00:25,852 | INFO | Excel saved: D:\Product-Google-Maps\output\hotels_export_google_maps_checked.xlsx
2026-09-05 14:00:25,853 | INFO | Opening Maps URL | attempt=1/3
2026-09-05 14:00:28,863 | INFO | Current Maps URL: https://www.google.com/maps/place/Phuong+Dong+Hotel+Quy+Nhon+-+Kh%C3%A1ch+s%E1%BA%A1n+bi%E1%BB%83n+Quy+Nh%C6%A1n/data=!4m10!3m9!1s0x316f6cec92fb0fd5:0xb1b00594196338c3!5m2!4m1!1i2!8m2!3d13.761478!4d109.219075!16s%2Fg%2F11g0mv83_k!19sChIJ1Q_7kuxsbzERwzhjGZQFsLE?authuser=0&hl=vi&g_ep=EgoyMDI2MDkwMS4wIJJjKgBIAVAD&rclk=1
2026-09-05 14:00:28,864 | INFO | Valid Google Maps Place URL opened.
2026-09-05 14:00:33,891 | INFO | Address check | score=0.0000 | status=NEED_REVIEW | reason=MISSING_MAPS_ADDRESS
2026-09-05 14:00:33,893 | INFO | Opening Maps URL | attempt=1/3
2026-09-05 14:00:36,993 | INFO | Current Maps URL: https://www.google.com/maps/place/Nh%C3%A0+Ngh%E1%BB%89+AN+B%C3%8CNH/data=!4m7!3m6!1s0x316f412e5938cdc1:0x6a5d59fd81eb4e98!8m2!3d13.9440876!4d109.2359986!16s%2Fg%2F11y8dw7pdr!19sChIJwc04WS5BbzERmE7rgf1ZXWo?authuser=0&hl=vi&g_ep=EgoyMDI2MDkwMS4wIJJjKgBIAVAD&rclk=1
2026-09-05 14:00:36,993 | INFO | Valid Google Maps Place URL opened.
2026-09-05 14:00:42,457 | INFO | Address check | score=0.0000 | status=NEED_REVIEW | reason=MISSING_MAPS_ADDRESS
2026-09-05 14:00:42,461 | INFO | Opening Maps URL | attempt=1/3
2026-09-05 14:00:45,659 | INFO | Current Maps URL: https://www.google.com/maps/place/Nh%C3%A0+Ngh%E1%BB%89+An+Ti%C3%AAn/data=!4m7!3m6!1s0x316c1f7b035946db:0x61e967f4db7ecdaf!8m2!3d13.9788052!4d107.9909507!16s%2Fg%2F11c45w4r56!19sChIJ20ZZA3sfbDERr81-2_Rn6WE?authuser=0&hl=vi&g_ep=EgoyMDI2MDkwMS4wIJJjKgBIAVAD&rclk=1
2026-09-05 14:00:45,659 | INFO | Valid Google Maps Place URL opened.
2026-09-05 14:00:51,135 | INFO | Address check | score=0.0000 | status=NEED_REVIEW | reason=MISSING_MAPS_ADDRESS
2026-09-05 14:00:51,139 | INFO | Opening Maps URL | attempt=1/3
2026-09-05 14:00:54,215 | INFO | Current Maps URL: https://www.google.com/maps/place/Nh%C3%A0+Ngh%E1%BB%89+An+T%C3%A2m/data=!4m7!3m6!1s0x316f41e3cd1d3feb:0x9113a94bb73e819a!8m2!3d13.9458952!4d109.2344327!16s%2Fg%2F11q_65pvl7!19sChIJ6z8dzeNBbzERmoE-t0upE5E?authuser=0&hl=vi&g_ep=EgoyMDI2MDkwMS4wIJJjKgBIAVAD&rclk=1
2026-09-05 14:00:54,215 | INFO | Valid Google Maps Place URL opened.
2026-09-05 14:00:59,524 | INFO | Address check | score=0.0000 | status=NEED_REVIEW | reason=MISSING_MAPS_ADDRESS
2026-09-05 14:00:59,525 | INFO | Opening Maps URL | attempt=1/3
2026-09-05 14:01:02,507 | INFO | Current Maps URL: https://www.google.com/maps/place/Nh%C3%A0+Ngh%E1%BB%89+Anh+Nh%C3%A0n+1/data=!4m7!3m6!1s0x316f6ce7f0799bbd:0x7d0468fc014bb9f4!8m2!3d13.7521621!4d109.2125145!16s%2Fg%2F1jkvt9cmm!19sChIJvZt58OdsbzER9LlLAfxoBH0?authuser=0&hl=vi&g_ep=EgoyMDI2MDkwMS4wIJJjKgBIAVAD&rclk=1
2026-09-05 14:01:02,507 | INFO | Valid Google Maps Place URL opened.
2026-09-05 14:01:07,859 | INFO | Address check | score=0.0000 | status=NEED_REVIEW | reason=MISSING_MAPS_ADDRESS
2026-09-05 14:01:07,860 | INFO | Opening Maps URL | attempt=1/3
2026-09-05 14:01:10,850 | INFO | Current Maps URL: https://www.google.com/maps/place/Nh%C3%A0+Ngh%E1%BB%89+Anh+Nh%C3%A0n+1/data=!4m7!3m6!1s0x316f6ce7f0799bbd:0x7d0468fc014bb9f4!8m2!3d13.7521621!4d109.2125145!16s%2Fg%2F1jkvt9cmm!19sChIJvZt58OdsbzER9LlLAfxoBH0?authuser=0&hl=vi&g_ep=EgoyMDI2MDkwMS4wIJJjKgBIAVAD&rclk=1
2026-09-05 14:01:10,850 | INFO | Valid Google Maps Place URL opened.
2026-09-05 14:01:15,859 | INFO | Address check | score=0.0000 | status=NEED_REVIEW | reason=MISSING_MAPS_ADDRESS
2026-09-05 14:01:15,860 | INFO | Opening Maps URL | attempt=1/3
2026-09-05 14:01:18,790 | INFO | Current Maps URL: https://www.google.com/maps/place/NH%C3%80+NGH%E1%BB%88+%C3%82U+C%C6%A0,+%C4%90%C6%B0%E1%BB%9Dng+%C3%82u+C%C6%A1,+Qu%E1%BB%91c+L%E1%BB%99+1A,+Quy+Nh%C6%A1n,+B%C3%ACnh+%C4%90%E1%BB%8Bnh+.+C%C3%B3+B%C3%A3i+%C4%91%E1%BA%ADu+xe+%E1%BB%9F+t%C3%B4,+c%C3%B3+xu%E1%BA%A5t+VAT+theo+quy+%C4%91%E1%BB%8Bnh+nh%C3%A0+n%C6%B0%E1%BB%9Bc/data=!4m7!3m6!1s0x316f13d98a61bd41:0x2b2f1a4456888d05!8m2!3d13.743495!4d109.1526806!16s%2Fg%2F11fp1f0s_5!19sChIJQb1hitkTbzERBY2IVkQaLys?authuser=0&hl=vi&g_ep=EgoyMDI2MDkwMS4wIJJjKgBIAVAD&rclk=1
2026-09-05 14:01:18,790 | INFO | Valid Google Maps Place URL opened.
2026-09-05 14:01:24,130 | INFO | Address check | score=0.0000 | status=NEED_REVIEW | reason=MISSING_MAPS_ADDRESS
2026-09-05 14:01:24,131 | INFO | Opening Maps URL | attempt=1/3
2026-09-05 14:01:27,035 | INFO | Current Maps URL: https://www.google.com/maps/place/%27@Sichon+Resort%28%E0%B9%81%E0%B8%AD%E0%B8%97%E0%B8%AA%E0%B8%B4%E0%B8%8A%E0%B8%A5%E0%B8%A3%E0%B8%B5%E0%B8%AA%E0%B8%AD%E0%B8%A3%E0%B9%8C%E0%B8%97%29%27/data=!4m10!3m9!1s0x305380677cb098c9:0x6bb4024e78d8e4d!5m2!4m1!1i2!8m2!3d9.034743!4d99.86486!16s%2Fg%2F11cmpgdjwn!19sChIJyZiwfGeAUzARTY6N5yRAuwY?authuser=0&hl=vi&g_ep=EgoyMDI2MDkwMS4wIJJjKgBIAVAD&rclk=1
2026-09-05 14:01:27,036 | INFO | Valid Google Maps Place URL opened.
2026-09-05 14:01:32,506 | INFO | Address check | score=0.0000 | status=NEED_REVIEW | reason=MISSING_MAPS_ADDRESS
2026-09-05 14:01:32,507 | INFO | Opening Maps URL | attempt=1/3
2026-09-05 14:01:35,407 | INFO | Current Maps URL: https://www.google.com/maps/place/%27@Sichon+Resort%28%E0%B9%81%E0%B8%AD%E0%B8%97%E0%B8%AA%E0%B8%B4%E0%B8%8A%E0%B8%A5%E0%B8%A3%E0%B8%B5%E0%B8%AA%E0%B8%AD%E0%B8%A3%E0%B9%8C%E0%B8%97%29%27/data=!4m10!3m9!1s0x305380677cb098c9:0x6bb4024e78d8e4d!5m2!4m1!1i2!8m2!3d9.034743!4d99.86486!16s%2Fg%2F11cmpgdjwn!19sChIJyZiwfGeAUzARTY6N5yRAuwY?authuser=0&hl=vi&g_ep=EgoyMDI2MDkwMS4wIJJjKgBIAVAD&rclk=1
2026-09-05 14:01:35,407 | INFO | Valid Google Maps Place URL opened.
2026-09-05 14:01:40,711 | INFO | Address check | score=0.0000 | status=NEED_REVIEW | reason=MISSING_MAPS_ADDRESS
2026-09-05 14:01:40,712 | INFO | Opening Maps URL | attempt=1/3
2026-09-05 14:01:43,877 | INFO | Current Maps URL: https://www.google.com/maps/place/Kh%C3%A1ch+s%E1%BA%A1n+B%E1%BA%A3o+Ph%C3%BAc/data=!4m7!3m6!1s0x317526927e155ab3:0xc9206a4c765b6160!8m2!3d10.8037252!4d106.7827835!16s%2Fg%2F11cn9p6f6f!19sChIJs1oVfpImdTERYGFbdkxqIMk?authuser=0&hl=vi&g_ep=EgoyMDI2MDkwMS4wIJJjKgBIAVAD&rclk=1
2026-09-05 14:01:43,877 | INFO | Valid Google Maps Place URL opened.
2026-09-05 14:01:48,974 | INFO | Address check | score=0.0000 | status=NEED_REVIEW | reason=MISSING_MAPS_ADDRESS
2026-09-05 14:01:48,975 | INFO | CHECKPOINT | processed=820 | matched=2 | mismatched=9 | review=809
2026-09-05 14:01:49,491 | INFO | Excel saved: D:\Product-Google-Maps\output\hotels_export_google_maps_checked.xlsx
2026-09-05 14:01:49,492 | INFO | Opening Maps URL | attempt=1/3
2026-09-05 14:01:52,437 | INFO | Current Maps URL: https://www.google.com/maps/place/Nh%C3%A0+Ngh%E1%BB%89+B%E1%BA%BFn+Xe+T%C3%A2y+S%C6%A1n/data=!4m7!3m6!1s0x316f230b2ac7a237:0xcfc5a58e121b1bb1!8m2!3d13.9046807!4d108.9297739!16s%2Fg%2F11mzfwv1vj!19sChIJN6LHKgsjbzERsRsbEo6lxc8?authuser=0&hl=vi&g_ep=EgoyMDI2MDkwMS4wIJJjKgBIAVAD&rclk=1
2026-09-05 14:01:52,438 | INFO | Valid Google Maps Place URL opened.
2026-09-05 14:01:57,811 | INFO | Address check | score=0.0000 | status=NEED_REVIEW | reason=MISSING_MAPS_ADDRESS
2026-09-05 14:01:57,812 | INFO | Opening Maps URL | attempt=1/3
2026-09-05 14:02:00,914 | INFO | Current Maps URL: https://www.google.com/maps/place/Nh%C3%A0+Ngh%E1%BB%89+Th%C3%B9y+Trang/data=!4m7!3m6!1s0x31752eddd6100df7:0x9165e7d9cdb75b4a!8m2!3d10.7706403!4d106.6704828!16s%2Fg%2F1hc2503m9!19sChIJ9w0Q1t0udTERSlu3zdnnZZE?authuser=0&hl=vi&g_ep=EgoyMDI2MDkwMS4wIJJjKgBIAVAD&rclk=1
2026-09-05 14:02:00,914 | INFO | Valid Google Maps Place URL opened.
2026-09-05 14:02:06,295 | INFO | Address check | score=0.0000 | status=NEED_REVIEW | reason=MISSING_MAPS_ADDRESS
2026-09-05 14:02:06,296 | INFO | Opening Maps URL | attempt=1/3
2026-09-05 14:02:09,309 | INFO | Current Maps URL: https://www.google.com/maps/place/Nh%C3%A0+Ngh%E1%BB%89+Th%C3%B9y+Trang/data=!4m7!3m6!1s0x31752eddd6100df7:0x9165e7d9cdb75b4a!8m2!3d10.7706403!4d106.6704828!16s%2Fg%2F1hc2503m9!19sChIJ9w0Q1t0udTERSlu3zdnnZZE?authuser=0&hl=vi&g_ep=EgoyMDI2MDkwMS4wIJJjKgBIAVAD&rclk=1
2026-09-05 14:02:09,309 | INFO | Valid Google Maps Place URL opened.
2026-09-05 14:02:14,658 | INFO | Address check | score=0.0000 | status=NEED_REVIEW | reason=MISSING_MAPS_ADDRESS
2026-09-05 14:02:14,660 | INFO | Opening Maps URL | attempt=1/3
2026-09-05 14:02:17,695 | INFO | Current Maps URL: https://www.google.com/maps/place/Nh%C3%A0+ngh%E1%BB%89+%C4%90%E1%BB%93ng+Th%E1%BA%A1nh/data=!4m7!3m6!1s0x316f20923bc630ab:0x28bfa0db01401671!8m2!3d13.9594009!4d108.8271345!16s%2Fg%2F11jzkqt40v!19sChIJqzDGO5IgbzERcRZAAdugvyg?authuser=0&hl=vi&g_ep=EgoyMDI2MDkwMS4wIJJjKgBIAVAD&rclk=1
2026-09-05 14:02:17,695 | INFO | Valid Google Maps Place URL opened.
2026-09-05 14:02:23,053 | INFO | Address check | score=0.0000 | status=NEED_REVIEW | reason=MISSING_MAPS_ADDRESS
2026-09-05 14:02:23,054 | INFO | Opening Maps URL | attempt=1/3
2026-09-05 14:02:26,013 | INFO | Current Maps URL: https://www.google.com/maps/place/Nh%C3%A0+ngh%E1%BB%89+B%E1%BB%91n+Ph%C6%B0%C6%A1ng+1./data=!4m7!3m6!1s0x316f6dbea005e495:0x9ff9cdff11db5ba0!8m2!3d13.7646678!4d109.1996375!16s%2Fg%2F11hzt8l2yv!19sChIJleQFoL5tbzERoFvbEf_N-Z8?authuser=0&hl=vi&g_ep=EgoyMDI2MDkwMS4wIJJjKgBIAVAD&rclk=1
2026-09-05 14:02:26,014 | INFO | Valid Google Maps Place URL opened.
2026-09-05 14:02:31,431 | INFO | Address check | score=0.0000 | status=NEED_REVIEW | reason=MISSING_MAPS_ADDRESS
2026-09-05 14:02:31,432 | INFO | Opening Maps URL | attempt=1/3
2026-09-05 14:02:34,610 | INFO | Current Maps URL: https://www.google.com/maps/place/Kh%C3%A1ch+S%E1%BA%A1n+C%E1%BA%A9m+T%C3%BA/data=!4m7!3m6!1s0x31752f7368966323:0x4dbd9542b9111496!8m2!3d10.7515643!4d106.7066012!16s%2Fg%2F1td_84z7!19sChIJI2OWaHMvdTERlhQRuUKVvU0?authuser=0&hl=vi&g_ep=EgoyMDI2MDkwMS4wIJJjKgBIAVAD&rclk=1
2026-09-05 14:02:34,610 | INFO | Valid Google Maps Place URL opened.
2026-09-05 14:02:40,009 | INFO | Address check | score=0.0000 | status=NEED_REVIEW | reason=MISSING_MAPS_ADDRESS
2026-09-05 14:02:40,010 | INFO | Opening Maps URL | attempt=1/3
2026-09-05 14:02:42,885 | INFO | Current Maps URL: https://www.google.com/maps/place/Nh%C3%A0+Ngh%E1%BB%89+Thanh+B%C3%ACnh/data=!4m7!3m6!1s0x31752c51cf9cbddd:0xe94fb230edba429e!8m2!3d10.7589187!4d106.5928623!16s%2Fg%2F1hc1rr050!19sChIJ3b2cz1EsdTERnkK67TCyT-k?authuser=0&hl=vi&g_ep=EgoyMDI2MDkwMS4wIJJjKgBIAVAD&rclk=1
2026-09-05 14:02:42,886 | INFO | Valid Google Maps Place URL opened.
2026-09-05 14:02:48,386 | INFO | Address check | score=0.0000 | status=NEED_REVIEW | reason=MISSING_MAPS_ADDRESS
2026-09-05 14:02:48,388 | INFO | Opening Maps URL | attempt=1/3
2026-09-05 14:02:51,555 | INFO | Current Maps URL: https://www.google.com/maps/place/Nh%C3%A0+Ngh%E1%BB%89+Thanh+B%C3%ACnh/data=!4m7!3m6!1s0x31752c51cf9cbddd:0xe94fb230edba429e!8m2!3d10.7589187!4d106.5928623!16s%2Fg%2F1hc1rr050!19sChIJ3b2cz1EsdTERnkK67TCyT-k?authuser=0&hl=vi&g_ep=EgoyMDI2MDkwMS4wIJJjKgBIAVAD&rclk=1
2026-09-05 14:02:51,555 | INFO | Valid Google Maps Place URL opened.
2026-09-05 14:02:57,043 | INFO | Address check | score=0.0000 | status=NEED_REVIEW | reason=MISSING_MAPS_ADDRESS
2026-09-05 14:02:57,044 | INFO | Opening Maps URL | attempt=1/3
2026-09-05 14:03:00,366 | INFO | Current Maps URL: https://www.google.com/maps/place/Nh%C3%A0+Ngh%E1%BB%89+C%C3%A1t+H%E1%BA%A1/data=!4m7!3m6!1s0x316c21d6036cc2ef:0x3c0ce7d1ccba3dd7!8m2!3d13.9702277!4d107.9942384!16s%2Fg%2F11c1t5405n!19sChIJ78JsA9YhbDER1z26zNHnDDw?authuser=0&hl=vi&g_ep=EgoyMDI2MDkwMS4wIJJjKgBIAVAD&rclk=1
2026-09-05 14:03:00,367 | INFO | Valid Google Maps Place URL opened.
2026-09-05 14:03:05,829 | INFO | Address check | score=0.0000 | status=NEED_REVIEW | reason=MISSING_MAPS_ADDRESS
2026-09-05 14:03:05,830 | INFO | Opening Maps URL | attempt=1/3
2026-09-05 14:03:08,669 | INFO | Current Maps URL: https://www.google.com/maps/place/Nh%C3%A0+ngh%E1%BB%89+Th%C3%A1i+Nam/data=!4m7!3m6!1s0x316f17778eb351c5:0x3b60511a0a5d46f4!8m2!3d13.8680672!4d109.0423054!16s%2Fg%2F11gwh83hyg!19sChIJxVGzjncXbzER9EZdChpRYDs?authuser=0&hl=vi&g_ep=EgoyMDI2MDkwMS4wIJJjKgBIAVAD&rclk=1
2026-09-05 14:03:08,669 | INFO | Valid Google Maps Place URL opened.
2026-09-05 14:03:14,015 | INFO | Address check | score=0.0000 | status=NEED_REVIEW | reason=MISSING_MAPS_ADDRESS
2026-09-05 14:03:14,016 | INFO | CHECKPOINT | processed=830 | matched=2 | mismatched=9 | review=819
2026-09-05 14:03:14,573 | INFO | Excel saved: D:\Product-Google-Maps\output\hotels_export_google_maps_checked.xlsx
2026-09-05 14:03:14,574 | INFO | Opening Maps URL | attempt=1/3
2026-09-05 14:03:17,597 | INFO | Current Maps URL: https://www.google.com/maps/place/Nh%C3%A0+ngh%E1%BB%89+Th%C3%A1i+Nam/data=!4m7!3m6!1s0x316f17778eb351c5:0x3b60511a0a5d46f4!8m2!3d13.8680672!4d109.0423054!16s%2Fg%2F11gwh83hyg!19sChIJxVGzjncXbzER9EZdChpRYDs?authuser=0&hl=vi&g_ep=EgoyMDI2MDkwMS4wIJJjKgBIAVAD&rclk=1
2026-09-05 14:03:17,597 | INFO | Valid Google Maps Place URL opened.
2026-09-05 14:03:22,916 | INFO | Address check | score=0.0000 | status=NEED_REVIEW | reason=MISSING_MAPS_ADDRESS
2026-09-05 14:03:22,917 | INFO | Opening Maps URL | attempt=1/3
2026-09-05 14:03:26,129 | INFO | Current Maps URL: https://www.google.com/maps/place/Vietnam+Hotel/data=!4m10!3m9!1s0x3171132efb1c1867:0xfc1b378e2b7c1ecc!5m2!4m1!1i2!8m2!3d11.941689!4d108.435968!16s%2Fg%2F11fr3m7lnq!19sChIJZxgc-y4TcTERzB58K443G_w?authuser=0&hl=vi&g_ep=EgoyMDI2MDkwMS4wIJJjKgBIAVAD&rclk=1
2026-09-05 14:03:26,130 | INFO | Valid Google Maps Place URL opened.
2026-09-05 14:03:31,624 | INFO | Address check | score=0.0000 | status=NEED_REVIEW | reason=MISSING_MAPS_ADDRESS
2026-09-05 14:03:31,626 | INFO | Opening Maps URL | attempt=1/3
2026-09-05 14:03:34,870 | INFO | Current Maps URL: https://www.google.com/maps/place/Vietnam+Hotel/data=!4m10!3m9!1s0x3171132efb1c1867:0xfc1b378e2b7c1ecc!5m2!4m1!1i2!8m2!3d11.941689!4d108.435968!16s%2Fg%2F11fr3m7lnq!19sChIJZxgc-y4TcTERzB58K443G_w?authuser=0&hl=vi&g_ep=EgoyMDI2MDkwMS4wIJJjKgBIAVAD&rclk=1
2026-09-05 14:03:34,870 | INFO | Valid Google Maps Place URL opened.
2026-09-05 14:03:40,226 | INFO | Address check | score=0.0000 | status=NEED_REVIEW | reason=MISSING_MAPS_ADDRESS
2026-09-05 14:03:40,227 | INFO | Opening Maps URL | attempt=1/3
2026-09-05 14:03:43,340 | INFO | Current Maps URL: https://www.google.com/maps/place/Nh%C3%A0+Ngh%E1%BB%89+Th%C3%A0nh+%C4%90%E1%BB%93ng/data=!4m7!3m6!1s0x31752c176d5fb179:0x9deec2403a112455!8m2!3d10.7755755!4d106.6160206!16s%2Fg%2F1tctc2m2!19sChIJebFfbRcsdTERVSQROkDC7p0?authuser=0&hl=vi&g_ep=EgoyMDI2MDkwMS4wIJJjKgBIAVAD&rclk=1
2026-09-05 14:03:43,341 | INFO | Valid Google Maps Place URL opened.
2026-09-05 14:03:48,746 | INFO | Address check | score=0.0000 | status=NEED_REVIEW | reason=MISSING_MAPS_ADDRESS
2026-09-05 14:03:48,747 | INFO | Opening Maps URL | attempt=1/3
2026-09-05 14:03:51,726 | INFO | Current Maps URL: https://www.google.com/maps/place/Nh%C3%A0+ngh%E1%BB%89+%C4%90%E1%BB%A9c+L%C3%A2m/data=!4m7!3m6!1s0x316e894495145ba3:0x77d37dcda81a0e63!8m2!3d13.6001852!4d108.2996054!16s%2Fg%2F11ms95_6t8!19sChIJo1sUlUSJbjERYw4aqM1903c?authuser=0&hl=vi&g_ep=EgoyMDI2MDkwMS4wIJJjKgBIAVAD&rclk=1
2026-09-05 14:03:51,726 | INFO | Valid Google Maps Place URL opened.
2026-09-05 14:03:57,095 | INFO | Address check | score=0.0000 | status=NEED_REVIEW | reason=MISSING_MAPS_ADDRESS
2026-09-05 14:03:57,096 | INFO | Opening Maps URL | attempt=1/3
2026-09-05 14:04:00,325 | INFO | Current Maps URL: https://www.google.com/maps/place/Nh%C3%A0+Ngh%E1%BB%89+Gh%E1%BB%81nh+R%C3%A1ng/data=!4m7!3m6!1s0x316f6cec92c3482f:0xd69a9086a8ea6d34!8m2!3d13.7614455!4d109.2191417!16s%2Fg%2F11f06lpy5j!19sChIJL0jDkuxsbzERNG3qqIaQmtY?authuser=0&hl=vi&g_ep=EgoyMDI2MDkwMS4wIJJjKgBIAVAD&rclk=1
2026-09-05 14:04:00,325 | INFO | Valid Google Maps Place URL opened.
2026-09-05 14:04:05,772 | INFO | Address check | score=0.0000 | status=NEED_REVIEW | reason=MISSING_MAPS_ADDRESS
2026-09-05 14:04:05,773 | INFO | Opening Maps URL | attempt=1/3
2026-09-05 14:04:08,662 | INFO | Current Maps URL: https://www.google.com/maps/place/Nh%C3%A0+ngh%E1%BB%89+Gia+L%C3%A2m/data=!4m7!3m6!1s0x316f3e188129a945:0xc1a63546b1946404!8m2!3d13.8905165!4d109.1162372!16s%2Fg%2F11b67nk33f!19sChIJRakpgRg-bzERBGSUsUY1psE?authuser=0&hl=vi&g_ep=EgoyMDI2MDkwMS4wIJJjKgBIAVAD&rclk=1
2026-09-05 14:04:08,662 | INFO | Valid Google Maps Place URL opened.
2026-09-05 14:04:14,078 | INFO | Address check | score=0.0000 | status=NEED_REVIEW | reason=MISSING_MAPS_ADDRESS
2026-09-05 14:04:14,079 | INFO | Opening Maps URL | attempt=1/3
2026-09-05 14:04:17,017 | INFO | Current Maps URL: https://www.google.com/maps/place/NH%C3%80+NGH%E1%BB%88+%C3%82U+C%C6%A0,+%C4%90%C6%B0%E1%BB%9Dng+%C3%82u+C%C6%A1,+Qu%E1%BB%91c+L%E1%BB%99+1A,+Quy+Nh%C6%A1n,+B%C3%ACnh+%C4%90%E1%BB%8Bnh+.+C%C3%B3+B%C3%A3i+%C4%91%E1%BA%ADu+xe+%E1%BB%9F+t%C3%B4,+c%C3%B3+xu%E1%BA%A5t+VAT+theo+quy+%C4%91%E1%BB%8Bnh+nh%C3%A0+n%C6%B0%E1%BB%9Bc/data=!4m7!3m6!1s0x316f13d98a61bd41:0x2b2f1a4456888d05!8m2!3d13.743495!4d109.1526806!16s%2Fg%2F11fp1f0s_5!19sChIJQb1hitkTbzERBY2IVkQaLys?authuser=0&hl=vi&g_ep=EgoyMDI2MDkwMS4wIJJjKgBIAVAD&rclk=1
2026-09-05 14:04:17,017 | INFO | Valid Google Maps Place URL opened.
2026-09-05 14:04:22,434 | INFO | Address check | score=0.0000 | status=NEED_REVIEW | reason=MISSING_MAPS_ADDRESS
2026-09-05 14:04:22,437 | INFO | Opening Maps URL | attempt=1/3
2026-09-05 14:04:25,379 | INFO | Current Maps URL: https://www.google.com/maps/place/Nh%C3%A0+Ngh%E1%BB%89+H%C3%A0+Ch%C3%A2u/data=!4m7!3m6!1s0x314219d7fd9606f9:0xaf5335fcd4485748!8m2!3d16.0649681!4d108.2021273!16s%2Fg%2F11c1vnhw44!19sChIJ-QaW_dcZQjERSFdI1Pw1U68?authuser=0&hl=vi&g_ep=EgoyMDI2MDkwMS4wIJJjKgBIAVAD&rclk=1
2026-09-05 14:04:25,379 | INFO | Valid Google Maps Place URL opened.
2026-09-05 14:04:30,438 | INFO | Address check | score=0.0000 | status=NEED_REVIEW | reason=MISSING_MAPS_ADDRESS
2026-09-05 14:04:30,439 | INFO | Opening Maps URL | attempt=1/3
2026-09-05 14:04:33,742 | INFO | Current Maps URL: https://www.google.com/maps/place/Kh%C3%A1ch+s%E1%BA%A1n+M%C6%B0%E1%BB%9Dng+Thanh+Quy+Nh%C6%A1n/data=!4m10!3m9!1s0x316f6c63266f0b61:0xa880a4e3e56c7806!5m2!4m1!1i2!8m2!3d13.772077!4d109.238862!16s%2Fg%2F12hkbf13m!19sChIJYQtvJmNsbzERBnhs5eOkgKg?authuser=0&hl=vi&g_ep=EgoyMDI2MDkwMS4wIJJjKgBIAVAD&rclk=1
2026-09-05 14:04:33,742 | INFO | Valid Google Maps Place URL opened.
2026-09-05 14:04:38,769 | INFO | Address check | score=0.0000 | status=NEED_REVIEW | reason=MISSING_MAPS_ADDRESS
2026-09-05 14:04:38,770 | INFO | CHECKPOINT | processed=840 | matched=2 | mismatched=9 | review=829
2026-09-05 14:04:39,290 | INFO | Excel saved: D:\Product-Google-Maps\output\hotels_export_google_maps_checked.xlsx
2026-09-05 14:04:39,291 | INFO | Opening Maps URL | attempt=1/3
2026-09-05 14:04:42,492 | INFO | Current Maps URL: https://www.google.com/maps/place/H%E1%BA%A3i+Y%E1%BA%BFn+Hotel/data=!4m7!3m6!1s0x316c1f9ae545549f:0xfc34d6057258f184!8m2!3d13.9826396!4d108.010293!16s%2Fg%2F11c5bh4_jd!19sChIJn1RF5ZofbDERhPFYcgXWNPw?authuser=0&hl=vi&g_ep=EgoyMDI2MDkwMS4wIJJjKgBIAVAD&rclk=1
2026-09-05 14:04:42,493 | INFO | Valid Google Maps Place URL opened.
2026-09-05 14:04:47,799 | INFO | Address check | score=0.0000 | status=NEED_REVIEW | reason=MISSING_MAPS_ADDRESS
2026-09-05 14:04:47,800 | INFO | Opening Maps URL | attempt=1/3
2026-09-05 14:04:50,924 | INFO | Current Maps URL: https://www.google.com/maps/place/N%C3%BAi+Th%C6%A1m+Ecolodge+Resort+%26+Spa/data=!4m10!3m9!1s0x316f9357083fa3d1:0x7a160f7d2b99a455!5m2!4m1!1i2!8m2!3d13.17052!4d109.286213!16s%2Fg%2F11tcqnfbqv!19sChIJ0aM_CFeTbzERVaSZK30PFno?authuser=0&hl=vi&g_ep=EgoyMDI2MDkwMS4wIJJjKgBIAVAD&rclk=1
2026-09-05 14:04:50,925 | INFO | Valid Google Maps Place URL opened.
2026-09-05 14:04:56,290 | INFO | Address check | score=0.0000 | status=NEED_REVIEW | reason=MISSING_MAPS_ADDRESS
2026-09-05 14:04:56,291 | INFO | Opening Maps URL | attempt=1/3
2026-09-05 14:04:59,283 | INFO | Current Maps URL: https://www.google.com/maps/place/Nh%C3%A0+Ngh%E1%BB%89+Du+L%E1%BB%8Bch+Ho%C3%A0n+H%E1%BA%A3o/data=!4m7!3m6!1s0x316f6cdd165307dd:0xb9d50af9e0936d6!8m2!3d13.7515558!4d109.2097571!16s%2Fg%2F1pzqllxb4!19sChIJ3QdTFt1sbzER1jYJnq9QnQs?authuser=0&hl=vi&g_ep=EgoyMDI2MDkwMS4wIJJjKgBIAVAD&rclk=1
2026-09-05 14:04:59,284 | INFO | Valid Google Maps Place URL opened.
2026-09-05 14:05:04,627 | INFO | Address check | score=0.0000 | status=NEED_REVIEW | reason=MISSING_MAPS_ADDRESS
2026-09-05 14:05:04,628 | INFO | Opening Maps URL | attempt=1/3
2026-09-05 14:05:07,793 | INFO | Current Maps URL: https://www.google.com/maps/place/Huy+Ho%C3%A0ng+Hotel/data=!4m10!3m9!1s0x317528bd7b7a9709:0x9311d102f96804a8!5m2!4m1!1i2!8m2!3d10.810049!4d106.709314!16s%2Fg%2F11c1t5l2x8!19sChIJCZd6e70odTERqARo-QLREZM?authuser=0&hl=vi&g_ep=EgoyMDI2MDkwMS4wIJJjKgBIAVAD&rclk=1
2026-09-05 14:05:07,794 | INFO | Valid Google Maps Place URL opened.
2026-09-05 14:05:13,288 | INFO | Address check | score=0.0000 | status=NEED_REVIEW | reason=MISSING_MAPS_ADDRESS
2026-09-05 14:05:13,289 | INFO | Opening Maps URL | attempt=1/3
2026-09-05 14:05:16,248 | INFO | Current Maps URL: https://www.google.com/maps/place/Nh%C3%A0+ngh%E1%BB%89+Ho%C3%A0ng+Ph%C6%B0%C6%A1ng/data=!4m7!3m6!1s0x316f6cecb9cef051:0xf06dca093d6a5c72!8m2!3d13.7626038!4d109.2191367!16s%2Fg%2F11fxdv0q3l!19sChIJUfDOuexsbzERclxqPQnKbfA?authuser=0&hl=vi&g_ep=EgoyMDI2MDkwMS4wIJJjKgBIAVAD&rclk=1
2026-09-05 14:05:16,248 | INFO | Valid Google Maps Place URL opened.
2026-09-05 14:05:21,726 | INFO | Address check | score=0.0000 | status=NEED_REVIEW | reason=MISSING_MAPS_ADDRESS
2026-09-05 14:05:21,727 | INFO | Opening Maps URL | attempt=1/3
2026-09-05 14:05:24,656 | INFO | Current Maps URL: https://www.google.com/maps/place/Kh%C3%A1ch+S%E1%BA%A1n+Ho%C3%A0ng+Anh/data=!4m10!3m9!1s0x3174d88a670c093b:0x11fd3351246c2a05!5m2!4m1!1i2!8m2!3d10.890908!4d106.772009!16s%2Fg%2F11ql1r44sy!19sChIJOwkMZ4rYdDERBSpsJFEz_RE?authuser=0&hl=vi&g_ep=EgoyMDI2MDkwMS4wIJJjKgBIAVAD&rclk=1
2026-09-05 14:05:24,656 | INFO | Valid Google Maps Place URL opened.
2026-09-05 14:05:29,666 | INFO | Address check | score=0.0000 | status=NEED_REVIEW | reason=MISSING_MAPS_ADDRESS
2026-09-05 14:05:29,667 | INFO | Opening Maps URL | attempt=1/3
2026-09-05 14:05:32,653 | INFO | Current Maps URL: https://www.google.com/maps/place/Hadyai+Golden+Crown+Hotel/data=!4m10!3m9!1s0x304d285aa966cef1:0x7893ca8a3d64c837!5m2!4m1!1i2!8m2!3d7.00801!4d100.47313!16s%2Fg%2F1thzy9sw!19sChIJ8c5mqVooTTARN8hkPYrKk3g?authuser=0&hl=vi&g_ep=EgoyMDI2MDkwMS4wIJJjKgBIAVAD&rclk=1
2026-09-05 14:05:32,654 | INFO | Valid Google Maps Place URL opened.
2026-09-05 14:05:38,129 | INFO | Address check | score=0.0000 | status=NEED_REVIEW | reason=MISSING_MAPS_ADDRESS
2026-09-05 14:05:38,134 | INFO | Opening Maps URL | attempt=1/3
2026-09-05 14:05:41,295 | INFO | Current Maps URL: https://www.google.com/maps/place/Kh%C3%A1ch+s%E1%BA%A1n+Mira+-+Kh%C3%A1ch+s%E1%BA%A1n+g%E1%BA%A7n+bi%E1%BB%83n+%E1%BB%9F+Quy+Nh%C6%A1n/data=!4m10!3m9!1s0x316f6ceceb457403:0x1de22f520372522b!5m2!4m1!1i2!8m2!3d13.761717!4d109.219274!16s%2Fg%2F11fk15qdmx!19sChIJA3RF6-xsbzERK1JyA1Iv4h0?authuser=0&hl=vi&g_ep=EgoyMDI2MDkwMS4wIJJjKgBIAVAD&rclk=1
2026-09-05 14:05:41,295 | INFO | Valid Google Maps Place URL opened.
2026-09-05 14:05:46,344 | INFO | Address check | score=0.0000 | status=NEED_REVIEW | reason=MISSING_MAPS_ADDRESS
2026-09-05 14:05:46,345 | INFO | Opening Maps URL | attempt=1/3
2026-09-05 14:05:49,156 | INFO | Current Maps URL: https://www.google.com/maps/place/Nh%C3%A0+Ngh%E1%BB%89+Huy%E1%BB%81n+Tho%E1%BA%A1i/data=!4m7!3m6!1s0x310abac783b2efa3:0x971fe5c1274985e2!8m2!3d10.3876367!4d106.3223195!16s%2Fg%2F11b67sb5tn!19sChIJo--yg8e6CjER4oVJJ8HlH5c?authuser=0&hl=vi&g_ep=EgoyMDI2MDkwMS4wIJJjKgBIAVAD&rclk=1
2026-09-05 14:05:49,156 | INFO | Valid Google Maps Place URL opened.
2026-09-05 14:05:54,206 | INFO | Address check | score=0.0000 | status=NEED_REVIEW | reason=MISSING_MAPS_ADDRESS
2026-09-05 14:05:54,210 | INFO | Opening Maps URL | attempt=1/3
2026-09-05 14:05:57,194 | INFO | Current Maps URL: https://www.google.com/maps/place/Nh%C3%A0+Ngh%E1%BB%89+Huy%E1%BB%81n+Tho%E1%BA%A1i/data=!4m7!3m6!1s0x310abac783b2efa3:0x971fe5c1274985e2!8m2!3d10.3876367!4d106.3223195!16s%2Fg%2F11b67sb5tn!19sChIJo--yg8e6CjER4oVJJ8HlH5c?authuser=0&hl=vi&g_ep=EgoyMDI2MDkwMS4wIJJjKgBIAVAD&rclk=1
2026-09-05 14:05:57,194 | INFO | Valid Google Maps Place URL opened.
2026-09-05 14:06:02,543 | INFO | Address check | score=0.0000 | status=NEED_REVIEW | reason=MISSING_MAPS_ADDRESS
2026-09-05 14:06:02,544 | INFO | CHECKPOINT | processed=850 | matched=2 | mismatched=9 | review=839
2026-09-05 14:06:03,062 | INFO | Excel saved: D:\Product-Google-Maps\output\hotels_export_google_maps_checked.xlsx
2026-09-05 14:06:03,063 | INFO | Opening Maps URL | attempt=1/3
2026-09-05 14:06:06,129 | INFO | Current Maps URL: https://www.google.com/maps/place/nh%C3%A0+ngh%E1%BB%89+KH%C3%81NH+V%C3%82N/data=!4m7!3m6!1s0x316c2039c79c97c3:0xd835f0b0f312aef5!8m2!3d13.9503778!4d108.0138763!16s%2Fg%2F11gdrdpvs1!19sChIJw5ecxzkgbDER9a4S87DwNdg?authuser=0&hl=vi&g_ep=EgoyMDI2MDkwMS4wIJJjKgBIAVAD&rclk=1
2026-09-05 14:06:06,129 | INFO | Valid Google Maps Place URL opened.
2026-09-05 14:06:11,528 | INFO | Address check | score=0.0000 | status=NEED_REVIEW | reason=MISSING_MAPS_ADDRESS
2026-09-05 14:06:11,528 | INFO | Opening Maps URL | attempt=1/3
2026-09-05 14:06:14,439 | INFO | Current Maps URL: https://www.google.com/maps/place/Lac+Vien+Hotel/data=!4m10!3m9!1s0x31752f17a87c953f:0xa39170c87c3083a5!5m2!4m1!1i2!8m2!3d10.7679988!4d106.6949622!16s%2Fg%2F1tfttgbf!19sChIJP5V8qBcvdTERpYMwfMhwkaM?authuser=0&hl=vi&g_ep=EgoyMDI2MDkwMS4wIJJjKgBIAVAD&rclk=1
2026-09-05 14:06:14,440 | INFO | Valid Google Maps Place URL opened.
2026-09-05 14:06:19,884 | INFO | Address check | score=0.0000 | status=NEED_REVIEW | reason=MISSING_MAPS_ADDRESS
2026-09-05 14:06:19,888 | INFO | Opening Maps URL | attempt=1/3
2026-09-05 14:06:22,900 | INFO | Current Maps URL: https://www.google.com/maps/place/Kh%C3%A1ch+S%E1%BA%A1n+Ho%C3%A0ng+Anh/data=!4m10!3m9!1s0x3174d88a670c093b:0x11fd3351246c2a05!5m2!4m1!1i2!8m2!3d10.890908!4d106.772009!16s%2Fg%2F11ql1r44sy!19sChIJOwkMZ4rYdDERBSpsJFEz_RE?authuser=0&hl=vi&g_ep=EgoyMDI2MDkwMS4wIJJjKgBIAVAD&rclk=1
2026-09-05 14:06:22,901 | INFO | Valid Google Maps Place URL opened.
2026-09-05 14:06:28,438 | INFO | Address check | score=0.0000 | status=NEED_REVIEW | reason=MISSING_MAPS_ADDRESS
2026-09-05 14:06:28,440 | INFO | Opening Maps URL | attempt=1/3
2026-09-05 14:06:31,350 | INFO | Current Maps URL: https://www.google.com/maps/place/Kh%C3%A1ch+s%E1%BA%A1n+H%C3%B2a+Ph%C3%A1t/data=!4m10!3m9!1s0x317527cf327692a3:0xa20938718e593d42!5m2!4m1!1i2!8m2!3d10.839333!4d106.740908!16s%2Fg%2F11h1r__ql!19sChIJo5J2Ms8ndTERQj1ZjnE4CaI?authuser=0&hl=vi&g_ep=EgoyMDI2MDkwMS4wIJJjKgBIAVAD&rclk=1
2026-09-05 14:06:31,350 | INFO | Valid Google Maps Place URL opened.
2026-09-05 14:06:36,362 | INFO | Address check | score=0.0000 | status=NEED_REVIEW | reason=MISSING_MAPS_ADDRESS
2026-09-05 14:06:36,367 | INFO | Opening Maps URL | attempt=1/3
2026-09-05 14:06:39,270 | INFO | Current Maps URL: https://www.google.com/maps/place/Nh%C3%A0+ngh%E1%BB%89+Ki%E1%BA%BFn+Qu%E1%BB%91c_+Nh%E1%BA%ADn+ph%C3%B2ng+24%2F24/data=!4m10!3m9!1s0x310a731e5c96dd81:0xbc1f634cba36404f!5m2!4m1!1i2!8m2!3d10.373454!4d105.434325!16s%2Fg%2F11shx996w8!19sChIJgd2WXB5zCjERT0A2ukxjH7w?authuser=0&hl=vi&g_ep=EgoyMDI2MDkwMS4wIJJjKgBIAVAD&rclk=1
2026-09-05 14:06:39,270 | INFO | Valid Google Maps Place URL opened.
2026-09-05 14:06:44,309 | INFO | Address check | score=0.0000 | status=NEED_REVIEW | reason=MISSING_MAPS_ADDRESS
2026-09-05 14:06:44,310 | INFO | Opening Maps URL | attempt=1/3
2026-09-05 14:06:47,193 | INFO | Current Maps URL: https://www.google.com/maps/place/FLC+Sea+Tower/data=!4m10!3m9!1s0x316f6ce900f3a50b:0x29c154825ef759cd!5m2!4m1!1i2!8m2!3d13.755644!4d109.21487!16s%2Fg%2F11csryy0ls!19sChIJC6XzAOlsbzERzVn3XoJUwSk?authuser=0&hl=vi&g_ep=EgoyMDI2MDkwMS4wIJJjKgBIAVAD&rclk=1
2026-09-05 14:06:47,193 | INFO | Valid Google Maps Place URL opened.
2026-09-05 14:06:52,668 | INFO | Address check | score=0.0000 | status=NEED_REVIEW | reason=MISSING_MAPS_ADDRESS
2026-09-05 14:06:52,669 | INFO | Opening Maps URL | attempt=1/3
2026-09-05 14:06:55,601 | INFO | Current Maps URL: https://www.google.com/maps/place/Nh%C3%A0+Ngh%E1%BB%89+158/data=!4m7!3m6!1s0x316f1529d57c11d5:0x1813a133849b4b0b!8m2!3d13.8330782!4d109.1792564!16s%2Fg%2F11hd1ldmnv!19sChIJ1RF81SkVbzERC0ubhDOhExg?authuser=0&hl=vi&g_ep=EgoyMDI2MDkwMS4wIJJjKgBIAVAD&rclk=1
2026-09-05 14:06:55,601 | INFO | Valid Google Maps Place URL opened.
2026-09-05 14:07:01,063 | INFO | Address check | score=0.0000 | status=NEED_REVIEW | reason=MISSING_MAPS_ADDRESS
2026-09-05 14:07:01,064 | INFO | Opening Maps URL | attempt=1/3
2026-09-05 14:07:04,075 | INFO | Current Maps URL: https://www.google.com/maps/place/Nh%C3%A0+ngh%E1%BB%89+Minh+Hi%E1%BA%BFu/data=!4m7!3m6!1s0x316f17004c69620d:0x6a9a4eabb3a8280b!8m2!3d13.8605033!4d109.0524453!16s%2Fg%2F11y_y8pt80!19sChIJDWJpTAAXbzERCyios6tOmmo?authuser=0&hl=vi&g_ep=EgoyMDI2MDkwMS4wIJJjKgBIAVAD&rclk=1
2026-09-05 14:07:04,075 | INFO | Valid Google Maps Place URL opened.
2026-09-05 14:07:09,371 | INFO | Address check | score=0.0000 | status=NEED_REVIEW | reason=MISSING_MAPS_ADDRESS
2026-09-05 14:07:09,372 | INFO | Opening Maps URL | attempt=1/3
2026-09-05 14:07:12,232 | INFO | Current Maps URL: https://www.google.com/maps/place/Nh%C3%A0+Ngh%E1%BB%89+Ng%E1%BB%8Dc+H%C6%B0%C6%A1ng/data=!4m7!3m6!1s0x316f6c81a0dd6a4f:0xcabaa072e034d91!8m2!3d13.7819403!4d109.2313965!16s%2Fg%2F11gh9q5sts!19sChIJT2rdoIFsbzERkU0DLgeqqww?authuser=0&hl=vi&g_ep=EgoyMDI2MDkwMS4wIJJjKgBIAVAD&rclk=1
2026-09-05 14:07:12,233 | INFO | Valid Google Maps Place URL opened.
2026-09-05 14:07:17,626 | INFO | Address check | score=0.0000 | status=NEED_REVIEW | reason=MISSING_MAPS_ADDRESS
2026-09-05 14:07:17,627 | INFO | Opening Maps URL | attempt=1/3
2026-09-05 14:07:20,501 | INFO | Current Maps URL: https://www.google.com/maps/place/Nh%E1%BA%A5t+Thanh+Hotel/data=!4m10!3m9!1s0x316f6ce7d7c24189:0xf6210ec502e377ba!5m2!4m1!1i2!8m2!3d13.7528974!4d109.2137575!16s%2Fg%2F11f3wcbcxb!19sChIJiUHC1-dsbzERunfjAsUOIfY?authuser=0&hl=vi&g_ep=EgoyMDI2MDkwMS4wIJJjKgBIAVAD&rclk=1
2026-09-05 14:07:20,501 | INFO | Valid Google Maps Place URL opened.
2026-09-05 14:07:25,851 | INFO | Address check | score=0.0000 | status=NEED_REVIEW | reason=MISSING_MAPS_ADDRESS
2026-09-05 14:07:25,852 | INFO | CHECKPOINT | processed=860 | matched=2 | mismatched=9 | review=849
2026-09-05 14:07:26,528 | INFO | Excel saved: D:\Product-Google-Maps\output\hotels_export_google_maps_checked.xlsx
2026-09-05 14:07:26,529 | INFO | Opening Maps URL | attempt=1/3
2026-09-05 14:07:29,453 | INFO | Current Maps URL: https://www.google.com/maps/place/Nh%C3%A0+ngh%E1%BB%89+Nh%C6%B0+Tuy%E1%BA%BFt+2/data=!4m7!3m6!1s0x316f15950764b61f:0xd17f720febb32adc!8m2!3d13.8624031!4d109.1196002!16s%2Fg%2F11cn68kd91!19sChIJH7ZkB5UVbzER3Cqz6w9yf9E?authuser=0&hl=vi&g_ep=EgoyMDI2MDkwMS4wIJJjKgBIAVAD&rclk=1
2026-09-05 14:07:29,454 | INFO | Valid Google Maps Place URL opened.
2026-09-05 14:07:34,844 | INFO | Address check | score=0.0000 | status=NEED_REVIEW | reason=MISSING_MAPS_ADDRESS
2026-09-05 14:07:34,845 | INFO | Opening Maps URL | attempt=1/3
2026-09-05 14:07:37,746 | INFO | Current Maps URL: https://www.google.com/maps/place/New+Land+Nam+Thong+3/data=!4m10!3m9!1s0x31752521d4fbb7cb:0x49188872608333bf!5m2!4m1!1i2!8m2!3d10.7194961!4d106.732494!16s%2Fg%2F11ks2mwyrz!19sChIJy7f71CEldTERvzODYHKIGEk?authuser=0&hl=vi&g_ep=EgoyMDI2MDkwMS4wIJJjKgBIAVAD&rclk=1
2026-09-05 14:07:37,746 | INFO | Valid Google Maps Place URL opened.
2026-09-05 14:07:43,190 | INFO | Address check | score=0.0000 | status=NEED_REVIEW | reason=MISSING_MAPS_ADDRESS
2026-09-05 14:07:43,191 | INFO | Opening Maps URL | attempt=1/3
2026-09-05 14:07:46,386 | INFO | Current Maps URL: https://www.google.com/maps/place/SEN+VILLA+Boutique/data=!4m7!3m6!1s0x3173f70793a4a84f:0xef4c178c2e40c017!8m2!3d11.569126!4d107.782649!16s%2Fg%2F11j6s8qr7z!19sChIJT6ikkwf3czERF8BALowXTO8?authuser=0&hl=vi&g_ep=EgoyMDI2MDkwMS4wIJJjKgBIAVAD&rclk=1
2026-09-05 14:07:46,386 | INFO | Valid Google Maps Place URL opened.
2026-09-05 14:07:51,692 | INFO | Address check | score=0.0000 | status=NEED_REVIEW | reason=MISSING_MAPS_ADDRESS
2026-09-05 14:07:51,693 | INFO | Opening Maps URL | attempt=1/3
2026-09-05 14:07:54,848 | INFO | Current Maps URL: https://www.google.com/maps/place/SEN+VILLA+Boutique/data=!4m7!3m6!1s0x3173f70793a4a84f:0xef4c178c2e40c017!8m2!3d11.569126!4d107.782649!16s%2Fg%2F11j6s8qr7z!19sChIJT6ikkwf3czERF8BALowXTO8?authuser=0&hl=vi&g_ep=EgoyMDI2MDkwMS4wIJJjKgBIAVAD&rclk=1
2026-09-05 14:07:54,849 | INFO | Valid Google Maps Place URL opened.
2026-09-05 14:08:00,306 | INFO | Address check | score=0.0000 | status=NEED_REVIEW | reason=MISSING_MAPS_ADDRESS
2026-09-05 14:08:00,316 | INFO | Opening Maps URL | attempt=1/3
2026-09-05 14:08:03,330 | INFO | Current Maps URL: https://www.google.com/maps/place/Nh%C3%A0+Ngh%E1%BB%89+Phong+D%C3%A2n/data=!4m7!3m6!1s0x31752f16bbdee793:0xa0ee229bcae14aa0!8m2!3d10.763389!4d106.692846!16s%2Fg%2F11_dt1db5!19sChIJk-feuxYvdTERoErhypsi7qA?authuser=0&hl=vi&g_ep=EgoyMDI2MDkwMS4wIJJjKgBIAVAD&rclk=1
2026-09-05 14:08:03,330 | INFO | Valid Google Maps Place URL opened.
2026-09-05 14:08:08,843 | INFO | Address check | score=0.0000 | status=NEED_REVIEW | reason=MISSING_MAPS_ADDRESS
2026-09-05 14:08:08,844 | INFO | Opening Maps URL | attempt=1/3
2026-09-05 14:08:12,097 | INFO | Current Maps URL: https://www.google.com/maps/place/Nh%C3%A0+ngh%E1%BB%89+Ph%C6%B0%E1%BB%A3ng+Lan/data=!4m7!3m6!1s0x316f23742a454557:0x762518b200767749!8m2!3d13.8990147!4d108.9488333!16s%2Fg%2F11s5jh0nj8!19sChIJV0VFKnQjbzERSXd2ALIYJXY?authuser=0&hl=vi&g_ep=EgoyMDI2MDkwMS4wIJJjKgBIAVAD&rclk=1
2026-09-05 14:08:12,098 | INFO | Valid Google Maps Place URL opened.
2026-09-05 14:08:17,455 | INFO | Address check | score=0.0000 | status=NEED_REVIEW | reason=MISSING_MAPS_ADDRESS
2026-09-05 14:08:17,456 | INFO | Opening Maps URL | attempt=1/3
2026-09-05 14:08:20,417 | INFO | Current Maps URL: https://www.google.com/maps/place/Nh%C3%A0+ngh%E1%BB%89+Ph%C6%B0%C6%A1ng+Th%E1%BA%A3o/data=!4m7!3m6!1s0x316f435ad710552f:0x95c37f90eaa1b0cd!8m2!3d13.8805919!4d109.2904929!16s%2Fg%2F11q4kqkrkc!19sChIJL1UQ11pDbzERzbCh6pB_w5U?authuser=0&hl=vi&g_ep=EgoyMDI2MDkwMS4wIJJjKgBIAVAD&rclk=1
2026-09-05 14:08:20,417 | INFO | Valid Google Maps Place URL opened.
2026-09-05 14:08:25,749 | INFO | Address check | score=0.0000 | status=NEED_REVIEW | reason=MISSING_MAPS_ADDRESS
2026-09-05 14:08:25,750 | INFO | Opening Maps URL | attempt=1/3
2026-09-05 14:08:29,011 | INFO | Current Maps URL: https://www.google.com/maps/place/L%E1%BA%A7u+Ng%C6%B0ng+B%C3%ADch/data=!4m7!3m6!1s0x31752535059643cd:0x9e991cd30b76d173!8m2!3d10.7135301!4d106.732689!16s%2Fg%2F11rv0dcrt2!19sChIJzUOWBTUldTERc9F2C9McmZ4?authuser=0&hl=vi&g_ep=EgoyMDI2MDkwMS4wIJJjKgBIAVAD&rclk=1
2026-09-05 14:08:29,011 | INFO | Valid Google Maps Place URL opened.
2026-09-05 14:08:34,452 | INFO | Address check | score=0.0000 | status=NEED_REVIEW | reason=MISSING_MAPS_ADDRESS
2026-09-05 14:08:34,453 | INFO | Opening Maps URL | attempt=1/3
2026-09-05 14:08:37,401 | INFO | Current Maps URL: https://www.google.com/maps/place/L%E1%BA%A7u+Ng%C6%B0ng+B%C3%ADch/data=!4m7!3m6!1s0x31752535059643cd:0x9e991cd30b76d173!8m2!3d10.7135301!4d106.732689!16s%2Fg%2F11rv0dcrt2!19sChIJzUOWBTUldTERc9F2C9McmZ4?authuser=0&hl=vi&g_ep=EgoyMDI2MDkwMS4wIJJjKgBIAVAD&rclk=1
2026-09-05 14:08:37,402 | INFO | Valid Google Maps Place URL opened.
2026-09-05 14:08:42,745 | INFO | Address check | score=0.0000 | status=NEED_REVIEW | reason=MISSING_MAPS_ADDRESS
2026-09-05 14:08:42,746 | INFO | Opening Maps URL | attempt=1/3
2026-09-05 14:08:45,605 | INFO | Current Maps URL: https://www.google.com/maps/place/Nh%C3%A0+ngh%E1%BB%89+Samy/data=!4m7!3m6!1s0x316c1fb3744c4851:0x7de66d0667e927f!8m2!3d13.9920405!4d107.999355!16s%2Fg%2F11mc52kgp2!19sChIJUUhMdLMfbDERf5J-ZtBm3gc?authuser=0&hl=vi&g_ep=EgoyMDI2MDkwMS4wIJJjKgBIAVAD&rclk=1
2026-09-05 14:08:45,605 | INFO | Valid Google Maps Place URL opened.
2026-09-05 14:08:51,028 | INFO | Address check | score=0.0000 | status=NEED_REVIEW | reason=MISSING_MAPS_ADDRESS
2026-09-05 14:08:51,029 | INFO | CHECKPOINT | processed=870 | matched=2 | mismatched=9 | review=859
2026-09-05 14:08:51,597 | INFO | Excel saved: D:\Product-Google-Maps\output\hotels_export_google_maps_checked.xlsx
2026-09-05 14:08:51,598 | INFO | Opening Maps URL | attempt=1/3
2026-09-05 14:08:54,443 | INFO | Current Maps URL: https://www.google.com/maps/place/Nh%C3%A0+ngh%E1%BB%89+Samy/data=!4m7!3m6!1s0x316c1fb3744c4851:0x7de66d0667e927f!8m2!3d13.9920405!4d107.999355!16s%2Fg%2F11mc52kgp2!19sChIJUUhMdLMfbDERf5J-ZtBm3gc?authuser=0&hl=vi&g_ep=EgoyMDI2MDkwMS4wIJJjKgBIAVAD&rclk=1
2026-09-05 14:08:54,443 | INFO | Valid Google Maps Place URL opened.
2026-09-05 14:08:59,756 | INFO | Address check | score=0.0000 | status=NEED_REVIEW | reason=MISSING_MAPS_ADDRESS
2026-09-05 14:08:59,757 | INFO | Opening Maps URL | attempt=1/3
2026-09-05 14:09:02,756 | INFO | Current Maps URL: https://www.google.com/maps/place/Nh%C3%A0+ngh%E1%BB%89+Samy/data=!4m7!3m6!1s0x316c1fb3744c4851:0x7de66d0667e927f!8m2!3d13.9920405!4d107.999355!16s%2Fg%2F11mc52kgp2!19sChIJUUhMdLMfbDERf5J-ZtBm3gc?authuser=0&hl=vi&g_ep=EgoyMDI2MDkwMS4wIJJjKgBIAVAD&rclk=1
2026-09-05 14:09:02,756 | INFO | Valid Google Maps Place URL opened.
2026-09-05 14:09:08,081 | INFO | Address check | score=0.0000 | status=NEED_REVIEW | reason=MISSING_MAPS_ADDRESS
2026-09-05 14:09:08,082 | INFO | Opening Maps URL | attempt=1/3
2026-09-05 14:09:11,146 | INFO | Current Maps URL: https://www.google.com/maps/place/FLC+Luxury+Hotel+Quy+Nhon/data=!4m10!3m9!1s0x316f41f43775ab65:0xf7105eac4b998d9a!5m2!4m1!1i2!8m2!3d13.887154!4d109.279516!16s%2Fg%2F11p5jyyk3q!19sChIJZat1N_RBbzERmo2ZS6xeEPc?authuser=0&hl=vi&g_ep=EgoyMDI2MDkwMS4wIJJjKgBIAVAD&rclk=1
2026-09-05 14:09:11,147 | INFO | Valid Google Maps Place URL opened.
2026-09-05 14:09:16,498 | INFO | Address check | score=0.0000 | status=NEED_REVIEW | reason=MISSING_MAPS_ADDRESS
2026-09-05 14:09:16,500 | INFO | Opening Maps URL | attempt=1/3
2026-09-05 14:09:19,487 | INFO | Current Maps URL: https://www.google.com/maps/place/FLC+Luxury+Hotel+Quy+Nhon/data=!4m10!3m9!1s0x316f41f43775ab65:0xf7105eac4b998d9a!5m2!4m1!1i2!8m2!3d13.887154!4d109.279516!16s%2Fg%2F11p5jyyk3q!19sChIJZat1N_RBbzERmo2ZS6xeEPc?authuser=0&hl=vi&g_ep=EgoyMDI2MDkwMS4wIJJjKgBIAVAD&rclk=1
2026-09-05 14:09:19,487 | INFO | Valid Google Maps Place URL opened.
2026-09-05 14:09:24,847 | INFO | Address check | score=0.0000 | status=NEED_REVIEW | reason=MISSING_MAPS_ADDRESS
2026-09-05 14:09:24,848 | INFO | Opening Maps URL | attempt=1/3
2026-09-05 14:09:27,909 | INFO | Current Maps URL: https://www.google.com/maps/place/Nh%C3%A0+ngh%E1%BB%89+B%C3%ACnh+Long/data=!4m10!3m9!1s0x3168c3c9bdf6dde9:0x1e29d6ccac459b94!5m2!4m1!1i2!8m2!3d14.546692!4d109.071015!16s%2Fg%2F11v3jj3k7h!19sChIJ6d32vcnDaDERlJtFrMzWKR4?authuser=0&hl=vi&g_ep=EgoyMDI2MDkwMS4wIJJjKgBIAVAD&rclk=1
2026-09-05 14:09:27,910 | INFO | Valid Google Maps Place URL opened.
2026-09-05 14:09:33,311 | INFO | Address check | score=0.0000 | status=NEED_REVIEW | reason=MISSING_MAPS_ADDRESS
2026-09-05 14:09:33,313 | INFO | Opening Maps URL | attempt=1/3
2026-09-05 14:09:36,207 | INFO | Current Maps URL: https://www.google.com/maps/place/Kh%C3%A1ch+s%E1%BA%A1n+M%C6%B0%E1%BB%9Dng+Thanh+Bu%C3%B4n+Ma+Thu%E1%BB%99t/data=!4m10!3m9!1s0x3171f7c45a11b76f:0xc38b3c93f77ac760!5m2!4m1!1i2!8m2!3d12.69268!4d108.063261!16s%2Fg%2F11csp9h327!19sChIJb7cRWsT3cTERYMd695M8i8M?authuser=0&hl=vi&g_ep=EgoyMDI2MDkwMS4wIJJjKgBIAVAD&rclk=1
2026-09-05 14:09:36,208 | INFO | Valid Google Maps Place URL opened.
2026-09-05 14:09:41,271 | INFO | Address check | score=0.0000 | status=NEED_REVIEW | reason=MISSING_MAPS_ADDRESS
2026-09-05 14:09:41,272 | INFO | Opening Maps URL | attempt=1/3
2026-09-05 14:09:44,124 | INFO | Current Maps URL: https://www.google.com/maps/place/Kh%C3%A1ch+s%E1%BA%A1n+M%C6%B0%E1%BB%9Dng+Thanh+Bu%C3%B4n+Ma+Thu%E1%BB%99t/data=!4m10!3m9!1s0x3171f7c45a11b76f:0xc38b3c93f77ac760!5m2!4m1!1i2!8m2!3d12.69268!4d108.063261!16s%2Fg%2F11csp9h327!19sChIJb7cRWsT3cTERYMd695M8i8M?authuser=0&hl=vi&g_ep=EgoyMDI2MDkwMS4wIJJjKgBIAVAD&rclk=1
2026-09-05 14:09:44,124 | INFO | Valid Google Maps Place URL opened.
2026-09-05 14:09:49,146 | INFO | Address check | score=0.0000 | status=NEED_REVIEW | reason=MISSING_MAPS_ADDRESS
2026-09-05 14:09:49,147 | INFO | Opening Maps URL | attempt=1/3
2026-09-05 14:09:52,014 | INFO | Current Maps URL: https://www.google.com/maps/place/Kh%C3%A1ch+s%E1%BA%A1n+M%C6%B0%E1%BB%9Dng+Thanh+Bu%C3%B4n+Ma+Thu%E1%BB%99t/data=!4m10!3m9!1s0x3171f7c45a11b76f:0xc38b3c93f77ac760!5m2!4m1!1i2!8m2!3d12.69268!4d108.063261!16s%2Fg%2F11csp9h327!19sChIJb7cRWsT3cTERYMd695M8i8M?authuser=0&hl=vi&g_ep=EgoyMDI2MDkwMS4wIJJjKgBIAVAD&rclk=1
2026-09-05 14:09:52,014 | INFO | Valid Google Maps Place URL opened.
2026-09-05 14:09:57,045 | INFO | Address check | score=0.0000 | status=NEED_REVIEW | reason=MISSING_MAPS_ADDRESS
2026-09-05 14:09:57,047 | INFO | Opening Maps URL | attempt=1/3
2026-09-05 14:09:59,930 | INFO | Current Maps URL: https://www.google.com/maps/place/HOTEL+THANH+VAN/data=!4m7!3m6!1s0x31752553712b3211:0x3d027ce07a6488c4!8m2!3d10.7028373!4d106.7302412!16s%2Fg%2F11f4vdm9dq!19sChIJETIrcVMldTERxIhkeuB8Aj0?authuser=0&hl=vi&g_ep=EgoyMDI2MDkwMS4wIJJjKgBIAVAD&rclk=1
2026-09-05 14:09:59,931 | INFO | Valid Google Maps Place URL opened.
2026-09-05 14:10:05,043 | INFO | Address check | score=0.0000 | status=NEED_REVIEW | reason=MISSING_MAPS_ADDRESS
2026-09-05 14:10:05,044 | INFO | Opening Maps URL | attempt=1/3
2026-09-05 14:10:08,083 | INFO | Current Maps URL: https://www.google.com/maps/place/Nh%C3%A0+ngh%E1%BB%89+Th%C3%A0nh+C%C3%B4ng/data=!4m7!3m6!1s0x316f43fba172de0f:0xdc75491ad13405ab!8m2!3d13.8850205!4d109.2882906!16s%2Fg%2F11h4kw_6hn!19sChIJD95yoftDbzERqwU00RpJddw?authuser=0&hl=vi&g_ep=EgoyMDI2MDkwMS4wIJJjKgBIAVAD&rclk=1
2026-09-05 14:10:08,084 | INFO | Valid Google Maps Place URL opened.
2026-09-05 14:10:13,439 | INFO | Address check | score=0.0000 | status=NEED_REVIEW | reason=MISSING_MAPS_ADDRESS
2026-09-05 14:10:13,440 | INFO | CHECKPOINT | processed=880 | matched=2 | mismatched=9 | review=869
2026-09-05 14:10:14,034 | INFO | Excel saved: D:\Product-Google-Maps\output\hotels_export_google_maps_checked.xlsx
2026-09-05 14:10:14,035 | INFO | Opening Maps URL | attempt=1/3
2026-09-05 14:10:17,147 | INFO | Current Maps URL: https://www.google.com/maps/place/Nh%C3%A0+ngh%E1%BB%89+Th%C3%A0nh+C%C3%B4ng/data=!4m7!3m6!1s0x316f43fba172de0f:0xdc75491ad13405ab!8m2!3d13.8850205!4d109.2882906!16s%2Fg%2F11h4kw_6hn!19sChIJD95yoftDbzERqwU00RpJddw?authuser=0&hl=vi&g_ep=EgoyMDI2MDkwMS4wIJJjKgBIAVAD&rclk=1
2026-09-05 14:10:17,147 | INFO | Valid Google Maps Place URL opened.
2026-09-05 14:10:22,496 | INFO | Address check | score=0.0000 | status=NEED_REVIEW | reason=MISSING_MAPS_ADDRESS
2026-09-05 14:10:22,497 | INFO | Opening Maps URL | attempt=1/3
2026-09-05 14:10:25,449 | INFO | Current Maps URL: https://www.google.com/maps/place/Nh%C3%A0+ngh%E1%BB%89+Th%C3%A0nh+C%C3%B4ng/data=!4m7!3m6!1s0x316f43fba172de0f:0xdc75491ad13405ab!8m2!3d13.8850205!4d109.2882906!16s%2Fg%2F11h4kw_6hn!19sChIJD95yoftDbzERqwU00RpJddw?authuser=0&hl=vi&g_ep=EgoyMDI2MDkwMS4wIJJjKgBIAVAD&rclk=1
2026-09-05 14:10:25,449 | INFO | Valid Google Maps Place URL opened.
2026-09-05 14:10:30,860 | INFO | Address check | score=0.0000 | status=NEED_REVIEW | reason=MISSING_MAPS_ADDRESS
2026-09-05 14:10:30,861 | INFO | Opening Maps URL | attempt=1/3
2026-09-05 14:10:34,174 | INFO | Current Maps URL: https://www.google.com/maps/place/Nh%C3%A0+Ngh%E1%BB%89+Thanh+Hu%E1%BB%87+2/data=!4m7!3m6!1s0x316fe91a0006f313:0x7e26c03d53df5ae1!8m2!3d13.0023028!4d109.2355254!16s%2Fg%2F11sg_k_fms!19sChIJE_MGABrpbzER4VrfUz3AJn4?authuser=0&hl=vi&g_ep=EgoyMDI2MDkwMS4wIJJjKgBIAVAD&rclk=1
2026-09-05 14:10:34,177 | INFO | Valid Google Maps Place URL opened.
2026-09-05 14:10:39,552 | INFO | Address check | score=0.0000 | status=NEED_REVIEW | reason=MISSING_MAPS_ADDRESS
2026-09-05 14:10:39,556 | INFO | Opening Maps URL | attempt=1/3
2026-09-05 14:10:42,505 | INFO | Current Maps URL: https://www.google.com/maps/place/NH%C3%80+NGH%E1%BB%88+THANH+KHI%E1%BA%BET/data=!4m7!3m6!1s0x31693300267ffbd3:0xd69930969e3630!8m2!3d14.3593297!4d108.5690506!16s%2Fg%2F11z4lvjm_w!19sChIJ0_t_JgAzaTERMDaeljCZ1gA?authuser=0&hl=vi&g_ep=EgoyMDI2MDkwMS4wIJJjKgBIAVAD&rclk=1
2026-09-05 14:10:42,506 | INFO | Valid Google Maps Place URL opened.
2026-09-05 14:10:47,881 | INFO | Address check | score=0.0000 | status=NEED_REVIEW | reason=MISSING_MAPS_ADDRESS
2026-09-05 14:10:47,882 | INFO | Opening Maps URL | attempt=1/3
2026-09-05 14:10:50,803 | INFO | Current Maps URL: https://www.google.com/maps/place/HOTEL+THANH+VAN/data=!4m7!3m6!1s0x31752553712b3211:0x3d027ce07a6488c4!8m2!3d10.7028373!4d106.7302412!16s%2Fg%2F11f4vdm9dq!19sChIJETIrcVMldTERxIhkeuB8Aj0?authuser=0&hl=vi&g_ep=EgoyMDI2MDkwMS4wIJJjKgBIAVAD&rclk=1
2026-09-05 14:10:50,803 | INFO | Valid Google Maps Place URL opened.
2026-09-05 14:10:56,117 | INFO | Address check | score=0.0000 | status=NEED_REVIEW | reason=MISSING_MAPS_ADDRESS
2026-09-05 14:10:56,118 | INFO | Opening Maps URL | attempt=1/3
2026-09-05 14:10:59,121 | INFO | Current Maps URL: https://www.google.com/maps/place/HOTEL+THANH+VAN/data=!4m7!3m6!1s0x31752553712b3211:0x3d027ce07a6488c4!8m2!3d10.7028373!4d106.7302412!16s%2Fg%2F11f4vdm9dq!19sChIJETIrcVMldTERxIhkeuB8Aj0?authuser=0&hl=vi&g_ep=EgoyMDI2MDkwMS4wIJJjKgBIAVAD&rclk=1
2026-09-05 14:10:59,122 | INFO | Valid Google Maps Place URL opened.
2026-09-05 14:11:04,432 | INFO | Address check | score=0.0000 | status=NEED_REVIEW | reason=MISSING_MAPS_ADDRESS
2026-09-05 14:11:04,434 | INFO | Opening Maps URL | attempt=1/3
2026-09-05 14:11:07,680 | INFO | Current Maps URL: https://www.google.com/maps/place/Nh%C3%A0+Ngh%E1%BB%89+Lu%C3%A2n/data=!4m7!3m6!1s0x31752f164ba3b32d:0xb7e49a1fc50ff4d!8m2!3d10.7663375!4d106.6913391!16s%2Fg%2F1hc5dyyjp!19sChIJLbOjSxYvdTERTf9Q_KFJfgs?authuser=0&hl=vi&g_ep=EgoyMDI2MDkwMS4wIJJjKgBIAVAD&rclk=1
2026-09-05 14:11:07,680 | INFO | Valid Google Maps Place URL opened.
2026-09-05 14:11:13,040 | INFO | Address check | score=0.0000 | status=NEED_REVIEW | reason=MISSING_MAPS_ADDRESS
2026-09-05 14:11:13,041 | INFO | Opening Maps URL | attempt=1/3
2026-09-05 14:11:16,012 | INFO | Current Maps URL: https://www.google.com/maps/place/N%C3%BAi+Th%C6%A1m+Ecolodge+Resort+%26+Spa/data=!4m10!3m9!1s0x316f9357083fa3d1:0x7a160f7d2b99a455!5m2!4m1!1i2!8m2!3d13.17052!4d109.286213!16s%2Fg%2F11tcqnfbqv!19sChIJ0aM_CFeTbzERVaSZK30PFno?authuser=0&hl=vi&g_ep=EgoyMDI2MDkwMS4wIJJjKgBIAVAD&rclk=1
2026-09-05 14:11:16,012 | INFO | Valid Google Maps Place URL opened.
2026-09-05 14:11:21,440 | INFO | Address check | score=0.0000 | status=NEED_REVIEW | reason=MISSING_MAPS_ADDRESS
2026-09-05 14:11:21,441 | INFO | Opening Maps URL | attempt=1/3
2026-09-05 14:11:24,513 | INFO | Current Maps URL: https://www.google.com/maps/place/GOLDEN+HOTEL+2/data=!4m10!3m9!1s0x316f3e119f85e9e9:0xe96a209cdff0011f!5m2!4m1!1i2!8m2!3d13.89854!4d109.107594!16s%2Fg%2F11sf6s58xj!19sChIJ6emFnxE-bzERHwHw35wgauk?authuser=0&hl=vi&g_ep=EgoyMDI2MDkwMS4wIJJjKgBIAVAD&rclk=1
2026-09-05 14:11:24,516 | INFO | Valid Google Maps Place URL opened.
2026-09-05 14:11:29,940 | INFO | Address check | score=0.0000 | status=NEED_REVIEW | reason=MISSING_MAPS_ADDRESS
2026-09-05 14:11:29,941 | INFO | Opening Maps URL | attempt=1/3
2026-09-05 14:11:32,929 | INFO | Current Maps URL: https://www.google.com/maps/place/J+%26+Ariya+Hotel+Near+Samui+Airport+and+Koh+Phangan+Pier/data=!4m10!3m9!1s0x3054f06a39fd4691:0x5b5c6df21eb901d1!5m2!4m1!1i2!8m2!3d9.556831!4d100.053839!16s%2Fg%2F11tgd9gbvt!19sChIJkUb9OWrwVDAR0QG5HvJtXFs?authuser=0&hl=vi&g_ep=EgoyMDI2MDkwMS4wIJJjKgBIAVAD&rclk=1
2026-09-05 14:11:32,930 | INFO | Valid Google Maps Place URL opened.
2026-09-05 14:11:38,324 | INFO | Address check | score=0.0000 | status=NEED_REVIEW | reason=MISSING_MAPS_ADDRESS
2026-09-05 14:11:38,325 | INFO | CHECKPOINT | processed=890 | matched=2 | mismatched=9 | review=879
2026-09-05 14:11:38,945 | INFO | Excel saved: D:\Product-Google-Maps\output\hotels_export_google_maps_checked.xlsx
2026-09-05 14:11:38,946 | INFO | Opening Maps URL | attempt=1/3
2026-09-05 14:11:41,865 | INFO | Current Maps URL: https://www.google.com/maps/place/J+%26+Ariya+Hotel+Near+Samui+Airport+and+Koh+Phangan+Pier/data=!4m10!3m9!1s0x3054f06a39fd4691:0x5b5c6df21eb901d1!5m2!4m1!1i2!8m2!3d9.556831!4d100.053839!16s%2Fg%2F11tgd9gbvt!19sChIJkUb9OWrwVDAR0QG5HvJtXFs?authuser=0&hl=vi&g_ep=EgoyMDI2MDkwMS4wIJJjKgBIAVAD&rclk=1
2026-09-05 14:11:41,865 | INFO | Valid Google Maps Place URL opened.
2026-09-05 14:11:47,206 | INFO | Address check | score=0.0000 | status=NEED_REVIEW | reason=MISSING_MAPS_ADDRESS
2026-09-05 14:11:47,208 | INFO | Opening Maps URL | attempt=1/3
2026-09-05 14:11:50,075 | INFO | Current Maps URL: https://www.google.com/maps/place/J+%26+Ariya+Hotel+Near+Samui+Airport+and+Koh+Phangan+Pier/data=!4m10!3m9!1s0x3054f06a39fd4691:0x5b5c6df21eb901d1!5m2!4m1!1i2!8m2!3d9.556831!4d100.053839!16s%2Fg%2F11tgd9gbvt!19sChIJkUb9OWrwVDAR0QG5HvJtXFs?authuser=0&hl=vi&g_ep=EgoyMDI2MDkwMS4wIJJjKgBIAVAD&rclk=1
2026-09-05 14:11:50,076 | INFO | Valid Google Maps Place URL opened.
2026-09-05 14:11:55,437 | INFO | Address check | score=0.0000 | status=NEED_REVIEW | reason=MISSING_MAPS_ADDRESS
2026-09-05 14:11:55,441 | INFO | Opening Maps URL | attempt=1/3
2026-09-05 14:11:58,328 | INFO | Current Maps URL: https://www.google.com/maps/place/Nh%C3%A0+Ngh%E1%BB%89+Th%C3%B9y+Trang/data=!4m7!3m6!1s0x31752eddd6100df7:0x9165e7d9cdb75b4a!8m2!3d10.7706403!4d106.6704828!16s%2Fg%2F1hc2503m9!19sChIJ9w0Q1t0udTERSlu3zdnnZZE?authuser=0&hl=vi&g_ep=EgoyMDI2MDkwMS4wIJJjKgBIAVAD&rclk=1
2026-09-05 14:11:58,328 | INFO | Valid Google Maps Place URL opened.
2026-09-05 14:12:03,560 | INFO | Address check | score=0.0000 | status=NEED_REVIEW | reason=MISSING_MAPS_ADDRESS
2026-09-05 14:12:03,561 | INFO | Opening Maps URL | attempt=1/3
2026-09-05 14:12:06,752 | INFO | Current Maps URL: https://www.google.com/maps/place/Nh%C3%A0+Ngh%E1%BB%89+Th%C3%B9y+Trang/data=!4m7!3m6!1s0x31752eddd6100df7:0x9165e7d9cdb75b4a!8m2!3d10.7706403!4d106.6704828!16s%2Fg%2F1hc2503m9!19sChIJ9w0Q1t0udTERSlu3zdnnZZE?authuser=0&hl=vi&g_ep=EgoyMDI2MDkwMS4wIJJjKgBIAVAD&rclk=1
2026-09-05 14:12:06,753 | INFO | Valid Google Maps Place URL opened.
2026-09-05 14:12:12,231 | INFO | Address check | score=0.0000 | status=NEED_REVIEW | reason=MISSING_MAPS_ADDRESS
2026-09-05 14:12:12,233 | INFO | Opening Maps URL | attempt=1/3
2026-09-05 14:12:15,202 | INFO | Current Maps URL: https://www.google.com/maps/place/Nh%C3%A0+Ngh%E1%BB%89+Trung+T%C3%ADn/data=!4m7!3m6!1s0x316f6cc241be8f57:0x55f92184b51acc6c!8m2!3d13.7569811!4d109.2100914!16s%2Fg%2F11b67jl0h9!19sChIJV4--QcJsbzERbMwatYQh-VU?authuser=0&hl=vi&g_ep=EgoyMDI2MDkwMS4wIJJjKgBIAVAD&rclk=1
2026-09-05 14:12:15,204 | INFO | Valid Google Maps Place URL opened.
2026-09-05 14:12:20,421 | INFO | Address check | score=0.0000 | status=NEED_REVIEW | reason=MISSING_MAPS_ADDRESS
2026-09-05 14:12:20,422 | INFO | Opening Maps URL | attempt=1/3
2026-09-05 14:12:23,261 | INFO | Current Maps URL: https://www.google.com/maps/place/Kh%C3%A1ch+s%E1%BA%A1n+Mai+Tu%E1%BA%A5n+Huy/data=!4m7!3m6!1s0x31752feb66ffa27b:0x7903b2e3e8835ef2!8m2!3d10.7702494!4d106.6721182!16s%2Fg%2F11kqj1ckkz!19sChIJe6L_ZusvdTER8l6D6OOyA3k?authuser=0&hl=vi&g_ep=EgoyMDI2MDkwMS4wIJJjKgBIAVAD&rclk=1
2026-09-05 14:12:23,261 | INFO | Valid Google Maps Place URL opened.
2026-09-05 14:12:28,388 | INFO | Address check | score=0.0000 | status=NEED_REVIEW | reason=MISSING_MAPS_ADDRESS
2026-09-05 14:12:28,389 | INFO | Opening Maps URL | attempt=1/3
2026-09-05 14:12:31,500 | INFO | Current Maps URL: https://www.google.com/maps/place/Kh%C3%A1ch+S%E1%BA%A1n+Ph%C6%B0%C6%A1ng+Uy%C3%AAn/data=!4m7!3m6!1s0x31752e42276a47b5:0x31dae1bcd68a0126!8m2!3d10.7334519!4d106.6543898!16s%2Fg%2F1hc2jb1rf!19sChIJtUdqJ0IudTERJgGK1rzh2jE?authuser=0&hl=vi&g_ep=EgoyMDI2MDkwMS4wIJJjKgBIAVAD&rclk=1
2026-09-05 14:12:31,506 | INFO | Valid Google Maps Place URL opened.
2026-09-05 14:12:36,514 | INFO | Address check | score=0.0000 | status=NEED_REVIEW | reason=MISSING_MAPS_ADDRESS
2026-09-05 14:12:36,515 | INFO | Opening Maps URL | attempt=1/3
2026-09-05 14:12:39,934 | INFO | Current Maps URL: https://www.google.com/maps/place/Kh%C3%A1ch+S%E1%BA%A1n+Ph%C6%B0%C6%A1ng+Uy%C3%AAn/data=!4m7!3m6!1s0x31752e42276a47b5:0x31dae1bcd68a0126!8m2!3d10.7334519!4d106.6543898!16s%2Fg%2F1hc2jb1rf!19sChIJtUdqJ0IudTERJgGK1rzh2jE?authuser=0&hl=vi&g_ep=EgoyMDI2MDkwMS4wIJJjKgBIAVAD&rclk=1
2026-09-05 14:12:39,934 | INFO | Valid Google Maps Place URL opened.
2026-09-05 14:12:44,946 | INFO | Address check | score=0.0000 | status=NEED_REVIEW | reason=MISSING_MAPS_ADDRESS
2026-09-05 14:12:44,947 | INFO | Opening Maps URL | attempt=1/3
2026-09-05 14:12:48,013 | INFO | Current Maps URL: https://www.google.com/maps/place/Oakwood/data=!4m10!3m9!1s0x317528a7828c37c1:0xeacd0fb35d8a0e08!5m2!4m1!1i2!8m2!3d10.80144!4d106.722879!16s%2Fg%2F11rz74t162!19sChIJwTeMgqcodTERCA6KXbMPzeo?authuser=0&hl=vi&g_ep=EgoyMDI2MDkwMS4wIJJjKgBIAVAD&rclk=1
2026-09-05 14:12:48,014 | INFO | Valid Google Maps Place URL opened.
2026-09-05 14:12:53,556 | INFO | Address check | score=0.0000 | status=NEED_REVIEW | reason=MISSING_MAPS_ADDRESS
2026-09-05 14:12:53,559 | INFO | Opening Maps URL | attempt=1/3
2026-09-05 14:12:56,668 | INFO | Current Maps URL: https://www.google.com/maps/place/Hi%E1%BA%BFu+Ng%E1%BB%8Dc+Hotel/data=!4m7!3m6!1s0x316f220e44051497:0x65fae2b248408df8!8m2!3d13.8605695!4d109.1125343!16s%2Fg%2F11j00s7mt_!19sChIJlxQFRA4ibzER-I1ASLLi-mU?authuser=0&hl=vi&g_ep=EgoyMDI2MDkwMS4wIJJjKgBIAVAD&rclk=1
2026-09-05 14:12:56,668 | INFO | Valid Google Maps Place URL opened.
2026-09-05 14:13:02,206 | INFO | Address check | score=0.0000 | status=NEED_REVIEW | reason=MISSING_MAPS_ADDRESS
2026-09-05 14:13:02,221 | INFO | CHECKPOINT | processed=900 | matched=2 | mismatched=9 | review=889
2026-09-05 14:13:03,205 | INFO | Excel saved: D:\Product-Google-Maps\output\hotels_export_google_maps_checked.xlsx
2026-09-05 14:13:03,206 | INFO | Opening Maps URL | attempt=1/3
2026-09-05 14:13:06,081 | INFO | Current Maps URL: https://www.google.com/maps/place/KH%C3%81CH+S%E1%BA%A0N+B%C3%8CNH+MINH/data=!4m10!3m9!1s0x31752893d1e3aaa1:0x5bbb4a49c123be78!5m2!4m1!1i2!8m2!3d10.818442!4d106.705048!16s%2Fg%2F11bbrjlf_y!19sChIJoarj0ZModTEReL4jwUlKu1s?authuser=0&hl=vi&g_ep=EgoyMDI2MDkwMS4wIJJjKgBIAVAD&rclk=1
2026-09-05 14:13:06,081 | INFO | Valid Google Maps Place URL opened.
2026-09-05 14:13:11,097 | INFO | Address check | score=0.0000 | status=NEED_REVIEW | reason=MISSING_MAPS_ADDRESS
2026-09-05 14:13:11,098 | INFO | Opening Maps URL | attempt=1/3
2026-09-05 14:13:13,989 | INFO | Current Maps URL: https://www.google.com/maps/place/KH%C3%81CH+S%E1%BA%A0N+B%C3%8CNH+MINH/data=!4m10!3m9!1s0x31752893d1e3aaa1:0x5bbb4a49c123be78!5m2!4m1!1i2!8m2!3d10.818442!4d106.705048!16s%2Fg%2F11bbrjlf_y!19sChIJoarj0ZModTEReL4jwUlKu1s?authuser=0&hl=vi&g_ep=EgoyMDI2MDkwMS4wIJJjKgBIAVAD&rclk=1
2026-09-05 14:13:13,990 | INFO | Valid Google Maps Place URL opened.
2026-09-05 14:13:18,997 | INFO | Address check | score=0.0000 | status=NEED_REVIEW | reason=MISSING_MAPS_ADDRESS
2026-09-05 14:13:18,998 | INFO | Opening Maps URL | attempt=1/3
2026-09-05 14:13:22,104 | INFO | Current Maps URL: https://www.google.com/maps/place/Terracotta+Villa+Saigon/data=!4m10!3m9!1s0x317528b09a1dec17:0xcf3626dd3f632c8d!5m2!4m1!1i2!8m2!3d10.799008!4d106.70762!16s%2Fg%2F11vdkk6csn!19sChIJF-wdmrAodTERjSxjP90mNs8?authuser=0&hl=vi&g_ep=EgoyMDI2MDkwMS4wIJJjKgBIAVAD&rclk=1
2026-09-05 14:13:22,105 | INFO | Valid Google Maps Place URL opened.
2026-09-05 14:13:27,138 | INFO | Address check | score=0.0000 | status=NEED_REVIEW | reason=MISSING_MAPS_ADDRESS
2026-09-05 14:13:27,139 | INFO | Opening Maps URL | attempt=1/3
2026-09-05 14:13:30,320 | INFO | Current Maps URL: https://www.google.com/maps/place/The+One+Hotel+Ben+Thanh+By+The+One+Group/data=!4m10!3m9!1s0x31752f3eba0b6ac5:0x2de2135cfb6f2b19!5m2!4m1!1i2!8m2!3d10.7725465!4d106.6946813!16s%2Fg%2F11fjz4ktfh!19sChIJxWoLuj4vdTERGStv-1wT4i0?authuser=0&hl=vi&g_ep=EgoyMDI2MDkwMS4wIJJjKgBIAVAD&rclk=1
2026-09-05 14:13:30,320 | INFO | Valid Google Maps Place URL opened.
2026-09-05 14:13:35,423 | INFO | Address check | score=0.0000 | status=NEED_REVIEW | reason=MISSING_MAPS_ADDRESS
2026-09-05 14:13:35,425 | INFO | Opening Maps URL | attempt=1/3
2026-09-05 14:13:38,359 | INFO | Current Maps URL: https://www.google.com/maps/place/L%E2%80%99amour+Hotel/data=!4m10!3m9!1s0x317528fe8e7aac8d:0x50f863af2dc5e75a!5m2!4m1!1i2!8m2!3d10.829382!4d106.679837!16s%2Fg%2F11xsjdpjph!19sChIJjax6jv4odTERWufFLa9j-FA?authuser=0&hl=vi&g_ep=EgoyMDI2MDkwMS4wIJJjKgBIAVAD&rclk=1
2026-09-05 14:13:38,360 | INFO | Valid Google Maps Place URL opened.
2026-09-05 14:13:43,627 | INFO | Address check | score=0.0000 | status=NEED_REVIEW | reason=MISSING_MAPS_ADDRESS
2026-09-05 14:13:43,628 | INFO | Opening Maps URL | attempt=1/3
2026-09-05 14:13:46,533 | INFO | Current Maps URL: https://www.google.com/maps/place/Kh%C3%A1ch+S%E1%BA%A1n+Thanh+Danh/data=!4m7!3m6!1s0x31752ef1548db183:0xc7bc7e69774e946d!8m2!3d10.7534237!4d106.6588449!16s%2Fg%2F11f08fqprw!19sChIJg7GNVPEudTERbZROd2l-vMc?authuser=0&hl=vi&g_ep=EgoyMDI2MDkwMS4wIJJjKgBIAVAD&rclk=1
2026-09-05 14:13:46,533 | INFO | Valid Google Maps Place URL opened.
2026-09-05 14:13:52,038 | INFO | Address check | score=0.0000 | status=NEED_REVIEW | reason=MISSING_MAPS_ADDRESS
2026-09-05 14:13:52,039 | INFO | Opening Maps URL | attempt=1/3
2026-09-05 14:13:54,916 | INFO | Current Maps URL: https://www.google.com/maps/place/Pi%E2%80%99s+Homestay/data=!4m10!3m9!1s0x316c1f1082548c73:0x5158d2b4c36a6281!5m2!4m1!1i2!8m2!3d13.9887059!4d107.9952917!16s%2Fg%2F11y5lyk6_s!19sChIJc4xUghAfbDERgWJqw7TSWFE?authuser=0&hl=vi&g_ep=EgoyMDI2MDkwMS4wIJJjKgBIAVAD&rclk=1
2026-09-05 14:13:54,917 | INFO | Valid Google Maps Place URL opened.
2026-09-05 14:14:00,384 | INFO | Address check | score=0.0000 | status=NEED_REVIEW | reason=MISSING_MAPS_ADDRESS
2026-09-05 14:14:00,385 | INFO | Opening Maps URL | attempt=1/3
2026-09-05 14:14:03,278 | INFO | Current Maps URL: https://www.google.com/maps/place/Princess%27s+Room+-+DORM+HOMESTAY/data=!4m10!3m9!1s0x316f6bf31c8d1319:0x7d6d78151f89154a!5m2!4m1!1i2!8m2!3d13.7874472!4d109.2184476!16s%2Fg%2F11g10mc_cl!19sChIJGRONHPNrbzERShWJHxV4bX0?authuser=0&hl=vi&g_ep=EgoyMDI2MDkwMS4wIJJjKgBIAVAD&rclk=1
2026-09-05 14:14:03,278 | INFO | Valid Google Maps Place URL opened.
2026-09-05 14:14:08,776 | INFO | Address check | score=0.0000 | status=NEED_REVIEW | reason=MISSING_MAPS_ADDRESS
2026-09-05 14:14:08,777 | INFO | Opening Maps URL | attempt=1/3
2026-09-05 14:14:11,793 | INFO | Current Maps URL: https://www.google.com/maps/place/Ch%C3%AD+Thanh+Hotel+homestay/data=!4m10!3m9!1s0x316e8101208121c9:0x593cad933ce9f3c7!5m2!4m1!1i2!8m2!3d13.655063!4d108.098417!16s%2Fg%2F11vlyv451f!19sChIJySGBIAGBbjERx_PpPJOtPFk?authuser=0&hl=vi&g_ep=EgoyMDI2MDkwMS4wIJJjKgBIAVAD&rclk=1
2026-09-05 14:14:11,794 | INFO | Valid Google Maps Place URL opened.
2026-09-05 14:14:17,129 | INFO | Address check | score=0.0000 | status=NEED_REVIEW | reason=MISSING_MAPS_ADDRESS
2026-09-05 14:14:17,130 | INFO | Opening Maps URL | attempt=1/3
2026-09-05 14:14:20,058 | INFO | Current Maps URL: https://www.google.com/maps/place/Ch%C3%AD+Thanh+Hotel+homestay/data=!4m10!3m9!1s0x316e8101208121c9:0x593cad933ce9f3c7!5m2!4m1!1i2!8m2!3d13.655063!4d108.098417!16s%2Fg%2F11vlyv451f!19sChIJySGBIAGBbjERx_PpPJOtPFk?authuser=0&hl=vi&g_ep=EgoyMDI2MDkwMS4wIJJjKgBIAVAD&rclk=1
2026-09-05 14:14:20,059 | INFO | Valid Google Maps Place URL opened.
2026-09-05 14:14:25,468 | INFO | Address check | score=0.0000 | status=NEED_REVIEW | reason=MISSING_MAPS_ADDRESS
2026-09-05 14:14:25,468 | INFO | CHECKPOINT | processed=910 | matched=2 | mismatched=9 | review=899
2026-09-05 14:14:27,072 | INFO | Excel saved: D:\Product-Google-Maps\output\hotels_export_google_maps_checked.xlsx
2026-09-05 14:14:27,073 | INFO | Opening Maps URL | attempt=1/3
2026-09-05 14:14:30,053 | INFO | Current Maps URL: https://www.google.com/maps/place/Kh%C3%A1ch+s%E1%BA%A1n+Mira+-+Kh%C3%A1ch+s%E1%BA%A1n+g%E1%BA%A7n+bi%E1%BB%83n+%E1%BB%9F+Quy+Nh%C6%A1n/data=!4m10!3m9!1s0x316f6ceceb457403:0x1de22f520372522b!5m2!4m1!1i2!8m2!3d13.761717!4d109.219274!16s%2Fg%2F11fk15qdmx!19sChIJA3RF6-xsbzERK1JyA1Iv4h0?authuser=0&hl=vi&g_ep=EgoyMDI2MDkwMS4wIJJjKgBIAVAD&rclk=1
2026-09-05 14:14:30,054 | INFO | Valid Google Maps Place URL opened.
2026-09-05 14:14:35,365 | INFO | Address check | score=0.0000 | status=NEED_REVIEW | reason=MISSING_MAPS_ADDRESS
2026-09-05 14:14:35,366 | INFO | Opening Maps URL | attempt=1/3
2026-09-05 14:14:38,233 | INFO | Current Maps URL: https://www.google.com/maps/place/Relax+Hotel/data=!4m7!3m6!1s0x31752f0c7f28c6a9:0x2ed99d87de9ab400!8m2!3d10.731567!4d106.7073496!16s%2Fg%2F11grvjsz21!19sChIJqcYofwwvdTERALSa3oed2S4?authuser=0&hl=vi&g_ep=EgoyMDI2MDkwMS4wIJJjKgBIAVAD&rclk=1
2026-09-05 14:14:38,233 | INFO | Valid Google Maps Place URL opened.
2026-09-05 14:14:43,654 | INFO | Address check | score=0.0000 | status=NEED_REVIEW | reason=MISSING_MAPS_ADDRESS
2026-09-05 14:14:43,655 | INFO | Opening Maps URL | attempt=1/3
2026-09-05 14:14:46,667 | INFO | Current Maps URL: https://www.google.com/maps/place/Relax+Hotel/data=!4m7!3m6!1s0x31752f0c7f28c6a9:0x2ed99d87de9ab400!8m2!3d10.731567!4d106.7073496!16s%2Fg%2F11grvjsz21!19sChIJqcYofwwvdTERALSa3oed2S4?authuser=0&hl=vi&g_ep=EgoyMDI2MDkwMS4wIJJjKgBIAVAD&rclk=1
2026-09-05 14:14:46,667 | INFO | Valid Google Maps Place URL opened.
2026-09-05 14:14:52,003 | INFO | Address check | score=0.0000 | status=NEED_REVIEW | reason=MISSING_MAPS_ADDRESS
2026-09-05 14:14:52,004 | INFO | Opening Maps URL | attempt=1/3
2026-09-05 14:14:54,909 | INFO | Current Maps URL: https://www.google.com/maps/place/Relax+Hotel/data=!4m7!3m6!1s0x31752f0c7f28c6a9:0x2ed99d87de9ab400!8m2!3d10.731567!4d106.7073496!16s%2Fg%2F11grvjsz21!19sChIJqcYofwwvdTERALSa3oed2S4?authuser=0&hl=vi&g_ep=EgoyMDI2MDkwMS4wIJJjKgBIAVAD&rclk=1
2026-09-05 14:14:54,910 | INFO | Valid Google Maps Place URL opened.
2026-09-05 14:15:00,296 | INFO | Address check | score=0.0000 | status=NEED_REVIEW | reason=MISSING_MAPS_ADDRESS
2026-09-05 14:15:00,298 | INFO | Opening Maps URL | attempt=1/3
2026-09-05 14:15:03,194 | INFO | Current Maps URL: https://www.google.com/maps/place/Relax+Hotel/data=!4m7!3m6!1s0x31752f0c7f28c6a9:0x2ed99d87de9ab400!8m2!3d10.731567!4d106.7073496!16s%2Fg%2F11grvjsz21!19sChIJqcYofwwvdTERALSa3oed2S4?authuser=0&hl=vi&g_ep=EgoyMDI2MDkwMS4wIJJjKgBIAVAD&rclk=1
2026-09-05 14:15:03,195 | INFO | Valid Google Maps Place URL opened.
2026-09-05 14:15:08,553 | INFO | Address check | score=0.0000 | status=NEED_REVIEW | reason=MISSING_MAPS_ADDRESS
2026-09-05 14:15:08,555 | INFO | Opening Maps URL | attempt=1/3
2026-09-05 14:15:11,512 | INFO | Current Maps URL: https://www.google.com/maps/place/Relax+Hotel/data=!4m7!3m6!1s0x31752f0c7f28c6a9:0x2ed99d87de9ab400!8m2!3d10.731567!4d106.7073496!16s%2Fg%2F11grvjsz21!19sChIJqcYofwwvdTERALSa3oed2S4?authuser=0&hl=vi&g_ep=EgoyMDI2MDkwMS4wIJJjKgBIAVAD&rclk=1
2026-09-05 14:15:11,513 | INFO | Valid Google Maps Place URL opened.
2026-09-05 14:15:16,844 | INFO | Address check | score=0.0000 | status=NEED_REVIEW | reason=MISSING_MAPS_ADDRESS
2026-09-05 14:15:16,846 | INFO | Opening Maps URL | attempt=1/3
2026-09-05 14:15:19,741 | INFO | Current Maps URL: https://www.google.com/maps/place/Relax+Hotel/@10.731567,106.7073496,17z/data=!3m1!4b1!4m6!3m5!1s0x31752f0c7f28c6a9:0x2ed99d87de9ab400!8m2!3d10.731567!4d106.7073496!16s%2Fg%2F11grvjsz21?authuser=0&hl=vi&entry=ttu&g_ep=EgoyMDI2MDkwMi4wIKXMDSoASAFQAw%3D%3D
2026-09-05 14:15:19,742 | INFO | Valid Google Maps Place URL opened.
2026-09-05 14:15:25,142 | INFO | Address check | score=0.0000 | status=NEED_REVIEW | reason=MISSING_MAPS_ADDRESS
2026-09-05 14:15:25,143 | INFO | Opening Maps URL | attempt=1/3
2026-09-05 14:15:28,343 | INFO | Current Maps URL: https://www.google.com/maps/place/Ba+Danh+Homestay+%26+Kitchen+-+Ben+Tre+Mekong+delta/data=!4m10!3m9!1s0x310aa9b53df45d3d:0xb216934df07a9cc8!5m2!4m1!1i2!8m2!3d10.220527!4d106.394933!16s%2Fg%2F11f4_57y82!19sChIJPV30PbWpCjERyJx68E2TFrI?authuser=0&hl=vi&g_ep=EgoyMDI2MDkwMS4wIJJjKgBIAVAD&rclk=1
2026-09-05 14:15:28,344 | INFO | Valid Google Maps Place URL opened.
2026-09-05 14:15:33,760 | INFO | Address check | score=0.0000 | status=NEED_REVIEW | reason=MISSING_MAPS_ADDRESS
2026-09-05 14:15:33,761 | INFO | Opening Maps URL | attempt=1/3
2026-09-05 14:15:36,721 | INFO | Current Maps URL: https://www.google.com/maps/place/Ba+Danh+Homestay+%26+Kitchen+-+Ben+Tre+Mekong+delta/data=!4m10!3m9!1s0x310aa9b53df45d3d:0xb216934df07a9cc8!5m2!4m1!1i2!8m2!3d10.220527!4d106.394933!16s%2Fg%2F11f4_57y82!19sChIJPV30PbWpCjERyJx68E2TFrI?authuser=0&hl=vi&g_ep=EgoyMDI2MDkwMS4wIJJjKgBIAVAD&rclk=1
2026-09-05 14:15:36,721 | INFO | Valid Google Maps Place URL opened.
2026-09-05 14:15:42,154 | INFO | Address check | score=0.0000 | status=NEED_REVIEW | reason=MISSING_MAPS_ADDRESS
2026-09-05 14:15:42,155 | INFO | Opening Maps URL | attempt=1/3
2026-09-05 14:15:45,006 | INFO | Current Maps URL: https://www.google.com/maps/place/FLC+Luxury+Hotel+Quy+Nhon/data=!4m10!3m9!1s0x316f41f43775ab65:0xf7105eac4b998d9a!5m2!4m1!1i2!8m2!3d13.887154!4d109.279516!16s%2Fg%2F11p5jyyk3q!19sChIJZat1N_RBbzERmo2ZS6xeEPc?authuser=0&hl=vi&g_ep=EgoyMDI2MDkwMS4wIJJjKgBIAVAD&rclk=1
2026-09-05 14:15:45,007 | INFO | Valid Google Maps Place URL opened.
2026-09-05 14:15:50,544 | INFO | Address check | score=0.0000 | status=NEED_REVIEW | reason=MISSING_MAPS_ADDRESS
2026-09-05 14:15:50,544 | INFO | CHECKPOINT | processed=920 | matched=2 | mismatched=9 | review=909
2026-09-05 14:15:51,154 | INFO | Excel saved: D:\Product-Google-Maps\output\hotels_export_google_maps_checked.xlsx
2026-09-05 14:15:51,155 | INFO | Opening Maps URL | attempt=1/3
2026-09-05 14:15:54,006 | INFO | Current Maps URL: https://www.google.com/maps/place/A%27dor+Hotel+%26+Spa+Quy+Nh%C6%A1n/data=!4m10!3m9!1s0x316f6c91dade7c39:0xaa4dea463f313f39!5m2!4m1!1i2!8m2!3d13.770556!4d109.223022!16s%2Fg%2F11m6b1vq7t!19sChIJOXze2pFsbzEROT8xP0bqTao?authuser=0&hl=vi&g_ep=EgoyMDI2MDkwMS4wIJJjKgBIAVAD&rclk=1
2026-09-05 14:15:54,006 | INFO | Valid Google Maps Place URL opened.
2026-09-05 14:15:59,450 | INFO | Address check | score=0.0000 | status=NEED_REVIEW | reason=MISSING_MAPS_ADDRESS
2026-09-05 14:15:59,451 | INFO | Opening Maps URL | attempt=1/3
2026-09-05 14:16:02,377 | INFO | Current Maps URL: https://www.google.com/maps/place/Kh%C3%A1ch+s%E1%BA%A1n+Mira+-+Kh%C3%A1ch+s%E1%BA%A1n+g%E1%BA%A7n+bi%E1%BB%83n+%E1%BB%9F+Quy+Nh%C6%A1n/data=!4m10!3m9!1s0x316f6ceceb457403:0x1de22f520372522b!5m2!4m1!1i2!8m2!3d13.761717!4d109.219274!16s%2Fg%2F11fk15qdmx!19sChIJA3RF6-xsbzERK1JyA1Iv4h0?authuser=0&hl=vi&g_ep=EgoyMDI2MDkwMS4wIJJjKgBIAVAD&rclk=1
2026-09-05 14:16:02,378 | INFO | Valid Google Maps Place URL opened.
2026-09-05 14:16:07,526 | INFO | Address check | score=0.0000 | status=NEED_REVIEW | reason=MISSING_MAPS_ADDRESS
2026-09-05 14:16:07,527 | INFO | Opening Maps URL | attempt=1/3
2026-09-05 14:16:10,495 | INFO | Current Maps URL: https://www.google.com/maps/place/S%C3%B4ng+Su%E1%BB%91i+Homestay/data=!4m10!3m9!1s0x316f6d974d423d37:0x4ab69e06bb557d6d!5m2!4m1!1i2!8m2!3d13.7657881!4d109.2262266!16s%2Fg%2F11t1s887pw!19sChIJNz1CTZdtbzERbX1Vuwaetko?authuser=0&hl=vi&g_ep=EgoyMDI2MDkwMS4wIJJjKgBIAVAD&rclk=1
2026-09-05 14:16:10,495 | INFO | Valid Google Maps Place URL opened.
2026-09-05 14:16:16,012 | INFO | Address check | score=0.0000 | status=NEED_REVIEW | reason=MISSING_MAPS_ADDRESS
2026-09-05 14:16:16,013 | INFO | Opening Maps URL | attempt=1/3
2026-09-05 14:16:19,185 | INFO | Current Maps URL: https://www.google.com/maps/place/S%C3%B4ng+Su%E1%BB%91i+Homestay/data=!4m10!3m9!1s0x316f6d974d423d37:0x4ab69e06bb557d6d!5m2!4m1!1i2!8m2!3d13.7657881!4d109.2262266!16s%2Fg%2F11t1s887pw!19sChIJNz1CTZdtbzERbX1Vuwaetko?authuser=0&hl=vi&g_ep=EgoyMDI2MDkwMS4wIJJjKgBIAVAD&rclk=1
2026-09-05 14:16:19,185 | INFO | Valid Google Maps Place URL opened.
2026-09-05 14:16:24,609 | INFO | Address check | score=0.0000 | status=NEED_REVIEW | reason=MISSING_MAPS_ADDRESS
2026-09-05 14:16:24,611 | INFO | Opening Maps URL | attempt=1/3
2026-09-05 14:16:27,736 | INFO | Current Maps URL: https://www.google.com/maps/place/Stacey+Homestay/data=!4m7!3m6!1s0x2e65998878de89f3:0x5c4ea4305533faa8!8m2!3d-7.6906076!4d108.649745!16s%2Fg%2F11llvsnfcb!19sChIJ84neeIiZZS4RqPozVTCkTlw?authuser=0&hl=vi&g_ep=EgoyMDI2MDkwMS4wIJJjKgBIAVAD&rclk=1
2026-09-05 14:16:27,736 | INFO | Valid Google Maps Place URL opened.
2026-09-05 14:16:33,209 | INFO | Address check | score=0.0000 | status=NEED_REVIEW | reason=MISSING_MAPS_ADDRESS
2026-09-05 14:16:33,211 | INFO | Opening Maps URL | attempt=1/3
2026-09-05 14:16:36,284 | INFO | Current Maps URL: https://www.google.com/maps/place/Crown+Retreat+Resort+Quy+Nhon/data=!4m10!3m9!1s0x316f4129366200a1:0x91fd82de0538da25!5m2!4m1!1i2!8m2!3d13.954064!4d109.241083!16s%2Fg%2F11c2ppkchj!19sChIJoQBiNilBbzERJdo4Bd6C_ZE?authuser=0&hl=vi&g_ep=EgoyMDI2MDkwMS4wIJJjKgBIAVAD&rclk=1
2026-09-05 14:16:36,284 | INFO | Valid Google Maps Place URL opened.
2026-09-05 14:16:41,293 | INFO | Address check | score=0.0000 | status=NEED_REVIEW | reason=MISSING_MAPS_ADDRESS
2026-09-05 14:16:41,294 | INFO | Opening Maps URL | attempt=1/3
2026-09-05 14:16:44,250 | INFO | Current Maps URL: https://www.google.com/maps/place/T%C3%A2y+H%E1%BB%93+Qu%C3%A1n/data=!4m7!3m6!1s0x316f6d0001f5986b:0x3588ecc000ab1697!8m2!3d13.7787615!4d109.2297785!16s%2Fg%2F11xlm8kb_m!19sChIJa5j1AQBtbzERlxarAMDsiDU?authuser=0&hl=vi&g_ep=EgoyMDI2MDkwMS4wIJJjKgBIAVAD&rclk=1
2026-09-05 14:16:44,250 | INFO | Valid Google Maps Place URL opened.
2026-09-05 14:16:49,802 | INFO | Address check | score=0.0000 | status=NEED_REVIEW | reason=MISSING_MAPS_ADDRESS
2026-09-05 14:16:49,803 | INFO | Opening Maps URL | attempt=1/3
2026-09-05 14:16:52,817 | INFO | Current Maps URL: https://www.google.com/maps/place/Mira+B%C3%A3i+X%E1%BA%BFp+Quy+Nh%C6%A1n/data=!4m10!3m9!1s0x316f72861703f041:0x8558ab9e8359c452!5m2!4m1!1i2!8m2!3d13.685788!4d109.230904!16s%2Fg%2F11fqd136pq!19sChIJQfADF4ZybzERUsRZg56rWIU?authuser=0&hl=vi&g_ep=EgoyMDI2MDkwMS4wIJJjKgBIAVAD&rclk=1
2026-09-05 14:16:52,817 | INFO | Valid Google Maps Place URL opened.
2026-09-05 14:16:58,144 | INFO | Address check | score=0.0000 | status=NEED_REVIEW | reason=MISSING_MAPS_ADDRESS
2026-09-05 14:16:58,147 | INFO | Opening Maps URL | attempt=1/3
2026-09-05 14:17:01,000 | INFO | Current Maps URL: https://www.google.com/maps/place/Mira+B%C3%A3i+X%E1%BA%BFp+Quy+Nh%C6%A1n/data=!4m10!3m9!1s0x316f72861703f041:0x8558ab9e8359c452!5m2!4m1!1i2!8m2!3d13.685788!4d109.230904!16s%2Fg%2F11fqd136pq!19sChIJQfADF4ZybzERUsRZg56rWIU?authuser=0&hl=vi&g_ep=EgoyMDI2MDkwMS4wIJJjKgBIAVAD&rclk=1
2026-09-05 14:17:01,000 | INFO | Valid Google Maps Place URL opened.
2026-09-05 14:17:06,360 | INFO | Address check | score=0.0000 | status=NEED_REVIEW | reason=MISSING_MAPS_ADDRESS
2026-09-05 14:17:06,361 | INFO | Opening Maps URL | attempt=1/3
2026-09-05 14:17:09,224 | INFO | Current Maps URL: https://www.google.com/maps/place/Green+Hotel+Quy+Nh%C6%A1n+-+C%C3%A1ch+bi%E1%BB%83n+200m/data=!4m7!3m6!1s0x316f6d21678907cb:0xbf61311ccc0b065e!8m2!3d13.752812!4d109.214291!16s%2Fg%2F11h22ppmqg!19sChIJyweJZyFtbzERXgYLzBwxYb8?authuser=0&hl=vi&g_ep=EgoyMDI2MDkwMS4wIJJjKgBIAVAD&rclk=1
2026-09-05 14:17:09,226 | INFO | Valid Google Maps Place URL opened.
2026-09-05 14:17:14,634 | INFO | Address check | score=0.0000 | status=NEED_REVIEW | reason=MISSING_MAPS_ADDRESS
2026-09-05 14:17:14,635 | INFO | CHECKPOINT | processed=930 | matched=2 | mismatched=9 | review=919
2026-09-05 14:17:15,241 | INFO | Excel saved: D:\Product-Google-Maps\output\hotels_export_google_maps_checked.xlsx
2026-09-05 14:17:15,244 | INFO | Opening Maps URL | attempt=1/3
2026-09-05 14:17:18,287 | INFO | Current Maps URL: https://www.google.com/maps/place/Green+Hotel+Quy+Nh%C6%A1n+-+C%C3%A1ch+bi%E1%BB%83n+200m/data=!4m7!3m6!1s0x316f6d21678907cb:0xbf61311ccc0b065e!8m2!3d13.752812!4d109.214291!16s%2Fg%2F11h22ppmqg!19sChIJyweJZyFtbzERXgYLzBwxYb8?authuser=0&hl=vi&g_ep=EgoyMDI2MDkwMS4wIJJjKgBIAVAD&rclk=1
2026-09-05 14:17:18,287 | INFO | Valid Google Maps Place URL opened.
2026-09-05 14:17:23,669 | INFO | Address check | score=0.0000 | status=NEED_REVIEW | reason=MISSING_MAPS_ADDRESS
2026-09-05 14:17:23,670 | INFO | Opening Maps URL | attempt=1/3
2026-09-05 14:17:26,841 | INFO | Current Maps URL: https://www.google.com/maps/place/Green+Hotel+Quy+Nh%C6%A1n+-+C%C3%A1ch+bi%E1%BB%83n+200m/data=!4m7!3m6!1s0x316f6d21678907cb:0xbf61311ccc0b065e!8m2!3d13.752812!4d109.214291!16s%2Fg%2F11h22ppmqg!19sChIJyweJZyFtbzERXgYLzBwxYb8?authuser=0&hl=vi&g_ep=EgoyMDI2MDkwMS4wIJJjKgBIAVAD&rclk=1
2026-09-05 14:17:26,841 | INFO | Valid Google Maps Place URL opened.
2026-09-05 14:17:32,325 | INFO | Address check | score=0.0000 | status=NEED_REVIEW | reason=MISSING_MAPS_ADDRESS
2026-09-05 14:17:32,333 | INFO | Opening Maps URL | attempt=1/3
2026-09-05 14:17:35,361 | INFO | Current Maps URL: https://www.google.com/maps/place/Green+Hotel+Quy+Nh%C6%A1n+-+C%C3%A1ch+bi%E1%BB%83n+200m/data=!4m7!3m6!1s0x316f6d21678907cb:0xbf61311ccc0b065e!8m2!3d13.752812!4d109.214291!16s%2Fg%2F11h22ppmqg!19sChIJyweJZyFtbzERXgYLzBwxYb8?authuser=0&hl=vi&g_ep=EgoyMDI2MDkwMS4wIJJjKgBIAVAD&rclk=1
2026-09-05 14:17:35,362 | INFO | Valid Google Maps Place URL opened.
2026-09-05 14:17:40,453 | INFO | Address check | score=0.0000 | status=NEED_REVIEW | reason=MISSING_MAPS_ADDRESS
2026-09-05 14:17:40,454 | INFO | Opening Maps URL | attempt=1/3
2026-09-05 14:17:43,658 | INFO | Current Maps URL: https://www.google.com/maps/place/Green+Hotel+Quy+Nh%C6%A1n+-+C%C3%A1ch+bi%E1%BB%83n+200m/data=!4m7!3m6!1s0x316f6d21678907cb:0xbf61311ccc0b065e!8m2!3d13.752812!4d109.214291!16s%2Fg%2F11h22ppmqg!19sChIJyweJZyFtbzERXgYLzBwxYb8?authuser=0&hl=vi&g_ep=EgoyMDI2MDkwMS4wIJJjKgBIAVAD&rclk=1
2026-09-05 14:17:43,658 | INFO | Valid Google Maps Place URL opened.
2026-09-05 14:17:49,135 | INFO | Address check | score=0.0000 | status=NEED_REVIEW | reason=MISSING_MAPS_ADDRESS
2026-09-05 14:17:49,140 | INFO | Opening Maps URL | attempt=1/3
2026-09-05 14:17:52,086 | INFO | Current Maps URL: https://www.google.com/maps/place/85Soho+@+Phnom+Penh/data=!4m10!3m9!1s0x310951cb0a2a63c7:0xaad6a52943f3cbf7!5m2!4m1!1i2!8m2!3d11.548903!4d104.864795!16s%2Fg%2F11lks36jcw!19sChIJx2MqCstRCTER98vzQyml1qo?authuser=0&hl=vi&g_ep=EgoyMDI2MDkwMS4wIJJjKgBIAVAD&rclk=1
2026-09-05 14:17:52,086 | INFO | Valid Google Maps Place URL opened.
2026-09-05 14:17:57,119 | INFO | Address check | score=0.0000 | status=NEED_REVIEW | reason=MISSING_MAPS_ADDRESS
2026-09-05 14:17:57,123 | INFO | Opening Maps URL | attempt=1/3
2026-09-05 14:18:00,016 | INFO | Current Maps URL: https://www.google.com/maps/place/85Soho+@+Phnom+Penh/data=!4m10!3m9!1s0x310951cb0a2a63c7:0xaad6a52943f3cbf7!5m2!4m1!1i2!8m2!3d11.548903!4d104.864795!16s%2Fg%2F11lks36jcw!19sChIJx2MqCstRCTER98vzQyml1qo?authuser=0&hl=vi&g_ep=EgoyMDI2MDkwMS4wIJJjKgBIAVAD&rclk=1
2026-09-05 14:18:00,019 | INFO | Valid Google Maps Place URL opened.
2026-09-05 14:18:05,547 | INFO | Address check | score=0.0000 | status=NEED_REVIEW | reason=MISSING_MAPS_ADDRESS
2026-09-05 14:18:05,548 | INFO | Opening Maps URL | attempt=1/3
2026-09-05 14:18:08,437 | INFO | Current Maps URL: https://www.google.com/maps/place/Viad+Nh%C6%A1n+H%E1%BA%A3i+Homestay/data=!4m10!3m9!1s0x316f6fe07fa880e5:0x97ca35dd2887915a!5m2!4m1!1i2!8m2!3d13.7663704!4d109.2911764!16s%2Fg%2F11flvrdq3w!19sChIJ5YCof-BvbzERWpGHKN01ypc?authuser=0&hl=vi&g_ep=EgoyMDI2MDkwMS4wIJJjKgBIAVAD&rclk=1
2026-09-05 14:18:08,437 | INFO | Valid Google Maps Place URL opened.
2026-09-05 14:18:13,905 | INFO | Address check | score=0.0000 | status=NEED_REVIEW | reason=MISSING_MAPS_ADDRESS
2026-09-05 14:18:13,906 | INFO | Opening Maps URL | attempt=1/3
2026-09-05 14:18:16,749 | INFO | Current Maps URL: https://www.google.com/maps/place/L%E1%BA%A7u+Ng%C6%B0ng+B%C3%ADch/data=!4m7!3m6!1s0x31752535059643cd:0x9e991cd30b76d173!8m2!3d10.7135301!4d106.732689!16s%2Fg%2F11rv0dcrt2!19sChIJzUOWBTUldTERc9F2C9McmZ4?authuser=0&hl=vi&g_ep=EgoyMDI2MDkwMS4wIJJjKgBIAVAD&rclk=1
2026-09-05 14:18:16,749 | INFO | Valid Google Maps Place URL opened.
2026-09-05 14:18:22,237 | INFO | Address check | score=0.0000 | status=NEED_REVIEW | reason=MISSING_MAPS_ADDRESS
2026-09-05 14:18:22,238 | INFO | Opening Maps URL | attempt=1/3
2026-09-05 14:18:25,316 | INFO | Current Maps URL: https://www.google.com/maps/place/L%E1%BA%A7u+Ng%C6%B0ng+B%C3%ADch/data=!4m7!3m6!1s0x31752535059643cd:0x9e991cd30b76d173!8m2!3d10.7135301!4d106.732689!16s%2Fg%2F11rv0dcrt2!19sChIJzUOWBTUldTERc9F2C9McmZ4?authuser=0&hl=vi&g_ep=EgoyMDI2MDkwMS4wIJJjKgBIAVAD&rclk=1
2026-09-05 14:18:25,316 | INFO | Valid Google Maps Place URL opened.
2026-09-05 14:18:30,685 | INFO | Address check | score=0.0000 | status=NEED_REVIEW | reason=MISSING_MAPS_ADDRESS
2026-09-05 14:18:30,687 | INFO | Opening Maps URL | attempt=1/3
2026-09-05 14:18:33,618 | INFO | Current Maps URL: https://www.google.com/maps/place/L%E1%BA%A7u+Ng%C6%B0ng+B%C3%ADch/data=!4m7!3m6!1s0x31752535059643cd:0x9e991cd30b76d173!8m2!3d10.7135301!4d106.732689!16s%2Fg%2F11rv0dcrt2!19sChIJzUOWBTUldTERc9F2C9McmZ4?authuser=0&hl=vi&g_ep=EgoyMDI2MDkwMS4wIJJjKgBIAVAD&rclk=1
2026-09-05 14:18:33,618 | INFO | Valid Google Maps Place URL opened.
2026-09-05 14:18:38,936 | INFO | Address check | score=0.0000 | status=NEED_REVIEW | reason=MISSING_MAPS_ADDRESS
2026-09-05 14:18:38,937 | INFO | CHECKPOINT | processed=940 | matched=2 | mismatched=9 | review=929
2026-09-05 14:18:39,490 | INFO | Excel saved: D:\Product-Google-Maps\output\hotels_export_google_maps_checked.xlsx
2026-09-05 14:18:39,490 | INFO | Opening Maps URL | attempt=1/3
2026-09-05 14:18:42,429 | INFO | Current Maps URL: https://www.google.com/maps/place/L%E1%BA%A7u+Ng%C6%B0ng+B%C3%ADch/data=!4m7!3m6!1s0x31752535059643cd:0x9e991cd30b76d173!8m2!3d10.7135301!4d106.732689!16s%2Fg%2F11rv0dcrt2!19sChIJzUOWBTUldTERc9F2C9McmZ4?authuser=0&hl=vi&g_ep=EgoyMDI2MDkwMS4wIJJjKgBIAVAD&rclk=1
2026-09-05 14:18:42,430 | INFO | Valid Google Maps Place URL opened.
2026-09-05 14:18:47,801 | INFO | Address check | score=0.0000 | status=NEED_REVIEW | reason=MISSING_MAPS_ADDRESS
2026-09-05 14:18:47,802 | INFO | Opening Maps URL | attempt=1/3
2026-09-05 14:18:50,784 | INFO | Current Maps URL: https://www.google.com/maps/place/L%E1%BA%A7u+Ng%C6%B0ng+B%C3%ADch/data=!4m7!3m6!1s0x31752535059643cd:0x9e991cd30b76d173!8m2!3d10.7135301!4d106.732689!16s%2Fg%2F11rv0dcrt2!19sChIJzUOWBTUldTERc9F2C9McmZ4?authuser=0&hl=vi&g_ep=EgoyMDI2MDkwMS4wIJJjKgBIAVAD&rclk=1
2026-09-05 14:18:50,784 | INFO | Valid Google Maps Place URL opened.
2026-09-05 14:18:56,202 | INFO | Address check | score=0.0000 | status=NEED_REVIEW | reason=MISSING_MAPS_ADDRESS
2026-09-05 14:18:56,203 | INFO | Opening Maps URL | attempt=1/3
2026-09-05 14:18:59,096 | INFO | Current Maps URL: https://www.google.com/maps/place/Kh%C3%A1ch+s%E1%BA%A1n+Pleiku/data=!4m10!3m9!1s0x316c1f9beeafdc63:0xd112ab483882c1ec!5m2!4m1!1i2!8m2!3d13.98526!4d108.007592!16s%2Fg%2F1tdy1zcp!19sChIJY9yv7psfbDER7MGCOEirEtE?authuser=0&hl=vi&g_ep=EgoyMDI2MDkwMS4wIJJjKgBIAVAD&rclk=1
2026-09-05 14:18:59,096 | INFO | Valid Google Maps Place URL opened.
2026-09-05 14:19:04,496 | INFO | Address check | score=0.0000 | status=NEED_REVIEW | reason=MISSING_MAPS_ADDRESS
2026-09-05 14:19:04,501 | INFO | Opening Maps URL | attempt=1/3
2026-09-05 14:19:07,698 | INFO | Current Maps URL: https://www.google.com/maps/place/M%E1%BB%99c+Hotel/data=!4m7!3m6!1s0x310b6335362b35c7:0xa816e9158eef255b!8m2!3d11.3284064!4d106.102382!16s%2Fg%2F11ywkslmp6!19sChIJxzUrNjVjCzERWyXvjhXpFqg?authuser=0&hl=vi&g_ep=EgoyMDI2MDkwMS4wIJJjKgBIAVAD&rclk=1
2026-09-05 14:19:07,699 | INFO | Valid Google Maps Place URL opened.
2026-09-05 14:19:13,218 | INFO | Address check | score=0.0000 | status=NEED_REVIEW | reason=MISSING_MAPS_ADDRESS
2026-09-05 14:19:13,220 | INFO | Opening Maps URL | attempt=1/3
2026-09-05 14:19:16,151 | INFO | Current Maps URL: https://www.google.com/maps/place/Green+Hotel+Quy+Nh%C6%A1n+-+C%C3%A1ch+bi%E1%BB%83n+200m/data=!4m10!3m9!1s0x316f6d21678907cb:0xbf61311ccc0b065e!5m2!4m1!1i2!8m2!3d13.7528117!4d109.2142909!16s%2Fg%2F11h22ppmqg!19sChIJyweJZyFtbzERXgYLzBwxYb8?authuser=0&hl=vi&g_ep=EgoyMDI2MDkwMS4wIJJjKgBIAVAD&rclk=1
2026-09-05 14:19:16,151 | INFO | Valid Google Maps Place URL opened.
2026-09-05 14:19:21,167 | INFO | Address check | score=0.0000 | status=NEED_REVIEW | reason=MISSING_MAPS_ADDRESS
2026-09-05 14:19:21,168 | INFO | Opening Maps URL | attempt=1/3
2026-09-05 14:19:24,108 | INFO | Current Maps URL: https://www.google.com/maps/place/COFFEE+%26+HOMESTAY/data=!4m7!3m6!1s0x316c1f00755a5f21:0xbb5e8f45576e4620!8m2!3d13.9943877!4d108.0448608!16s%2Fg%2F11x2qf0lhg!19sChIJIV9adQAfbDERIEZuV0WPXrs?authuser=0&hl=vi&g_ep=EgoyMDI2MDkwMS4wIJJjKgBIAVAD&rclk=1
2026-09-05 14:19:24,108 | INFO | Valid Google Maps Place URL opened.
2026-09-05 14:19:29,503 | INFO | Address check | score=0.0000 | status=NEED_REVIEW | reason=MISSING_MAPS_ADDRESS
2026-09-05 14:19:29,507 | INFO | Opening Maps URL | attempt=1/3
2026-09-05 14:19:32,535 | INFO | Current Maps URL: https://www.google.com/maps/place/COFFEE+%26+HOMESTAY/data=!4m7!3m6!1s0x316c1f00755a5f21:0xbb5e8f45576e4620!8m2!3d13.9943877!4d108.0448608!16s%2Fg%2F11x2qf0lhg!19sChIJIV9adQAfbDERIEZuV0WPXrs?authuser=0&hl=vi&g_ep=EgoyMDI2MDkwMS4wIJJjKgBIAVAD&rclk=1
2026-09-05 14:19:32,535 | INFO | Valid Google Maps Place URL opened.
2026-09-05 14:19:37,920 | INFO | Address check | score=0.0000 | status=NEED_REVIEW | reason=MISSING_MAPS_ADDRESS
2026-09-05 14:19:37,924 | INFO | Opening Maps URL | attempt=1/3
2026-09-05 14:19:41,063 | INFO | Current Maps URL: https://www.google.com/maps/place/Aroma+Beach+Resort+%26+Spa/data=!4m10!3m9!1s0x317684ec10c26b7d:0xe040e5c7f607c1ae!5m2!4m1!1i2!8m2!3d10.936268!4d108.171652!16s%2Fg%2F1ptywqqxt!19sChIJfWvCEOyEdjERrsEH9sflQOA?authuser=0&hl=vi&g_ep=EgoyMDI2MDkwMS4wIJJjKgBIAVAD&rclk=1
2026-09-05 14:19:41,064 | INFO | Valid Google Maps Place URL opened.
2026-09-05 14:19:46,384 | INFO | Address check | score=0.0000 | status=NEED_REVIEW | reason=MISSING_MAPS_ADDRESS
2026-09-05 14:19:46,385 | INFO | Opening Maps URL | attempt=1/3
2026-09-05 14:19:49,311 | INFO | Current Maps URL: https://www.google.com/maps/place/Hi%E1%BA%BFu+Ng%E1%BB%8Dc+Hotel/data=!4m7!3m6!1s0x316f220e44051497:0x65fae2b248408df8!8m2!3d13.8605695!4d109.1125343!16s%2Fg%2F11j00s7mt_!19sChIJlxQFRA4ibzER-I1ASLLi-mU?authuser=0&hl=vi&g_ep=EgoyMDI2MDkwMS4wIJJjKgBIAVAD&rclk=1
2026-09-05 14:19:49,311 | INFO | Valid Google Maps Place URL opened.
2026-09-05 14:19:54,664 | INFO | Address check | score=0.0000 | status=NEED_REVIEW | reason=MISSING_MAPS_ADDRESS
2026-09-05 14:19:54,665 | INFO | Opening Maps URL | attempt=1/3
2026-09-05 14:19:57,824 | INFO | Current Maps URL: https://www.google.com/maps/place/Thong+dong+homestay+c%C3%A0+ph%C3%AA/data=!4m7!3m6!1s0x317683d8069c954b:0xcc7fd6ebc76a768!8m2!3d10.9303651!4d108.1243895!16s%2Fg%2F11y433pgtp!19sChIJS5WcBtiDdjERaKd2vG79xww?authuser=0&hl=vi&g_ep=EgoyMDI2MDkwMS4wIJJjKgBIAVAD&rclk=1
2026-09-05 14:19:57,824 | INFO | Valid Google Maps Place URL opened.
2026-09-05 14:20:03,213 | INFO | Address check | score=0.0000 | status=NEED_REVIEW | reason=MISSING_MAPS_ADDRESS
2026-09-05 14:20:03,214 | INFO | CHECKPOINT | processed=950 | matched=2 | mismatched=9 | review=939
2026-09-05 14:20:03,742 | INFO | Excel saved: D:\Product-Google-Maps\output\hotels_export_google_maps_checked.xlsx
2026-09-05 14:20:03,745 | INFO | Opening Maps URL | attempt=1/3
2026-09-05 14:20:06,592 | INFO | Current Maps URL: https://www.google.com/maps/place/Homestay+Bin+Cherry/data=!4m11!3m10!1s0x316f6c652fc271b1:0x6a1af72aeff3294!5m2!4m1!1i2!8m2!3d13.77178!4d109.2451782!16s%2Fg%2F11xd38w_bd!17BQ0FF!19sChIJsXHCL2VsbzERlDL_rnKvoQY?authuser=0&hl=vi&g_ep=EgoyMDI2MDkwMS4wIJJjKgBIAVAD&rclk=1
2026-09-05 14:20:06,592 | INFO | Valid Google Maps Place URL opened.
2026-09-05 14:20:11,984 | INFO | Address check | score=0.0000 | status=NEED_REVIEW | reason=MISSING_MAPS_ADDRESS
2026-09-05 14:20:11,987 | INFO | Opening Maps URL | attempt=1/3
2026-09-05 14:20:14,900 | INFO | Current Maps URL: https://www.google.com/maps/place/Hotel+TALADALAT/data=!4m10!3m9!1s0x3171131789f1fb35:0xe28a3a59e0abf9b!5m2!4m1!1i2!8m2!3d11.937152!4d108.453243!16s%2Fg%2F11sfp7xfx0!19sChIJNfvxiRcTcTERm78KnqWjKA4?authuser=0&hl=vi&g_ep=EgoyMDI2MDkwMS4wIJJjKgBIAVAD&rclk=1
2026-09-05 14:20:14,900 | INFO | Valid Google Maps Place URL opened.
2026-09-05 14:20:20,239 | INFO | Address check | score=0.0000 | status=NEED_REVIEW | reason=MISSING_MAPS_ADDRESS
2026-09-05 14:20:20,241 | INFO | Opening Maps URL | attempt=1/3
2026-09-05 14:20:23,456 | INFO | Current Maps URL: https://www.google.com/maps/place/HOMESTAY+H%C6%A0+%C4%90%C6%A0NG/data=!4m10!3m9!1s0x316c1f6b90b63fe7:0x5684ba050b6a6e77!5m2!4m1!1i2!8m2!3d14.0323912!4d108.0034147!16s%2Fg%2F11kj27v3vl!19sChIJ5z-2kGsfbDERd25qCwW6hFY?authuser=0&hl=vi&g_ep=EgoyMDI2MDkwMS4wIJJjKgBIAVAD&rclk=1
2026-09-05 14:20:23,456 | INFO | Valid Google Maps Place URL opened.
2026-09-05 14:20:28,844 | INFO | Address check | score=0.0000 | status=NEED_REVIEW | reason=MISSING_MAPS_ADDRESS
2026-09-05 14:20:28,845 | INFO | Opening Maps URL | attempt=1/3
2026-09-05 14:20:31,810 | INFO | Current Maps URL: https://www.google.com/maps/place/HOMESTAY+H%C6%A0+%C4%90%C6%A0NG/data=!4m10!3m9!1s0x316c1f6b90b63fe7:0x5684ba050b6a6e77!5m2!4m1!1i2!8m2!3d14.0323912!4d108.0034147!16s%2Fg%2F11kj27v3vl!19sChIJ5z-2kGsfbDERd25qCwW6hFY?authuser=0&hl=vi&g_ep=EgoyMDI2MDkwMS4wIJJjKgBIAVAD&rclk=1
2026-09-05 14:20:31,810 | INFO | Valid Google Maps Place URL opened.
2026-09-05 14:20:37,191 | INFO | Address check | score=0.0000 | status=NEED_REVIEW | reason=MISSING_MAPS_ADDRESS
2026-09-05 14:20:37,192 | INFO | Opening Maps URL | attempt=1/3
2026-09-05 14:20:40,312 | INFO | Current Maps URL: https://www.google.com/maps/place/Homestay+Riverside+%26+King+Coffee/data=!4m10!3m9!1s0x316f6b490f2c90ad:0xf7f33566f0561ca7!5m2!4m1!1i2!8m2!3d13.8107087!4d109.2184303!16s%2Fg%2F11r7tvym46!19sChIJrZAsD0lrbzERpxxW8GY18_c?authuser=0&hl=vi&g_ep=EgoyMDI2MDkwMS4wIJJjKgBIAVAD&rclk=1
2026-09-05 14:20:40,313 | INFO | Valid Google Maps Place URL opened.
2026-09-05 14:20:45,717 | INFO | Address check | score=0.0000 | status=NEED_REVIEW | reason=MISSING_MAPS_ADDRESS
2026-09-05 14:20:45,718 | INFO | Opening Maps URL | attempt=1/3
2026-09-05 14:20:48,538 | INFO | Current Maps URL: https://www.google.com/maps/place/FLC+Luxury+Hotel+Quy+Nhon/data=!4m10!3m9!1s0x316f41f43775ab65:0xf7105eac4b998d9a!5m2!4m1!1i2!8m2!3d13.887154!4d109.279516!16s%2Fg%2F11p5jyyk3q!19sChIJZat1N_RBbzERmo2ZS6xeEPc?authuser=0&hl=vi&g_ep=EgoyMDI2MDkwMS4wIJJjKgBIAVAD&rclk=1
2026-09-05 14:20:48,538 | INFO | Valid Google Maps Place URL opened.
2026-09-05 14:20:53,858 | INFO | Address check | score=0.0000 | status=NEED_REVIEW | reason=MISSING_MAPS_ADDRESS
2026-09-05 14:20:53,859 | INFO | Opening Maps URL | attempt=1/3
2026-09-05 14:20:56,779 | INFO | Current Maps URL: https://www.google.com/maps/place/Kh%C3%A1ch+s%E1%BA%A1n+Mira+-+Kh%C3%A1ch+s%E1%BA%A1n+g%E1%BA%A7n+bi%E1%BB%83n+%E1%BB%9F+Quy+Nh%C6%A1n/data=!4m10!3m9!1s0x316f6ceceb457403:0x1de22f520372522b!5m2!4m1!1i2!8m2!3d13.761717!4d109.219274!16s%2Fg%2F11fk15qdmx!19sChIJA3RF6-xsbzERK1JyA1Iv4h0?authuser=0&hl=vi&g_ep=EgoyMDI2MDkwMS4wIJJjKgBIAVAD&rclk=1
2026-09-05 14:20:56,779 | INFO | Valid Google Maps Place URL opened.
2026-09-05 14:21:01,841 | INFO | Address check | score=0.0000 | status=NEED_REVIEW | reason=MISSING_MAPS_ADDRESS
2026-09-05 14:21:01,842 | INFO | Opening Maps URL | attempt=1/3
2026-09-05 14:21:04,797 | INFO | Current Maps URL: https://www.google.com/maps/place/TOKYU+STAY+Nihonbashi/data=!4m10!3m9!1s0x60188eaad7522847:0xad82a0cb02df2366!5m2!4m1!1i2!8m2!3d35.690156!4d139.775132!16s%2Fg%2F1tczdxfr!19sChIJRyhS16qOGGARZiPfAsuggq0?authuser=0&hl=vi&g_ep=EgoyMDI2MDkwMS4wIJJjKgBIAVAD&rclk=1
2026-09-05 14:21:04,797 | INFO | Valid Google Maps Place URL opened.
2026-09-05 14:21:10,267 | INFO | Address check | score=0.0000 | status=NEED_REVIEW | reason=MISSING_MAPS_ADDRESS
2026-09-05 14:21:10,268 | INFO | Opening Maps URL | attempt=1/3
2026-09-05 14:21:13,365 | INFO | Current Maps URL: https://www.google.com/maps/place/Mai+Kenny+Homestay+Ecopark/data=!4m10!3m9!1s0x3135afc0fd6f67f3:0x6738a622befea97f!5m2!4m1!1i2!8m2!3d20.9554266!4d105.9310194!16s%2Fg%2F11x1pct7c0!19sChIJ82dv_cCvNTERf6n-viKmOGc?authuser=0&hl=vi&g_ep=EgoyMDI2MDkwMS4wIJJjKgBIAVAD&rclk=1
2026-09-05 14:21:13,365 | INFO | Valid Google Maps Place URL opened.
2026-09-05 14:21:18,691 | INFO | Address check | score=0.0000 | status=NEED_REVIEW | reason=MISSING_MAPS_ADDRESS
2026-09-05 14:21:18,692 | INFO | Opening Maps URL | attempt=1/3
2026-09-05 14:21:21,713 | INFO | Current Maps URL: https://www.google.com/maps/place/Kh%C3%A1ch+s%E1%BA%A1n+misa/data=!4m10!3m9!1s0x316f6ce77b80e263:0x6f7d5d185f60785c!5m2!4m1!1i2!8m2!3d13.749615!4d109.212173!16s%2Fg%2F11h75jqp85!19sChIJY-KAe-dsbzERXHhgXxhdfW8?authuser=0&hl=vi&g_ep=EgoyMDI2MDkwMS4wIJJjKgBIAVAD&rclk=1
2026-09-05 14:21:21,713 | INFO | Valid Google Maps Place URL opened.
2026-09-05 14:21:27,179 | INFO | Address check | score=0.0000 | status=NEED_REVIEW | reason=MISSING_MAPS_ADDRESS
2026-09-05 14:21:27,179 | INFO | CHECKPOINT | processed=960 | matched=2 | mismatched=9 | review=949
2026-09-05 14:21:27,985 | INFO | Excel saved: D:\Product-Google-Maps\output\hotels_export_google_maps_checked.xlsx
2026-09-05 14:21:27,987 | INFO | Opening Maps URL | attempt=1/3
2026-09-05 14:21:31,017 | INFO | Current Maps URL: https://www.google.com/maps/place/Y.O+Inn/data=!4m10!3m9!1s0x316bff98da3d8da1:0xec2e2665970f7f5b!5m2!4m1!1i2!8m2!3d14.347059!4d108.007356!16s%2Fg%2F11jsp4_4qr!19sChIJoY092pj_azERW38Pl2UmLuw?authuser=0&hl=vi&g_ep=EgoyMDI2MDkwMS4wIJJjKgBIAVAD&rclk=1
2026-09-05 14:21:31,018 | INFO | Valid Google Maps Place URL opened.
2026-09-05 14:21:36,347 | INFO | Address check | score=0.0000 | status=NEED_REVIEW | reason=MISSING_MAPS_ADDRESS
2026-09-05 14:21:36,348 | INFO | Opening Maps URL | attempt=1/3
2026-09-05 14:21:39,306 | INFO | Current Maps URL: https://www.google.com/maps/place/Kh%C3%A1ch+S%E1%BA%A1n+M%E1%BB%B9+Dung/data=!4m7!3m6!1s0x316f15989ea9dd4d:0xc5b807a9f15de1ab!8m2!3d13.8594731!4d109.1326661!16s%2Fg%2F11f123tzpt!19sChIJTd2pnpgVbzERq-Fd8akHuMU?authuser=0&hl=vi&g_ep=EgoyMDI2MDkwMS4wIJJjKgBIAVAD&rclk=1
2026-09-05 14:21:39,306 | INFO | Valid Google Maps Place URL opened.
2026-09-05 14:21:44,798 | INFO | Address check | score=0.0000 | status=NEED_REVIEW | reason=MISSING_MAPS_ADDRESS
2026-09-05 14:21:44,799 | INFO | Opening Maps URL | attempt=1/3
2026-09-05 14:21:47,709 | INFO | Current Maps URL: https://www.google.com/maps/place/Kh%C3%A1ch+S%E1%BA%A1n+M%E1%BB%B9+Dung/data=!4m7!3m6!1s0x316f15989ea9dd4d:0xc5b807a9f15de1ab!8m2!3d13.8594731!4d109.1326661!16s%2Fg%2F11f123tzpt!19sChIJTd2pnpgVbzERq-Fd8akHuMU?authuser=0&hl=vi&g_ep=EgoyMDI2MDkwMS4wIJJjKgBIAVAD&rclk=1
2026-09-05 14:21:47,709 | INFO | Valid Google Maps Place URL opened.
2026-09-05 14:21:53,042 | INFO | Address check | score=0.0000 | status=NEED_REVIEW | reason=MISSING_MAPS_ADDRESS
2026-09-05 14:21:53,043 | INFO | Opening Maps URL | attempt=1/3
2026-09-05 14:21:56,174 | INFO | Current Maps URL: https://www.google.com/maps/place/Homestay+L%C3%A0ng+Ch%C3%A0i/data=!4m7!3m6!1s0x317015007db03899:0xa9ed5657fe5ac979!8m2!3d12.5370907!4d109.2256969!16s%2Fg%2F11n9v7046l!19sChIJmTiwfQAVcDERecla_ldW7ak?authuser=0&hl=vi&g_ep=EgoyMDI2MDkwMS4wIJJjKgBIAVAD&rclk=1
2026-09-05 14:21:56,174 | INFO | Valid Google Maps Place URL opened.
2026-09-05 14:22:01,567 | INFO | Address check | score=0.0000 | status=NEED_REVIEW | reason=MISSING_MAPS_ADDRESS
2026-09-05 14:22:01,568 | INFO | Opening Maps URL | attempt=1/3
2026-09-05 14:22:04,557 | INFO | Current Maps URL: https://www.google.com/maps/place/Homestay+L%C3%A0ng+Ch%C3%A0i/data=!4m7!3m6!1s0x317015007db03899:0xa9ed5657fe5ac979!8m2!3d12.5370907!4d109.2256969!16s%2Fg%2F11n9v7046l!19sChIJmTiwfQAVcDERecla_ldW7ak?authuser=0&hl=vi&g_ep=EgoyMDI2MDkwMS4wIJJjKgBIAVAD&rclk=1
2026-09-05 14:22:04,557 | INFO | Valid Google Maps Place URL opened.
2026-09-05 14:22:09,902 | INFO | Address check | score=0.0000 | status=NEED_REVIEW | reason=MISSING_MAPS_ADDRESS
2026-09-05 14:22:09,903 | INFO | Opening Maps URL | attempt=1/3
2026-09-05 14:22:12,951 | INFO | Current Maps URL: https://www.google.com/maps/place/Homestay+L%C3%A0ng+Ch%C3%A0i/data=!4m7!3m6!1s0x317015007db03899:0xa9ed5657fe5ac979!8m2!3d12.5370907!4d109.2256969!16s%2Fg%2F11n9v7046l!19sChIJmTiwfQAVcDERecla_ldW7ak?authuser=0&hl=vi&g_ep=EgoyMDI2MDkwMS4wIJJjKgBIAVAD&rclk=1
2026-09-05 14:22:12,952 | INFO | Valid Google Maps Place URL opened.
2026-09-05 14:22:18,290 | INFO | Address check | score=0.0000 | status=NEED_REVIEW | reason=MISSING_MAPS_ADDRESS
2026-09-05 14:22:18,291 | INFO | Opening Maps URL | attempt=1/3
2026-09-05 14:22:21,291 | INFO | Current Maps URL: https://www.google.com/maps/place/Homestay+L%C3%A0ng+Ch%C3%A0i/data=!4m7!3m6!1s0x317015007db03899:0xa9ed5657fe5ac979!8m2!3d12.5370907!4d109.2256969!16s%2Fg%2F11n9v7046l!19sChIJmTiwfQAVcDERecla_ldW7ak?authuser=0&hl=vi&g_ep=EgoyMDI2MDkwMS4wIJJjKgBIAVAD&rclk=1
2026-09-05 14:22:21,292 | INFO | Valid Google Maps Place URL opened.
2026-09-05 14:22:26,636 | INFO | Address check | score=0.0000 | status=NEED_REVIEW | reason=MISSING_MAPS_ADDRESS
2026-09-05 14:22:26,637 | INFO | Opening Maps URL | attempt=1/3
2026-09-05 14:22:29,659 | INFO | Current Maps URL: https://www.google.com/maps/place/Homestay+L%C3%A0ng+Ch%C3%A0i/data=!4m7!3m6!1s0x317015007db03899:0xa9ed5657fe5ac979!8m2!3d12.5370907!4d109.2256969!16s%2Fg%2F11n9v7046l!19sChIJmTiwfQAVcDERecla_ldW7ak?authuser=0&hl=vi&g_ep=EgoyMDI2MDkwMS4wIJJjKgBIAVAD&rclk=1
2026-09-05 14:22:29,660 | INFO | Valid Google Maps Place URL opened.
2026-09-05 14:22:35,161 | INFO | Address check | score=0.0000 | status=NEED_REVIEW | reason=MISSING_MAPS_ADDRESS
2026-09-05 14:22:35,162 | INFO | Opening Maps URL | attempt=1/3
2026-09-05 14:22:38,247 | INFO | Current Maps URL: https://www.google.com/maps/place/nh%C3%A0+Ba+c%C6%A1m+M%C3%A1+homestay/data=!4m10!3m9!1s0x316f414a05c29757:0x61fa300ae733272c!5m2!4m1!1i2!8m2!3d13.9496737!4d109.2412332!16s%2Fg%2F11r36jz2yc!19sChIJV5fCBUpBbzERLCcz5wow-mE?authuser=0&hl=vi&g_ep=EgoyMDI2MDkwMS4wIJJjKgBIAVAD&rclk=1
2026-09-05 14:22:38,247 | INFO | Valid Google Maps Place URL opened.
2026-09-05 14:22:43,704 | INFO | Address check | score=0.0000 | status=NEED_REVIEW | reason=MISSING_MAPS_ADDRESS
2026-09-05 14:22:43,705 | INFO | Opening Maps URL | attempt=1/3
2026-09-05 14:22:47,004 | INFO | Current Maps URL: https://www.google.com/maps/place/nh%C3%A0+Ba+c%C6%A1m+M%C3%A1+homestay/data=!4m10!3m9!1s0x316f414a05c29757:0x61fa300ae733272c!5m2!4m1!1i2!8m2!3d13.9496737!4d109.2412332!16s%2Fg%2F11r36jz2yc!19sChIJV5fCBUpBbzERLCcz5wow-mE?authuser=0&hl=vi&g_ep=EgoyMDI2MDkwMS4wIJJjKgBIAVAD&rclk=1
2026-09-05 14:22:47,004 | INFO | Valid Google Maps Place URL opened.
2026-09-05 14:22:52,381 | INFO | Address check | score=0.0000 | status=NEED_REVIEW | reason=MISSING_MAPS_ADDRESS
2026-09-05 14:22:52,381 | INFO | CHECKPOINT | processed=970 | matched=2 | mismatched=9 | review=959
2026-09-05 14:22:53,262 | INFO | Excel saved: D:\Product-Google-Maps\output\hotels_export_google_maps_checked.xlsx
2026-09-05 14:22:53,262 | INFO | Opening Maps URL | attempt=1/3
2026-09-05 14:22:56,404 | INFO | Current Maps URL: https://www.google.com/maps/place/Nh%C3%A0+ngh%E1%BB%89+79-Motel+79/data=!4m7!3m6!1s0x316f33231ce906fd:0x8c5e76121d93f040!8m2!3d14.2074251!4d109.0630388!16s%2Fg%2F11q4d741gg!19sChIJ_QbpHCMzbzERQPCTHRJ2Xow?authuser=0&hl=vi&g_ep=EgoyMDI2MDkwMS4wIJJjKgBIAVAD&rclk=1
2026-09-05 14:22:56,404 | INFO | Valid Google Maps Place URL opened.
2026-09-05 14:23:01,751 | INFO | Address check | score=0.0000 | status=NEED_REVIEW | reason=MISSING_MAPS_ADDRESS
2026-09-05 14:23:01,753 | INFO | Opening Maps URL | attempt=1/3
2026-09-05 14:23:04,764 | INFO | Current Maps URL: https://www.google.com/maps/place/Nh%C3%A0+Ngh%E1%BB%89+Nam+%C4%90%C3%B4/data=!4m7!3m6!1s0x317525d44e6a9c83:0xdbc821ab84e4aea5!8m2!3d10.7055381!4d106.7399162!16s%2Fg%2F11h7cqdgx6!19sChIJg5xqTtQldTERpa7khKshyNs?authuser=0&hl=vi&g_ep=EgoyMDI2MDkwMS4wIJJjKgBIAVAD&rclk=1
2026-09-05 14:23:04,768 | INFO | Valid Google Maps Place URL opened.
2026-09-05 14:23:09,785 | INFO | Address check | score=0.0000 | status=NEED_REVIEW | reason=MISSING_MAPS_ADDRESS
2026-09-05 14:23:09,786 | INFO | Opening Maps URL | attempt=1/3
2026-09-05 14:23:13,267 | INFO | Current Maps URL: https://www.google.com/maps/place/Nh%C3%A0+Ngh%E1%BB%89+Ch%C6%B0%C6%A1ng+D%C6%B0%C6%A1ng/data=!4m7!3m6!1s0x316f6ce7d6918d41:0x2d010c2587bbbeec!8m2!3d13.7525188!4d109.2142675!16s%2Fg%2F11h414ht3z!19sChIJQY2R1udsbzER7L67hyUMAS0?authuser=0&hl=vi&g_ep=EgoyMDI2MDkwMS4wIJJjKgBIAVAD&rclk=1
2026-09-05 14:23:13,268 | INFO | Valid Google Maps Place URL opened.
2026-09-05 14:23:18,576 | INFO | Address check | score=0.0000 | status=NEED_REVIEW | reason=MISSING_MAPS_ADDRESS
2026-09-05 14:23:18,577 | INFO | Opening Maps URL | attempt=1/3
2026-09-05 14:23:21,884 | INFO | Current Maps URL: https://www.google.com/maps/place/Nha%CC%80+ngh%E1%BB%89+craven/data=!4m10!3m9!1s0x316f3c14fb9ddc27:0x2772dab9ae5fa3b9!5m2!4m1!1i2!8m2!3d13.9560279!4d109.0712966!16s%2Fg%2F11cn9jdz3y!19sChIJJ9yd-xQ8bzERuaNfrrnacic?authuser=0&hl=vi&g_ep=EgoyMDI2MDkwMS4wIJJjKgBIAVAD&rclk=1
2026-09-05 14:23:21,885 | INFO | Valid Google Maps Place URL opened.
2026-09-05 14:23:27,268 | INFO | Address check | score=0.0000 | status=NEED_REVIEW | reason=MISSING_MAPS_ADDRESS
2026-09-05 14:23:27,269 | INFO | Opening Maps URL | attempt=1/3
2026-09-05 14:23:30,198 | INFO | Current Maps URL: https://www.google.com/maps/place/Dragon-K/data=!4m7!3m6!1s0x31752eb2292ad13d:0xf79ff3017bc47128!8m2!3d10.7521119!4d106.6580986!16s%2Fg%2F11c2kcg258!19sChIJPdEqKbIudTERKHHEewHzn_c?authuser=0&hl=vi&g_ep=EgoyMDI2MDkwMS4wIJJjKgBIAVAD&rclk=1
2026-09-05 14:23:30,198 | INFO | Valid Google Maps Place URL opened.
2026-09-05 14:23:35,391 | INFO | Address check | score=0.0000 | status=NEED_REVIEW | reason=MISSING_MAPS_ADDRESS
2026-09-05 14:23:35,392 | INFO | Opening Maps URL | attempt=1/3
2026-09-05 14:23:38,471 | INFO | Current Maps URL: https://www.google.com/maps/place/Hotel+RiverSide/data=!4m10!3m9!1s0x3175306c6a1a9353:0xced0e339bec290aa!5m2!4m1!1i2!8m2!3d10.676136!4d106.707194!16s%2Fg%2F11zwqqx4dv!19sChIJU5MaamwwdTERqpDCvjnj0M4?authuser=0&hl=vi&g_ep=EgoyMDI2MDkwMS4wIJJjKgBIAVAD&rclk=1
2026-09-05 14:23:38,471 | INFO | Valid Google Maps Place URL opened.
2026-09-05 14:23:43,840 | INFO | Address check | score=0.0000 | status=NEED_REVIEW | reason=MISSING_MAPS_ADDRESS
2026-09-05 14:23:43,841 | INFO | Opening Maps URL | attempt=1/3
2026-09-05 14:23:47,126 | INFO | Current Maps URL: https://www.google.com/maps/place/Kh%C3%A1ch+S%E1%BA%A1n+H%E1%BA%A3i+%C3%82u/data=!4m10!3m9!1s0x316f6ceec7943d93:0x32843a68840876c6!5m2!4m1!1i2!8m2!3d13.756456!4d109.218592!16s%2Fg%2F1tfthps7!19sChIJkz2Ux-5sbzERxnYIhGg6hDI?authuser=0&hl=vi&g_ep=EgoyMDI2MDkwMS4wIJJjKgBIAVAD&rclk=1
2026-09-05 14:23:47,143 | INFO | Valid Google Maps Place URL opened.
2026-09-05 14:23:52,254 | INFO | Address check | score=0.0000 | status=NEED_REVIEW | reason=MISSING_MAPS_ADDRESS
2026-09-05 14:23:52,255 | INFO | Opening Maps URL | attempt=1/3
2026-09-05 14:23:55,149 | INFO | Current Maps URL: https://www.google.com/maps/place/Kh%C3%A1ch+S%E1%BA%A1n+H%E1%BA%A1nh+Ph%C3%BAc+-+Ph%C3%B2ng+%C4%90%E1%BA%B9p+Gi%C3%A1+R%E1%BA%BB+24%2F24/data=!4m10!3m9!1s0x31752f19dbad8a71:0x6bec3098b601e00c!5m2!4m1!1i2!8m2!3d10.7642312!4d106.6874415!16s%2Fg%2F1tdpp4ll!19sChIJcYqt2xkvdTERDOABtpgw7Gs?authuser=0&hl=vi&g_ep=EgoyMDI2MDkwMS4wIJJjKgBIAVAD&rclk=1
2026-09-05 14:23:55,149 | INFO | Valid Google Maps Place URL opened.
2026-09-05 14:24:00,260 | INFO | Address check | score=0.0000 | status=NEED_REVIEW | reason=MISSING_MAPS_ADDRESS
2026-09-05 14:24:00,261 | INFO | Opening Maps URL | attempt=1/3
2026-09-05 14:24:03,106 | INFO | Current Maps URL: https://www.google.com/maps/place/Tobedzz+hotel/data=!4m10!3m9!1s0x3056503d79ec41ab:0xf6ab80f6bb1c63a1!5m2!4m1!1i2!8m2!3d9.95515!4d98.637443!16s%2Fg%2F11fn2fxr90!19sChIJq0HseT1QVjARoWMcu_aAq_Y?authuser=0&hl=vi&g_ep=EgoyMDI2MDkwMS4wIJJjKgBIAVAD&rclk=1
2026-09-05 14:24:03,106 | INFO | Valid Google Maps Place URL opened.
2026-09-05 14:24:08,439 | INFO | Address check | score=0.0000 | status=NEED_REVIEW | reason=MISSING_MAPS_ADDRESS
2026-09-05 14:24:08,439 | INFO | Opening Maps URL | attempt=1/3
2026-09-05 14:24:11,491 | INFO | Current Maps URL: https://www.google.com/maps/place/Nh%C3%A0+Ngh%E1%BB%89+Ho%C3%A0ng+Kim+1/data=!4m7!3m6!1s0x316f6c8199562241:0x7cd98eebf78b9c74!8m2!3d13.7821789!4d109.23078!16s%2Fg%2F1jkvfchf4!19sChIJQSJWmYFsbzERdJyL9-uO2Xw?authuser=0&hl=vi&g_ep=EgoyMDI2MDkwMS4wIJJjKgBIAVAD&rclk=1
2026-09-05 14:24:11,491 | INFO | Valid Google Maps Place URL opened.
2026-09-05 14:24:16,886 | INFO | Address check | score=0.0000 | status=NEED_REVIEW | reason=MISSING_MAPS_ADDRESS
2026-09-05 14:24:16,887 | INFO | CHECKPOINT | processed=980 | matched=2 | mismatched=9 | review=969
2026-09-05 14:24:17,607 | INFO | Excel saved: D:\Product-Google-Maps\output\hotels_export_google_maps_checked.xlsx
2026-09-05 14:24:17,608 | INFO | Opening Maps URL | attempt=1/3
2026-09-05 14:24:20,609 | INFO | Current Maps URL: https://www.google.com/maps/place/Nh%C3%A0+Ngh%E1%BB%89+H%E1%BB%93ng+Li%C3%AAn+An/data=!4m7!3m6!1s0x316f13891f8a9725:0x6858a9a401e994dc!8m2!3d13.7890124!4d109.1254216!16s%2Fg%2F11gg671b1h!19sChIJJZeKH4kTbzER3JTpAaSpWGg?authuser=0&hl=vi&g_ep=EgoyMDI2MDkwMS4wIJJjKgBIAVAD&rclk=1
2026-09-05 14:24:20,609 | INFO | Valid Google Maps Place URL opened.
2026-09-05 14:24:25,966 | INFO | Address check | score=0.0000 | status=NEED_REVIEW | reason=MISSING_MAPS_ADDRESS
2026-09-05 14:24:25,968 | INFO | Opening Maps URL | attempt=1/3
2026-09-05 14:24:29,058 | INFO | Current Maps URL: https://www.google.com/maps/place/Nh%C3%A0+tr%E1%BB%8D+H%E1%BB%93ng+Nhung/data=!4m7!3m6!1s0x317525005f51edf7:0x2cf03083bb9794c5!8m2!3d10.7128094!4d106.7353796!16s%2Fg%2F11vwyz461r!19sChIJ9-1RXwAldTERxZSXu4Mw8Cw?authuser=0&hl=vi&g_ep=EgoyMDI2MDkwMS4wIJJjKgBIAVAD&rclk=1
2026-09-05 14:24:29,059 | INFO | Valid Google Maps Place URL opened.
2026-09-05 14:24:34,165 | INFO | Address check | score=0.0000 | status=NEED_REVIEW | reason=MISSING_MAPS_ADDRESS
2026-09-05 14:24:34,166 | INFO | Opening Maps URL | attempt=1/3
2026-09-05 14:24:37,035 | INFO | Current Maps URL: https://www.google.com/maps/place/Nh%C3%A0+Ngh%E1%BB%89+H%E1%BB%93ng+Linh/data=!4m7!3m6!1s0x31752f3557bf0e5d:0x76f80c6dca97ccf!8m2!3d10.7722386!4d106.6851095!16s%2Fg%2F11h414c91n!19sChIJXQ6_VzUvdTERz3yp3MaAbwc?authuser=0&hl=vi&g_ep=EgoyMDI2MDkwMS4wIJJjKgBIAVAD&rclk=1
2026-09-05 14:24:37,035 | INFO | Valid Google Maps Place URL opened.
2026-09-05 14:24:42,515 | INFO | Address check | score=0.0000 | status=NEED_REVIEW | reason=MISSING_MAPS_ADDRESS
2026-09-05 14:24:42,516 | INFO | Opening Maps URL | attempt=1/3
2026-09-05 14:24:45,672 | INFO | Current Maps URL: https://www.google.com/maps/place/Nh%C3%A0+Ngh%E1%BB%89+H%E1%BB%93ng+Trang/data=!4m7!3m6!1s0x316f13034702f133:0x4f2807ad3a2a7aff!8m2!3d13.7511859!4d109.151435!16s%2Fg%2F11b67pgn7j!19sChIJM_ECRwMTbzER_3oqOq0HKE8?authuser=0&hl=vi&g_ep=EgoyMDI2MDkwMS4wIJJjKgBIAVAD&rclk=1
2026-09-05 14:24:45,673 | INFO | Valid Google Maps Place URL opened.
2026-09-05 14:24:51,021 | INFO | Address check | score=0.0000 | status=NEED_REVIEW | reason=MISSING_MAPS_ADDRESS
2026-09-05 14:24:51,022 | INFO | Opening Maps URL | attempt=1/3
2026-09-05 14:24:54,026 | INFO | Current Maps URL: https://www.google.com/maps/place/Nh%C3%A0+Ngh%E1%BB%89+Ki%E1%BB%83u+Vy/data=!4m7!3m6!1s0x316f15988c5bd9a1:0xf4a463419b32c5e3!8m2!3d13.8603508!4d109.1320073!16s%2Fg%2F11mbpnn58s!19sChIJodlbjJgVbzER48Uym0FjpPQ?authuser=0&hl=vi&g_ep=EgoyMDI2MDkwMS4wIJJjKgBIAVAD&rclk=1
2026-09-05 14:24:54,026 | INFO | Valid Google Maps Place URL opened.
2026-09-05 14:24:59,334 | INFO | Address check | score=0.0000 | status=NEED_REVIEW | reason=MISSING_MAPS_ADDRESS
2026-09-05 14:24:59,335 | INFO | Opening Maps URL | attempt=1/3
2026-09-05 14:25:02,388 | INFO | Current Maps URL: https://www.google.com/maps/place/Nh%C3%A0+ngh%E1%BB%89+Kim+Chi/data=!4m7!3m6!1s0x3168c50002bf79e7:0x71713975ec54823!8m2!3d14.4467977!4d109.0201131!16s%2Fg%2F11z06qrtmj!19sChIJ53m_AgDFaDERI0jFXpcTFwc?authuser=0&hl=vi&g_ep=EgoyMDI2MDkwMS4wIJJjKgBIAVAD&rclk=1
2026-09-05 14:25:02,389 | INFO | Valid Google Maps Place URL opened.
2026-09-05 14:25:07,815 | INFO | Address check | score=0.0000 | status=NEED_REVIEW | reason=MISSING_MAPS_ADDRESS
2026-09-05 14:25:07,816 | INFO | Opening Maps URL | attempt=1/3
2026-09-05 14:25:10,914 | INFO | Current Maps URL: https://www.google.com/maps/place/Nh%C3%A0+Ngh%E1%BB%89+Kim+Li%C3%AAn/data=!4m7!3m6!1s0x316f15990759d637:0xa9c26c806179db18!8m2!3d13.8622846!4d109.1315337!16s%2Fg%2F11k2vnfkn3!19sChIJN9ZZB5kVbzERGNt5YYBswqk?authuser=0&hl=vi&g_ep=EgoyMDI2MDkwMS4wIJJjKgBIAVAD&rclk=1
2026-09-05 14:25:10,914 | INFO | Valid Google Maps Place URL opened.
2026-09-05 14:25:16,250 | INFO | Address check | score=0.0000 | status=NEED_REVIEW | reason=MISSING_MAPS_ADDRESS
2026-09-05 14:25:16,251 | INFO | Opening Maps URL | attempt=1/3
2026-09-05 14:25:19,398 | INFO | Current Maps URL: https://www.google.com/maps/place/Nh%C3%A0+Ngh%E1%BB%89+Mai+Bo/data=!4m7!3m6!1s0x3168c2ffeb2aaf75:0x7a775584b4d100bc!8m2!3d14.5572379!4d109.0438821!16s%2Fg%2F11b67tz63n!19sChIJda8q6__CaDERvADRtIRVd3o?authuser=0&hl=vi&g_ep=EgoyMDI2MDkwMS4wIJJjKgBIAVAD&rclk=1
2026-09-05 14:25:19,398 | INFO | Valid Google Maps Place URL opened.
2026-09-05 14:25:24,710 | INFO | Address check | score=0.0000 | status=NEED_REVIEW | reason=MISSING_MAPS_ADDRESS
2026-09-05 14:25:24,711 | INFO | Opening Maps URL | attempt=1/3
2026-09-05 14:25:27,602 | INFO | Current Maps URL: https://www.google.com/maps/place/Kh%C3%A1ch+s%E1%BA%A1n+Mira+-+Kh%C3%A1ch+s%E1%BA%A1n+g%E1%BA%A7n+bi%E1%BB%83n+%E1%BB%9F+Quy+Nh%C6%A1n/data=!4m10!3m9!1s0x316f6ceceb457403:0x1de22f520372522b!5m2!4m1!1i2!8m2!3d13.761717!4d109.219274!16s%2Fg%2F11fk15qdmx!19sChIJA3RF6-xsbzERK1JyA1Iv4h0?authuser=0&hl=vi&g_ep=EgoyMDI2MDkwMS4wIJJjKgBIAVAD&rclk=1
2026-09-05 14:25:27,602 | INFO | Valid Google Maps Place URL opened.
2026-09-05 14:25:33,076 | INFO | Address check | score=0.0000 | status=NEED_REVIEW | reason=MISSING_MAPS_ADDRESS
2026-09-05 14:25:33,077 | INFO | Opening Maps URL | attempt=1/3
2026-09-05 14:25:36,214 | INFO | Current Maps URL: https://www.google.com/maps/place/Nh%C3%A0+Ngh%E1%BB%89+Th%C3%B9y+Trang/data=!4m7!3m6!1s0x31752eddd6100df7:0x9165e7d9cdb75b4a!8m2!3d10.7706403!4d106.6704828!16s%2Fg%2F1hc2503m9!19sChIJ9w0Q1t0udTERSlu3zdnnZZE?authuser=0&hl=vi&g_ep=EgoyMDI2MDkwMS4wIJJjKgBIAVAD&rclk=1
2026-09-05 14:25:36,214 | INFO | Valid Google Maps Place URL opened.
2026-09-05 14:25:41,550 | INFO | Address check | score=0.0000 | status=NEED_REVIEW | reason=MISSING_MAPS_ADDRESS
2026-09-05 14:25:41,551 | INFO | CHECKPOINT | processed=990 | matched=2 | mismatched=9 | review=979
2026-09-05 14:25:42,142 | INFO | Excel saved: D:\Product-Google-Maps\output\hotels_export_google_maps_checked.xlsx
2026-09-05 14:25:42,143 | INFO | Opening Maps URL | attempt=1/3
2026-09-05 14:25:45,076 | INFO | Current Maps URL: https://www.google.com/maps/place/Nh%C3%A0+Ngh%E1%BB%89+Th%C3%B9y+Trang/data=!4m7!3m6!1s0x31752eddd6100df7:0x9165e7d9cdb75b4a!8m2!3d10.7706403!4d106.6704828!16s%2Fg%2F1hc2503m9!19sChIJ9w0Q1t0udTERSlu3zdnnZZE?authuser=0&hl=vi&g_ep=EgoyMDI2MDkwMS4wIJJjKgBIAVAD&rclk=1
2026-09-05 14:25:45,076 | INFO | Valid Google Maps Place URL opened.
2026-09-05 14:25:50,449 | INFO | Address check | score=0.0000 | status=NEED_REVIEW | reason=MISSING_MAPS_ADDRESS
2026-09-05 14:25:50,451 | INFO | Opening Maps URL | attempt=1/3
2026-09-05 14:25:53,461 | INFO | Current Maps URL: https://www.google.com/maps/place/Nh%C3%A0+Ngh%E1%BB%89+T%C3%A2m+%C4%90%E1%BB%A9c/data=!4m7!3m6!1s0x31752fb6a4f46ae7:0x7fac97202414838a!8m2!3d10.7334325!4d106.7177984!16s%2Fg%2F11h8bmy3vg!19sChIJ52r0pLYvdTERioMUJCCXrH8?authuser=0&hl=vi&g_ep=EgoyMDI2MDkwMS4wIJJjKgBIAVAD&rclk=1
2026-09-05 14:25:53,462 | INFO | Valid Google Maps Place URL opened.
2026-09-05 14:25:58,487 | INFO | Address check | score=0.0000 | status=NEED_REVIEW | reason=MISSING_MAPS_ADDRESS
2026-09-05 14:25:58,488 | INFO | Opening Maps URL | attempt=1/3
2026-09-05 14:26:02,008 | INFO | Current Maps URL: https://www.google.com/maps/place/K%C3%ADnh+C%E1%BA%ADn+-+C%C6%A1+S%E1%BB%9F+D%E1%BB%AF+Li%E1%BB%87u+H%E1%BB%8Dc+T%E1%BA%ADp+Tr%E1%BB%B1c+Tuy%E1%BA%BFn+L%E1%BB%9Bn+Nh%E1%BA%A5t+Vi%E1%BB%87t+Nam/data=!4m7!3m6!1s0x317529351f2758ab:0x2be0e2a1663a2df5!8m2!3d10.7141625!4d106.7330584!16s%2Fg%2F11p5kxh3gp!19sChIJq1gnHzUpdTER9S06ZqHi4Cs?authuser=0&hl=vi&g_ep=EgoyMDI2MDkwMS4wIJJjKgBIAVAD&rclk=1
2026-09-05 14:26:02,008 | INFO | Valid Google Maps Place URL opened.
2026-09-05 14:26:07,398 | INFO | Address check | score=0.0000 | status=NEED_REVIEW | reason=MISSING_MAPS_ADDRESS
2026-09-05 14:26:07,399 | INFO | Opening Maps URL | attempt=1/3
2026-09-05 14:26:10,538 | INFO | Current Maps URL: https://www.google.com/maps/place/Nh%C3%A0+ngh%E1%BB%89+Ho%C3%A0ng+Vi+1/data=!4m7!3m6!1s0x3174da6e446e56fd:0x68dc1d6ab0910703!8m2!3d10.9912903!4d106.7364461!16s%2Fg%2F11c5t3n85b!19sChIJ_VZuRG7adDERAweRsGod3Gg?authuser=0&hl=vi&g_ep=EgoyMDI2MDkwMS4wIJJjKgBIAVAD&rclk=1
2026-09-05 14:26:10,539 | INFO | Valid Google Maps Place URL opened.
2026-09-05 14:26:15,960 | INFO | Address check | score=0.0000 | status=NEED_REVIEW | reason=MISSING_MAPS_ADDRESS
2026-09-05 14:26:15,961 | INFO | Opening Maps URL | attempt=1/3
2026-09-05 14:26:18,825 | INFO | Current Maps URL: https://www.google.com/maps/place/Kh%C3%A1ch+s%E1%BA%A1n+Ph%C6%B0%C6%A1ng+Mai/data=!4m7!3m6!1s0x31752c6b10358119:0x3a2e78644a26cd7d!8m2!3d10.7762406!4d106.6034405!16s%2Fg%2F11x9wrqlk!19sChIJGYE1EGssdTERfc0mSmR4Ljo?authuser=0&hl=vi&g_ep=EgoyMDI2MDkwMS4wIJJjKgBIAVAD&rclk=1
2026-09-05 14:26:18,825 | INFO | Valid Google Maps Place URL opened.
2026-09-05 14:26:24,298 | INFO | Address check | score=0.0000 | status=NEED_REVIEW | reason=MISSING_MAPS_ADDRESS
2026-09-05 14:26:24,299 | INFO | Opening Maps URL | attempt=1/3
2026-09-05 14:26:27,529 | INFO | Current Maps URL: https://www.google.com/maps/place/Green+Hotel+Quy+Nh%C6%A1n+-+C%C3%A1ch+bi%E1%BB%83n+200m/data=!4m10!3m9!1s0x316f6d21678907cb:0xbf61311ccc0b065e!5m2!4m1!1i2!8m2!3d13.7528117!4d109.2142909!16s%2Fg%2F11h22ppmqg!19sChIJyweJZyFtbzERXgYLzBwxYb8?authuser=0&hl=vi&g_ep=EgoyMDI2MDkwMS4wIJJjKgBIAVAD&rclk=1
2026-09-05 14:26:27,529 | INFO | Valid Google Maps Place URL opened.
2026-09-05 14:26:32,852 | INFO | Address check | score=0.0000 | status=NEED_REVIEW | reason=MISSING_MAPS_ADDRESS
2026-09-05 14:26:32,854 | INFO | Opening Maps URL | attempt=1/3
2026-09-05 14:26:36,051 | INFO | Current Maps URL: https://www.google.com/maps/place/Pleiku+Homestay/data=!4m10!3m9!1s0x316c1f965eda9afb:0xc3d95f43f0cb7527!5m2!4m1!1i2!8m2!3d13.974368!4d108.0131419!16s%2Fg%2F11tjq_n97q!19sChIJ-5raXpYfbDERJ3XL8ENf2cM?authuser=0&hl=vi&g_ep=EgoyMDI2MDkwMS4wIJJjKgBIAVAD&rclk=1
2026-09-05 14:26:36,052 | INFO | Valid Google Maps Place URL opened.
2026-09-05 14:26:41,369 | INFO | Address check | score=0.0000 | status=NEED_REVIEW | reason=MISSING_MAPS_ADDRESS
2026-09-05 14:26:41,370 | INFO | Opening Maps URL | attempt=1/3
2026-09-05 14:26:44,527 | INFO | Current Maps URL: https://www.google.com/maps/place/Pleiku+Homestay/data=!4m10!3m9!1s0x316c1f965eda9afb:0xc3d95f43f0cb7527!5m2!4m1!1i2!8m2!3d13.974368!4d108.0131419!16s%2Fg%2F11tjq_n97q!19sChIJ-5raXpYfbDERJ3XL8ENf2cM?authuser=0&hl=vi&g_ep=EgoyMDI2MDkwMS4wIJJjKgBIAVAD&rclk=1
2026-09-05 14:26:44,527 | INFO | Valid Google Maps Place URL opened.
2026-09-05 14:26:49,995 | INFO | Address check | score=0.0000 | status=NEED_REVIEW | reason=MISSING_MAPS_ADDRESS
2026-09-05 14:26:49,996 | INFO | Opening Maps URL | attempt=1/3
2026-09-05 14:26:53,171 | INFO | Current Maps URL: https://www.google.com/maps/place/S%C3%B4ng+Su%E1%BB%91i+homestay+2/data=!4m10!3m9!1s0x316f6d5b677268c9:0xf297a7c135dcd38f!5m2!4m1!1i2!8m2!3d13.7713138!4d109.235494!16s%2Fg%2F11hnwcslv5!19sChIJyWhyZ1ttbzERj9PcNcGnl_I?authuser=0&hl=vi&g_ep=EgoyMDI2MDkwMS4wIJJjKgBIAVAD&rclk=1
2026-09-05 14:26:53,171 | INFO | Valid Google Maps Place URL opened.
2026-09-05 14:26:58,546 | INFO | Address check | score=0.0000 | status=NEED_REVIEW | reason=MISSING_MAPS_ADDRESS
2026-09-05 14:26:58,547 | INFO | Opening Maps URL | attempt=1/3
2026-09-05 14:27:01,512 | INFO | Current Maps URL: https://www.google.com/maps/place/Venus+Condotel+Quy+Nhon/data=!4m10!3m9!1s0x316f6ce8fc7458e5:0x36615bba777d8154!5m2!4m1!1i2!8m2!3d13.7549358!4d109.2153304!16s%2Fg%2F11l6681zr8!19sChIJ5Vh0_OhsbzERVIF9d7pbYTY?authuser=0&hl=vi&g_ep=EgoyMDI2MDkwMS4wIJJjKgBIAVAD&rclk=1
2026-09-05 14:27:01,512 | INFO | Valid Google Maps Place URL opened.
2026-09-05 14:27:06,964 | INFO | Address check | score=0.0000 | status=NEED_REVIEW | reason=MISSING_MAPS_ADDRESS
2026-09-05 14:27:06,965 | INFO | CHECKPOINT | processed=1000 | matched=2 | mismatched=9 | review=989
2026-09-05 14:27:07,577 | INFO | Excel saved: D:\Product-Google-Maps\output\hotels_export_google_maps_checked.xlsx
2026-09-05 14:27:07,578 | INFO | Opening Maps URL | attempt=1/3
2026-09-05 14:27:10,684 | INFO | Current Maps URL: https://www.google.com/maps/place/Vinn+hotel/data=!4m7!3m6!1s0x316ebb0009bb634b:0x5c581a1f3cd31e80!8m2!3d14.058324!4d108.277199!16s%2Fg%2F11y0qqz7d_!19sChIJS2O7CQC7bjERgB7TPB8aWFw?authuser=0&hl=vi&g_ep=EgoyMDI2MDkwMS4wIJJjKgBIAVAD&rclk=1
2026-09-05 14:27:10,684 | INFO | Valid Google Maps Place URL opened.
2026-09-05 14:27:16,081 | INFO | Address check | score=0.0000 | status=NEED_REVIEW | reason=MISSING_MAPS_ADDRESS
2026-09-05 14:27:16,082 | INFO | Opening Maps URL | attempt=1/3
2026-09-05 14:27:19,206 | INFO | Current Maps URL: https://www.google.com/maps/place/Vinn+hotel/data=!4m7!3m6!1s0x316ebb0009bb634b:0x5c581a1f3cd31e80!8m2!3d14.058324!4d108.277199!16s%2Fg%2F11y0qqz7d_!19sChIJS2O7CQC7bjERgB7TPB8aWFw?authuser=0&hl=vi&g_ep=EgoyMDI2MDkwMS4wIJJjKgBIAVAD&rclk=1
2026-09-05 14:27:19,207 | INFO | Valid Google Maps Place URL opened.
2026-09-05 14:27:24,483 | INFO | Address check | score=0.0000 | status=NEED_REVIEW | reason=MISSING_MAPS_ADDRESS
2026-09-05 14:27:24,484 | INFO | Opening Maps URL | attempt=1/3
2026-09-05 14:27:27,364 | INFO | Current Maps URL: https://www.google.com/maps/place/Vinn+hotel/data=!4m7!3m6!1s0x316ebb0009bb634b:0x5c581a1f3cd31e80!8m2!3d14.058324!4d108.277199!16s%2Fg%2F11y0qqz7d_!19sChIJS2O7CQC7bjERgB7TPB8aWFw?authuser=0&hl=vi&g_ep=EgoyMDI2MDkwMS4wIJJjKgBIAVAD&rclk=1
2026-09-05 14:27:27,365 | INFO | Valid Google Maps Place URL opened.
2026-09-05 14:27:32,655 | INFO | Address check | score=0.0000 | status=NEED_REVIEW | reason=MISSING_MAPS_ADDRESS
2026-09-05 14:27:32,656 | INFO | Opening Maps URL | attempt=1/3
2026-09-05 14:27:35,544 | INFO | Current Maps URL: https://www.google.com/maps/place/Vinn+hotel/data=!4m7!3m6!1s0x316ebb0009bb634b:0x5c581a1f3cd31e80!8m2!3d14.058324!4d108.277199!16s%2Fg%2F11y0qqz7d_!19sChIJS2O7CQC7bjERgB7TPB8aWFw?authuser=0&hl=vi&g_ep=EgoyMDI2MDkwMS4wIJJjKgBIAVAD&rclk=1
2026-09-05 14:27:35,544 | INFO | Valid Google Maps Place URL opened.
2026-09-05 14:27:40,829 | INFO | Address check | score=0.0000 | status=NEED_REVIEW | reason=MISSING_MAPS_ADDRESS
2026-09-05 14:27:40,831 | INFO | Opening Maps URL | attempt=1/3
2026-09-05 14:27:43,961 | INFO | Current Maps URL: https://www.google.com/maps/place/Nh%C3%A0+ngh%E1%BB%89+%C4%90%E1%BB%93i+Th%C3%B4ng/data=!4m7!3m6!1s0x316c1f7576f61af7:0x366aaaab7c12535c!8m2!3d13.9813255!4d107.9805714!16s%2Fg%2F11np26kv0p!19sChIJ9xr2dnUfbDERXFMSfKuqajY?authuser=0&hl=vi&g_ep=EgoyMDI2MDkwMS4wIJJjKgBIAVAD&rclk=1
2026-09-05 14:27:43,961 | INFO | Valid Google Maps Place URL opened.
2026-09-05 14:27:49,296 | INFO | Address check | score=0.0000 | status=NEED_REVIEW | reason=MISSING_MAPS_ADDRESS
2026-09-05 14:27:49,297 | INFO | Opening Maps URL | attempt=1/3
2026-09-05 14:27:52,221 | INFO | Current Maps URL: https://www.google.com/maps/place/C%C6%B0ng+Homestay+SG/data=!4m10!3m9!1s0x317529d0c7dac751:0x74259e4ffc0121c4!5m2!4m1!1i2!8m2!3d10.8263057!4d106.7014055!16s%2Fg%2F11z8g4jzx1!19sChIJUcfax9ApdTERxCEB_E-eJXQ?authuser=0&hl=vi&g_ep=EgoyMDI2MDkwMS4wIJJjKgBIAVAD&rclk=1
2026-09-05 14:27:52,222 | INFO | Valid Google Maps Place URL opened.
2026-09-05 14:27:57,308 | INFO | Address check | score=0.0000 | status=NEED_REVIEW | reason=MISSING_MAPS_ADDRESS
2026-09-05 14:27:57,310 | INFO | Opening Maps URL | attempt=1/3
2026-09-05 14:28:00,532 | INFO | Current Maps URL: https://www.google.com/maps/place/C%C6%B0ng+Homestay+SG/data=!4m10!3m9!1s0x317529d0c7dac751:0x74259e4ffc0121c4!5m2!4m1!1i2!8m2!3d10.8263057!4d106.7014055!16s%2Fg%2F11z8g4jzx1!19sChIJUcfax9ApdTERxCEB_E-eJXQ?authuser=0&hl=vi&g_ep=EgoyMDI2MDkwMS4wIJJjKgBIAVAD&rclk=1
2026-09-05 14:28:00,533 | INFO | Valid Google Maps Place URL opened.
2026-09-05 14:28:05,970 | INFO | Address check | score=0.0000 | status=NEED_REVIEW | reason=MISSING_MAPS_ADDRESS
2026-09-05 14:28:05,973 | INFO | Opening Maps URL | attempt=1/3
2026-09-05 14:28:08,927 | INFO | Current Maps URL: https://www.google.com/maps/place/C%C6%B0ng+Homestay+SG/data=!4m10!3m9!1s0x317529d0c7dac751:0x74259e4ffc0121c4!5m2!4m1!1i2!8m2!3d10.8263057!4d106.7014055!16s%2Fg%2F11z8g4jzx1!19sChIJUcfax9ApdTERxCEB_E-eJXQ?authuser=0&hl=vi&g_ep=EgoyMDI2MDkwMS4wIJJjKgBIAVAD&rclk=1
2026-09-05 14:28:08,927 | INFO | Valid Google Maps Place URL opened.
2026-09-05 14:28:14,290 | INFO | Address check | score=0.0000 | status=NEED_REVIEW | reason=MISSING_MAPS_ADDRESS
2026-09-05 14:28:14,291 | INFO | Opening Maps URL | attempt=1/3
2026-09-05 14:28:17,237 | INFO | Current Maps URL: https://www.google.com/maps/place/Nh%C3%A0+Ngh%E1%BB%89+Nam+%C4%90%C3%B4/data=!4m7!3m6!1s0x317525d44e6a9c83:0xdbc821ab84e4aea5!8m2!3d10.7055381!4d106.7399162!16s%2Fg%2F11h7cqdgx6!19sChIJg5xqTtQldTERpa7khKshyNs?authuser=0&hl=vi&g_ep=EgoyMDI2MDkwMS4wIJJjKgBIAVAD&rclk=1
2026-09-05 14:28:17,238 | INFO | Valid Google Maps Place URL opened.
2026-09-05 14:28:22,628 | INFO | Address check | score=0.0000 | status=NEED_REVIEW | reason=MISSING_MAPS_ADDRESS
2026-09-05 14:28:22,629 | INFO | Opening Maps URL | attempt=1/3
2026-09-05 14:28:25,596 | INFO | Current Maps URL: https://www.google.com/maps/place/Nh%C3%A0+Ngh%E1%BB%89+Nam+%C4%90%C3%B4/data=!4m7!3m6!1s0x317525d44e6a9c83:0xdbc821ab84e4aea5!8m2!3d10.7055381!4d106.7399162!16s%2Fg%2F11h7cqdgx6!19sChIJg5xqTtQldTERpa7khKshyNs?authuser=0&hl=vi&g_ep=EgoyMDI2MDkwMS4wIJJjKgBIAVAD&rclk=1
2026-09-05 14:28:25,597 | INFO | Valid Google Maps Place URL opened.
2026-09-05 14:28:30,907 | INFO | Address check | score=0.0000 | status=NEED_REVIEW | reason=MISSING_MAPS_ADDRESS
2026-09-05 14:28:30,907 | INFO | CHECKPOINT | processed=1010 | matched=2 | mismatched=9 | review=999
2026-09-05 14:28:31,623 | INFO | Excel saved: D:\Product-Google-Maps\output\hotels_export_google_maps_checked.xlsx
2026-09-05 14:28:31,624 | INFO | Opening Maps URL | attempt=1/3
2026-09-05 14:28:34,493 | INFO | Current Maps URL: https://www.google.com/maps/place/Nh%C3%A0+Ngh%E1%BB%89+H%E1%BB%93ng+H%E1%BA%A3i+%C4%90%C3%A8o+Nh%C3%B4ng/data=!4m7!3m6!1s0x3168cd785d8d7b73:0x484b4b02ad31e9a7!8m2!3d14.2431625!4d109.0748036!16s%2Fg%2F11z1v2yylw!19sChIJc3uNXXjNaDERp-kxrQJLS0g?authuser=0&hl=vi&g_ep=EgoyMDI2MDkwMS4wIJJjKgBIAVAD&rclk=1
2026-09-05 14:28:34,493 | INFO | Valid Google Maps Place URL opened.
2026-09-05 14:28:39,810 | INFO | Address check | score=0.0000 | status=NEED_REVIEW | reason=MISSING_MAPS_ADDRESS
2026-09-05 14:28:39,811 | INFO | Opening Maps URL | attempt=1/3
2026-09-05 14:28:43,080 | INFO | Current Maps URL: https://www.google.com/maps/place/%C3%81i+Homestay/data=!4m7!3m6!1s0x31752700462f78e9:0x670698d20a10182b!8m2!3d10.808114!4d106.784933!16s%2Fg%2F11xmvtxj5j!19sChIJ6XgvRgAndTERKxgQCtKYBmc?authuser=0&hl=vi&g_ep=EgoyMDI2MDkwMS4wIJJjKgBIAVAD&rclk=1
2026-09-05 14:28:43,080 | INFO | Valid Google Maps Place URL opened.
2026-09-05 14:28:48,438 | INFO | Address check | score=0.0000 | status=NEED_REVIEW | reason=MISSING_MAPS_ADDRESS
2026-09-05 14:28:48,439 | INFO | Opening Maps URL | attempt=1/3
2026-09-05 14:28:51,310 | INFO | Current Maps URL: https://www.google.com/maps/place/%C3%81i+Homestay/data=!4m7!3m6!1s0x31752700462f78e9:0x670698d20a10182b!8m2!3d10.808114!4d106.784933!16s%2Fg%2F11xmvtxj5j!19sChIJ6XgvRgAndTERKxgQCtKYBmc?authuser=0&hl=vi&g_ep=EgoyMDI2MDkwMS4wIJJjKgBIAVAD&rclk=1
2026-09-05 14:28:51,341 | INFO | Valid Google Maps Place URL opened.
2026-09-05 14:28:56,711 | INFO | Address check | score=0.0000 | status=NEED_REVIEW | reason=MISSING_MAPS_ADDRESS
2026-09-05 14:28:56,712 | INFO | Opening Maps URL | attempt=1/3
2026-09-05 14:28:59,735 | INFO | Current Maps URL: https://www.google.com/maps/place/BI%E1%BB%82N+NH%E1%BB%9A+HOMESTAY/data=!4m7!3m6!1s0x316f410003f43707:0xc5101b6ef312e18d!8m2!3d13.9418061!4d109.2424373!16s%2Fg%2F11w2mwn46_!19sChIJBzf0AwBBbzERjeES824bEMU?authuser=0&hl=vi&g_ep=EgoyMDI2MDkwMS4wIJJjKgBIAVAD&rclk=1
2026-09-05 14:28:59,735 | INFO | Valid Google Maps Place URL opened.
2026-09-05 14:29:05,093 | INFO | Address check | score=0.0000 | status=NEED_REVIEW | reason=MISSING_MAPS_ADDRESS
2026-09-05 14:29:05,094 | INFO | Opening Maps URL | attempt=1/3
2026-09-05 14:29:08,109 | INFO | Current Maps URL: https://www.google.com/maps/place/BI%E1%BB%82N+NH%E1%BB%9A+HOMESTAY/data=!4m7!3m6!1s0x316f410003f43707:0xc5101b6ef312e18d!8m2!3d13.9418061!4d109.2424373!16s%2Fg%2F11w2mwn46_!19sChIJBzf0AwBBbzERjeES824bEMU?authuser=0&hl=vi&g_ep=EgoyMDI2MDkwMS4wIJJjKgBIAVAD&rclk=1
2026-09-05 14:29:08,110 | INFO | Valid Google Maps Place URL opened.
2026-09-05 14:29:13,494 | INFO | Address check | score=0.0000 | status=NEED_REVIEW | reason=MISSING_MAPS_ADDRESS
2026-09-05 14:29:13,494 | INFO | Opening Maps URL | attempt=1/3
2026-09-05 14:29:16,376 | INFO | Current Maps URL: https://www.google.com/maps/place/BI%E1%BB%82N+NH%E1%BB%9A+HOMESTAY/data=!4m7!3m6!1s0x316f410003f43707:0xc5101b6ef312e18d!8m2!3d13.9418061!4d109.2424373!16s%2Fg%2F11w2mwn46_!19sChIJBzf0AwBBbzERjeES824bEMU?authuser=0&hl=vi&g_ep=EgoyMDI2MDkwMS4wIJJjKgBIAVAD&rclk=1
2026-09-05 14:29:16,376 | INFO | Valid Google Maps Place URL opened.
2026-09-05 14:29:21,707 | INFO | Address check | score=0.0000 | status=NEED_REVIEW | reason=MISSING_MAPS_ADDRESS
2026-09-05 14:29:21,710 | INFO | Opening Maps URL | attempt=1/3
2026-09-05 14:29:24,704 | INFO | Current Maps URL: https://www.google.com/maps/place/BI%E1%BB%82N+NH%E1%BB%9A+HOMESTAY/data=!4m7!3m6!1s0x316f410003f43707:0xc5101b6ef312e18d!8m2!3d13.9418061!4d109.2424373!16s%2Fg%2F11w2mwn46_!19sChIJBzf0AwBBbzERjeES824bEMU?authuser=0&hl=vi&g_ep=EgoyMDI2MDkwMS4wIJJjKgBIAVAD&rclk=1
2026-09-05 14:29:24,704 | INFO | Valid Google Maps Place URL opened.
2026-09-05 14:29:30,062 | INFO | Address check | score=0.0000 | status=NEED_REVIEW | reason=MISSING_MAPS_ADDRESS
2026-09-05 14:29:30,064 | INFO | Opening Maps URL | attempt=1/3
2026-09-05 14:29:32,957 | INFO | Current Maps URL: https://www.google.com/maps/place/Ho%C3%A0ng+Long+Hotel/data=!4m7!3m6!1s0x31752fa5a947fd49:0xcb822e3ffe9199aa!8m2!3d10.7381025!4d106.6905065!16s%2Fg%2F11dz0k_2yn!19sChIJSf1HqaUvdTERqpmR_j8ugss?authuser=0&hl=vi&g_ep=EgoyMDI2MDkwMS4wIJJjKgBIAVAD&rclk=1
2026-09-05 14:29:32,957 | INFO | Valid Google Maps Place URL opened.
2026-09-05 14:29:38,040 | INFO | Address check | score=0.0000 | status=NEED_REVIEW | reason=MISSING_MAPS_ADDRESS
2026-09-05 14:29:38,041 | INFO | Opening Maps URL | attempt=1/3
2026-09-05 14:29:40,912 | INFO | Current Maps URL: https://www.google.com/maps/place/Nh%C3%A0+Ngh%E1%BB%89+Lan+Ph%C6%B0%C6%A1ng/data=!4m7!3m6!1s0x3174d3fb563b1dd5:0x46af98b5c1d28a7d!8m2!3d11.038742!4d106.6224856!16s%2Fg%2F11v04xx8rx!19sChIJ1R07VvvTdDERfYrSwbWYr0Y?authuser=0&hl=vi&g_ep=EgoyMDI2MDkwMS4wIJJjKgBIAVAD&rclk=1
2026-09-05 14:29:40,913 | INFO | Valid Google Maps Place URL opened.
2026-09-05 14:29:46,414 | INFO | Address check | score=0.0000 | status=NEED_REVIEW | reason=MISSING_MAPS_ADDRESS
2026-09-05 14:29:46,415 | INFO | Opening Maps URL | attempt=1/3
2026-09-05 14:29:49,277 | INFO | Current Maps URL: https://www.google.com/maps/place/Haad+Yao+Bayview/data=!4m10!3m9!1s0x305501bf92369185:0x356c726f80c466fb!5m2!4m1!1i2!8m2!3d9.77812!4d99.96719!16s%2Fg%2F1tdjm156!19sChIJhZE2kr8BVTAR-2bEgG9ybDU?authuser=0&hl=vi&g_ep=EgoyMDI2MDkwMS4wIJJjKgBIAVAD&rclk=1
2026-09-05 14:29:49,277 | INFO | Valid Google Maps Place URL opened.
2026-09-05 14:29:54,732 | INFO | Address check | score=0.0000 | status=NEED_REVIEW | reason=MISSING_MAPS_ADDRESS
2026-09-05 14:29:54,733 | INFO | CHECKPOINT | processed=1020 | matched=2 | mismatched=9 | review=1009
2026-09-05 14:29:55,339 | INFO | Excel saved: D:\Product-Google-Maps\output\hotels_export_google_maps_checked.xlsx
2026-09-05 14:29:55,340 | INFO | Opening Maps URL | attempt=1/3
2026-09-05 14:29:58,619 | INFO | Current Maps URL: https://www.google.com/maps/place/M%E1%BB%99c+S%E1%BB%8Fi+Homestay/data=!4m10!3m9!1s0x316f43a58a370ee7:0xc40dd650d8a20fe3!5m2!4m1!1i2!8m2!3d13.8742881!4d109.2921313!16s%2Fg%2F11n951t19x!19sChIJ5w43iqVDbzER4w-i2FDWDcQ?authuser=0&hl=vi&g_ep=EgoyMDI2MDkwMS4wIJJjKgBIAVAD&rclk=1
2026-09-05 14:29:58,619 | INFO | Valid Google Maps Place URL opened.
2026-09-05 14:30:03,969 | INFO | Address check | score=0.0000 | status=NEED_REVIEW | reason=MISSING_MAPS_ADDRESS
2026-09-05 14:30:03,970 | INFO | Opening Maps URL | attempt=1/3
2026-09-05 14:30:06,876 | INFO | Current Maps URL: https://www.google.com/maps/place/M%E1%BB%99c+S%E1%BB%8Fi+Homestay/data=!4m10!3m9!1s0x316f43a58a370ee7:0xc40dd650d8a20fe3!5m2!4m1!1i2!8m2!3d13.8742881!4d109.2921313!16s%2Fg%2F11n951t19x!19sChIJ5w43iqVDbzER4w-i2FDWDcQ?authuser=0&hl=vi&g_ep=EgoyMDI2MDkwMS4wIJJjKgBIAVAD&rclk=1
2026-09-05 14:30:06,876 | INFO | Valid Google Maps Place URL opened.
2026-09-05 14:30:12,234 | INFO | Address check | score=0.0000 | status=NEED_REVIEW | reason=MISSING_MAPS_ADDRESS
2026-09-05 14:30:12,235 | INFO | Opening Maps URL | attempt=1/3
2026-09-05 14:30:15,118 | INFO | Current Maps URL: https://www.google.com/maps/place/M%E1%BB%99c+S%E1%BB%8Fi+Homestay/data=!4m10!3m9!1s0x316f43a58a370ee7:0xc40dd650d8a20fe3!5m2!4m1!1i2!8m2!3d13.8742881!4d109.2921313!16s%2Fg%2F11n951t19x!19sChIJ5w43iqVDbzER4w-i2FDWDcQ?authuser=0&hl=vi&g_ep=EgoyMDI2MDkwMS4wIJJjKgBIAVAD&rclk=1
2026-09-05 14:30:15,118 | INFO | Valid Google Maps Place URL opened.
2026-09-05 14:30:20,429 | INFO | Address check | score=0.0000 | status=NEED_REVIEW | reason=MISSING_MAPS_ADDRESS
2026-09-05 14:30:20,430 | INFO | Opening Maps URL | attempt=1/3
2026-09-05 14:30:23,353 | INFO | Current Maps URL: https://www.google.com/maps/place/M%E1%BB%99c+S%E1%BB%8Fi+Homestay/data=!4m10!3m9!1s0x316f43a58a370ee7:0xc40dd650d8a20fe3!5m2!4m1!1i2!8m2!3d13.8742881!4d109.2921313!16s%2Fg%2F11n951t19x!19sChIJ5w43iqVDbzER4w-i2FDWDcQ?authuser=0&hl=vi&g_ep=EgoyMDI2MDkwMS4wIJJjKgBIAVAD&rclk=1
2026-09-05 14:30:23,353 | INFO | Valid Google Maps Place URL opened.
2026-09-05 14:30:28,715 | INFO | Address check | score=0.0000 | status=NEED_REVIEW | reason=MISSING_MAPS_ADDRESS
2026-09-05 14:30:28,716 | INFO | Opening Maps URL | attempt=1/3
2026-09-05 14:30:31,773 | INFO | Current Maps URL: https://www.google.com/maps/place/M%E1%BB%99c+S%E1%BB%8Fi+Homestay/data=!4m10!3m9!1s0x316f43a58a370ee7:0xc40dd650d8a20fe3!5m2!4m1!1i2!8m2!3d13.8742881!4d109.2921313!16s%2Fg%2F11n951t19x!19sChIJ5w43iqVDbzER4w-i2FDWDcQ?authuser=0&hl=vi&g_ep=EgoyMDI2MDkwMS4wIJJjKgBIAVAD&rclk=1
2026-09-05 14:30:31,774 | INFO | Valid Google Maps Place URL opened.
2026-09-05 14:30:37,098 | INFO | Address check | score=0.0000 | status=NEED_REVIEW | reason=MISSING_MAPS_ADDRESS
2026-09-05 14:30:37,100 | INFO | Opening Maps URL | attempt=1/3
2026-09-05 14:30:40,049 | INFO | Current Maps URL: https://www.google.com/maps/place/Kh%C3%A1ch+s%E1%BA%A1n+Mira+-+Kh%C3%A1ch+s%E1%BA%A1n+g%E1%BA%A7n+bi%E1%BB%83n+%E1%BB%9F+Quy+Nh%C6%A1n/data=!4m10!3m9!1s0x316f6ceceb457403:0x1de22f520372522b!5m2!4m1!1i2!8m2!3d13.761717!4d109.219274!16s%2Fg%2F11fk15qdmx!19sChIJA3RF6-xsbzERK1JyA1Iv4h0?authuser=0&hl=vi&g_ep=EgoyMDI2MDkwMS4wIJJjKgBIAVAD&rclk=1
2026-09-05 14:30:40,049 | INFO | Valid Google Maps Place URL opened.
2026-09-05 14:30:45,084 | INFO | Address check | score=0.0000 | status=NEED_REVIEW | reason=MISSING_MAPS_ADDRESS
2026-09-05 14:30:45,085 | INFO | Opening Maps URL | attempt=1/3
2026-09-05 14:30:48,174 | INFO | Current Maps URL: https://www.google.com/maps/place/Lake+View+Homestay/data=!4m7!3m6!1s0x316c21ab017f2a41:0x867804881db4157!8m2!3d13.9695874!4d107.9962843!16s%2Fg%2F11h24r84gz!19sChIJQSp_AashbDERV0HbgUiAZwg?authuser=0&hl=vi&g_ep=EgoyMDI2MDkwMS4wIJJjKgBIAVAD&rclk=1
2026-09-05 14:30:48,174 | INFO | Valid Google Maps Place URL opened.
2026-09-05 14:30:53,610 | INFO | Address check | score=0.0000 | status=NEED_REVIEW | reason=MISSING_MAPS_ADDRESS
2026-09-05 14:30:53,611 | INFO | Opening Maps URL | attempt=1/3
2026-09-05 14:30:56,833 | INFO | Current Maps URL: https://www.google.com/maps/place/HOMESTAY+H%C6%A0+%C4%90%C6%A0NG/data=!4m10!3m9!1s0x316c1f6b90b63fe7:0x5684ba050b6a6e77!5m2!4m1!1i2!8m2!3d14.0323912!4d108.0034147!16s%2Fg%2F11kj27v3vl!19sChIJ5z-2kGsfbDERd25qCwW6hFY?authuser=0&hl=vi&g_ep=EgoyMDI2MDkwMS4wIJJjKgBIAVAD&rclk=1
2026-09-05 14:30:56,834 | INFO | Valid Google Maps Place URL opened.
2026-09-05 14:31:02,187 | INFO | Address check | score=0.0000 | status=NEED_REVIEW | reason=MISSING_MAPS_ADDRESS
2026-09-05 14:31:02,188 | INFO | Opening Maps URL | attempt=1/3
2026-09-05 14:31:05,141 | INFO | Current Maps URL: https://www.google.com/maps/place/Homestay+484/data=!4m11!3m10!1s0x316c1f7f255a101d:0x3dad2358be4d31d9!5m2!4m1!1i2!8m2!3d13.9750204!4d107.9982987!16s%2Fg%2F11v5rgy8qg!17BQ0FF!19sChIJHRBaJX8fbDER2TFNvlgjrT0?authuser=0&hl=vi&g_ep=EgoyMDI2MDkwMS4wIJJjKgBIAVAD&rclk=1
2026-09-05 14:31:05,141 | INFO | Valid Google Maps Place URL opened.
2026-09-05 14:31:10,621 | INFO | Address check | score=0.0000 | status=NEED_REVIEW | reason=MISSING_MAPS_ADDRESS
2026-09-05 14:31:10,622 | INFO | Opening Maps URL | attempt=1/3
2026-09-05 14:31:13,532 | INFO | Current Maps URL: https://www.google.com/maps/place/HOMESTAY+H%C6%A0+%C4%90%C6%A0NG/data=!4m10!3m9!1s0x316c1f6b90b63fe7:0x5684ba050b6a6e77!5m2!4m1!1i2!8m2!3d14.0323912!4d108.0034147!16s%2Fg%2F11kj27v3vl!19sChIJ5z-2kGsfbDERd25qCwW6hFY?authuser=0&hl=vi&g_ep=EgoyMDI2MDkwMS4wIJJjKgBIAVAD&rclk=1
2026-09-05 14:31:13,532 | INFO | Valid Google Maps Place URL opened.
2026-09-05 14:31:18,860 | INFO | Address check | score=0.0000 | status=NEED_REVIEW | reason=MISSING_MAPS_ADDRESS
2026-09-05 14:31:18,860 | INFO | CHECKPOINT | processed=1030 | matched=2 | mismatched=9 | review=1019
2026-09-05 14:31:19,429 | INFO | Excel saved: D:\Product-Google-Maps\output\hotels_export_google_maps_checked.xlsx
2026-09-05 14:31:19,429 | INFO | Opening Maps URL | attempt=1/3
2026-09-05 14:31:22,353 | INFO | Current Maps URL: https://www.google.com/maps/place/Maia+Resort+Quy+Nhon/data=!4m10!3m9!1s0x316f411b0224382d:0xf1f4dde8747e523!5m2!4m1!1i2!8m2!3d13.930025!4d109.244372!16s%2Fg%2F11jgj4hs74!19sChIJLTgkAhtBbzERI-VHh95NHw8?authuser=0&hl=vi&g_ep=EgoyMDI2MDkwMS4wIJJjKgBIAVAD&rclk=1
2026-09-05 14:31:22,353 | INFO | Valid Google Maps Place URL opened.
2026-09-05 14:31:27,760 | INFO | Address check | score=0.0000 | status=NEED_REVIEW | reason=MISSING_MAPS_ADDRESS
2026-09-05 14:31:27,761 | INFO | Opening Maps URL | attempt=1/3
2026-09-05 14:31:30,702 | INFO | Current Maps URL: https://www.google.com/maps/place/Pakse+Hotel+%26+Restaurant/data=!4m10!3m9!1s0x3114f8b39bf20a7f:0x255a058913462e8a!5m2!4m1!1i2!8m2!3d15.119949!4d105.79865!16s%2Fg%2F11r8r462j!19sChIJfwrym7P4FDERii5GE4kFWiU?authuser=0&hl=vi&g_ep=EgoyMDI2MDkwMS4wIJJjKgBIAVAD&rclk=1
2026-09-05 14:31:30,702 | INFO | Valid Google Maps Place URL opened.
2026-09-05 14:31:36,087 | INFO | Address check | score=0.0000 | status=NEED_REVIEW | reason=MISSING_MAPS_ADDRESS
2026-09-05 14:31:36,088 | INFO | Opening Maps URL | attempt=1/3
2026-09-05 14:31:39,042 | INFO | Current Maps URL: https://www.google.com/maps/place/Pakse+Hotel+%26+Restaurant/data=!4m10!3m9!1s0x3114f8b39bf20a7f:0x255a058913462e8a!5m2!4m1!1i2!8m2!3d15.119949!4d105.79865!16s%2Fg%2F11r8r462j!19sChIJfwrym7P4FDERii5GE4kFWiU?authuser=0&hl=vi&g_ep=EgoyMDI2MDkwMS4wIJJjKgBIAVAD&rclk=1
2026-09-05 14:31:39,043 | INFO | Valid Google Maps Place URL opened.
2026-09-05 14:31:44,544 | INFO | Address check | score=0.0000 | status=NEED_REVIEW | reason=MISSING_MAPS_ADDRESS
2026-09-05 14:31:44,545 | INFO | Opening Maps URL | attempt=1/3
2026-09-05 14:31:47,620 | INFO | Current Maps URL: https://www.google.com/maps/place/Pakse+Hotel+%26+Restaurant/data=!4m10!3m9!1s0x3114f8b39bf20a7f:0x255a058913462e8a!5m2!4m1!1i2!8m2!3d15.119949!4d105.79865!16s%2Fg%2F11r8r462j!19sChIJfwrym7P4FDERii5GE4kFWiU?authuser=0&hl=vi&g_ep=EgoyMDI2MDkwMS4wIJJjKgBIAVAD&rclk=1
2026-09-05 14:31:47,620 | INFO | Valid Google Maps Place URL opened.
2026-09-05 14:31:52,941 | INFO | Address check | score=0.0000 | status=NEED_REVIEW | reason=MISSING_MAPS_ADDRESS
2026-09-05 14:31:52,943 | INFO | Opening Maps URL | attempt=1/3
2026-09-05 14:31:56,050 | INFO | Current Maps URL: https://www.google.com/maps/place/Pakse+Hotel+%26+Restaurant/data=!4m10!3m9!1s0x3114f8b39bf20a7f:0x255a058913462e8a!5m2!4m1!1i2!8m2!3d15.119949!4d105.79865!16s%2Fg%2F11r8r462j!19sChIJfwrym7P4FDERii5GE4kFWiU?authuser=0&hl=vi&g_ep=EgoyMDI2MDkwMS4wIJJjKgBIAVAD&rclk=1
2026-09-05 14:31:56,051 | INFO | Valid Google Maps Place URL opened.
2026-09-05 14:32:01,469 | INFO | Address check | score=0.0000 | status=NEED_REVIEW | reason=MISSING_MAPS_ADDRESS
2026-09-05 14:32:01,473 | INFO | Opening Maps URL | attempt=1/3
2026-09-05 14:32:04,554 | INFO | Current Maps URL: https://www.google.com/maps/place/Pakse+Hotel+%26+Restaurant/data=!4m10!3m9!1s0x3114f8b39bf20a7f:0x255a058913462e8a!5m2!4m1!1i2!8m2!3d15.119949!4d105.79865!16s%2Fg%2F11r8r462j!19sChIJfwrym7P4FDERii5GE4kFWiU?authuser=0&hl=vi&g_ep=EgoyMDI2MDkwMS4wIJJjKgBIAVAD&rclk=1
2026-09-05 14:32:04,554 | INFO | Valid Google Maps Place URL opened.
2026-09-05 14:32:09,923 | INFO | Address check | score=0.0000 | status=NEED_REVIEW | reason=MISSING_MAPS_ADDRESS
2026-09-05 14:32:09,924 | INFO | Opening Maps URL | attempt=1/3
2026-09-05 14:32:12,968 | INFO | Current Maps URL: https://www.google.com/maps/place/M%E1%BB%99c+Bi%E1%BB%83n+Homestay+-+Moc+by+the+Shore/data=!4m7!3m6!1s0x316ecdf0cfe7c61d:0x6d738901b556338b!8m2!3d14.3268837!4d109.1485545!16s%2Fg%2F11z7fc5p84!19sChIJHcbnz_DNbjERizNWtQGJc20?authuser=0&hl=vi&g_ep=EgoyMDI2MDkwMS4wIJJjKgBIAVAD&rclk=1
2026-09-05 14:32:12,968 | INFO | Valid Google Maps Place URL opened.
2026-09-05 14:32:19,464 | INFO | Address check | score=0.0000 | status=NEED_REVIEW | reason=MISSING_MAPS_ADDRESS
2026-09-05 14:32:19,465 | INFO | Opening Maps URL | attempt=1/3
2026-09-05 14:32:22,921 | INFO | Current Maps URL: https://www.google.com/maps/place/Kh%C3%A1ch+S%E1%BA%A1n+Nh%C6%B0+%C3%9D+T%C3%A2n+Ph%C3%BA/data=!4m10!3m9!1s0x31752eac3f2942b9:0x3ec2ed5ad9b519c2!5m2!4m1!1i2!8m2!3d10.788396!4d106.636841!16s%2Fg%2F11y47f1xmr!19sChIJuUIpP6wudTERwhm12Vrtwj4?authuser=0&hl=vi&g_ep=EgoyMDI2MDkwMS4wIJJjKgBIAVAD&rclk=1
2026-09-05 14:32:22,921 | INFO | Valid Google Maps Place URL opened.
2026-09-05 14:32:28,272 | INFO | Address check | score=0.0000 | status=NEED_REVIEW | reason=MISSING_MAPS_ADDRESS
2026-09-05 14:32:28,273 | INFO | Opening Maps URL | attempt=1/3
2026-09-05 14:32:31,144 | INFO | Current Maps URL: https://www.google.com/maps/place/Kh%C3%A1ch+S%E1%BA%A1n+Nh%C6%B0+%C3%9D+T%C3%A2n+Ph%C3%BA/data=!4m10!3m9!1s0x31752eac3f2942b9:0x3ec2ed5ad9b519c2!5m2!4m1!1i2!8m2!3d10.788396!4d106.636841!16s%2Fg%2F11y47f1xmr!19sChIJuUIpP6wudTERwhm12Vrtwj4?authuser=0&hl=vi&g_ep=EgoyMDI2MDkwMS4wIJJjKgBIAVAD&rclk=1
2026-09-05 14:32:31,144 | INFO | Valid Google Maps Place URL opened.
2026-09-05 14:32:36,450 | INFO | Address check | score=0.0000 | status=NEED_REVIEW | reason=MISSING_MAPS_ADDRESS
2026-09-05 14:32:36,453 | INFO | Opening Maps URL | attempt=1/3
2026-09-05 14:32:39,520 | INFO | Current Maps URL: https://www.google.com/maps/place/Nh%C3%A0+ngh%E1%BB%89+An+My+1/data=!4m7!3m6!1s0x3168c534c917299b:0x86ba617508475307!8m2!3d14.4961523!4d109.0856729!16s%2Fg%2F11sdd9_bt6!19sChIJmykXyTTFaDERB1NHCHVhuoY?authuser=0&hl=vi&g_ep=EgoyMDI2MDkwMS4wIJJjKgBIAVAD&rclk=1
2026-09-05 14:32:39,520 | INFO | Valid Google Maps Place URL opened.
2026-09-05 14:32:44,950 | INFO | Address check | score=0.0000 | status=NEED_REVIEW | reason=MISSING_MAPS_ADDRESS
2026-09-05 14:32:44,950 | INFO | CHECKPOINT | processed=1040 | matched=2 | mismatched=9 | review=1029
2026-09-05 14:32:45,507 | INFO | Excel saved: D:\Product-Google-Maps\output\hotels_export_google_maps_checked.xlsx
2026-09-05 14:32:45,508 | INFO | Opening Maps URL | attempt=1/3
2026-09-05 14:32:48,545 | INFO | Current Maps URL: https://www.google.com/maps/place/Nh%C3%A0+ngh%E1%BB%89+An+My+1/data=!4m7!3m6!1s0x3168c534c917299b:0x86ba617508475307!8m2!3d14.4961523!4d109.0856729!16s%2Fg%2F11sdd9_bt6!19sChIJmykXyTTFaDERB1NHCHVhuoY?authuser=0&hl=vi&g_ep=EgoyMDI2MDkwMS4wIJJjKgBIAVAD&rclk=1
2026-09-05 14:32:48,545 | INFO | Valid Google Maps Place URL opened.
2026-09-05 14:32:53,885 | INFO | Address check | score=0.0000 | status=NEED_REVIEW | reason=MISSING_MAPS_ADDRESS
2026-09-05 14:32:53,887 | INFO | Opening Maps URL | attempt=1/3
2026-09-05 14:32:57,060 | INFO | Current Maps URL: https://www.google.com/maps/place/Vee+Homestay/data=!4m7!3m6!1s0x316c1f003703e54d:0x14a63616ca053ad2!8m2!3d13.9720362!4d107.9879075!16s%2Fg%2F11mzn_sj2d!19sChIJTeUDNwAfbDER0joFyhY2phQ?authuser=0&hl=vi&g_ep=EgoyMDI2MDkwMS4wIJJjKgBIAVAD&rclk=1
2026-09-05 14:32:57,060 | INFO | Valid Google Maps Place URL opened.
2026-09-05 14:33:02,483 | INFO | Address check | score=0.0000 | status=NEED_REVIEW | reason=MISSING_MAPS_ADDRESS
2026-09-05 14:33:02,484 | INFO | Opening Maps URL | attempt=1/3
2026-09-05 14:33:05,468 | INFO | Current Maps URL: https://www.google.com/maps/place/Vee+Homestay/data=!4m7!3m6!1s0x316c1f003703e54d:0x14a63616ca053ad2!8m2!3d13.9720362!4d107.9879075!16s%2Fg%2F11mzn_sj2d!19sChIJTeUDNwAfbDER0joFyhY2phQ?authuser=0&hl=vi&g_ep=EgoyMDI2MDkwMS4wIJJjKgBIAVAD&rclk=1
2026-09-05 14:33:05,468 | INFO | Valid Google Maps Place URL opened.
2026-09-05 14:33:10,882 | INFO | Address check | score=0.0000 | status=NEED_REVIEW | reason=MISSING_MAPS_ADDRESS
2026-09-05 14:33:10,884 | INFO | Opening Maps URL | attempt=1/3
2026-09-05 14:33:13,777 | INFO | Current Maps URL: https://www.google.com/maps/place/Vee+Homestay/data=!4m7!3m6!1s0x316c1f003703e54d:0x14a63616ca053ad2!8m2!3d13.9720362!4d107.9879075!16s%2Fg%2F11mzn_sj2d!19sChIJTeUDNwAfbDER0joFyhY2phQ?authuser=0&hl=vi&g_ep=EgoyMDI2MDkwMS4wIJJjKgBIAVAD&rclk=1
2026-09-05 14:33:13,777 | INFO | Valid Google Maps Place URL opened.
2026-09-05 14:33:18,855 | INFO | Address check | score=0.0000 | status=NEED_REVIEW | reason=MISSING_MAPS_ADDRESS
2026-09-05 14:33:18,856 | INFO | Opening Maps URL | attempt=1/3
2026-09-05 14:33:22,133 | INFO | Current Maps URL: https://www.google.com/maps/place/Chung+C%C6%B0+Ph%C3%BA+T%C3%A0i+2+%28Hoa%CC%80ng+V%C4%83n+Thu%CC%A3+Quy+Nh%C6%A1n%29/data=!4m7!3m6!1s0x316f6d74f2f43a47:0x6381886784f5e90!8m2!3d13.7615823!4d109.2084211!16s%2Fg%2F11t3blmbs4!19sChIJRzr08nRtbzERkF5PeIYYOAY?authuser=0&hl=vi&g_ep=EgoyMDI2MDkwMS4wIJJjKgBIAVAD&rclk=1
2026-09-05 14:33:22,134 | INFO | Valid Google Maps Place URL opened.
2026-09-05 14:33:27,543 | INFO | Address check | score=0.0000 | status=NEED_REVIEW | reason=MISSING_MAPS_ADDRESS
2026-09-05 14:33:27,544 | INFO | Opening Maps URL | attempt=1/3
2026-09-05 14:33:30,492 | INFO | Current Maps URL: https://www.google.com/maps/place/Hotel+Thanh+Th%E1%BB%A7y/data=!4m10!3m9!1s0x31752b84c071f38d:0xa6ff6a9df21f6bc!5m2!4m1!1i2!8m2!3d10.8049752!4d106.5892549!16s%2Fg%2F11xgr7m7h!19sChIJjfNxwIQrdTERvPYh36n2bwo?authuser=0&hl=vi&g_ep=EgoyMDI2MDkwMS4wIJJjKgBIAVAD&rclk=1
2026-09-05 14:33:30,493 | INFO | Valid Google Maps Place URL opened.
2026-09-05 14:33:35,872 | INFO | Address check | score=0.0000 | status=NEED_REVIEW | reason=MISSING_MAPS_ADDRESS
2026-09-05 14:33:35,873 | INFO | Opening Maps URL | attempt=1/3
2026-09-05 14:33:39,159 | INFO | Current Maps URL: https://www.google.com/maps/place/Nh%C3%A0+Ngh%E1%BB%89+Ph%C3%BA+Qu%C3%BD/data=!4m10!3m9!1s0x310a239137c3f453:0x3d5717d8c586157!5m2!4m1!1i2!8m2!3d10.679254!4d105.156661!16s%2Fg%2F11msh5h02t!19sChIJU_TDN5EjCjERV2FYjH1x1QM?authuser=0&hl=vi&g_ep=EgoyMDI2MDkwMS4wIJJjKgBIAVAD&rclk=1
2026-09-05 14:33:39,159 | INFO | Valid Google Maps Place URL opened.
2026-09-05 14:33:44,505 | INFO | Address check | score=0.0000 | status=NEED_REVIEW | reason=MISSING_MAPS_ADDRESS
2026-09-05 14:33:44,506 | INFO | Opening Maps URL | attempt=1/3
2026-09-05 14:33:47,620 | INFO | Current Maps URL: https://www.google.com/maps/place/VI%E1%BB%84N+%C4%90%C3%94NG+HOTEL/data=!4m10!3m9!1s0x31752f9140846de1:0x1342bbeb4ec12b21!5m2!4m1!1i2!8m2!3d10.730223!4d106.707033!16s%2Fg%2F11bv38fn37!19sChIJ4W2EQJEvdTERISvBTuu7QhM?authuser=0&hl=vi&g_ep=EgoyMDI2MDkwMS4wIJJjKgBIAVAD&rclk=1
2026-09-05 14:33:47,621 | INFO | Valid Google Maps Place URL opened.
2026-09-05 14:33:53,034 | INFO | Address check | score=0.0000 | status=NEED_REVIEW | reason=MISSING_MAPS_ADDRESS
2026-09-05 14:33:53,035 | INFO | Opening Maps URL | attempt=1/3
2026-09-05 14:33:56,197 | INFO | Current Maps URL: https://www.google.com/maps/place/VI%E1%BB%84N+%C4%90%C3%94NG+HOTEL/data=!4m10!3m9!1s0x31752f9140846de1:0x1342bbeb4ec12b21!5m2!4m1!1i2!8m2!3d10.730223!4d106.707033!16s%2Fg%2F11bv38fn37!19sChIJ4W2EQJEvdTERISvBTuu7QhM?authuser=0&hl=vi&g_ep=EgoyMDI2MDkwMS4wIJJjKgBIAVAD&rclk=1
2026-09-05 14:33:56,198 | INFO | Valid Google Maps Place URL opened.
2026-09-05 14:34:01,218 | INFO | Address check | score=0.0000 | status=NEED_REVIEW | reason=MISSING_MAPS_ADDRESS
2026-09-05 14:34:01,219 | INFO | Opening Maps URL | attempt=1/3
2026-09-05 14:34:04,094 | INFO | Current Maps URL: https://www.google.com/maps/place/VI%E1%BB%84N+%C4%90%C3%94NG+HOTEL/data=!4m10!3m9!1s0x31752f9140846de1:0x1342bbeb4ec12b21!5m2!4m1!1i2!8m2!3d10.730223!4d106.707033!16s%2Fg%2F11bv38fn37!19sChIJ4W2EQJEvdTERISvBTuu7QhM?authuser=0&hl=vi&g_ep=EgoyMDI2MDkwMS4wIJJjKgBIAVAD&rclk=1
2026-09-05 14:34:04,094 | INFO | Valid Google Maps Place URL opened.
2026-09-05 14:34:09,489 | INFO | Address check | score=0.0000 | status=NEED_REVIEW | reason=MISSING_MAPS_ADDRESS
2026-09-05 14:34:09,489 | INFO | CHECKPOINT | processed=1050 | matched=2 | mismatched=9 | review=1039
2026-09-05 14:34:10,014 | INFO | Excel saved: D:\Product-Google-Maps\output\hotels_export_google_maps_checked.xlsx
2026-09-05 14:34:10,015 | INFO | Opening Maps URL | attempt=1/3
2026-09-05 14:34:13,039 | INFO | Current Maps URL: https://www.google.com/maps/place/VI%E1%BB%84N+%C4%90%C3%94NG+HOTEL/data=!4m10!3m9!1s0x31752f9140846de1:0x1342bbeb4ec12b21!5m2!4m1!1i2!8m2!3d10.730223!4d106.707033!16s%2Fg%2F11bv38fn37!19sChIJ4W2EQJEvdTERISvBTuu7QhM?authuser=0&hl=vi&g_ep=EgoyMDI2MDkwMS4wIJJjKgBIAVAD&rclk=1
2026-09-05 14:34:13,039 | INFO | Valid Google Maps Place URL opened.
2026-09-05 14:34:18,385 | INFO | Address check | score=0.0000 | status=NEED_REVIEW | reason=MISSING_MAPS_ADDRESS
2026-09-05 14:34:18,386 | INFO | Opening Maps URL | attempt=1/3
2026-09-05 14:34:21,369 | INFO | Current Maps URL: https://www.google.com/maps/place/nh%C3%A0+ngh%C4%A9+Tr%C3%A0+Ly/data=!4m7!3m6!1s0x316c39001086e28d:0xf037c393de924f8c!8m2!3d13.8192607!4d107.7494631!16s%2Fg%2F11mkzxtlrk!19sChIJjeKGEAA5bDERjE-S3pPDN_A?authuser=0&hl=vi&g_ep=EgoyMDI2MDkwMS4wIJJjKgBIAVAD&rclk=1
2026-09-05 14:34:21,369 | INFO | Valid Google Maps Place URL opened.
2026-09-05 14:34:26,754 | INFO | Address check | score=0.0000 | status=NEED_REVIEW | reason=MISSING_MAPS_ADDRESS
2026-09-05 14:34:26,755 | INFO | Opening Maps URL | attempt=1/3
2026-09-05 14:34:29,721 | INFO | Current Maps URL: https://www.google.com/maps/place/Anh+Th%C6%B0+Hotel/data=!4m7!3m6!1s0x31752fe9a88fe833:0x7c470a793453e64b!8m2!3d10.716143!4d106.7027103!16s%2Fg%2F11f3c1_1tz!19sChIJM-iPqOkvdTERS-ZTNHkKR3w?authuser=0&hl=vi&g_ep=EgoyMDI2MDkwMS4wIJJjKgBIAVAD&rclk=1
2026-09-05 14:34:29,721 | INFO | Valid Google Maps Place URL opened.
2026-09-05 14:34:35,097 | INFO | Address check | score=0.0000 | status=NEED_REVIEW | reason=MISSING_MAPS_ADDRESS
2026-09-05 14:34:35,098 | INFO | Opening Maps URL | attempt=1/3
2026-09-05 14:34:38,026 | INFO | Current Maps URL: https://www.google.com/maps/place/Prek+Kdat+Resort/data=!4m10!3m9!1s0x31083957d4458d57:0x9f5a34b6c5aade1e!5m2!4m1!1i2!8m2!3d10.573713!4d104.016185!16s%2Fg%2F11h6rrfvnj!19sChIJV41F1Fc5CDERHt6qxbY0Wp8?authuser=0&hl=vi&g_ep=EgoyMDI2MDkwMS4wIJJjKgBIAVAD&rclk=1
2026-09-05 14:34:38,026 | INFO | Valid Google Maps Place URL opened.
2026-09-05 14:34:43,488 | INFO | Address check | score=0.0000 | status=NEED_REVIEW | reason=MISSING_MAPS_ADDRESS
2026-09-05 14:34:43,489 | INFO | Opening Maps URL | attempt=1/3
2026-09-05 14:34:46,673 | INFO | Current Maps URL: https://www.google.com/maps/place/Laguna+Hotel/data=!4m10!3m9!1s0x31752f90e8b3ffff:0x438264c888bbf92f!5m2!4m1!1i2!8m2!3d10.732321!4d106.707593!16s%2Fg%2F11dx8kdbxs!19sChIJ__-z6JAvdTERL_m7iMhkgkM?authuser=0&hl=vi&g_ep=EgoyMDI2MDkwMS4wIJJjKgBIAVAD&rclk=1
2026-09-05 14:34:46,692 | INFO | Valid Google Maps Place URL opened.
2026-09-05 14:34:52,231 | INFO | Address check | score=0.0000 | status=NEED_REVIEW | reason=MISSING_MAPS_ADDRESS
2026-09-05 14:34:52,232 | INFO | Opening Maps URL | attempt=1/3
2026-09-05 14:34:55,148 | INFO | Current Maps URL: https://www.google.com/maps/place/Laguna+Hotel/data=!4m10!3m9!1s0x31752f90e8b3ffff:0x438264c888bbf92f!5m2!4m1!1i2!8m2!3d10.732321!4d106.707593!16s%2Fg%2F11dx8kdbxs!19sChIJ__-z6JAvdTERL_m7iMhkgkM?authuser=0&hl=vi&g_ep=EgoyMDI2MDkwMS4wIJJjKgBIAVAD&rclk=1
2026-09-05 14:34:55,148 | INFO | Valid Google Maps Place URL opened.
2026-09-05 14:35:00,677 | INFO | Address check | score=0.0000 | status=NEED_REVIEW | reason=MISSING_MAPS_ADDRESS
2026-09-05 14:35:00,678 | INFO | Opening Maps URL | attempt=1/3
2026-09-05 14:35:03,677 | INFO | Current Maps URL: https://www.google.com/maps/place/Laguna+Hotel/data=!4m10!3m9!1s0x31752f90e8b3ffff:0x438264c888bbf92f!5m2!4m1!1i2!8m2!3d10.732321!4d106.707593!16s%2Fg%2F11dx8kdbxs!19sChIJ__-z6JAvdTERL_m7iMhkgkM?authuser=0&hl=vi&g_ep=EgoyMDI2MDkwMS4wIJJjKgBIAVAD&rclk=1
2026-09-05 14:35:03,678 | INFO | Valid Google Maps Place URL opened.
2026-09-05 14:35:09,020 | INFO | Address check | score=0.0000 | status=NEED_REVIEW | reason=MISSING_MAPS_ADDRESS
2026-09-05 14:35:09,021 | INFO | Opening Maps URL | attempt=1/3
2026-09-05 14:35:12,151 | INFO | Current Maps URL: https://www.google.com/maps/place/ShareYouHome+Apartment+-+Vinhomes+Landmark+81/data=!4m10!3m9!1s0x317528a979000021:0xd5dd13c4f5df563c!5m2!4m1!1i2!8m2!3d10.793991!4d106.720331!16s%2Fg%2F11z8n7pnpk!19sChIJIQAAeakodTERPFbf9cQT3dU?authuser=0&hl=vi&g_ep=EgoyMDI2MDkwMS4wIJJjKgBIAVAD&rclk=1
2026-09-05 14:35:12,151 | INFO | Valid Google Maps Place URL opened.
2026-09-05 14:35:17,546 | INFO | Address check | score=0.0000 | status=NEED_REVIEW | reason=MISSING_MAPS_ADDRESS
2026-09-05 14:35:17,547 | INFO | Opening Maps URL | attempt=1/3
2026-09-05 14:35:20,422 | INFO | Current Maps URL: https://www.google.com/maps/place/Sunset+Beach+Hotel+-+Adults+Only/data=!4m10!3m9!1s0x3054fcbc8c7cf0d5:0xde443d45a92e120e!5m2!4m1!1i2!8m2!3d9.677787!4d100.062731!16s%2Fg%2F11c49__bq6!19sChIJ1fB8jLz8VDARDhIuqUU9RN4?authuser=0&hl=vi&g_ep=EgoyMDI2MDkwMS4wIJJjKgBIAVAD&rclk=1
2026-09-05 14:35:20,422 | INFO | Valid Google Maps Place URL opened.
2026-09-05 14:35:25,883 | INFO | Address check | score=0.0000 | status=NEED_REVIEW | reason=MISSING_MAPS_ADDRESS
2026-09-05 14:35:25,884 | INFO | Opening Maps URL | attempt=1/3
2026-09-05 14:35:28,947 | INFO | Current Maps URL: https://www.google.com/maps/place/Hi%E1%BA%BFu+Ng%E1%BB%8Dc+Hotel/data=!4m7!3m6!1s0x316f220e44051497:0x65fae2b248408df8!8m2!3d13.8605695!4d109.1125343!16s%2Fg%2F11j00s7mt_!19sChIJlxQFRA4ibzER-I1ASLLi-mU?authuser=0&hl=vi&g_ep=EgoyMDI2MDkwMS4wIJJjKgBIAVAD&rclk=1
2026-09-05 14:35:28,948 | INFO | Valid Google Maps Place URL opened.
2026-09-05 14:35:34,300 | INFO | Address check | score=0.0000 | status=NEED_REVIEW | reason=MISSING_MAPS_ADDRESS
2026-09-05 14:35:34,301 | INFO | CHECKPOINT | processed=1060 | matched=2 | mismatched=9 | review=1049
2026-09-05 14:35:34,947 | INFO | Excel saved: D:\Product-Google-Maps\output\hotels_export_google_maps_checked.xlsx
2026-09-05 14:35:34,947 | INFO | Opening Maps URL | attempt=1/3
2026-09-05 14:35:37,903 | INFO | Current Maps URL: https://www.google.com/maps/place/Hi%E1%BA%BFu+Ng%E1%BB%8Dc+Hotel/data=!4m7!3m6!1s0x316f220e44051497:0x65fae2b248408df8!8m2!3d13.8605695!4d109.1125343!16s%2Fg%2F11j00s7mt_!19sChIJlxQFRA4ibzER-I1ASLLi-mU?authuser=0&hl=vi&g_ep=EgoyMDI2MDkwMS4wIJJjKgBIAVAD&rclk=1
2026-09-05 14:35:37,903 | INFO | Valid Google Maps Place URL opened.
2026-09-05 14:35:43,280 | INFO | Address check | score=0.0000 | status=NEED_REVIEW | reason=MISSING_MAPS_ADDRESS
2026-09-05 14:35:43,284 | INFO | Opening Maps URL | attempt=1/3
2026-09-05 14:35:46,188 | INFO | Current Maps URL: https://www.google.com/maps/place/Nh%C3%A0+Ngh%E1%BB%89+Phong+D%C3%A2n/data=!4m7!3m6!1s0x31752f16bbdee793:0xa0ee229bcae14aa0!8m2!3d10.763389!4d106.692846!16s%2Fg%2F11_dt1db5!19sChIJk-feuxYvdTERoErhypsi7qA?authuser=0&hl=vi&g_ep=EgoyMDI2MDkwMS4wIJJjKgBIAVAD&rclk=1
2026-09-05 14:35:46,189 | INFO | Valid Google Maps Place URL opened.
2026-09-05 14:35:51,571 | INFO | Address check | score=0.0000 | status=NEED_REVIEW | reason=MISSING_MAPS_ADDRESS
2026-09-05 14:35:51,576 | INFO | Opening Maps URL | attempt=1/3
2026-09-05 14:35:54,455 | INFO | Current Maps URL: https://www.google.com/maps/place/Victory+Homestay/data=!4m7!3m6!1s0x31367bd651f92f93:0x9631740fdcd99d2f!8m2!3d20.2520886!4d105.9654592!16s%2Fg%2F11vz96000c!19sChIJky_5UdZ7NjERL53Z3A90MZY?authuser=0&hl=vi&g_ep=EgoyMDI2MDkwMS4wIJJjKgBIAVAD&rclk=1
2026-09-05 14:35:54,459 | INFO | Valid Google Maps Place URL opened.
2026-09-05 14:35:59,599 | INFO | Address check | score=0.0000 | status=NEED_REVIEW | reason=MISSING_MAPS_ADDRESS
2026-09-05 14:35:59,602 | INFO | Opening Maps URL | attempt=1/3
2026-09-05 14:36:02,574 | INFO | Current Maps URL: https://www.google.com/maps/place/Enghouse+S%C3%A0i+G%C3%B2n+-+N%E1%BB%99i+tr%C3%BA+ti%E1%BA%BFng+Anh/data=!4m7!3m6!1s0x31752fcc78e53a21:0x51d4509f4f47e69d!8m2!3d10.7845556!4d106.6700008!16s%2Fg%2F11rtf18rwn!19sChIJITrleMwvdTERneZHT59Q1FE?authuser=0&hl=vi&g_ep=EgoyMDI2MDkwMS4wIJJjKgBIAVAD&rclk=1
2026-09-05 14:36:02,574 | INFO | Valid Google Maps Place URL opened.
2026-09-05 14:36:08,064 | INFO | Address check | score=0.0000 | status=NEED_REVIEW | reason=MISSING_MAPS_ADDRESS
2026-09-05 14:36:08,065 | INFO | Opening Maps URL | attempt=1/3
2026-09-05 14:36:11,028 | INFO | Current Maps URL: https://www.google.com/maps/place/Enghouse+S%C3%A0i+G%C3%B2n+-+N%E1%BB%99i+tr%C3%BA+ti%E1%BA%BFng+Anh/data=!4m7!3m6!1s0x31752fcc78e53a21:0x51d4509f4f47e69d!8m2!3d10.7845556!4d106.6700008!16s%2Fg%2F11rtf18rwn!19sChIJITrleMwvdTERneZHT59Q1FE?authuser=0&hl=vi&g_ep=EgoyMDI2MDkwMS4wIJJjKgBIAVAD&rclk=1
2026-09-05 14:36:11,028 | INFO | Valid Google Maps Place URL opened.
2026-09-05 14:36:16,339 | INFO | Address check | score=0.0000 | status=NEED_REVIEW | reason=MISSING_MAPS_ADDRESS
2026-09-05 14:36:16,341 | INFO | Opening Maps URL | attempt=1/3
2026-09-05 14:36:19,517 | INFO | Current Maps URL: https://www.google.com/maps/place/Hoa+Hu%E1%BB%B3nh+Hotel/data=!4m7!3m6!1s0x3175255bdd2ca47d:0xb1498059485a4b81!8m2!3d10.7152093!4d106.7300611!16s%2Fg%2F11l668jfb6!19sChIJfaQs3VsldTERgUtaSFmASbE?authuser=0&hl=vi&g_ep=EgoyMDI2MDkwMS4wIJJjKgBIAVAD&rclk=1
2026-09-05 14:36:19,521 | INFO | Valid Google Maps Place URL opened.
2026-09-05 14:36:24,564 | INFO | Address check | score=0.0000 | status=NEED_REVIEW | reason=MISSING_MAPS_ADDRESS
2026-09-05 14:36:24,565 | INFO | Opening Maps URL | attempt=1/3
2026-09-05 14:36:27,481 | INFO | Current Maps URL: https://www.google.com/maps/place/Hoa+Hu%E1%BB%B3nh+Hotel/data=!4m7!3m6!1s0x3175255bdd2ca47d:0xb1498059485a4b81!8m2!3d10.7152093!4d106.7300611!16s%2Fg%2F11l668jfb6!19sChIJfaQs3VsldTERgUtaSFmASbE?authuser=0&hl=vi&g_ep=EgoyMDI2MDkwMS4wIJJjKgBIAVAD&rclk=1
2026-09-05 14:36:27,484 | INFO | Valid Google Maps Place URL opened.
2026-09-05 14:36:32,843 | INFO | Address check | score=0.0000 | status=NEED_REVIEW | reason=MISSING_MAPS_ADDRESS
2026-09-05 14:36:32,844 | INFO | Opening Maps URL | attempt=1/3
2026-09-05 14:36:36,025 | INFO | Current Maps URL: https://www.google.com/maps/place/Motel+79/data=!4m7!3m6!1s0x310b2b84f2b00425:0x2bd278aad1b3b4d1!8m2!3d10.9006036!4d106.4655393!16s%2Fg%2F11fk01tshr!19sChIJJQSw8oQrCzER0bSz0ap40is?authuser=0&hl=vi&g_ep=EgoyMDI2MDkwMS4wIJJjKgBIAVAD&rclk=1
2026-09-05 14:36:36,025 | INFO | Valid Google Maps Place URL opened.
2026-09-05 14:36:41,098 | INFO | Address check | score=0.0000 | status=NEED_REVIEW | reason=MISSING_MAPS_ADDRESS
2026-09-05 14:36:41,103 | INFO | Opening Maps URL | attempt=1/3
2026-09-05 14:36:44,001 | INFO | Current Maps URL: https://www.google.com/maps/place/Kh%C3%A1ch+s%E1%BA%A1n+Th%E1%BA%A3o+Vy/data=!4m7!3m6!1s0x31752fba453d5efd:0xa230f6a5b3f4c9a!8m2!3d10.7343893!4d106.6908554!16s%2Fg%2F11t282zcnp!19sChIJ_V49RbovdTERmkw_W2oPIwo?authuser=0&hl=vi&g_ep=EgoyMDI2MDkwMS4wIJJjKgBIAVAD&rclk=1
2026-09-05 14:36:44,001 | INFO | Valid Google Maps Place URL opened.
2026-09-05 14:36:49,444 | INFO | Address check | score=0.0000 | status=NEED_REVIEW | reason=MISSING_MAPS_ADDRESS
2026-09-05 14:36:49,445 | INFO | Opening Maps URL | attempt=1/3
2026-09-05 14:36:52,343 | INFO | Current Maps URL: https://www.google.com/maps/place/Homestay+M%E1%BB%B9+Li%C3%AAn/data=!4m7!3m6!1s0x3168dd28d727e4b7:0x62aa874b6604f72e!8m2!3d14.570564!4d108.9727633!16s%2Fg%2F11tnrq26b_!19sChIJt-Qn1yjdaDERLvcEZkuHqmI?authuser=0&hl=vi&g_ep=EgoyMDI2MDkwMS4wIJJjKgBIAVAD&rclk=1
2026-09-05 14:36:52,344 | INFO | Valid Google Maps Place URL opened.
2026-09-05 14:36:57,741 | INFO | Address check | score=0.0000 | status=NEED_REVIEW | reason=MISSING_MAPS_ADDRESS
2026-09-05 14:36:57,742 | INFO | CHECKPOINT | processed=1070 | matched=2 | mismatched=9 | review=1059
2026-09-05 14:36:58,345 | INFO | Excel saved: D:\Product-Google-Maps\output\hotels_export_google_maps_checked.xlsx
2026-09-05 14:36:58,345 | INFO | Opening Maps URL | attempt=1/3
2026-09-05 14:37:01,238 | INFO | Current Maps URL: https://www.google.com/maps/place/RUBY+-+C%C4%83n+h%E1%BB%99+d%E1%BB%8Bch+v%E1%BB%A5+%26+Kh%C3%A1ch+s%E1%BA%A1n/data=!4m10!3m9!1s0x3174d12e5aaa440d:0x54e91b88bfb56946!5m2!4m1!1i2!8m2!3d10.972953!4d106.666727!16s%2Fg%2F11wv3z3jxs!19sChIJDUSqWi7RdDERRmm1v4gb6VQ?authuser=0&hl=vi&g_ep=EgoyMDI2MDkwMS4wIJJjKgBIAVAD&rclk=1
2026-09-05 14:37:01,238 | INFO | Valid Google Maps Place URL opened.
2026-09-05 14:37:06,313 | INFO | Address check | score=0.0000 | status=NEED_REVIEW | reason=MISSING_MAPS_ADDRESS
2026-09-05 14:37:06,314 | INFO | Opening Maps URL | attempt=1/3
2026-09-05 14:37:09,553 | INFO | Current Maps URL: https://www.google.com/maps/place/J+%26+Ariya+Hotel+Near+Samui+Airport+and+Koh+Phangan+Pier/data=!4m10!3m9!1s0x3054f06a39fd4691:0x5b5c6df21eb901d1!5m2!4m1!1i2!8m2!3d9.556831!4d100.053839!16s%2Fg%2F11tgd9gbvt!19sChIJkUb9OWrwVDAR0QG5HvJtXFs?authuser=0&hl=vi&g_ep=EgoyMDI2MDkwMS4wIJJjKgBIAVAD&rclk=1
2026-09-05 14:37:09,553 | INFO | Valid Google Maps Place URL opened.
2026-09-05 14:37:14,977 | INFO | Address check | score=0.0000 | status=NEED_REVIEW | reason=MISSING_MAPS_ADDRESS
2026-09-05 14:37:14,978 | INFO | Opening Maps URL | attempt=1/3
2026-09-05 14:37:17,878 | INFO | Current Maps URL: https://www.google.com/maps/place/Y%C3%AAn+Homestay+-+CN+Home+xinh+iuuuuu/data=!4m7!3m6!1s0x317525005a2b38d1:0x37317e10a21eaadf!8m2!3d10.7284563!4d106.7320047!16s%2Fg%2F11n456y34k!19sChIJ0TgrWgAldTER36oeohB-MTc?authuser=0&hl=vi&g_ep=EgoyMDI2MDkwMS4wIJJjKgBIAVAD&rclk=1
2026-09-05 14:37:17,879 | INFO | Valid Google Maps Place URL opened.
2026-09-05 14:37:22,916 | INFO | Address check | score=0.0000 | status=NEED_REVIEW | reason=MISSING_MAPS_ADDRESS
2026-09-05 14:37:22,917 | INFO | Opening Maps URL | attempt=1/3
2026-09-05 14:37:25,836 | INFO | Current Maps URL: https://www.google.com/maps/place/B%E1%BA%AFp+homestay/data=!4m7!3m6!1s0x317529000e00a307:0x74c906acf313d2b6!8m2!3d10.8193114!4d106.6354234!16s%2Fg%2F11ym_chz4_!19sChIJB6MADgApdTERttIT86wGyXQ?authuser=0&hl=vi&g_ep=EgoyMDI2MDkwMS4wIJJjKgBIAVAD&rclk=1
2026-09-05 14:37:25,837 | INFO | Valid Google Maps Place URL opened.
2026-09-05 14:37:31,231 | INFO | Address check | score=0.0000 | status=NEED_REVIEW | reason=MISSING_MAPS_ADDRESS
2026-09-05 14:37:31,232 | INFO | Opening Maps URL | attempt=1/3
2026-09-05 14:37:34,084 | INFO | Current Maps URL: https://www.google.com/maps/place/Kh%C3%A1ch+S%E1%BA%A1n+Minh+Ch%C3%A2u/data=!4m7!3m6!1s0x31752fa5afdc2df7:0x411041fc8cca0c8a!8m2!3d10.7385746!4d106.690225!16s%2Fg%2F11d_wyvwxz!19sChIJ9y3cr6UvdTERigzKjPxBEEE?authuser=0&hl=vi&g_ep=EgoyMDI2MDkwMS4wIJJjKgBIAVAD&rclk=1
2026-09-05 14:37:34,084 | INFO | Valid Google Maps Place URL opened.
2026-09-05 14:37:39,290 | INFO | Address check | score=0.0000 | status=NEED_REVIEW | reason=MISSING_MAPS_ADDRESS
2026-09-05 14:37:39,291 | INFO | Opening Maps URL | attempt=1/3
2026-09-05 14:37:42,209 | INFO | Current Maps URL: https://www.google.com/maps/place/AnNa+Home+Stay/data=!4m7!3m6!1s0x316f17006c2d8d57:0x286a574673e313bc!8m2!3d13.8534741!4d109.0829959!16s%2Fg%2F11zbf_5dc5!19sChIJV40tbAAXbzERvBPjc0ZXaig?authuser=0&hl=vi&g_ep=EgoyMDI2MDkwMS4wIJJjKgBIAVAD&rclk=1
2026-09-05 14:37:42,209 | INFO | Valid Google Maps Place URL opened.
2026-09-05 14:37:47,658 | INFO | Address check | score=0.0000 | status=NEED_REVIEW | reason=MISSING_MAPS_ADDRESS
2026-09-05 14:37:47,659 | INFO | Opening Maps URL | attempt=1/3
2026-09-05 14:37:50,548 | INFO | Current Maps URL: https://www.google.com/maps/place/123+Apartment+%28Pham+Ngu+Lao+street,+District+1%29/data=!4m10!3m9!1s0x31752ff316a32705:0x52df5f5b7077b709!5m2!4m1!1i2!8m2!3d10.7671103!4d106.6901569!16s%2Fg%2F11y65_fjz8!19sChIJBSejFvMvdTERCbd3cFtf31I?authuser=0&hl=vi&g_ep=EgoyMDI2MDkwMS4wIJJjKgBIAVAD&rclk=1
2026-09-05 14:37:50,548 | INFO | Valid Google Maps Place URL opened.
2026-09-05 14:37:55,992 | INFO | Address check | score=0.0000 | status=NEED_REVIEW | reason=MISSING_MAPS_ADDRESS
2026-09-05 14:37:55,993 | INFO | Opening Maps URL | attempt=1/3
2026-09-05 14:37:58,845 | INFO | Current Maps URL: https://www.google.com/maps/place/Kh%C3%A1ch+s%E1%BA%A1n+Renaissance+Riverside+S%C3%A0i+G%C3%B2n/data=!4m10!3m9!1s0x31752f4425da931f:0x4b49ec5f1ee03081!5m2!4m1!1i2!8m2!3d10.7744!4d106.70618!16s%2Fg%2F1th0vvzw!19sChIJH5PaJUQvdTERgTDgHl_sSUs?authuser=0&hl=vi&g_ep=EgoyMDI2MDkwMS4wIJJjKgBIAVAD&rclk=1
2026-09-05 14:37:58,846 | INFO | Valid Google Maps Place URL opened.
2026-09-05 14:38:03,931 | INFO | Address check | score=0.0000 | status=NEED_REVIEW | reason=MISSING_MAPS_ADDRESS
2026-09-05 14:38:03,932 | INFO | Opening Maps URL | attempt=1/3
2026-09-05 14:38:07,035 | INFO | Current Maps URL: https://www.google.com/maps/place/Khach+san+Gia+Lai/data=!4m7!3m6!1s0x316c1f9beecb944f:0x28472fbd7dae3055!8m2!3d13.9853116!4d108.0075972!16s%2Fg%2F11nxg6p7fn!19sChIJT5TL7psfbDERVTCufb0vRyg?authuser=0&hl=vi&g_ep=EgoyMDI2MDkwMS4wIJJjKgBIAVAD&rclk=1
2026-09-05 14:38:07,035 | INFO | Valid Google Maps Place URL opened.
2026-09-05 14:38:12,396 | INFO | Address check | score=0.0000 | status=NEED_REVIEW | reason=MISSING_MAPS_ADDRESS
2026-09-05 14:38:12,397 | INFO | Opening Maps URL | attempt=1/3
2026-09-05 14:38:15,393 | INFO | Current Maps URL: https://www.google.com/maps/place/Khach+san+Gia+Lai/data=!4m7!3m6!1s0x316c1f9beecb944f:0x28472fbd7dae3055!8m2!3d13.9853116!4d108.0075972!16s%2Fg%2F11nxg6p7fn!19sChIJT5TL7psfbDERVTCufb0vRyg?authuser=0&hl=vi&g_ep=EgoyMDI2MDkwMS4wIJJjKgBIAVAD&rclk=1
2026-09-05 14:38:15,393 | INFO | Valid Google Maps Place URL opened.
2026-09-05 14:38:20,781 | INFO | Address check | score=0.0000 | status=NEED_REVIEW | reason=MISSING_MAPS_ADDRESS
2026-09-05 14:38:20,781 | INFO | CHECKPOINT | processed=1080 | matched=2 | mismatched=9 | review=1069
2026-09-05 14:38:21,388 | INFO | Excel saved: D:\Product-Google-Maps\output\hotels_export_google_maps_checked.xlsx
2026-09-05 14:38:21,389 | INFO | Opening Maps URL | attempt=1/3
2026-09-05 14:38:24,387 | INFO | Current Maps URL: https://www.google.com/maps/place/Khach+san+Gia+Lai/data=!4m7!3m6!1s0x316c1f9beecb944f:0x28472fbd7dae3055!8m2!3d13.9853116!4d108.0075972!16s%2Fg%2F11nxg6p7fn!19sChIJT5TL7psfbDERVTCufb0vRyg?authuser=0&hl=vi&g_ep=EgoyMDI2MDkwMS4wIJJjKgBIAVAD&rclk=1
2026-09-05 14:38:24,388 | INFO | Valid Google Maps Place URL opened.
2026-09-05 14:38:29,848 | INFO | Address check | score=0.0000 | status=NEED_REVIEW | reason=MISSING_MAPS_ADDRESS
2026-09-05 14:38:29,855 | INFO | Opening Maps URL | attempt=1/3
2026-09-05 14:38:32,754 | INFO | Current Maps URL: https://www.google.com/maps/place/Khach+san+Gia+Lai/data=!4m7!3m6!1s0x316c1f9beecb944f:0x28472fbd7dae3055!8m2!3d13.9853116!4d108.0075972!16s%2Fg%2F11nxg6p7fn!19sChIJT5TL7psfbDERVTCufb0vRyg?authuser=0&hl=vi&g_ep=EgoyMDI2MDkwMS4wIJJjKgBIAVAD&rclk=1
2026-09-05 14:38:32,754 | INFO | Valid Google Maps Place URL opened.
2026-09-05 14:38:38,149 | INFO | Address check | score=0.0000 | status=NEED_REVIEW | reason=MISSING_MAPS_ADDRESS
2026-09-05 14:38:38,152 | INFO | Opening Maps URL | attempt=1/3
2026-09-05 14:38:41,354 | INFO | Current Maps URL: https://www.google.com/maps/place/APEC+MANDALA+PH%C3%9A+Y%C3%8AN+CHAMPA+LiViNG+HOMES/data=!4m10!3m9!1s0x316fec681e5141c9:0x3cb8a05ad1ee64ed!5m2!4m1!1i2!8m2!3d13.10362!4d109.306786!16s%2Fg%2F11g_qsf358!19sChIJyUFRHmjsbzER7WTu0VqguDw?authuser=0&hl=vi&g_ep=EgoyMDI2MDkwMS4wIJJjKgBIAVAD&rclk=1
2026-09-05 14:38:41,355 | INFO | Valid Google Maps Place URL opened.
2026-09-05 14:38:46,692 | INFO | Address check | score=0.0000 | status=NEED_REVIEW | reason=MISSING_MAPS_ADDRESS
2026-09-05 14:38:46,693 | INFO | Opening Maps URL | attempt=1/3
2026-09-05 14:38:49,567 | INFO | Current Maps URL: https://www.google.com/maps/place/APEC+MANDALA+PH%C3%9A+Y%C3%8AN+CHAMPA+LiViNG+HOMES/data=!4m10!3m9!1s0x316fec681e5141c9:0x3cb8a05ad1ee64ed!5m2!4m1!1i2!8m2!3d13.10362!4d109.306786!16s%2Fg%2F11g_qsf358!19sChIJyUFRHmjsbzER7WTu0VqguDw?authuser=0&hl=vi&g_ep=EgoyMDI2MDkwMS4wIJJjKgBIAVAD&rclk=1
2026-09-05 14:38:49,567 | INFO | Valid Google Maps Place URL opened.
2026-09-05 14:38:54,731 | INFO | Address check | score=0.0000 | status=NEED_REVIEW | reason=MISSING_MAPS_ADDRESS
2026-09-05 14:38:54,732 | INFO | Opening Maps URL | attempt=1/3
2026-09-05 14:38:57,781 | INFO | Current Maps URL: https://www.google.com/maps/place/APEC+MANDALA+PH%C3%9A+Y%C3%8AN+CHAMPA+LiViNG+HOMES/data=!4m10!3m9!1s0x316fec681e5141c9:0x3cb8a05ad1ee64ed!5m2!4m1!1i2!8m2!3d13.10362!4d109.306786!16s%2Fg%2F11g_qsf358!19sChIJyUFRHmjsbzER7WTu0VqguDw?authuser=0&hl=vi&g_ep=EgoyMDI2MDkwMS4wIJJjKgBIAVAD&rclk=1
2026-09-05 14:38:57,781 | INFO | Valid Google Maps Place URL opened.
2026-09-05 14:39:03,087 | INFO | Address check | score=0.0000 | status=NEED_REVIEW | reason=MISSING_MAPS_ADDRESS
2026-09-05 14:39:03,090 | INFO | Opening Maps URL | attempt=1/3
2026-09-05 14:39:06,035 | INFO | Current Maps URL: https://www.google.com/maps/place/Kh%C3%A1ch+s%E1%BA%A1n+B%C3%ACnh+D%C6%B0%C6%A1ng/data=!4m7!3m6!1s0x31756ff9fe9704b1:0xe189070da1c6b906!8m2!3d10.3388001!4d107.0896934!16s%2Fg%2F11mv0nrvst!19sChIJsQSX_vlvdTERBrnGoQ0HieE?authuser=0&hl=vi&g_ep=EgoyMDI2MDkwMS4wIJJjKgBIAVAD&rclk=1
2026-09-05 14:39:06,036 | INFO | Valid Google Maps Place URL opened.
2026-09-05 14:39:11,418 | INFO | Address check | score=0.0000 | status=NEED_REVIEW | reason=MISSING_MAPS_ADDRESS
2026-09-05 14:39:11,422 | INFO | Opening Maps URL | attempt=1/3
2026-09-05 14:39:14,564 | INFO | Current Maps URL: https://www.google.com/maps/place/Lavender+Hoa+Ch%C3%A2u/data=!4m10!3m9!1s0x3168c285fe2e7d87:0x10aed3f3b8da5df9!5m2!4m1!1i2!8m2!3d14.590003!4d109.039341!16s%2Fg%2F11q_00sgp9!19sChIJh30u_oXCaDER-V3auPPTrhA?authuser=0&hl=vi&g_ep=EgoyMDI2MDkwMS4wIJJjKgBIAVAD&rclk=1
2026-09-05 14:39:14,564 | INFO | Valid Google Maps Place URL opened.
2026-09-05 14:39:20,057 | INFO | Address check | score=0.0000 | status=NEED_REVIEW | reason=MISSING_MAPS_ADDRESS
2026-09-05 14:39:20,058 | INFO | Opening Maps URL | attempt=1/3
2026-09-05 14:39:24,175 | INFO | Current Maps URL: https://www.google.com/maps/place/Hotel+Ho%C3%A0ng+Ph%C3%BAc/data=!4m7!3m6!1s0x31752fafb3ab01bb:0x72ff2abb017bd4d!8m2!3d10.742256!4d106.6852166!16s%2Fg%2F11yg14tt6n!19sChIJuwGrs68vdTERTb0XsKvyLwc?authuser=0&hl=vi&g_ep=EgoyMDI2MDkwMS4wIJJjKgBIAVAD&rclk=1
2026-09-05 14:39:24,176 | INFO | Valid Google Maps Place URL opened.
2026-09-05 14:39:29,628 | INFO | Address check | score=0.0000 | status=NEED_REVIEW | reason=MISSING_MAPS_ADDRESS
2026-09-05 14:39:29,629 | INFO | Opening Maps URL | attempt=1/3
2026-09-05 14:39:32,811 | INFO | Current Maps URL: https://www.google.com/maps/place/Happy+Homestay/data=!4m10!3m9!1s0x31721dac27295cd7:0xd138e25c63a4c5b!5m2!4m1!1i2!8m2!3d12.674847!4d108.006353!16s%2Fg%2F11b67ll1nn!19sChIJ11wpJ6wdcjERW0w6xiWOEw0?authuser=0&hl=vi&g_ep=EgoyMDI2MDkwMS4wIJJjKgBIAVAD&rclk=1
2026-09-05 14:39:32,811 | INFO | Valid Google Maps Place URL opened.
2026-09-05 14:39:38,199 | INFO | Address check | score=0.0000 | status=NEED_REVIEW | reason=MISSING_MAPS_ADDRESS
2026-09-05 14:39:38,202 | INFO | Opening Maps URL | attempt=1/3
2026-09-05 14:39:41,107 | INFO | Current Maps URL: https://www.google.com/maps/place/Kh%C3%A1ch+s%E1%BA%A1n+Mira+-+Kh%C3%A1ch+s%E1%BA%A1n+g%E1%BA%A7n+bi%E1%BB%83n+%E1%BB%9F+Quy+Nh%C6%A1n/data=!4m10!3m9!1s0x316f6ceceb457403:0x1de22f520372522b!5m2!4m1!1i2!8m2!3d13.761717!4d109.219274!16s%2Fg%2F11fk15qdmx!19sChIJA3RF6-xsbzERK1JyA1Iv4h0?authuser=0&hl=vi&g_ep=EgoyMDI2MDkwMS4wIJJjKgBIAVAD&rclk=1
2026-09-05 14:39:41,108 | INFO | Valid Google Maps Place URL opened.
2026-09-05 14:39:46,629 | INFO | Address check | score=0.0000 | status=NEED_REVIEW | reason=MISSING_MAPS_ADDRESS
2026-09-05 14:39:46,630 | INFO | CHECKPOINT | processed=1090 | matched=2 | mismatched=9 | review=1079
2026-09-05 14:39:47,213 | INFO | Excel saved: D:\Product-Google-Maps\output\hotels_export_google_maps_checked.xlsx
2026-09-05 14:39:47,214 | INFO | Opening Maps URL | attempt=1/3
2026-09-05 14:39:50,332 | INFO | Current Maps URL: https://www.google.com/maps/place/Kh%C3%A1ch+s%E1%BA%A1n+Renaissance+Riverside+S%C3%A0i+G%C3%B2n/data=!4m10!3m9!1s0x31752f4425da931f:0x4b49ec5f1ee03081!5m2!4m1!1i2!8m2!3d10.7744!4d106.70618!16s%2Fg%2F1th0vvzw!19sChIJH5PaJUQvdTERgTDgHl_sSUs?authuser=0&hl=vi&g_ep=EgoyMDI2MDkwMS4wIJJjKgBIAVAD&rclk=1
2026-09-05 14:39:50,332 | INFO | Valid Google Maps Place URL opened.
2026-09-05 14:39:55,712 | INFO | Address check | score=0.0000 | status=NEED_REVIEW | reason=MISSING_MAPS_ADDRESS
2026-09-05 14:39:55,713 | INFO | Opening Maps URL | attempt=1/3
2026-09-05 14:39:58,592 | INFO | Current Maps URL: https://www.google.com/maps/place/Huy+Ho%C3%A0ng+Hotel/data=!4m10!3m9!1s0x317528bd7b7a9709:0x9311d102f96804a8!5m2!4m1!1i2!8m2!3d10.810049!4d106.709314!16s%2Fg%2F11c1t5l2x8!19sChIJCZd6e70odTERqARo-QLREZM?authuser=0&hl=vi&g_ep=EgoyMDI2MDkwMS4wIJJjKgBIAVAD&rclk=1
2026-09-05 14:39:58,593 | INFO | Valid Google Maps Place URL opened.
2026-09-05 14:40:03,852 | INFO | Address check | score=0.0000 | status=NEED_REVIEW | reason=MISSING_MAPS_ADDRESS
2026-09-05 14:40:03,857 | INFO | Opening Maps URL | attempt=1/3
2026-09-05 14:40:06,782 | INFO | Current Maps URL: https://www.google.com/maps/place/Huy+Ho%C3%A0ng+Hotel/data=!4m10!3m9!1s0x317528bd7b7a9709:0x9311d102f96804a8!5m2!4m1!1i2!8m2!3d10.810049!4d106.709314!16s%2Fg%2F11c1t5l2x8!19sChIJCZd6e70odTERqARo-QLREZM?authuser=0&hl=vi&g_ep=EgoyMDI2MDkwMS4wIJJjKgBIAVAD&rclk=1
2026-09-05 14:40:06,782 | INFO | Valid Google Maps Place URL opened.
2026-09-05 14:40:12,278 | INFO | Address check | score=0.0000 | status=NEED_REVIEW | reason=MISSING_MAPS_ADDRESS
2026-09-05 14:40:12,279 | INFO | Opening Maps URL | attempt=1/3
2026-09-05 14:40:15,202 | INFO | Current Maps URL: https://www.google.com/maps/place/Kha%CC%81ch+sa%CC%A3n+Huy+Hu%CC%80ng+-+Huy+Hung+Hotel/data=!4m7!3m6!1s0x3168d19fd85a36d1:0x94e2ac46d9fb3459!8m2!3d14.3573632!4d108.9611568!16s%2Fg%2F11fl9kwnj0!19sChIJ0TZa2J_RaDERWTT72Uas4pQ?authuser=0&hl=vi&g_ep=EgoyMDI2MDkwMS4wIJJjKgBIAVAD&rclk=1
2026-09-05 14:40:15,202 | INFO | Valid Google Maps Place URL opened.
2026-09-05 14:40:20,574 | INFO | Address check | score=0.0000 | status=NEED_REVIEW | reason=MISSING_MAPS_ADDRESS
2026-09-05 14:40:20,575 | INFO | Opening Maps URL | attempt=1/3
2026-09-05 14:40:23,549 | INFO | Current Maps URL: https://www.google.com/maps/place/Kha%CC%81ch+sa%CC%A3n+Huy+Hu%CC%80ng+-+Huy+Hung+Hotel/data=!4m7!3m6!1s0x3168d19fd85a36d1:0x94e2ac46d9fb3459!8m2!3d14.3573632!4d108.9611568!16s%2Fg%2F11fl9kwnj0!19sChIJ0TZa2J_RaDERWTT72Uas4pQ?authuser=0&hl=vi&g_ep=EgoyMDI2MDkwMS4wIJJjKgBIAVAD&rclk=1
2026-09-05 14:40:23,550 | INFO | Valid Google Maps Place URL opened.
2026-09-05 14:40:28,968 | INFO | Address check | score=0.0000 | status=NEED_REVIEW | reason=MISSING_MAPS_ADDRESS
2026-09-05 14:40:28,970 | INFO | Opening Maps URL | attempt=1/3
2026-09-05 14:40:31,881 | INFO | Current Maps URL: https://www.google.com/maps/place/Kha%CC%81ch+sa%CC%A3n+Huy+Hu%CC%80ng+-+Huy+Hung+Hotel/data=!4m7!3m6!1s0x3168d19fd85a36d1:0x94e2ac46d9fb3459!8m2!3d14.3573632!4d108.9611568!16s%2Fg%2F11fl9kwnj0!19sChIJ0TZa2J_RaDERWTT72Uas4pQ?authuser=0&hl=vi&g_ep=EgoyMDI2MDkwMS4wIJJjKgBIAVAD&rclk=1
2026-09-05 14:40:31,882 | INFO | Valid Google Maps Place URL opened.
2026-09-05 14:40:37,298 | INFO | Address check | score=0.0000 | status=NEED_REVIEW | reason=MISSING_MAPS_ADDRESS
2026-09-05 14:40:37,299 | INFO | Opening Maps URL | attempt=1/3
2026-09-05 14:40:40,165 | INFO | Current Maps URL: https://www.google.com/maps/place/Novotel+Saigon+Centre/data=!4m10!3m9!1s0x31752f34241af509:0xc2246536c365c477!5m2!4m1!1i2!8m2!3d10.784316!4d106.69588!16s%2Fg%2F1v4k3_w_!19sChIJCfUaJDQvdTERd8RlwzZlJMI?authuser=0&hl=vi&g_ep=EgoyMDI2MDkwMS4wIJJjKgBIAVAD&rclk=1
2026-09-05 14:40:40,166 | INFO | Valid Google Maps Place URL opened.
2026-09-05 14:40:45,282 | INFO | Address check | score=0.0000 | status=NEED_REVIEW | reason=MISSING_MAPS_ADDRESS
2026-09-05 14:40:45,284 | INFO | Opening Maps URL | attempt=1/3
2026-09-05 14:40:48,186 | INFO | Current Maps URL: https://www.google.com/maps/place/THE+RICE+HOTEL+BUI+VIEN/data=!4m10!3m9!1s0x31752f3e0182b0ff:0xf21c91d54f3265bc!5m2!4m1!1i2!8m2!3d10.767857!4d106.694305!16s%2Fg%2F11v0p7p6hw!19sChIJ_7CCAT4vdTERvGUyT9WRHPI?authuser=0&hl=vi&g_ep=EgoyMDI2MDkwMS4wIJJjKgBIAVAD&rclk=1
2026-09-05 14:40:48,186 | INFO | Valid Google Maps Place URL opened.
2026-09-05 14:40:53,620 | INFO | Address check | score=0.0000 | status=NEED_REVIEW | reason=MISSING_MAPS_ADDRESS
2026-09-05 14:40:53,621 | INFO | Opening Maps URL | attempt=1/3
2026-09-05 14:40:56,565 | INFO | Current Maps URL: https://www.google.com/maps/place/THE+RICE+HOTEL+BUI+VIEN/data=!4m10!3m9!1s0x31752f3e0182b0ff:0xf21c91d54f3265bc!5m2!4m1!1i2!8m2!3d10.767857!4d106.694305!16s%2Fg%2F11v0p7p6hw!19sChIJ_7CCAT4vdTERvGUyT9WRHPI?authuser=0&hl=vi&g_ep=EgoyMDI2MDkwMS4wIJJjKgBIAVAD&rclk=1
2026-09-05 14:40:56,565 | INFO | Valid Google Maps Place URL opened.
2026-09-05 14:41:01,665 | INFO | Address check | score=0.0000 | status=NEED_REVIEW | reason=MISSING_MAPS_ADDRESS
2026-09-05 14:41:01,666 | INFO | Opening Maps URL | attempt=1/3
2026-09-05 14:41:04,610 | INFO | Current Maps URL: https://www.google.com/maps/place/D%C3%A3+Qu%E1%BB%B3+Hotel/data=!4m10!3m9!1s0x316c21113eed3e63:0x58882045841b15f6!5m2!4m1!1i2!8m2!3d13.967011!4d108.0038614!16s%2Fg%2F11yfk76cxs!19sChIJYz7tPhEhbDER9hUbhEUgiFg?authuser=0&hl=vi&g_ep=EgoyMDI2MDkwMS4wIJJjKgBIAVAD&rclk=1
2026-09-05 14:41:04,610 | INFO | Valid Google Maps Place URL opened.
2026-09-05 14:41:10,094 | INFO | Address check | score=0.0000 | status=NEED_REVIEW | reason=MISSING_MAPS_ADDRESS
2026-09-05 14:41:10,096 | INFO | CHECKPOINT | processed=1100 | matched=2 | mismatched=9 | review=1089
2026-09-05 14:41:10,678 | INFO | Excel saved: D:\Product-Google-Maps\output\hotels_export_google_maps_checked.xlsx
2026-09-05 14:41:10,679 | INFO | Opening Maps URL | attempt=1/3
2026-09-05 14:41:13,600 | INFO | Current Maps URL: https://www.google.com/maps/place/D%C3%A3+Qu%E1%BB%B3+Hotel/data=!4m10!3m9!1s0x316c21113eed3e63:0x58882045841b15f6!5m2!4m1!1i2!8m2!3d13.967011!4d108.0038614!16s%2Fg%2F11yfk76cxs!19sChIJYz7tPhEhbDER9hUbhEUgiFg?authuser=0&hl=vi&g_ep=EgoyMDI2MDkwMS4wIJJjKgBIAVAD&rclk=1
2026-09-05 14:41:13,600 | INFO | Valid Google Maps Place URL opened.
2026-09-05 14:41:19,040 | INFO | Address check | score=0.0000 | status=NEED_REVIEW | reason=MISSING_MAPS_ADDRESS
2026-09-05 14:41:19,041 | INFO | Opening Maps URL | attempt=1/3
2026-09-05 14:41:21,911 | INFO | Current Maps URL: https://www.google.com/maps/place/Kh%C3%A1ch+S%E1%BA%A1n+Ho%C3%A0ng+Vy/data=!4m7!3m6!1s0x317525815b6be717:0x235c3565507cab6f!8m2!3d10.7484934!4d106.7286739!16s%2Fg%2F11yhj8n92!19sChIJF-drW4EldTERb6t8UGU1XCM?authuser=0&hl=vi&g_ep=EgoyMDI2MDkwMS4wIJJjKgBIAVAD&rclk=1
2026-09-05 14:41:21,911 | INFO | Valid Google Maps Place URL opened.
2026-09-05 14:41:26,929 | INFO | Address check | score=0.0000 | status=NEED_REVIEW | reason=MISSING_MAPS_ADDRESS
2026-09-05 14:41:26,930 | INFO | Opening Maps URL | attempt=1/3
2026-09-05 14:41:29,846 | INFO | Current Maps URL: https://www.google.com/maps/place/Kh%C3%A1ch+S%E1%BA%A1n+Ho%C3%A0ng+Vy/data=!4m7!3m6!1s0x317525815b6be717:0x235c3565507cab6f!8m2!3d10.7484934!4d106.7286739!16s%2Fg%2F11yhj8n92!19sChIJF-drW4EldTERb6t8UGU1XCM?authuser=0&hl=vi&g_ep=EgoyMDI2MDkwMS4wIJJjKgBIAVAD&rclk=1
2026-09-05 14:41:29,846 | INFO | Valid Google Maps Place URL opened.
2026-09-05 14:41:35,166 | INFO | Address check | score=0.0000 | status=NEED_REVIEW | reason=MISSING_MAPS_ADDRESS
2026-09-05 14:41:35,167 | INFO | Opening Maps URL | attempt=1/3
2026-09-05 14:41:38,458 | INFO | Current Maps URL: https://www.google.com/maps/place/The+Fancy+House/data=!4m10!3m9!1s0x316f6c932dc8d30f:0xc4c7d5edf69c1ae6!5m2!4m1!1i2!8m2!3d13.7635982!4d109.2200876!16s%2Fg%2F11fp4hyzd5!19sChIJD9PILZNsbzER5hqc9u3Vx8Q?authuser=0&hl=en&rclk=1
2026-09-05 14:41:38,458 | INFO | Valid Google Maps Place URL opened.
2026-09-05 14:41:43,807 | INFO | Address check | score=0.0000 | status=NEED_REVIEW | reason=MISSING_MAPS_ADDRESS
2026-09-05 14:41:43,812 | INFO | Opening Maps URL | attempt=1/3
2026-09-05 14:41:47,141 | INFO | Current Maps URL: https://www.google.com/maps/place/Khach+San+Thanh+Truc+Hotel/data=!4m7!3m6!1s0x316f343ac56e0183:0x81a7806508324625!8m2!3d14.1628679!4d109.1282606!16s%2Fg%2F11hcfp_cnc!19sChIJgwFuxTo0bzERJUYyCGWAp4E?authuser=0&hl=en&rclk=1
2026-09-05 14:41:47,142 | INFO | Valid Google Maps Place URL opened.
2026-09-05 14:41:52,480 | INFO | Address check | score=0.0000 | status=NEED_REVIEW | reason=MISSING_MAPS_ADDRESS
2026-09-05 14:41:52,481 | INFO | Opening Maps URL | attempt=1/3
2026-09-05 14:41:55,647 | INFO | Current Maps URL: https://www.google.com/maps/place/Ly+Thanh+Binh+Motel/data=!4m7!3m6!1s0x316f6c83bd894595:0x15646f5207fa7a0b!8m2!3d13.7807285!4d109.2276727!16s%2Fg%2F11b6dg4dy6!19sChIJlUWJvYNsbzERC3r6B1JvZBU?authuser=0&hl=en&rclk=1
2026-09-05 14:41:55,647 | INFO | Valid Google Maps Place URL opened.
2026-09-05 14:42:01,154 | INFO | Address check | score=0.0000 | status=NEED_REVIEW | reason=MISSING_MAPS_ADDRESS
2026-09-05 14:42:01,155 | INFO | Opening Maps URL | attempt=1/3
2026-09-05 14:42:04,406 | INFO | Current Maps URL: https://www.google.com/maps/place/M%C3%A1+H%E1%BB%93ng+Homestay+-+Nh%C6%A1n+L%C3%BD+-+Quy+Nh%C6%A1n/data=!4m7!3m6!1s0x316f43f1f684dc33:0x1360ae482b6af35!8m2!3d13.8806532!4d109.2938494!16s%2Fg%2F11wp4g_wrj!19sChIJM9yE9vFDbzERNa-2guQKNgE?authuser=0&hl=en&rclk=1
2026-09-05 14:42:04,407 | INFO | Valid Google Maps Place URL opened.
2026-09-05 14:42:09,747 | INFO | Address check | score=0.0000 | status=NEED_REVIEW | reason=MISSING_MAPS_ADDRESS
2026-09-05 14:42:09,748 | INFO | Opening Maps URL | attempt=1/3
2026-09-05 14:42:12,574 | INFO | Current Maps URL: https://www.google.com/maps/place/Nh%C3%A0+H%C3%A0ng+kh%C3%A1ch+s%E1%BA%A1n+Hi%E1%BA%BFu+Ng%E1%BB%8Dc/data=!4m7!3m6!1s0x316f220c38c39311:0x52048026c3a35116!8m2!3d13.9056071!4d108.9221158!16s%2Fg%2F11c2jz_7zt!19sChIJEZPDOAwibzERFlGjwyaABFI?authuser=0&hl=en&rclk=1
2026-09-05 14:42:12,574 | INFO | Valid Google Maps Place URL opened.
2026-09-05 14:42:17,593 | INFO | Address check | score=0.0000 | status=NEED_REVIEW | reason=MISSING_MAPS_ADDRESS
2026-09-05 14:42:17,599 | INFO | Opening Maps URL | attempt=1/3
2026-09-05 14:42:20,556 | INFO | Current Maps URL: https://www.google.com/maps/place/Nh%C3%A0+ngh%E1%BB%89+Kh%C3%A1nh+Ng%E1%BB%8Dc+Nh%C6%A1n+L%C3%BD/data=!4m7!3m6!1s0x316f43c824138bd7:0x7d9e9e7de90e9af0!8m2!3d13.8817968!4d109.2915191!16s%2Fg%2F11xklcjk06!19sChIJ14sTJMhDbzER8JoO6X2enn0?authuser=0&hl=en&rclk=1
2026-09-05 14:42:20,557 | INFO | Valid Google Maps Place URL opened.
2026-09-05 14:42:25,930 | INFO | Address check | score=0.0000 | status=NEED_REVIEW | reason=MISSING_MAPS_ADDRESS
2026-09-05 14:42:25,931 | INFO | Opening Maps URL | attempt=1/3
2026-09-05 14:42:28,942 | INFO | Current Maps URL: https://www.google.com/maps/place/Nh%C3%A0+ngh%E1%BB%89+Qu%E1%BB%B3nh+Nh%C6%B0/data=!4m7!3m6!1s0x3168c3b1fcac9cc9:0xc4d48c7d96dcdb0a!8m2!3d14.5637891!4d109.0248248!16s%2Fg%2F11tnv3hj78!19sChIJyZys_LHDaDERCtvcln2M1MQ?authuser=0&hl=en&rclk=1
2026-09-05 14:42:28,942 | INFO | Valid Google Maps Place URL opened.
2026-09-05 14:42:34,323 | INFO | Address check | score=0.0000 | status=NEED_REVIEW | reason=MISSING_MAPS_ADDRESS
2026-09-05 14:42:34,323 | INFO | CHECKPOINT | processed=1110 | matched=2 | mismatched=9 | review=1099
2026-09-05 14:42:34,907 | INFO | Excel saved: D:\Product-Google-Maps\output\hotels_export_google_maps_checked.xlsx
2026-09-05 14:42:34,908 | INFO | Opening Maps URL | attempt=1/3
2026-09-05 14:42:37,992 | INFO | Current Maps URL: https://www.google.com/maps/place/Nh%C3%A0+ngh%E1%BB%89+Thu%E1%BB%B7+Ti%C3%AAn/data=!4m7!3m6!1s0x3168df4c13859abf:0x3a753c652705c5a6!8m2!3d14.555742!4d108.9009076!16s%2Fg%2F11fhwy6l7d!19sChIJv5qFE0zfaDERpsUFJ2U8dTo?authuser=0&hl=en&rclk=1
2026-09-05 14:42:37,992 | INFO | Valid Google Maps Place URL opened.
2026-09-05 14:42:43,407 | INFO | Address check | score=0.0000 | status=NEED_REVIEW | reason=MISSING_MAPS_ADDRESS
2026-09-05 14:42:43,409 | INFO | Opening Maps URL | attempt=1/3
2026-09-05 14:42:46,337 | INFO | Current Maps URL: https://www.google.com/maps/place/Kh%C3%A1ch+s%E1%BA%A1n+HAVANA/data=!4m7!3m6!1s0x316f232f46c62f23:0x9ceeb3aa444a4596!8m2!3d13.9064658!4d108.9220635!16s%2Fg%2F11hy_5vs1k!19sChIJIy_GRi8jbzERlkVKRKqz7pw?authuser=0&hl=en&rclk=1
2026-09-05 14:42:46,337 | INFO | Valid Google Maps Place URL opened.
2026-09-05 14:42:51,346 | INFO | Address check | score=0.0000 | status=NEED_REVIEW | reason=MISSING_MAPS_ADDRESS
2026-09-05 14:42:51,347 | INFO | Opening Maps URL | attempt=1/3
2026-09-05 14:42:54,482 | INFO | Current Maps URL: https://www.google.com/maps/place/Kh%C3%A1ch+S%E1%BA%A1n+Ho%C3%A0ng+Long/data=!4m7!3m6!1s0x3168cff98215f96f:0x1a505129bd43ce02!8m2!3d14.419463!4d109.0065207!16s%2Fg%2F11ggnf8nzr!19sChIJb_kVgvnPaDERAs5DvSlRUBo?authuser=0&hl=en&rclk=1
2026-09-05 14:42:54,482 | INFO | Valid Google Maps Place URL opened.
2026-09-05 14:42:59,863 | INFO | Address check | score=0.0000 | status=NEED_REVIEW | reason=MISSING_MAPS_ADDRESS
2026-09-05 14:42:59,865 | INFO | Opening Maps URL | attempt=1/3
2026-09-05 14:43:02,914 | INFO | Current Maps URL: https://www.google.com/maps/place/Kh%C3%A1ch+S%E1%BA%A1n+Th%E1%BA%AFng+L%E1%BB%A3i/data=!4m7!3m6!1s0x316f6cea930a731f:0x4c4e0e7ab6c21f4a!8m2!3d13.7620596!4d109.2130929!16s%2Fg%2F11nrdd3qsp!19sChIJH3MKk-psbzERSh_CtnoOTkw?authuser=0&hl=en&rclk=1
2026-09-05 14:43:02,914 | INFO | Valid Google Maps Place URL opened.
2026-09-05 14:43:08,050 | INFO | Address check | score=0.0000 | status=NEED_REVIEW | reason=MISSING_MAPS_ADDRESS
2026-09-05 14:43:08,052 | INFO | Opening Maps URL | attempt=1/3
2026-09-05 14:43:11,399 | INFO | Current Maps URL: https://www.google.com/maps/place/Ngoc+Thien+Hotel/data=!4m10!3m9!1s0x316e42b343b3811f:0xcd1fbb13ec3072e9!5m2!4m1!1i2!8m2!3d13.4051757!4d108.4404817!16s%2Fg%2F11bbrhcj5v!19sChIJH4GzQ7NCbjER6XIw7BO7H80?authuser=0&hl=en&rclk=1
2026-09-05 14:43:11,400 | INFO | Valid Google Maps Place URL opened.
2026-09-05 14:43:16,839 | INFO | Address check | score=0.0000 | status=NEED_REVIEW | reason=MISSING_MAPS_ADDRESS
2026-09-05 14:43:16,843 | INFO | Opening Maps URL | attempt=1/3
2026-09-05 14:43:19,916 | INFO | Current Maps URL: https://www.google.com/maps/place/nh%C3%A0+ngh%E1%BB%89+444/data=!4m7!3m6!1s0x316f3dbf532e83a3:0xc8c385569271a4f!8m2!3d13.9069748!4d109.0155181!16s%2Fg%2F11v068k98t!19sChIJo4MuU789bzERTxonaVU4jAw?authuser=0&hl=en&rclk=1
2026-09-05 14:43:19,916 | INFO | Valid Google Maps Place URL opened.
2026-09-05 14:43:25,492 | INFO | Address check | score=0.0000 | status=NEED_REVIEW | reason=MISSING_MAPS_ADDRESS
2026-09-05 14:43:25,493 | INFO | Opening Maps URL | attempt=1/3
2026-09-05 14:43:28,441 | INFO | Current Maps URL: https://www.google.com/maps/place/NH%C3%80+NGH%E1%BB%88+%C3%82U+C%C6%A0,+%C4%90%C6%B0%E1%BB%9Dng+%C3%82u+C%C6%A1,+Qu%E1%BB%91c+L%E1%BB%99+1A,+Quy+Nh%C6%A1n,+B%C3%ACnh+%C4%90%E1%BB%8Bnh+.+C%C3%B3+B%C3%A3i+%C4%91%E1%BA%ADu+xe+%E1%BB%9F+t%C3%B4,+c%C3%B3+xu%E1%BA%A5t+VAT+theo+quy+%C4%91%E1%BB%8Bnh+nh%C3%A0+n%C6%B0%E1%BB%9Bc/data=!4m7!3m6!1s0x316f13d98a61bd41:0x2b2f1a4456888d05!8m2!3d13.743495!4d109.1526806!16s%2Fg%2F11fp1f0s_5!19sChIJQb1hitkTbzERBY2IVkQaLys?authuser=0&hl=en&rclk=1
2026-09-05 14:43:28,441 | INFO | Valid Google Maps Place URL opened.
2026-09-05 14:43:33,821 | INFO | Address check | score=0.0000 | status=NEED_REVIEW | reason=MISSING_MAPS_ADDRESS
2026-09-05 14:43:33,822 | INFO | Opening Maps URL | attempt=1/3
2026-09-05 14:43:37,027 | INFO | Current Maps URL: https://www.google.com/maps/place/Homestay+Gia+%C4%90%C3%ACnh+Nh%E1%BB%8F/data=!4m10!3m9!1s0x316f6d19480d05fb:0xc587ae698c3376f8!5m2!4m1!1i2!8m2!3d13.7551123!4d109.2169771!16s%2Fg%2F11k0txz2rf!19sChIJ-wUNSBltbzER-HYzjGmuh8U?authuser=0&hl=en&rclk=1
2026-09-05 14:43:37,028 | INFO | Valid Google Maps Place URL opened.
2026-09-05 14:43:42,295 | INFO | Address check | score=0.0000 | status=NEED_REVIEW | reason=MISSING_MAPS_ADDRESS
2026-09-05 14:43:42,296 | INFO | Opening Maps URL | attempt=1/3
2026-09-05 14:43:45,156 | INFO | Current Maps URL: https://www.google.com/maps/place/Anna%27s+Homestay+Pleiku/data=!4m11!3m10!1s0x316c1f12f737d7ff:0xb6b47ec4b6124aa8!5m2!4m1!1i2!8m2!3d13.9959202!4d107.9866104!16s%2Fg%2F11zcfhs0n6!17BQ0FF!19sChIJ_9c39xIfbDERqEoStsR-tLY?authuser=0&hl=en&rclk=1
2026-09-05 14:43:45,157 | INFO | Valid Google Maps Place URL opened.
2026-09-05 14:43:50,518 | INFO | Address check | score=0.0000 | status=NEED_REVIEW | reason=MISSING_MAPS_ADDRESS
2026-09-05 14:43:50,519 | INFO | Opening Maps URL | attempt=1/3
2026-09-05 14:43:53,490 | INFO | Current Maps URL: https://www.google.com/maps/place/Kh%C3%A1ch+s%E1%BA%A1n+ph%C3%BA+qu%C3%BD/data=!4m7!3m6!1s0x316f230041e8de31:0x15a3d371b99bb984!8m2!3d13.9058905!4d108.9239921!16s%2Fg%2F11mz0w4bcf!19sChIJMd7oQQAjbzERhLmbuXHToxU?authuser=0&hl=en&rclk=1
2026-09-05 14:43:53,490 | INFO | Valid Google Maps Place URL opened.
2026-09-05 14:43:59,012 | INFO | Address check | score=0.0000 | status=NEED_REVIEW | reason=MISSING_MAPS_ADDRESS
2026-09-05 14:43:59,014 | INFO | CHECKPOINT | processed=1120 | matched=2 | mismatched=9 | review=1109
2026-09-05 14:43:59,649 | INFO | Excel saved: D:\Product-Google-Maps\output\hotels_export_google_maps_checked.xlsx
2026-09-05 14:43:59,650 | INFO | Opening Maps URL | attempt=1/3
2026-09-05 14:44:01,948 | INFO | Current Maps URL: https://www.google.com/maps/place/Lake+view+homestay+-+King+Room+with+Lake+View/data=!4m11!3m10!1s0x316c21d5ecba25d9:0x3ca37e5f914703c6!5m2!4m1!1i2!8m2!3d13.9694204!4d107.9960938!16s%2Fg%2F11z2187w7c!17BQ0FF!19sChIJ2SW67NUhbDERxgNHkV9-ozw?authuser=0&hl=en&rclk=1
2026-09-05 14:44:01,949 | INFO | Valid Google Maps Place URL opened.
2026-09-05 14:44:07,350 | INFO | Address check | score=0.0000 | status=NEED_REVIEW | reason=MISSING_MAPS_ADDRESS
2026-09-05 14:44:07,351 | INFO | Opening Maps URL | attempt=1/3
2026-09-05 14:44:10,254 | INFO | Current Maps URL: https://www.google.com/maps/place/Motel+Nh%C3%A0+Ngh%E1%BB%89+Ph%C3%BA+Qu%C3%BD/data=!4m7!3m6!1s0x3168c41cdb98defd:0x95c1bbc2322ab05b!8m2!3d14.4953699!4d109.0894377!16s%2Fg%2F11kvrxyn_r!19sChIJ_d6Y2xzEaDERW7AqMsK7wZU?authuser=0&hl=en&rclk=1
2026-09-05 14:44:10,254 | INFO | Valid Google Maps Place URL opened.
2026-09-05 14:44:15,711 | INFO | Address check | score=0.0000 | status=NEED_REVIEW | reason=MISSING_MAPS_ADDRESS
2026-09-05 14:44:15,712 | INFO | Opening Maps URL | attempt=1/3
2026-09-05 14:44:18,640 | INFO | Current Maps URL: https://www.google.com/maps/place/Nh%C3%A0+Ngh%E1%BB%89+Di%E1%BB%87u+Linh/data=!4m7!3m6!1s0x316f23fbc7a8cad5:0x2e305f40c3eabde6!8m2!3d13.9065177!4d108.9369014!16s%2Fg%2F11s_xs7kv7!19sChIJ1cqox_sjbzER5r3qw0BfMC4?authuser=0&hl=en&rclk=1
2026-09-05 14:44:18,641 | INFO | Valid Google Maps Place URL opened.
2026-09-05 14:44:24,147 | INFO | Address check | score=0.0000 | status=NEED_REVIEW | reason=MISSING_MAPS_ADDRESS
2026-09-05 14:44:24,168 | INFO | Opening Maps URL | attempt=1/3
2026-09-05 14:44:27,263 | INFO | Current Maps URL: https://www.google.com/maps/place/Nh%C3%A0+Ngh%E1%BB%89+Gia+Ph%C3%A1t+%28+B%E1%BB%93ng+S%C6%A1n+%29/data=!4m7!3m6!1s0x3168c5007553f4d9:0x733c791122c63c4e!8m2!3d14.4381912!4d109.018678!16s%2Fg%2F11y7gk11_p!19sChIJ2fRTdQDFaDERTjzGIhF5PHM?authuser=0&hl=en&rclk=1
2026-09-05 14:44:27,263 | INFO | Valid Google Maps Place URL opened.
2026-09-05 14:44:32,722 | INFO | Address check | score=0.0000 | status=NEED_REVIEW | reason=MISSING_MAPS_ADDRESS
2026-09-05 14:44:32,723 | INFO | Opening Maps URL | attempt=1/3
2026-09-05 14:44:35,752 | INFO | Current Maps URL: https://www.google.com/maps/place/Aurora+Villa+%26+Resort+Quy+Nhon/data=!4m10!3m9!1s0x316f6d6c1a55290d:0xe07e142b19ad27c2!5m2!4m1!1i2!8m2!3d13.7117421!4d109.2212037!16s%2Fg%2F11c1w0dprv!19sChIJDSlVGmxtbzERwietGSsUfuA?authuser=0&hl=en&rclk=1
2026-09-05 14:44:35,756 | INFO | Valid Google Maps Place URL opened.
2026-09-05 14:44:41,263 | INFO | Address check | score=0.0000 | status=NEED_REVIEW | reason=MISSING_MAPS_ADDRESS
2026-09-05 14:44:41,267 | INFO | Opening Maps URL | attempt=1/3
2026-09-05 14:44:44,129 | INFO | Current Maps URL: https://www.google.com/maps/place/Hotels+Khai+Yen/data=!4m10!3m9!1s0x316c1f9a35451a81:0x708875ae50eb2f2b!5m2!4m1!1i2!8m2!3d13.9827022!4d108.0102757!16s%2Fg%2F11c7334fc_!19sChIJgRpFNZofbDERKy_rUK51iHA?authuser=0&hl=en&rclk=1
2026-09-05 14:44:44,132 | INFO | Valid Google Maps Place URL opened.
2026-09-05 14:44:49,201 | INFO | Address check | score=0.0000 | status=NEED_REVIEW | reason=MISSING_MAPS_ADDRESS
2026-09-05 14:44:49,202 | INFO | Opening Maps URL | attempt=1/3
2026-09-05 14:44:52,327 | INFO | Current Maps URL: https://www.google.com/maps/place/Coffe+%26+Hotel+Wind/data=!4m7!3m6!1s0x3168c3c63f3d184f:0x8cf6ce08f22b858c!8m2!3d14.5137121!4d109.0791245!16s%2Fg%2F11s3x_sk36!19sChIJTxg9P8bDaDERjIUr8gjO9ow?authuser=0&hl=en&rclk=1
2026-09-05 14:44:52,327 | INFO | Valid Google Maps Place URL opened.
2026-09-05 14:44:57,784 | INFO | Address check | score=0.0000 | status=NEED_REVIEW | reason=MISSING_MAPS_ADDRESS
2026-09-05 14:44:57,785 | INFO | Opening Maps URL | attempt=1/3
2026-09-05 14:45:00,835 | INFO | Current Maps URL: https://www.google.com/maps/place/HiDra+Homestay+-+Guest+House+%26+Travel/data=!4m10!3m9!1s0x3168c96ea82333e3:0x8484caec2ab8e5b2!5m2!4m1!1i2!8m2!3d14.3265249!4d109.1485261!16s%2Fg%2F11xgxhhh5g!19sChIJ4zMjqG7JaDERsuW4KuzKhIQ?authuser=0&hl=en&rclk=1
2026-09-05 14:45:00,835 | INFO | Valid Google Maps Place URL opened.
2026-09-05 14:45:06,279 | INFO | Address check | score=0.0000 | status=NEED_REVIEW | reason=MISSING_MAPS_ADDRESS
2026-09-05 14:45:06,281 | INFO | Opening Maps URL | attempt=1/3
2026-09-05 14:45:09,222 | INFO | Current Maps URL: https://www.google.com/maps/place/Homestay+Blue/data=!4m7!3m6!1s0x3168c70025d5c089:0x784b72a42f9ab115!8m2!3d14.4285392!4d109.1158307!16s%2Fg%2F11vyp37clq!19sChIJicDVJQDHaDERFbGaL6RyS3g?authuser=0&hl=en&rclk=1
2026-09-05 14:45:09,222 | INFO | Valid Google Maps Place URL opened.
2026-09-05 14:45:14,741 | INFO | Address check | score=0.0000 | status=NEED_REVIEW | reason=MISSING_MAPS_ADDRESS
2026-09-05 14:45:14,745 | INFO | Opening Maps URL | attempt=1/3
2026-09-05 14:45:17,711 | INFO | Current Maps URL: https://www.google.com/maps/place/Hotel+Ng%E1%BB%8Dc+Nga/data=!4m7!3m6!1s0x3168cfc9648a9a3d:0xc5e3c7b5d3762f69!8m2!3d14.3653501!4d109.0338515!16s%2Fg%2F11fq_dvm__!19sChIJPZqKZMnPaDERaS9207XH48U?authuser=0&hl=en&rclk=1
2026-09-05 14:45:17,711 | INFO | Valid Google Maps Place URL opened.
2026-09-05 14:45:23,136 | INFO | Address check | score=0.0000 | status=NEED_REVIEW | reason=MISSING_MAPS_ADDRESS
2026-09-05 14:45:23,140 | INFO | CHECKPOINT | processed=1130 | matched=2 | mismatched=9 | review=1119
2026-09-05 14:45:23,665 | INFO | Excel saved: D:\Product-Google-Maps\output\hotels_export_google_maps_checked.xlsx
2026-09-05 14:45:23,666 | INFO | Opening Maps URL | attempt=1/3
2026-09-05 14:45:26,721 | INFO | Current Maps URL: https://www.google.com/maps/place/Kh%C3%A1ch+s%E1%BA%A1n+hoa+c%C3%BAc/data=!4m7!3m6!1s0x3168c3ec0b383295:0xe2c9d9f0d30aad8a!8m2!3d14.5156733!4d109.0345219!16s%2Fg%2F11lrttyc5n!19sChIJlTI4C-zDaDERiq0K0_DZyeI?authuser=0&hl=en&rclk=1
2026-09-05 14:45:26,721 | INFO | Valid Google Maps Place URL opened.
2026-09-05 14:45:32,129 | INFO | Address check | score=0.0000 | status=NEED_REVIEW | reason=MISSING_MAPS_ADDRESS
2026-09-05 14:45:32,130 | INFO | Opening Maps URL | attempt=1/3
2026-09-05 14:45:34,959 | INFO | Current Maps URL: https://www.google.com/maps/place/Kh%C3%A1ch+s%E1%BA%A1n+Huy+H%C3%B9ng+2/data=!4m10!3m9!1s0x3168d154f809a0b1:0x36c77ab0c71cd7f9!5m2!4m1!1i2!8m2!3d14.3648682!4d108.9698974!16s%2Fg%2F11k0sgt7h2!19sChIJsaAJ-FTRaDER-dccx7B6xzY?authuser=0&hl=en&rclk=1
2026-09-05 14:45:34,959 | INFO | Valid Google Maps Place URL opened.
2026-09-05 14:45:40,423 | INFO | Address check | score=0.0000 | status=NEED_REVIEW | reason=MISSING_MAPS_ADDRESS
2026-09-05 14:45:40,424 | INFO | Opening Maps URL | attempt=1/3
2026-09-05 14:45:43,476 | INFO | Current Maps URL: https://www.google.com/maps/place/kh%C3%A1ch+s%E1%BA%A1n+Tu%E1%BA%A5n+Y%E1%BA%BFn/data=!4m7!3m6!1s0x3168c5f5e4147e73:0x94339b8bcf4da9ca!8m2!3d14.4645655!4d109.0263448!16s%2Fg%2F11y1vb2y77!19sChIJc34U5PXFaDERyqlNz4ubM5Q?authuser=0&hl=en&rclk=1
2026-09-05 14:45:43,476 | INFO | Valid Google Maps Place URL opened.
2026-09-05 14:45:48,819 | INFO | Address check | score=0.0000 | status=NEED_REVIEW | reason=MISSING_MAPS_ADDRESS
2026-09-05 14:45:48,821 | INFO | Opening Maps URL | attempt=1/3
2026-09-05 14:45:51,879 | INFO | Current Maps URL: https://www.google.com/maps/place/Motel+Nh%C3%A0+Ngh%E1%BB%89+Ho%C3%A0ng+Ch%C3%A2u/data=!4m7!3m6!1s0x3168c3b600c1743b:0x3d88ad6bb5068db5!8m2!3d14.5481836!4d109.0688064!16s%2Fg%2F11lsv97qrd!19sChIJO3TBALbDaDERtY0GtWutiD0?authuser=0&hl=en&rclk=1
2026-09-05 14:45:51,879 | INFO | Valid Google Maps Place URL opened.
2026-09-05 14:45:57,374 | INFO | Address check | score=0.0000 | status=NEED_REVIEW | reason=MISSING_MAPS_ADDRESS
2026-09-05 14:45:57,375 | INFO | Opening Maps URL | attempt=1/3
2026-09-05 14:46:00,220 | INFO | Current Maps URL: https://www.google.com/maps/place/Ng%C3%B5+Nh%E1%BB%9B+Homestay/data=!4m10!3m9!1s0x316f6dc548a2e661:0x5f1c77af0a7855c7!5m2!4m1!1i2!8m2!3d13.7624762!4d109.209593!16s%2Fg%2F11sjd9jbg2!19sChIJYeaiSMVtbzERx1V4Cq93HF8?authuser=0&hl=en&rclk=1
2026-09-05 14:46:00,222 | INFO | Valid Google Maps Place URL opened.
2026-09-05 14:46:05,259 | INFO | Address check | score=0.0000 | status=NEED_REVIEW | reason=MISSING_MAPS_ADDRESS
2026-09-05 14:46:05,260 | INFO | Opening Maps URL | attempt=1/3
2026-09-05 14:46:08,220 | INFO | Current Maps URL: https://www.google.com/maps/place/Nh%C3%A0+Ngh%E1%BB%89+Ao+%C4%90%C3%B4i/data=!4m7!3m6!1s0x3168c49caa4b602f:0x58b921f1cef9f23b!8m2!3d14.5063703!4d109.0345203!16s%2Fg%2F11dxqhqcvr!19sChIJL2BLqpzEaDERO_L5zvEhuVg?authuser=0&hl=en&rclk=1
2026-09-05 14:46:08,221 | INFO | Valid Google Maps Place URL opened.
2026-09-05 14:46:13,650 | INFO | Address check | score=0.0000 | status=NEED_REVIEW | reason=MISSING_MAPS_ADDRESS
2026-09-05 14:46:13,651 | INFO | Opening Maps URL | attempt=1/3
2026-09-05 14:46:16,578 | INFO | Current Maps URL: https://www.google.com/maps/place/Nh%C3%A0+ngh%E1%BB%89+Ga+B%E1%BB%93ng+S%C6%A1n/data=!4m7!3m6!1s0x3168c56e171a2f51:0xb3c3e0048f9c9a21!8m2!3d14.4382281!4d109.0186788!16s%2Fg%2F11ft442bbj!19sChIJUS8aF27FaDERIZqcjwTgw7M?authuser=0&hl=en&rclk=1
2026-09-05 14:46:16,578 | INFO | Valid Google Maps Place URL opened.
2026-09-05 14:46:21,963 | INFO | Address check | score=0.0000 | status=NEED_REVIEW | reason=MISSING_MAPS_ADDRESS
2026-09-05 14:46:21,964 | INFO | Opening Maps URL | attempt=1/3
2026-09-05 14:46:24,888 | INFO | Current Maps URL: https://www.google.com/maps/place/Nh%C3%A0+ngh%E1%BB%89+HOA+S%E1%BB%AEA/data=!4m7!3m6!1s0x3168c50022916297:0xd6da476e8e428072!8m2!3d14.4716157!4d109.0321604!16s%2Fg%2F11l_53yytv!19sChIJl2KRIgDFaDERcoBCjm5H2tY?authuser=0&hl=en&rclk=1
2026-09-05 14:46:24,890 | INFO | Valid Google Maps Place URL opened.
2026-09-05 14:46:30,189 | INFO | Address check | score=0.0000 | status=NEED_REVIEW | reason=MISSING_MAPS_ADDRESS
2026-09-05 14:46:30,190 | INFO | Opening Maps URL | attempt=1/3
2026-09-05 14:46:33,247 | INFO | Current Maps URL: https://www.google.com/maps/place/Nh%C3%A0+Ngh%E1%BB%89+H%C6%B0%C6%A1ng+Giang/data=!4m7!3m6!1s0x3168c513e0e114d3:0x50115930a235aac6!8m2!3d14.4796452!4d109.0891924!16s%2Fg%2F11f8h2tm_5!19sChIJ0xTh4BPFaDERxqo1ojBZEVA?authuser=0&hl=en&rclk=1
2026-09-05 14:46:33,248 | INFO | Valid Google Maps Place URL opened.
2026-09-05 14:46:38,668 | INFO | Address check | score=0.0000 | status=NEED_REVIEW | reason=MISSING_MAPS_ADDRESS
2026-09-05 14:46:38,672 | INFO | Opening Maps URL | attempt=1/3
2026-09-05 14:46:41,617 | INFO | Current Maps URL: https://www.google.com/maps/place/NH%C3%80+NGH%E1%BB%88+NG%E1%BB%8CC+HUY%E1%BB%80N/data=!4m7!3m6!1s0x3168d10058ada2c1:0xe252d78c2d4d69e0!8m2!3d14.3973027!4d108.9752592!16s%2Fg%2F11w3cdr13v!19sChIJwaKtWADRaDER4GlNLYzXUuI?authuser=0&hl=en&rclk=1
2026-09-05 14:46:41,618 | INFO | Valid Google Maps Place URL opened.
2026-09-05 14:46:47,108 | INFO | Address check | score=0.0000 | status=NEED_REVIEW | reason=MISSING_MAPS_ADDRESS
2026-09-05 14:46:47,109 | INFO | CHECKPOINT | processed=1140 | matched=2 | mismatched=9 | review=1129
2026-09-05 14:46:47,698 | INFO | Excel saved: D:\Product-Google-Maps\output\hotels_export_google_maps_checked.xlsx
2026-09-05 14:46:47,699 | INFO | Opening Maps URL | attempt=1/3
2026-09-05 14:46:50,530 | INFO | Current Maps URL: https://www.google.com/maps/place/Thuan+Nguyet+Hostel/data=!4m10!3m9!1s0x31693179e24763f1:0x4fe0c9732fabec77!5m2!4m1!1i2!8m2!3d14.4383424!4d108.5490588!16s%2Fg%2F11jdhxrgrz!19sChIJ8WNH4nkxaTERd-yrL3PJ4E8?authuser=0&hl=en&rclk=1
2026-09-05 14:46:50,530 | INFO | Valid Google Maps Place URL opened.
2026-09-05 14:46:55,883 | INFO | Address check | score=0.0000 | status=NEED_REVIEW | reason=MISSING_MAPS_ADDRESS
2026-09-05 14:46:55,884 | INFO | Opening Maps URL | attempt=1/3
2026-09-05 14:46:58,754 | INFO | Current Maps URL: https://www.google.com/maps/place/Hoang+Vuong+Hotel/data=!4m10!3m9!1s0x316eed57d70bfbad:0x98cc8dc256fdfe29!5m2!4m1!1i2!8m2!3d13.7763161!4d108.5221433!16s%2Fg%2F11lkdpyxkt!19sChIJrfsL11ftbjERKf79VsKNzJg?authuser=0&hl=en&rclk=1
2026-09-05 14:46:58,755 | INFO | Valid Google Maps Place URL opened.
2026-09-05 14:47:03,826 | INFO | Address check | score=0.0000 | status=NEED_REVIEW | reason=MISSING_MAPS_ADDRESS
2026-09-05 14:47:03,827 | INFO | Opening Maps URL | attempt=1/3
2026-09-05 14:47:06,693 | INFO | Current Maps URL: https://www.google.com/maps/place/Kh%C3%A1ch+S%E1%BA%A1n+Ch%C3%A2u+Ph%C6%B0%C6%A1ng+1/data=!4m7!3m6!1s0x3168c3c9c36c4531:0x43e0e20285463f81!8m2!3d14.5465218!4d109.069965!16s%2Fg%2F11c318l6d0!19sChIJMUVsw8nDaDERgT9GhQLi4EM?authuser=0&hl=en&rclk=1
2026-09-05 14:47:06,696 | INFO | Valid Google Maps Place URL opened.
2026-09-05 14:47:12,091 | INFO | Address check | score=0.0000 | status=NEED_REVIEW | reason=MISSING_MAPS_ADDRESS
2026-09-05 14:47:12,093 | INFO | Opening Maps URL | attempt=1/3
2026-09-05 14:47:14,933 | INFO | Current Maps URL: https://www.google.com/maps/place/Kh%C3%A1ch+S%E1%BA%A1n+Ch%C3%A2u+Ph%C6%B0%C6%A1ng+2/data=!4m7!3m6!1s0x3168cfeb325d9f39:0x36bb9fc1d86f978a!8m2!3d14.4248639!4d109.0036833!16s%2Fg%2F1jkvttfbf!19sChIJOZ9dMuvPaDERipdv2MGfuzY?authuser=0&hl=en&rclk=1
2026-09-05 14:47:14,933 | INFO | Valid Google Maps Place URL opened.
2026-09-05 14:47:19,977 | INFO | Address check | score=0.0000 | status=NEED_REVIEW | reason=MISSING_MAPS_ADDRESS
2026-09-05 14:47:19,980 | INFO | Opening Maps URL | attempt=1/3
2026-09-05 14:47:22,939 | INFO | Current Maps URL: https://www.google.com/maps/place/Kh%C3%A1ch+S%E1%BA%A1n+H%C3%B2a+Ph%C3%A1t/data=!4m7!3m6!1s0x3168c53fc19246b5:0x5193adb1ea94b440!8m2!3d14.4483658!4d109.0191374!16s%2Fg%2F11b699r66m!19sChIJtUaSwT_FaDERQLSU6rGtk1E?authuser=0&hl=en&rclk=1
2026-09-05 14:47:22,939 | INFO | Valid Google Maps Place URL opened.
2026-09-05 14:47:28,412 | INFO | Address check | score=0.0000 | status=NEED_REVIEW | reason=MISSING_MAPS_ADDRESS
2026-09-05 14:47:28,413 | INFO | Opening Maps URL | attempt=1/3
2026-09-05 14:47:31,421 | INFO | Current Maps URL: https://www.google.com/maps/place/Kh%C3%A1ch+s%E1%BA%A1n+Marina+Sunrise/data=!4m7!3m6!1s0x316f41fd4f471313:0x3f60a4a644925845!8m2!3d13.9442003!4d109.2359701!16s%2Fg%2F11yb9vtxtm!19sChIJExNHT_1BbzERRViSRKakYD8?authuser=0&hl=en&rclk=1
2026-09-05 14:47:31,421 | INFO | Valid Google Maps Place URL opened.
2026-09-05 14:47:36,794 | INFO | Address check | score=0.0000 | status=NEED_REVIEW | reason=MISSING_MAPS_ADDRESS
2026-09-05 14:47:36,795 | INFO | Opening Maps URL | attempt=1/3
2026-09-05 14:47:39,741 | INFO | Current Maps URL: https://www.google.com/maps/place/Kh%C3%A1ch+s%E1%BA%A1n+Ng%E1%BB%8Dc+Linh+Kbang-Gia+lai/data=!4m10!3m9!1s0x316ecfd8bd1f9123:0xadb5be6fa68f2fe3!5m2!4m1!1i2!8m2!3d14.1346782!4d108.6021582!16s%2Fg%2F11h5_t9f5m!19sChIJI5EfvdjPbjER4y-Ppm--ta0?authuser=0&hl=en&rclk=1
2026-09-05 14:47:39,741 | INFO | Valid Google Maps Place URL opened.
2026-09-05 14:47:45,162 | INFO | Address check | score=0.0000 | status=NEED_REVIEW | reason=MISSING_MAPS_ADDRESS
2026-09-05 14:47:45,166 | INFO | Opening Maps URL | attempt=1/3
2026-09-05 14:47:48,044 | INFO | Current Maps URL: https://www.google.com/maps/place/Kh%C3%A1ch+S%E1%BA%A1n+T%E1%BA%A5n+Ph%C3%A1t+LT/data=!4m7!3m6!1s0x3168c3884c7c2771:0x99090c027d3cca3c!8m2!3d14.5536673!4d109.0452257!16s%2Fg%2F11qnzsmzbm!19sChIJcSd8TIjDaDERPMo8fQIMCZk?authuser=0&hl=en&rclk=1
2026-09-05 14:47:48,044 | INFO | Valid Google Maps Place URL opened.
2026-09-05 14:47:53,493 | INFO | Address check | score=0.0000 | status=NEED_REVIEW | reason=MISSING_MAPS_ADDRESS
2026-09-05 14:47:53,496 | INFO | Opening Maps URL | attempt=1/3
2026-09-05 14:47:56,305 | INFO | Current Maps URL: https://www.google.com/maps/place/MOTEL+NG%E1%BB%8CC+HI%E1%BA%BEU/data=!4m10!3m9!1s0x316f3e1fde5bda25:0x5397f2eb6785e7e0!5m2!4m1!1i2!8m2!3d13.882925!4d109.114949!16s%2Fg%2F11h810jnx0!19sChIJJdpb3h8-bzER4OeFZ-vyl1M?authuser=0&hl=en&rclk=1
2026-09-05 14:47:56,305 | INFO | Valid Google Maps Place URL opened.
2026-09-05 14:48:01,687 | INFO | Address check | score=0.0000 | status=NEED_REVIEW | reason=MISSING_MAPS_ADDRESS
2026-09-05 14:48:01,688 | INFO | Opening Maps URL | attempt=1/3
2026-09-05 14:48:04,588 | INFO | Current Maps URL: https://www.google.com/maps/place/Nh%C3%A0+Ngh%E1%BB%89+An+Nhi%C3%AAn+Ia+Grai/data=!4m7!3m6!1s0x316c41000dbce9f7:0x742f8195ee89a232!8m2!3d13.9674589!4d107.631487!16s%2Fg%2F11lyzvk35k!19sChIJ9-m8DQBBbDERMqKJ7pWBL3Q?authuser=0&hl=en&rclk=1
2026-09-05 14:48:04,588 | INFO | Valid Google Maps Place URL opened.
2026-09-05 14:48:09,991 | INFO | Address check | score=0.0000 | status=NEED_REVIEW | reason=MISSING_MAPS_ADDRESS
2026-09-05 14:48:09,992 | INFO | CHECKPOINT | processed=1150 | matched=2 | mismatched=9 | review=1139
2026-09-05 14:48:10,519 | INFO | Excel saved: D:\Product-Google-Maps\output\hotels_export_google_maps_checked.xlsx
2026-09-05 14:48:10,520 | INFO | Opening Maps URL | attempt=1/3
2026-09-05 14:48:13,413 | INFO | Current Maps URL: https://www.google.com/maps/place/Nh%C3%A0+ngh%E1%BB%89+B%C3%ACnh+Long/data=!4m10!3m9!1s0x3168c3b87427f4ab:0x1e29d6ccac459b94!5m2!4m1!1i2!8m2!3d14.5466916!4d109.0710152!16s%2Fg%2F11v3jj3k7h!19sChIJq_QndLjDaDERlJtFrMzWKR4?authuser=0&hl=en&rclk=1
2026-09-05 14:48:13,414 | INFO | Valid Google Maps Place URL opened.
2026-09-05 14:48:18,919 | INFO | Address check | score=0.0000 | status=NEED_REVIEW | reason=MISSING_MAPS_ADDRESS
2026-09-05 14:48:18,920 | INFO | Opening Maps URL | attempt=1/3
2026-09-05 14:48:21,742 | INFO | Current Maps URL: https://www.google.com/maps/place/Nh%C3%A0+Ngh%E1%BB%89+Huy+Ho%C3%A0ng/data=!4m10!3m9!1s0x316f3b8eeb0cb7ed:0x92774ba36cfe0255!5m2!4m1!1i2!8m2!3d13.9830137!4d109.0617015!16s%2Fg%2F1jkvz53tm!19sChIJ7bcM6447bzERVQL-bKNLd5I?authuser=0&hl=en&rclk=1
2026-09-05 14:48:21,742 | INFO | Valid Google Maps Place URL opened.
2026-09-05 14:48:26,760 | INFO | Address check | score=0.0000 | status=NEED_REVIEW | reason=MISSING_MAPS_ADDRESS
2026-09-05 14:48:26,762 | INFO | Opening Maps URL | attempt=1/3
2026-09-05 14:48:29,706 | INFO | Current Maps URL: https://www.google.com/maps/place/Nh%C3%A0+Ngh%E1%BB%89+Kim+Kh%C3%A1nh/data=!4m7!3m6!1s0x3168c54050675d6f:0xd2dd36e29b1c7ab2!8m2!3d14.4443975!4d109.0191336!16s%2Fg%2F12mj_ll_s!19sChIJb11nUEDFaDERsnocm-I23dI?authuser=0&hl=en&rclk=1
2026-09-05 14:48:29,707 | INFO | Valid Google Maps Place URL opened.
2026-09-05 14:48:35,129 | INFO | Address check | score=0.0000 | status=NEED_REVIEW | reason=MISSING_MAPS_ADDRESS
2026-09-05 14:48:35,131 | INFO | Opening Maps URL | attempt=1/3
2026-09-05 14:48:38,051 | INFO | Current Maps URL: https://www.google.com/maps/place/Nh%C3%A0+Ngh%E1%BB%89+Linh+Anh/data=!4m7!3m6!1s0x3168c54331d6a027:0xae2dea9faabd72ec!8m2!3d14.4360909!4d109.0177977!16s%2Fg%2F11b69b67n5!19sChIJJ6DWMUPFaDER7HK9qp_qLa4?authuser=0&hl=en&rclk=1
2026-09-05 14:48:38,051 | INFO | Valid Google Maps Place URL opened.
2026-09-05 14:48:43,559 | INFO | Address check | score=0.0000 | status=NEED_REVIEW | reason=MISSING_MAPS_ADDRESS
2026-09-05 14:48:43,561 | INFO | Opening Maps URL | attempt=1/3
2026-09-05 14:48:46,732 | INFO | Current Maps URL: https://www.google.com/maps/place/Nh%C3%A0+Ngh%E1%BB%89+Xu%C3%A2n+H%E1%BB%93ng/data=!4m7!3m6!1s0x3168c541807b4a85:0xbd85bb0ee13476b8!8m2!3d14.441096!4d109.0186563!16s%2Fg%2F12mj_qr_9!19sChIJhUp7gEHFaDERuHY04Q67hb0?authuser=0&hl=en&rclk=1
2026-09-05 14:48:46,733 | INFO | Valid Google Maps Place URL opened.
2026-09-05 14:48:52,179 | INFO | Address check | score=0.0000 | status=NEED_REVIEW | reason=MISSING_MAPS_ADDRESS
2026-09-05 14:48:52,181 | INFO | Opening Maps URL | attempt=1/3
2026-09-05 14:48:55,137 | INFO | Current Maps URL: https://www.google.com/maps/place/OH+Homestay+%26+Hotel+Quy+Nhon/data=!4m7!3m6!1s0x316f6d04ed48bbf1:0xed25624f664b068e!8m2!3d13.7632733!4d109.2182512!16s%2Fg%2F11srhsnqzm!19sChIJ8btI7QRtbzERjgZLZk9iJe0?authuser=0&hl=en&rclk=1
2026-09-05 14:48:55,137 | INFO | Valid Google Maps Place URL opened.
2026-09-05 14:49:00,158 | INFO | Address check | score=0.0000 | status=NEED_REVIEW | reason=MISSING_MAPS_ADDRESS
2026-09-05 14:49:00,159 | INFO | Opening Maps URL | attempt=1/3
2026-09-05 14:49:03,008 | INFO | Current Maps URL: https://www.google.com/maps/place/Coconut+Garden+Homestay/data=!4m7!3m6!1s0x3168c30133cc8a1f:0x1251b2271434a1f1!8m2!3d14.5639587!4d109.0226293!16s%2Fg%2F11y1wdd3c3!19sChIJH4rMMwHDaDER8aE0FCeyURI?authuser=0&hl=en&rclk=1
2026-09-05 14:49:03,008 | INFO | Valid Google Maps Place URL opened.
2026-09-05 14:49:08,432 | INFO | Address check | score=0.0000 | status=NEED_REVIEW | reason=MISSING_MAPS_ADDRESS
2026-09-05 14:49:08,434 | INFO | Opening Maps URL | attempt=1/3
2026-09-05 14:49:11,286 | INFO | Current Maps URL: https://www.google.com/maps/place/H%E1%BA%A3i+H%C3%A0+Homestay/data=!4m7!3m6!1s0x316f6d006f66f94b:0xce6b1ff89a8b6618!8m2!3d13.7583036!4d109.2071575!16s%2Fg%2F11x6c5hzzk!19sChIJS_lmbwBtbzERGGaLmvgfa84?authuser=0&hl=en&rclk=1
2026-09-05 14:49:11,286 | INFO | Valid Google Maps Place URL opened.
2026-09-05 14:49:16,575 | INFO | Address check | score=0.0000 | status=NEED_REVIEW | reason=MISSING_MAPS_ADDRESS
2026-09-05 14:49:16,579 | INFO | Opening Maps URL | attempt=1/3
2026-09-05 14:49:19,499 | INFO | Current Maps URL: https://www.google.com/maps/place/Hotel+B%E1%BA%A3y+C%C6%B0%E1%BB%9Dng/data=!4m7!3m6!1s0x3168c5006229faeb:0x335f08679ac3c8e1!8m2!3d14.4284012!4d109.0041057!16s%2Fg%2F11wx_yl70s!19sChIJ6_opYgDFaDER4cjDmmcIXzM?authuser=0&hl=en&rclk=1
2026-09-05 14:49:19,499 | INFO | Valid Google Maps Place URL opened.
2026-09-05 14:49:24,875 | INFO | Address check | score=0.0000 | status=NEED_REVIEW | reason=MISSING_MAPS_ADDRESS
2026-09-05 14:49:24,876 | INFO | Opening Maps URL | attempt=1/3
2026-09-05 14:49:27,771 | INFO | Current Maps URL: https://www.google.com/maps/place/Kh%C3%A1ch+S%E1%BA%A1n+Tam+Quan/data=!4m7!3m6!1s0x3168c254477a7029:0x6a445c9dcb7d0570!8m2!3d14.5595987!4d109.0491942!16s%2Fg%2F11f4pg4jgs!19sChIJKXB6R1TCaDERcAV9y51cRGo?authuser=0&hl=en&rclk=1
2026-09-05 14:49:27,783 | INFO | Valid Google Maps Place URL opened.
2026-09-05 14:49:33,292 | INFO | Address check | score=0.0000 | status=NEED_REVIEW | reason=MISSING_MAPS_ADDRESS
2026-09-05 14:49:33,292 | INFO | CHECKPOINT | processed=1160 | matched=2 | mismatched=9 | review=1149
2026-09-05 14:49:33,830 | INFO | Excel saved: D:\Product-Google-Maps\output\hotels_export_google_maps_checked.xlsx
2026-09-05 14:49:33,831 | INFO | Opening Maps URL | attempt=1/3
2026-09-05 14:49:36,853 | INFO | Current Maps URL: https://www.google.com/maps/place/Nh%C3%A0+ngh%E1%BB%89+106/data=!4m7!3m6!1s0x3168c3004d75ed1f:0x59e15d60f7fac598!8m2!3d14.5306943!4d109.075186!16s%2Fg%2F11xvs_mr62!19sChIJH-11TQDDaDERmMX692Bd4Vk?authuser=0&hl=en&rclk=1
2026-09-05 14:49:36,853 | INFO | Valid Google Maps Place URL opened.
2026-09-05 14:49:42,176 | INFO | Address check | score=0.0000 | status=NEED_REVIEW | reason=MISSING_MAPS_ADDRESS
2026-09-05 14:49:42,177 | INFO | Opening Maps URL | attempt=1/3
2026-09-05 14:49:45,091 | INFO | Current Maps URL: https://www.google.com/maps/place/Nh%C3%A0+Ngh%E1%BB%89+ANH+NGUY%C3%8AN/data=!4m7!3m6!1s0x3168dd000e46434d:0x6cc5c4cd3dfe51bf!8m2!3d14.5728966!4d109.0245052!16s%2Fg%2F11wn_bh752!19sChIJTUNGDgDdaDERv1H-Pc3ExWw?authuser=0&hl=en&rclk=1
2026-09-05 14:49:45,091 | INFO | Valid Google Maps Place URL opened.
2026-09-05 14:49:50,595 | INFO | Address check | score=0.0000 | status=NEED_REVIEW | reason=MISSING_MAPS_ADDRESS
2026-09-05 14:49:50,596 | INFO | Opening Maps URL | attempt=1/3
2026-09-05 14:49:53,629 | INFO | Current Maps URL: https://www.google.com/maps/place/Nh%C3%A0+ngh%E1%BB%89+Duy+Anh+2/data=!4m7!3m6!1s0x3168c3d346aca9c3:0x161d83bf495ffedb!8m2!3d14.5233767!4d109.0187298!16s%2Fg%2F11vbv6kslw!19sChIJw6msRtPDaDER2_5fSb-DHRY?authuser=0&hl=en&rclk=1
2026-09-05 14:49:53,629 | INFO | Valid Google Maps Place URL opened.
2026-09-05 14:49:58,974 | INFO | Address check | score=0.0000 | status=NEED_REVIEW | reason=MISSING_MAPS_ADDRESS
2026-09-05 14:49:58,975 | INFO | Opening Maps URL | attempt=1/3
2026-09-05 14:50:02,074 | INFO | Current Maps URL: https://www.google.com/maps/place/Nh%C3%A0+Ngh%E1%BB%89+Ho%C3%A0ng+Gia/data=!4m7!3m6!1s0x3168c5599103c3ad:0xcd7d676499fe281a!8m2!3d14.5001783!4d109.0802799!16s%2Fg%2F11gl02g10s!19sChIJrcMDkVnFaDERGij-mWRnfc0?authuser=0&hl=en&rclk=1
2026-09-05 14:50:02,074 | INFO | Valid Google Maps Place URL opened.
2026-09-05 14:50:07,565 | INFO | Address check | score=0.0000 | status=NEED_REVIEW | reason=MISSING_MAPS_ADDRESS
2026-09-05 14:50:07,566 | INFO | Opening Maps URL | attempt=1/3
2026-09-05 14:50:10,487 | INFO | Current Maps URL: https://www.google.com/maps/place/Nh%C3%A0+Ngh%E1%BB%89+L%E1%BB%A3i+%C4%90%C3%B4ng/data=!4m7!3m6!1s0x3168c3c9b841f4f1:0x7591644e6e5045ce!8m2!3d14.5461477!4d109.0706818!16s%2Fg%2F11dxqz82sz!19sChIJ8fRBuMnDaDERzkVQbk5kkXU?authuser=0&hl=en&rclk=1
2026-09-05 14:50:10,487 | INFO | Valid Google Maps Place URL opened.
2026-09-05 14:50:15,870 | INFO | Address check | score=0.0000 | status=NEED_REVIEW | reason=MISSING_MAPS_ADDRESS
2026-09-05 14:50:15,871 | INFO | Opening Maps URL | attempt=1/3
2026-09-05 14:50:18,723 | INFO | Current Maps URL: https://www.google.com/maps/place/Nh%C3%A0+Ngh%E1%BB%89+S%C3%B4ng+L%E1%BA%A1i/data=!4m7!3m6!1s0x3168cf00788361c3:0xabb59d9c88f2bfd6!8m2!3d14.4173292!4d109.0073177!16s%2Fg%2F11vz6l5n7k!19sChIJw2GDeADPaDER1r_yiJydtas?authuser=0&hl=en&rclk=1
2026-09-05 14:50:18,724 | INFO | Valid Google Maps Place URL opened.
2026-09-05 14:50:24,092 | INFO | Address check | score=0.0000 | status=NEED_REVIEW | reason=MISSING_MAPS_ADDRESS
2026-09-05 14:50:24,095 | INFO | Opening Maps URL | attempt=1/3
2026-09-05 14:50:27,299 | INFO | Current Maps URL: https://www.google.com/maps/place/Nh%C3%A0+ngh%E1%BB%89+t%E1%BA%A1o+kim+son+b%C3%ACnh+%C4%91%E1%BB%8Bnh/data=!4m7!3m6!1s0x3168d1006de4aae5:0x5c1e5eb07a5e6a2d!8m2!3d14.3647767!4d108.9680141!16s%2Fg%2F11wty34nmp!19sChIJ5arkbQDRaDERLWpeerBeHlw?authuser=0&hl=en&rclk=1
2026-09-05 14:50:27,299 | INFO | Valid Google Maps Place URL opened.
2026-09-05 14:50:32,617 | INFO | Address check | score=0.0000 | status=NEED_REVIEW | reason=MISSING_MAPS_ADDRESS
2026-09-05 14:50:32,621 | INFO | Opening Maps URL | attempt=1/3
2026-09-05 14:50:35,672 | INFO | Current Maps URL: https://www.google.com/maps/place/The+Ocean+Resort+by+Fusion+Quy+Nhon+-+Four-bedroom+Beachfront+Pool+Villa+-+Ocean+Club+Access/data=!4m11!3m10!1s0x316f41a195e4ab8f:0xf321730929f68ec2!5m2!4m1!1i2!8m2!3d13.9319001!4d109.2428436!16s%2Fg%2F11z2g4_pm0!17BQ0FF!19sChIJj6vklaFBbzERwo72KQlzIfM?authuser=0&hl=en&rclk=1
2026-09-05 14:50:35,672 | INFO | Valid Google Maps Place URL opened.
2026-09-05 14:50:40,676 | INFO | Address check | score=0.0000 | status=NEED_REVIEW | reason=MISSING_MAPS_ADDRESS
2026-09-05 14:50:40,677 | INFO | Opening Maps URL | attempt=1/3
2026-09-05 14:50:43,624 | INFO | Current Maps URL: https://www.google.com/maps/place/Hata+Hotel/data=!4m10!3m9!1s0x316f6d99015bfb41:0x887e7075e97d0c16!5m2!4m1!1i2!8m2!3d13.7637537!4d109.2185855!16s%2Fg%2F11h83wkf2_!19sChIJQftbAZltbzERFgx96XVwfog?authuser=0&hl=en&rclk=1
2026-09-05 14:50:43,625 | INFO | Valid Google Maps Place URL opened.
2026-09-05 14:50:49,140 | INFO | Address check | score=0.0000 | status=NEED_REVIEW | reason=MISSING_MAPS_ADDRESS
2026-09-05 14:50:49,141 | INFO | Opening Maps URL | attempt=1/3
2026-09-05 14:50:51,987 | INFO | Current Maps URL: https://www.google.com/maps/place/NH%C3%80+TUI+share+Quy+Nh%C6%A1n/data=!4m10!3m9!1s0x316f6c930f1ce3ad:0x39b14aae5eeff159!5m2!4m1!1i2!8m2!3d13.765654!4d109.219793!16s%2Fg%2F11llhyf1xm!19sChIJreMcD5NsbzERWfHvXq5KsTk?authuser=0&hl=en&rclk=1
2026-09-05 14:50:51,988 | INFO | Valid Google Maps Place URL opened.
2026-09-05 14:50:57,474 | INFO | Address check | score=0.0000 | status=NEED_REVIEW | reason=MISSING_MAPS_ADDRESS
2026-09-05 14:50:57,481 | INFO | CHECKPOINT | processed=1170 | matched=2 | mismatched=9 | review=1159
2026-09-05 14:50:58,053 | INFO | Excel saved: D:\Product-Google-Maps\output\hotels_export_google_maps_checked.xlsx
2026-09-05 14:50:58,054 | INFO | Opening Maps URL | attempt=1/3
2026-09-05 14:51:00,926 | INFO | Current Maps URL: https://www.google.com/maps/place/KH%C3%81CH+S%E1%BA%A0N+NG%E1%BB%8CC+TH%C6%AF%C6%A0NG/data=!4m10!3m9!1s0x316f6c9b280d5c8b:0x1df42d18f644e839!5m2!4m1!1i2!8m2!3d13.777026!4d109.222984!16s%2Fg%2F11h4gvr0yf!19sChIJi1wNKJtsbzEROehE9hgt9B0?authuser=0&hl=en&rclk=1
2026-09-05 14:51:00,927 | INFO | Valid Google Maps Place URL opened.
2026-09-05 14:51:06,130 | INFO | Address check | score=0.0000 | status=NEED_REVIEW | reason=MISSING_MAPS_ADDRESS
2026-09-05 14:51:06,131 | INFO | Opening Maps URL | attempt=1/3
2026-09-05 14:51:09,070 | INFO | Current Maps URL: https://www.google.com/maps/place/SunSea+Hotel/data=!4m10!3m9!1s0x316f6ce91c29b013:0x12bab90402fe6737!5m2!4m1!1i2!8m2!3d13.7555334!4d109.2159138!16s%2Fg%2F11gfm824gs!19sChIJE7ApHOlsbzERN2f-AgS5uhI?authuser=0&hl=en&rclk=1
2026-09-05 14:51:09,070 | INFO | Valid Google Maps Place URL opened.
2026-09-05 14:51:14,569 | INFO | Address check | score=0.0000 | status=NEED_REVIEW | reason=MISSING_MAPS_ADDRESS
2026-09-05 14:51:14,570 | INFO | Opening Maps URL | attempt=1/3
2026-09-05 14:51:17,410 | INFO | Current Maps URL: https://www.google.com/maps/place/H%C6%B0%C6%A1ng+Pleiku+Hotel+-+Massage/data=!4m7!3m6!1s0x316c1fabee57146f:0xce1a79edc4161c8!8m2!3d13.9737965!4d107.99932!16s%2Fg%2F11jm7jb4qt!19sChIJbxRX7qsfbDERyGFB3J6n4Qw?authuser=0&hl=en&rclk=1
2026-09-05 14:51:17,410 | INFO | Valid Google Maps Place URL opened.
2026-09-05 14:51:22,918 | INFO | Address check | score=0.0000 | status=NEED_REVIEW | reason=MISSING_MAPS_ADDRESS
2026-09-05 14:51:22,921 | INFO | Opening Maps URL | attempt=1/3
2026-09-05 14:51:26,164 | INFO | Current Maps URL: https://www.google.com/maps/place/Kh%C3%A1ch+s%E1%BA%A1n+079+II/data=!4m7!3m6!1s0x3168c3341b15f345:0x28a5e0c225815e6c!8m2!3d14.5689542!4d109.0516797!16s%2Fg%2F11s55wvn3p!19sChIJRfMVGzTDaDERbF6BJcLgpSg?authuser=0&hl=en&rclk=1
2026-09-05 14:51:26,197 | INFO | Valid Google Maps Place URL opened.
2026-09-05 14:51:31,563 | INFO | Address check | score=0.0000 | status=NEED_REVIEW | reason=MISSING_MAPS_ADDRESS
2026-09-05 14:51:31,564 | INFO | Opening Maps URL | attempt=1/3
2026-09-05 14:51:34,416 | INFO | Current Maps URL: https://www.google.com/maps/place/Kh%C3%A1ch+S%E1%BA%A1n+M%E1%BB%B9+L%E1%BB%87/data=!4m7!3m6!1s0x316f33cdb0179dd7:0x2b0ff31390af67ec!8m2!3d14.1679462!4d109.0489379!16s%2Fg%2F1jkvgnzb9!19sChIJ150XsM0zbzER7GevkBPzDys?authuser=0&hl=en&rclk=1
2026-09-05 14:51:34,416 | INFO | Valid Google Maps Place URL opened.
2026-09-05 14:51:39,458 | INFO | Address check | score=0.0000 | status=NEED_REVIEW | reason=MISSING_MAPS_ADDRESS
2026-09-05 14:51:39,460 | INFO | Opening Maps URL | attempt=1/3
2026-09-05 14:51:42,387 | INFO | Current Maps URL: https://www.google.com/maps/place/kh%C3%A1ch+s%E1%BA%A1n+ph%E1%BB%91+c%C5%A9/data=!4m7!3m6!1s0x3168cf4ef989e259:0xeee4804fa90ac5ef!8m2!3d14.3519328!4d109.0400071!16s%2Fg%2F11t26cyl0y!19sChIJWeKJ-U7PaDER78UKqU-A5O4?authuser=0&hl=en&rclk=1
2026-09-05 14:51:42,387 | INFO | Valid Google Maps Place URL opened.
2026-09-05 14:51:47,700 | INFO | Address check | score=0.0000 | status=NEED_REVIEW | reason=MISSING_MAPS_ADDRESS
2026-09-05 14:51:47,705 | INFO | Opening Maps URL | attempt=1/3
2026-09-05 14:51:50,889 | INFO | Current Maps URL: https://www.google.com/maps/place/Motel+Ph%C3%BA+Duy/data=!4m7!3m6!1s0x3168c30054abe307:0x51f6e3e28ec4bff7!8m2!3d14.5277714!4d109.0670239!16s%2Fg%2F11x08_ghpg!19sChIJB-OrVADDaDER97_EjuLj9lE?authuser=0&hl=en&rclk=1
2026-09-05 14:51:50,890 | INFO | Valid Google Maps Place URL opened.
2026-09-05 14:51:56,223 | INFO | Address check | score=0.0000 | status=NEED_REVIEW | reason=MISSING_MAPS_ADDRESS
2026-09-05 14:51:56,225 | INFO | Opening Maps URL | attempt=1/3
2026-09-05 14:51:59,207 | INFO | Current Maps URL: https://www.google.com/maps/place/Nguyen+Thi+Nghi+Motel/data=!4m7!3m6!1s0x316f6ce89c87ef5f:0xd4b7927fd024e74c!8m2!3d13.7528858!4d109.2157059!16s%2Fg%2F11b6d07f3r!19sChIJX--HnOhsbzERTOck0H-St9Q?authuser=0&hl=en&rclk=1
2026-09-05 14:51:59,207 | INFO | Valid Google Maps Place URL opened.
2026-09-05 14:52:04,259 | INFO | Address check | score=0.0000 | status=NEED_REVIEW | reason=MISSING_MAPS_ADDRESS
2026-09-05 14:52:04,261 | INFO | Opening Maps URL | attempt=1/3
2026-09-05 14:52:07,219 | INFO | Current Maps URL: https://www.google.com/maps/place/Nh%C3%A0+Ngh%E1%BB%89+H%C6%B0%C6%A1ng+Bi%E1%BB%83n/data=!4m7!3m6!1s0x3168cb39912df59f:0xa0b07a89d9b705f8!8m2!3d14.2741424!4d109.1755812!16s%2Fg%2F11pf9231p9!19sChIJn_UtkTnLaDER-AW32Yl6sKA?authuser=0&hl=en&rclk=1
2026-09-05 14:52:07,220 | INFO | Valid Google Maps Place URL opened.
2026-09-05 14:52:12,722 | INFO | Address check | score=0.0000 | status=NEED_REVIEW | reason=MISSING_MAPS_ADDRESS
2026-09-05 14:52:12,726 | INFO | Opening Maps URL | attempt=1/3
2026-09-05 14:52:15,683 | INFO | Current Maps URL: https://www.google.com/maps/place/Nh%C3%A0+ngh%E1%BB%89+Sang+Nh%E1%BA%A5t/data=!4m7!3m6!1s0x3168cd6aebad191f:0xe64a44582e49c50!8m2!3d14.3007254!4d109.0750096!16s%2Fg%2F11x1kx13qc!19sChIJHxmt62rNaDERUJzkgkWkZA4?authuser=0&hl=en&rclk=1
2026-09-05 14:52:15,683 | INFO | Valid Google Maps Place URL opened.
2026-09-05 14:52:21,127 | INFO | Address check | score=0.0000 | status=NEED_REVIEW | reason=MISSING_MAPS_ADDRESS
2026-09-05 14:52:21,128 | INFO | CHECKPOINT | processed=1180 | matched=2 | mismatched=9 | review=1169
2026-09-05 14:52:23,268 | INFO | Excel saved: D:\Product-Google-Maps\output\hotels_export_google_maps_checked.xlsx
2026-09-05 14:52:23,269 | INFO | Opening Maps URL | attempt=1/3
2026-09-05 14:52:26,100 | INFO | Current Maps URL: https://www.google.com/maps/place/Nh%C3%A0+ngh%E1%BB%89+S%C6%A1n+T%C3%A2m/data=!4m10!3m9!1s0x316c1c425ae6d7a1:0xef4f577e610b8ff8!5m2!4m1!1i2!8m2!3d14.0929943!4d107.9772974!16s%2Fg%2F11f_0xhh33!19sChIJodfmWkIcbDER-I8LYX5XT-8?authuser=0&hl=en&rclk=1
2026-09-05 14:52:26,100 | INFO | Valid Google Maps Place URL opened.
2026-09-05 14:52:31,107 | INFO | Address check | score=0.0000 | status=NEED_REVIEW | reason=MISSING_MAPS_ADDRESS
2026-09-05 14:52:31,108 | INFO | Opening Maps URL | attempt=1/3
2026-09-05 14:52:34,267 | INFO | Current Maps URL: https://www.google.com/maps/place/Nh%C3%A0+ngh%E1%BB%89+Thu%C3%BD+%C3%81i/data=!4m7!3m6!1s0x3168cfbfeee1f0df:0x671642112c495bed!8m2!3d14.4351562!4d109.0176718!16s%2Fg%2F11lcz2jnpx!19sChIJ3_Dh7r_PaDER7VtJLBFCFmc?authuser=0&hl=en&rclk=1
2026-09-05 14:52:34,267 | INFO | Valid Google Maps Place URL opened.
2026-09-05 14:52:39,581 | INFO | Address check | score=0.0000 | status=NEED_REVIEW | reason=MISSING_MAPS_ADDRESS
2026-09-05 14:52:39,582 | INFO | Opening Maps URL | attempt=1/3
2026-09-05 14:52:42,707 | INFO | Current Maps URL: https://www.google.com/maps/place/Family+Nguy%E1%BB%85n+Homestay%26Hotel/data=!4m7!3m6!1s0x316c1f8d2fe30fbb:0xc31d7fdb6560bbba!8m2!3d13.9812714!4d107.9731149!16s%2Fg%2F11tc19s_pg!19sChIJuw_jL40fbDERurtgZdt_HcM?authuser=0&hl=en&rclk=1
2026-09-05 14:52:42,708 | INFO | Valid Google Maps Place URL opened.
2026-09-05 14:52:48,280 | INFO | Address check | score=0.0000 | status=NEED_REVIEW | reason=MISSING_MAPS_ADDRESS
2026-09-05 14:52:48,282 | INFO | Opening Maps URL | attempt=1/3
2026-09-05 14:52:51,270 | INFO | Current Maps URL: https://www.google.com/maps/place/Homestay+Nh%C3%A0+B%C3%AAn+S%C3%B3ng+2/data=!4m7!3m6!1s0x3168cb0059b6d501:0x67ed4f93bd2007fa!8m2!3d14.2788519!4d109.1807994!16s%2Fg%2F11nq0_8gc0!19sChIJAdW2WQDLaDER-gcgvZNP7Wc?authuser=0&hl=en&rclk=1
2026-09-05 14:52:51,270 | INFO | Valid Google Maps Place URL opened.
2026-09-05 14:52:56,557 | INFO | Address check | score=0.0000 | status=NEED_REVIEW | reason=MISSING_MAPS_ADDRESS
2026-09-05 14:52:56,559 | INFO | Opening Maps URL | attempt=1/3
2026-09-05 14:52:59,510 | INFO | Current Maps URL: https://www.google.com/maps/place/Kh%C3%A1ch+s%E1%BA%A1n+ANYA+5+sao/data=!4m7!3m6!1s0x316f6d15fa206317:0x2115430be8351a8b!8m2!3d13.7521774!4d109.2152419!16s%2Fg%2F11s_t5lpk3!19sChIJF2Mg-hVtbzERixo16AtDFSE?authuser=0&hl=en&rclk=1
2026-09-05 14:52:59,511 | INFO | Valid Google Maps Place URL opened.
2026-09-05 14:53:04,611 | INFO | Address check | score=0.0000 | status=NEED_REVIEW | reason=MISSING_MAPS_ADDRESS
2026-09-05 14:53:04,612 | INFO | Opening Maps URL | attempt=1/3
2026-09-05 14:53:07,516 | INFO | Current Maps URL: https://www.google.com/maps/place/L%C6%B0%E1%BB%9Diii+%27s+Villa/data=!4m7!3m6!1s0x3168cb22d2a9f5e1:0xfe2665fe85f3c6d5!8m2!3d14.2805625!4d109.1820625!16s%2Fg%2F11xh9t4k4n!19sChIJ4fWp0iLLaDER1cbzhf5lJv4?authuser=0&hl=en&rclk=1
2026-09-05 14:53:07,517 | INFO | Valid Google Maps Place URL opened.
2026-09-05 14:53:12,941 | INFO | Address check | score=0.0000 | status=NEED_REVIEW | reason=MISSING_MAPS_ADDRESS
2026-09-05 14:53:12,942 | INFO | Opening Maps URL | attempt=1/3
2026-09-05 14:53:16,133 | INFO | Current Maps URL: https://www.google.com/maps/place/Nh%C3%A0+Ngh%E1%BB%89+558/data=!4m7!3m6!1s0x316f226e2f566dd7:0xdb4927aa604fe8d6!8m2!3d13.9086317!4d108.9346307!16s%2Fg%2F11b67t74gd!19sChIJ121WL24ibzER1uhPYKonSds?authuser=0&hl=en&rclk=1
2026-09-05 14:53:16,133 | INFO | Valid Google Maps Place URL opened.
2026-09-05 14:53:21,620 | INFO | Address check | score=0.0000 | status=NEED_REVIEW | reason=MISSING_MAPS_ADDRESS
2026-09-05 14:53:21,622 | INFO | Opening Maps URL | attempt=1/3
2026-09-05 14:53:24,657 | INFO | Current Maps URL: https://www.google.com/maps/place/Nh%C3%A0+Ngh%E1%BB%89+Ho%C3%A0ng+V%C5%A9/data=!4m7!3m6!1s0x316f6cc2cc5e2d45:0x810266e7ab0bcdcc!8m2!3d13.7534378!4d109.2099267!16s%2Fg%2F1hc21v5ww!19sChIJRS1ezMJsbzERzM0Lq-dmAoE?authuser=0&hl=en&rclk=1
2026-09-05 14:53:24,657 | INFO | Valid Google Maps Place URL opened.
2026-09-05 14:53:30,018 | INFO | Address check | score=0.0000 | status=NEED_REVIEW | reason=MISSING_MAPS_ADDRESS
2026-09-05 14:53:30,019 | INFO | Opening Maps URL | attempt=1/3
2026-09-05 14:53:33,005 | INFO | Current Maps URL: https://www.google.com/maps/place/Nh%C3%A0+Ngh%E1%BB%89+Lan+Anh/data=!4m10!3m9!1s0x316f6ce92895a3c1:0x635eadba77d20a54!5m2!4m1!1i2!8m2!3d13.7553387!4d109.2169464!16s%2Fg%2F1jkw290k8!19sChIJwaOVKOlsbzERVArSd7qtXmM?authuser=0&hl=en&rclk=1
2026-09-05 14:53:33,005 | INFO | Valid Google Maps Place URL opened.
2026-09-05 14:53:38,456 | INFO | Address check | score=0.0000 | status=NEED_REVIEW | reason=MISSING_MAPS_ADDRESS
2026-09-05 14:53:38,457 | INFO | Opening Maps URL | attempt=1/3
2026-09-05 14:53:41,292 | INFO | Current Maps URL: https://www.google.com/maps/place/Nh%C3%A0+Ngh%E1%BB%89+L%C3%BD+K%C3%ACnh/data=!4m7!3m6!1s0x316ece30baec716f:0x3c13e4027590dc6c!8m2!3d14.1566415!4d108.6006017!16s%2Fg%2F11ggk2cv4_!19sChIJb3HsujDObjERbNyQdQLkEzw?authuser=0&hl=en&rclk=1
2026-09-05 14:53:41,293 | INFO | Valid Google Maps Place URL opened.
2026-09-05 14:53:46,609 | INFO | Address check | score=0.0000 | status=NEED_REVIEW | reason=MISSING_MAPS_ADDRESS
2026-09-05 14:53:46,610 | INFO | CHECKPOINT | processed=1190 | matched=2 | mismatched=9 | review=1179
2026-09-05 14:53:47,195 | INFO | Excel saved: D:\Product-Google-Maps\output\hotels_export_google_maps_checked.xlsx
2026-09-05 14:53:47,196 | INFO | Opening Maps URL | attempt=1/3
2026-09-05 14:53:50,009 | INFO | Current Maps URL: https://www.google.com/maps/place/Nh%C3%A0+Ngh%E1%BB%89+Thi%C3%AAn+Quang/data=!4m7!3m6!1s0x3168c373465ecfed:0x956bae7f3799ee1d!8m2!3d14.5332765!4d109.0381479!16s%2Fg%2F11b682nlxm!19sChIJ7c9eRnPDaDERHe6ZN3-ua5U?authuser=0&hl=en&rclk=1
2026-09-05 14:53:50,010 | INFO | Valid Google Maps Place URL opened.
2026-09-05 14:53:55,405 | INFO | Address check | score=0.0000 | status=NEED_REVIEW | reason=MISSING_MAPS_ADDRESS
2026-09-05 14:53:55,407 | INFO | Opening Maps URL | attempt=1/3
2026-09-05 14:53:58,310 | INFO | Current Maps URL: https://www.google.com/maps/place/Nh%C3%A0+Ngh%E1%BB%89+Thi%C3%AAn+Trang/data=!4m7!3m6!1s0x3168c254e0acce83:0xea0bb89342ee69de!8m2!3d14.5569706!4d109.0487255!16s%2Fg%2F1jkwjck04!19sChIJg86s4FTCaDER3mnuQpO4C-o?authuser=0&hl=en&rclk=1
2026-09-05 14:53:58,310 | INFO | Valid Google Maps Place URL opened.
2026-09-05 14:54:03,324 | INFO | Address check | score=0.0000 | status=NEED_REVIEW | reason=MISSING_MAPS_ADDRESS
2026-09-05 14:54:03,325 | INFO | Opening Maps URL | attempt=1/3
2026-09-05 14:54:06,286 | INFO | Current Maps URL: https://www.google.com/maps/place/Papa%27s+Garden+Homestay/data=!4m7!3m6!1s0x316f6dd6c1bfbcff:0xa207f3702a846c4d!8m2!3d13.7623329!4d109.2096936!16s%2Fg%2F11t1ff0d0x!19sChIJ_7y_wdZtbzERTWyEKnDzB6I?authuser=0&hl=en&rclk=1
2026-09-05 14:54:06,320 | INFO | Valid Google Maps Place URL opened.
2026-09-05 14:54:11,456 | INFO | Address check | score=0.0000 | status=NEED_REVIEW | reason=MISSING_MAPS_ADDRESS
2026-09-05 14:54:11,457 | INFO | Opening Maps URL | attempt=1/3
2026-09-05 14:54:14,405 | INFO | Current Maps URL: https://www.google.com/maps/place/Queen+Homestay+Quy+Nh%C6%A1n/data=!4m10!3m9!1s0x316f6d512c2a8847:0x2eb89daadc663220!5m2!4m1!1i2!8m2!3d13.744216!4d109.209844!16s%2Fg%2F11hz0gftd6!19sChIJR4gqLFFtbzERIDJm3KqduC4?authuser=0&hl=en&rclk=1
2026-09-05 14:54:14,406 | INFO | Valid Google Maps Place URL opened.
2026-09-05 14:54:19,455 | INFO | Address check | score=0.0000 | status=NEED_REVIEW | reason=MISSING_MAPS_ADDRESS
2026-09-05 14:54:19,456 | INFO | Opening Maps URL | attempt=1/3
2026-09-05 14:54:22,502 | INFO | Current Maps URL: https://www.google.com/maps/place/Sun%26Sea+House+Homestay/data=!4m10!3m9!1s0x316f6daad8192e25:0x42f724762ff27d37!5m2!4m1!1i2!8m2!3d13.7608677!4d109.2192154!16s%2Fg%2F11j24l17jv!19sChIJJS4Z2KptbzERN33yL3Yk90I?authuser=0&hl=en&rclk=1
2026-09-05 14:54:22,503 | INFO | Valid Google Maps Place URL opened.
2026-09-05 14:54:27,909 | INFO | Address check | score=0.0000 | status=NEED_REVIEW | reason=MISSING_MAPS_ADDRESS
2026-09-05 14:54:27,911 | INFO | Opening Maps URL | attempt=1/3
2026-09-05 14:54:30,809 | INFO | Current Maps URL: https://www.google.com/maps/place/Arden+Reserve+Villa+-+Entire+Place/data=!4m11!3m10!1s0x316f6b126b94dc2f:0x8d0517375e3ea505!5m2!4m1!1i2!8m2!3d13.8113547!4d109.2224884!16s%2Fg%2F11zcfj32xy!17BQ0FF!19sChIJL9yUaxJrbzERBaU-XjcXBY0?authuser=0&hl=en&rclk=1
2026-09-05 14:54:30,810 | INFO | Valid Google Maps Place URL opened.
2026-09-05 14:54:36,126 | INFO | Address check | score=0.0000 | status=NEED_REVIEW | reason=MISSING_MAPS_ADDRESS
2026-09-05 14:54:36,128 | INFO | Opening Maps URL | attempt=1/3
2026-09-05 14:54:38,990 | INFO | Current Maps URL: https://www.google.com/maps/place/BAI+A+BLU+Homestay/data=!4m7!3m6!1s0x316f3500397e77e9:0x4c3884a7afac04cd!8m2!3d14.2297775!4d109.1856964!16s%2Fg%2F11z5yspg72!19sChIJ6Xd-OQA1bzERzQSsr6eEOEw?authuser=0&hl=en&rclk=1
2026-09-05 14:54:38,990 | INFO | Valid Google Maps Place URL opened.
2026-09-05 14:54:44,364 | INFO | Address check | score=0.0000 | status=NEED_REVIEW | reason=MISSING_MAPS_ADDRESS
2026-09-05 14:54:44,365 | INFO | Opening Maps URL | attempt=1/3
2026-09-05 14:54:47,235 | INFO | Current Maps URL: https://www.google.com/maps/place/Dien+Hong+Lake+Resort/data=!4m7!3m6!1s0x316c1f7bd6778549:0xc3c558b03b186ed9!8m2!3d13.9698686!4d107.9994038!16s%2Fg%2F1hc0_096z!19sChIJSYV31nsfbDER2W4YO7BYxcM?authuser=0&hl=en&rclk=1
2026-09-05 14:54:47,235 | INFO | Valid Google Maps Place URL opened.
2026-09-05 14:54:52,770 | INFO | Address check | score=0.0000 | status=NEED_REVIEW | reason=MISSING_MAPS_ADDRESS
2026-09-05 14:54:52,771 | INFO | Opening Maps URL | attempt=1/3
2026-09-05 14:54:55,690 | INFO | Current Maps URL: https://www.google.com/maps/place/Doan+Thanh+Bao+Homestay/data=!4m7!3m6!1s0x316f6d945bed4105:0xb25322566ca5eac8!8m2!3d13.7401651!4d109.2089393!16s%2Fg%2F11nz0j32qk!19sChIJBUHtW5RtbzERyOqlbFYiU7I?authuser=0&hl=en&rclk=1
2026-09-05 14:54:55,690 | INFO | Valid Google Maps Place URL opened.
2026-09-05 14:55:01,111 | INFO | Address check | score=0.0000 | status=NEED_REVIEW | reason=MISSING_MAPS_ADDRESS
2026-09-05 14:55:01,112 | INFO | Opening Maps URL | attempt=1/3
2026-09-05 14:55:04,008 | INFO | Current Maps URL: https://www.google.com/maps/place/Homestay+Nh%C3%A0+c%E1%BB%A7a+N%E1%BA%BFp/data=!4m11!3m10!1s0x316c1f632ace3819:0x64688a7090d91250!5m2!4m1!1i2!8m2!3d13.9738798!4d107.9887085!16s%2Fg%2F11ywlg0zb3!17BQ0FF!19sChIJGTjOKmMfbDERUBLZkHCKaGQ?authuser=0&hl=en&rclk=1
2026-09-05 14:55:04,009 | INFO | Valid Google Maps Place URL opened.
2026-09-05 14:55:09,486 | INFO | Address check | score=0.0000 | status=NEED_REVIEW | reason=MISSING_MAPS_ADDRESS
2026-09-05 14:55:09,487 | INFO | CHECKPOINT | processed=1200 | matched=2 | mismatched=9 | review=1189
2026-09-05 14:55:09,999 | INFO | Excel saved: D:\Product-Google-Maps\output\hotels_export_google_maps_checked.xlsx
2026-09-05 14:55:10,000 | INFO | Opening Maps URL | attempt=1/3
2026-09-05 14:55:12,941 | INFO | Current Maps URL: https://www.google.com/maps/place/Kh%C3%A1ch+S%E1%BA%A1n+Anh+Ho%C3%A0/data=!4m7!3m6!1s0x316f6d612afdd8a5:0x5d0fd9d382c1598e!8m2!3d13.7544568!4d109.2134344!16s%2Fg%2F11pdwbk_qv!19sChIJpdj9KmFtbzERjlnBgtPZD10?authuser=0&hl=en&rclk=1
2026-09-05 14:55:12,942 | INFO | Valid Google Maps Place URL opened.
2026-09-05 14:55:18,290 | INFO | Address check | score=0.0000 | status=NEED_REVIEW | reason=MISSING_MAPS_ADDRESS
2026-09-05 14:55:18,295 | INFO | Opening Maps URL | attempt=1/3
2026-09-05 14:55:20,611 | INFO | Current Maps URL: https://www.google.com/maps/place/Lake+view+homestay+-+Double+or+Twin+Room+with+Terrace/data=!4m11!3m10!1s0x316c21d5ecba25d9:0x65fb3c78502c0f06!5m2!4m1!1i2!8m2!3d13.9694204!4d107.9960938!16s%2Fg%2F11n9cbqt86!17BQ0FF!19sChIJ2SW67NUhbDERBg8sUHg8-2U?authuser=0&hl=en&rclk=1
2026-09-05 14:55:20,611 | INFO | Valid Google Maps Place URL opened.
2026-09-05 14:55:25,983 | INFO | Address check | score=0.0000 | status=NEED_REVIEW | reason=MISSING_MAPS_ADDRESS
2026-09-05 14:55:25,984 | INFO | Opening Maps URL | attempt=1/3
2026-09-05 14:55:29,115 | INFO | Current Maps URL: https://www.google.com/maps/place/Nh%C3%A0+ngh%E1%BB%89+Duy+Anh/data=!4m7!3m6!1s0x3168c39192e8f9b5:0xef2fce2290811984!8m2!3d14.5235297!4d109.0765612!16s%2Fg%2F11rl6grhch!19sChIJtfnokpHDaDERhBmBkCLOL-8?authuser=0&hl=en&rclk=1
2026-09-05 14:55:29,115 | INFO | Valid Google Maps Place URL opened.
2026-09-05 14:55:34,407 | INFO | Address check | score=0.0000 | status=NEED_REVIEW | reason=MISSING_MAPS_ADDRESS
2026-09-05 14:55:34,408 | INFO | Opening Maps URL | attempt=1/3
2026-09-05 14:55:37,199 | INFO | Current Maps URL: https://www.google.com/maps/place/Nh%C3%A0+Ngh%E1%BB%89+Kim+Anh/data=!4m7!3m6!1s0x3168cff1a920d413:0xe5f7f689eccd246c!8m2!3d14.4160908!4d109.0131884!16s%2Fg%2F11f4m8tv91!19sChIJE9QgqfHPaDERbCTN7In29-U?authuser=0&hl=en&rclk=1
2026-09-05 14:55:37,199 | INFO | Valid Google Maps Place URL opened.
2026-09-05 14:55:42,384 | INFO | Address check | score=0.0000 | status=NEED_REVIEW | reason=MISSING_MAPS_ADDRESS
2026-09-05 14:55:42,385 | INFO | Opening Maps URL | attempt=1/3
2026-09-05 14:55:45,304 | INFO | Current Maps URL: https://www.google.com/maps/place/Nh%C3%A0+Ngh%E1%BB%89+Kim+C%C3%BAc/data=!4m7!3m6!1s0x316e82208f84257f:0xa018710264999165!8m2!3d13.6975971!4d108.0752709!16s%2Fg%2F11k56gbt_f!19sChIJfyWEjyCCbjERZZGZZAJxGKA?authuser=0&hl=en&rclk=1
2026-09-05 14:55:45,304 | INFO | Valid Google Maps Place URL opened.
2026-09-05 14:55:50,767 | INFO | Address check | score=0.0000 | status=NEED_REVIEW | reason=MISSING_MAPS_ADDRESS
2026-09-05 14:55:50,771 | INFO | Opening Maps URL | attempt=1/3
2026-09-05 14:55:53,674 | INFO | Current Maps URL: https://www.google.com/maps/place/Nh%C3%A0+ngh%E1%BB%89+Minh+V%C3%A2n/data=!4m7!3m6!1s0x3168c3000ebaba0f:0x67d22b954e2230a0!8m2!3d14.5734846!4d109.0500144!16s%2Fg%2F11n40g35bm!19sChIJD7q6DgDDaDERoDAiTpUr0mc?authuser=0&hl=en&rclk=1
2026-09-05 14:55:53,674 | INFO | Valid Google Maps Place URL opened.
2026-09-05 14:55:59,108 | INFO | Address check | score=0.0000 | status=NEED_REVIEW | reason=MISSING_MAPS_ADDRESS
2026-09-05 14:55:59,109 | INFO | Opening Maps URL | attempt=1/3
2026-09-05 14:56:02,026 | INFO | Current Maps URL: https://www.google.com/maps/place/Nh%C3%A0+ngh%E1%BB%89+Ph%C6%B0%C6%A1ng+Ph%C3%BA/data=!4m7!3m6!1s0x3168c560cc18ce9b:0xcccaa4b0ca96f821!8m2!3d14.5063417!4d109.0348749!16s%2Fg%2F11lwcnl_lz!19sChIJm84YzGDFaDERIfiWyrCkysw?authuser=0&hl=en&rclk=1
2026-09-05 14:56:02,027 | INFO | Valid Google Maps Place URL opened.
2026-09-05 14:56:07,397 | INFO | Address check | score=0.0000 | status=NEED_REVIEW | reason=MISSING_MAPS_ADDRESS
2026-09-05 14:56:07,398 | INFO | Opening Maps URL | attempt=1/3
2026-09-05 14:56:10,373 | INFO | Current Maps URL: https://www.google.com/maps/place/Nh%C3%A0+Ngh%E1%BB%89+T%C3%A2n+Th%C3%A0nh+2/data=!4m7!3m6!1s0x3168cc7a67995207:0x5dbb30a6f054a0ca!8m2!3d14.294975!4d109.0844237!16s%2Fg%2F11kdtyn_4t!19sChIJB1KZZ3rMaDERyqBU8KYwu10?authuser=0&hl=en&rclk=1
2026-09-05 14:56:10,373 | INFO | Valid Google Maps Place URL opened.
2026-09-05 14:56:15,835 | INFO | Address check | score=0.0000 | status=NEED_REVIEW | reason=MISSING_MAPS_ADDRESS
2026-09-05 14:56:15,837 | INFO | Opening Maps URL | attempt=1/3
2026-09-05 14:56:18,957 | INFO | Current Maps URL: https://www.google.com/maps/place/Nh%C3%A0+ngh%E1%BB%89+Thanh+Xu%C3%A2n/data=!4m7!3m6!1s0x3168c50059443d35:0x8fbca8cb67e85aa1!8m2!3d14.5016779!4d109.0404171!16s%2Fg%2F11w527v1r0!19sChIJNT1EWQDFaDERoVroZ8uovI8?authuser=0&hl=en&rclk=1
2026-09-05 14:56:18,958 | INFO | Valid Google Maps Place URL opened.
2026-09-05 14:56:24,275 | INFO | Address check | score=0.0000 | status=NEED_REVIEW | reason=MISSING_MAPS_ADDRESS
2026-09-05 14:56:24,277 | INFO | Opening Maps URL | attempt=1/3
2026-09-05 14:56:27,236 | INFO | Current Maps URL: https://www.google.com/maps/place/Nh%C3%A0+ngh%E1%BB%89+TH%E1%BA%A2O+NGH%E1%BB%8A/data=!4m7!3m6!1s0x3168cb1f499dbdcf:0xc978f4439c0e1715!8m2!3d14.3228271!4d109.1244694!16s%2Fg%2F11rr_l4msy!19sChIJz72dSR_LaDERFRcOnEP0eMk?authuser=0&hl=en&rclk=1
2026-09-05 14:56:27,236 | INFO | Valid Google Maps Place URL opened.
2026-09-05 14:56:32,709 | INFO | Address check | score=0.0000 | status=NEED_REVIEW | reason=MISSING_MAPS_ADDRESS
2026-09-05 14:56:32,711 | INFO | CHECKPOINT | processed=1210 | matched=2 | mismatched=9 | review=1199
2026-09-05 14:56:33,274 | INFO | Excel saved: D:\Product-Google-Maps\output\hotels_export_google_maps_checked.xlsx
2026-09-05 14:56:33,275 | INFO | Opening Maps URL | attempt=1/3
2026-09-05 14:56:36,442 | INFO | Current Maps URL: https://www.google.com/maps/place/Nh%C3%A0+Ngh%E1%BB%89+Th%E1%BA%A3o+Nguy%C3%AAn+Xanh/data=!4m10!3m9!1s0x316f6cdd62ee93e3:0x38367cf4c7fff4b6!5m2!4m1!1i2!8m2!3d13.7509648!4d109.2116632!16s%2Fg%2F11fr3lltvy!19sChIJ45PuYt1sbzERtvT_x_R8Njg?authuser=0&hl=en&rclk=1
2026-09-05 14:56:36,442 | INFO | Valid Google Maps Place URL opened.
2026-09-05 14:56:41,868 | INFO | Address check | score=0.0000 | status=NEED_REVIEW | reason=MISSING_MAPS_ADDRESS
2026-09-05 14:56:41,869 | INFO | Opening Maps URL | attempt=1/3
2026-09-05 14:56:44,782 | INFO | Current Maps URL: https://www.google.com/maps/place/Ruby+homestay/data=!4m7!3m6!1s0x316f6d003e162983:0x9c2cc3028526ec63!8m2!3d13.7791001!4d109.2232549!16s%2Fg%2F11msf56k8v!19sChIJgykWPgBtbzERY-wmhQLDLJw?authuser=0&hl=en&rclk=1
2026-09-05 14:56:44,782 | INFO | Valid Google Maps Place URL opened.
2026-09-05 14:56:50,211 | INFO | Address check | score=0.0000 | status=NEED_REVIEW | reason=MISSING_MAPS_ADDRESS
2026-09-05 14:56:50,212 | INFO | Opening Maps URL | attempt=1/3
2026-09-05 14:56:53,039 | INFO | Current Maps URL: https://www.google.com/maps/place/TMS+Quy+Nhon+SeaView+Condotel/data=!4m11!3m10!1s0x316f6c8833f0dcf3:0x80d31f879ef78c83!5m2!4m1!1i2!8m2!3d13.770771!4d109.2344894!16s%2Fg%2F11njrh7pkj!17BQ0FF!19sChIJ89zwM4hsbzERg4z3nocf04A?authuser=0&hl=en&rclk=1
2026-09-05 14:56:53,039 | INFO | Valid Google Maps Place URL opened.
2026-09-05 14:56:58,597 | INFO | Address check | score=0.0000 | status=NEED_REVIEW | reason=MISSING_MAPS_ADDRESS
2026-09-05 14:56:58,598 | INFO | Opening Maps URL | attempt=1/3
2026-09-05 14:57:01,658 | INFO | Current Maps URL: https://www.google.com/maps/place/Nh%C3%A0+Ngh%E1%BB%89+Hoa+H%E1%BB%93ng+2/data=!4m7!3m6!1s0x316edde08408d8cf:0x881a1ffae188c090!8m2!3d13.957433!4d108.6700233!16s%2Fg%2F11nfnpxcm_!19sChIJz9gIhODdbjERkMCI4fofGog?authuser=0&hl=en&rclk=1
2026-09-05 14:57:01,659 | INFO | Valid Google Maps Place URL opened.
2026-09-05 14:57:07,042 | INFO | Address check | score=0.0000 | status=NEED_REVIEW | reason=MISSING_MAPS_ADDRESS
2026-09-05 14:57:07,043 | INFO | Opening Maps URL | attempt=1/3
2026-09-05 14:57:09,939 | INFO | Current Maps URL: https://www.google.com/maps/place/Rare+Homestay/data=!4m7!3m6!1s0x3168c7eb16d75a1b:0xcef19955a74727c0!8m2!3d14.4545937!4d109.1168606!16s%2Fg%2F11vln_y65c!19sChIJG1rXFuvHaDERwCdHp1WZ8c4?authuser=0&hl=en&rclk=1
2026-09-05 14:57:09,939 | INFO | Valid Google Maps Place URL opened.
2026-09-05 14:57:15,457 | INFO | Address check | score=0.0000 | status=NEED_REVIEW | reason=MISSING_MAPS_ADDRESS
2026-09-05 14:57:15,461 | INFO | Opening Maps URL | attempt=1/3
2026-09-05 14:57:18,518 | INFO | Current Maps URL: https://www.google.com/maps/place/Nh%C3%A0+ngh%E1%BB%89+Minh+Ph%C6%B0%E1%BB%A3ng/data=!4m7!3m6!1s0x3168cb002ac8eab9:0x3476d04f0646744a!8m2!3d14.2744761!4d109.17375!16s%2Fg%2F11yzmnc2h2!19sChIJuerIKgDLaDERSnRGBk_QdjQ?authuser=0&hl=en&rclk=1
2026-09-05 14:57:18,518 | INFO | Valid Google Maps Place URL opened.
2026-09-05 14:57:23,933 | INFO | Address check | score=0.0000 | status=NEED_REVIEW | reason=MISSING_MAPS_ADDRESS
2026-09-05 14:57:23,935 | INFO | Opening Maps URL | attempt=1/3
2026-09-05 14:57:26,818 | INFO | Current Maps URL: https://www.google.com/maps/place/Hotel+NewLife/data=!4m7!3m6!1s0x3168dfac6d557f83:0x9b2885d06509cf85!8m2!3d14.6127495!4d108.891829!16s%2Fg%2F11h2fn1_yp!19sChIJg39VbazfaDERhc8JZdCFKJs?authuser=0&hl=en&rclk=1
2026-09-05 14:57:26,818 | INFO | Valid Google Maps Place URL opened.
2026-09-05 14:57:32,148 | INFO | Address check | score=0.0000 | status=NEED_REVIEW | reason=MISSING_MAPS_ADDRESS
2026-09-05 14:57:32,149 | INFO | Opening Maps URL | attempt=1/3
2026-09-05 14:57:35,200 | INFO | Current Maps URL: https://www.google.com/maps/place/Nh%C3%A0+%C4%83n+Lavender+T%C3%A2n+thanh+Hotel/data=!4m7!3m6!1s0x3168c3c630e44a69:0x5b22371b7dead4d8!8m2!3d14.5628974!4d109.0559684!16s%2Fg%2F11lkfpxp_4!19sChIJaUrkMMbDaDER2NTqfRs3Ils?authuser=0&hl=en&rclk=1
2026-09-05 14:57:35,201 | INFO | Valid Google Maps Place URL opened.
2026-09-05 14:57:40,633 | INFO | Address check | score=0.0000 | status=NEED_REVIEW | reason=MISSING_MAPS_ADDRESS
2026-09-05 14:57:40,635 | INFO | Opening Maps URL | attempt=1/3
2026-09-05 14:57:43,503 | INFO | Current Maps URL: https://www.google.com/maps/place/Nh%C3%A0+Ngh%E1%BB%89+H%E1%BB%93ng+H%E1%BA%A3i+%C4%90%C3%A8o+Nh%C3%B4ng/data=!4m7!3m6!1s0x3168cd785d8d7b73:0x484b4b02ad31e9a7!8m2!3d14.2431625!4d109.0748036!16s%2Fg%2F11z1v2yylw!19sChIJc3uNXXjNaDERp-kxrQJLS0g?authuser=0&hl=en&rclk=1
2026-09-05 14:57:43,503 | INFO | Valid Google Maps Place URL opened.
2026-09-05 14:57:48,847 | INFO | Address check | score=0.0000 | status=NEED_REVIEW | reason=MISSING_MAPS_ADDRESS
2026-09-05 14:57:48,850 | INFO | Opening Maps URL | attempt=1/3
2026-09-05 14:57:51,782 | INFO | Current Maps URL: https://www.google.com/maps/place/Nh%C3%A0+ngh%E1%BB%89+69/data=!4m7!3m6!1s0x316f335c4963338b:0xf23da55cf363431f!8m2!3d14.179467!4d109.051345!16s%2Fg%2F11h_77k10y!19sChIJizNjSVwzbzERH0Nj81ylPfI?authuser=0&hl=en&rclk=1
2026-09-05 14:57:51,783 | INFO | Valid Google Maps Place URL opened.
2026-09-05 14:57:57,114 | INFO | Address check | score=0.0000 | status=NEED_REVIEW | reason=MISSING_MAPS_ADDRESS
2026-09-05 14:57:57,115 | INFO | CHECKPOINT | processed=1220 | matched=2 | mismatched=9 | review=1209
2026-09-05 14:57:57,646 | INFO | Excel saved: D:\Product-Google-Maps\output\hotels_export_google_maps_checked.xlsx
2026-09-05 14:57:57,647 | INFO | Opening Maps URL | attempt=1/3
2026-09-05 14:58:00,792 | INFO | Current Maps URL: https://www.google.com/maps/place/Nh%C3%A0+Ngh%E1%BB%89+NINA/data=!4m7!3m6!1s0x3168d1003296aab1:0x710ab5a6e89894ae!8m2!3d14.4006698!4d108.985111!16s%2Fg%2F11n47rtvqk!19sChIJsaqWMgDRaDERrpSY6Ka1CnE?authuser=0&hl=en&rclk=1
2026-09-05 14:58:00,792 | INFO | Valid Google Maps Place URL opened.
2026-09-05 14:58:06,116 | INFO | Address check | score=0.0000 | status=NEED_REVIEW | reason=MISSING_MAPS_ADDRESS
2026-09-05 14:58:06,117 | INFO | Opening Maps URL | attempt=1/3
2026-09-05 14:58:09,455 | INFO | Current Maps URL: https://www.google.com/maps/place/Kh%C3%A1ch+s%E1%BA%A1n+Karaoke+Xu%C3%A2n+L%E1%BB%A3i/data=!4m7!3m6!1s0x316f33fa1a973d79:0x9d60a5cd63b2f6ee!8m2!3d14.1786685!4d109.0520165!16s%2Fg%2F11g072j3kc!19sChIJeT2XGvozbzER7vayY82lYJ0?authuser=0&hl=en&rclk=1
2026-09-05 14:58:09,456 | INFO | Valid Google Maps Place URL opened.
2026-09-05 14:58:14,781 | INFO | Address check | score=0.0000 | status=NEED_REVIEW | reason=MISSING_MAPS_ADDRESS
2026-09-05 14:58:14,782 | INFO | Opening Maps URL | attempt=1/3
2026-09-05 14:58:17,874 | INFO | Current Maps URL: https://www.google.com/maps/place/Nh%C3%A0+ngh%E1%BB%89+079II/data=!4m7!3m6!1s0x3168c3e1c2f633d7:0x9c01abc24b7b3213!8m2!3d14.55587!4d109.047287!16s%2Fg%2F11sqhdqg2x!19sChIJ1zP2wuHDaDEREzJ7S8KrAZw?authuser=0&hl=en&rclk=1
2026-09-05 14:58:17,875 | INFO | Valid Google Maps Place URL opened.
2026-09-05 14:58:23,290 | INFO | Address check | score=0.0000 | status=NEED_REVIEW | reason=MISSING_MAPS_ADDRESS
2026-09-05 14:58:23,291 | INFO | Opening Maps URL | attempt=1/3
2026-09-05 14:58:26,442 | INFO | Current Maps URL: https://www.google.com/maps/place/Tuyet+Nhung+Hotel/data=!4m7!3m6!1s0x3168c4e35261557d:0x704ffbb142525847!8m2!3d14.4564844!4d109.0334318!16s%2Fg%2F11b67sb80y!19sChIJfVVhUuPEaDERR1hSQrH7T3A?authuser=0&hl=en&rclk=1
2026-09-05 14:58:26,443 | INFO | Valid Google Maps Place URL opened.
2026-09-05 14:58:31,759 | INFO | Address check | score=0.0000 | status=NEED_REVIEW | reason=MISSING_MAPS_ADDRESS
2026-09-05 14:58:31,760 | INFO | Opening Maps URL | attempt=1/3
2026-09-05 14:58:34,245 | INFO | Current Maps URL: https://www.google.com/maps/place/Khu+Resort+%C3%94ng+Nh%E1%BA%A1c/data=!4m7!3m6!1s0x316f4ba8561fcadb:0x5cafdaf6f87171ab!8m2!3d14.1824269!4d109.193134!16s%2Fg%2F11yjstt81n!19sChIJ28ofVqhLbzERq3Fx-Pbar1w?authuser=0&hl=en&rclk=1
2026-09-05 14:58:34,245 | INFO | Valid Google Maps Place URL opened.
2026-09-05 14:58:39,609 | INFO | Address check | score=0.0000 | status=NEED_REVIEW | reason=MISSING_MAPS_ADDRESS
2026-09-05 14:58:39,610 | INFO | Opening Maps URL | attempt=1/3
2026-09-05 14:58:42,699 | INFO | Current Maps URL: https://www.google.com/maps/place/Nh%C3%A0+Ngh%E1%BB%89+H%E1%BB%93ng+V%C3%A2n+%28B%E1%BB%93ng+S%C6%A1n%29/data=!4m7!3m6!1s0x3168c50053f4c8b9:0xbfc3d6565dabf870!8m2!3d14.4298186!4d109.0092042!16s%2Fg%2F11myxxxgvn!19sChIJucj0UwDFaDERcPirXVbWw78?authuser=0&hl=en&rclk=1
2026-09-05 14:58:42,699 | INFO | Valid Google Maps Place URL opened.
2026-09-05 14:58:48,077 | INFO | Address check | score=0.0000 | status=NEED_REVIEW | reason=MISSING_MAPS_ADDRESS
2026-09-05 14:58:48,079 | INFO | Opening Maps URL | attempt=1/3
2026-09-05 14:58:51,010 | INFO | Current Maps URL: https://www.google.com/maps/place/Nh%C3%A0+Ngh%E1%BB%89+H%C6%B0ng+Th%E1%BB%8Bnh/data=!4m7!3m6!1s0x3168c50069f03ba5:0x79954c47877c034!8m2!3d14.4408902!4d109.0188407!16s%2Fg%2F11x22s5skv!19sChIJpTvwaQDFaDERNMB3eMRUmQc?authuser=0&hl=en&rclk=1
2026-09-05 14:58:51,011 | INFO | Valid Google Maps Place URL opened.
2026-09-05 14:58:56,414 | INFO | Address check | score=0.0000 | status=NEED_REVIEW | reason=MISSING_MAPS_ADDRESS
2026-09-05 14:58:56,416 | INFO | Opening Maps URL | attempt=1/3
2026-09-05 14:58:59,346 | INFO | Current Maps URL: https://www.google.com/maps/place/Nh%C3%A0+ngh%E1%BB%89+B%C3%ADch+Th%E1%BA%A3o/data=!4m7!3m6!1s0x3168cdd8e6e14b4d:0x6802a94aac090542!8m2!3d14.3066924!4d109.0731392!16s%2Fg%2F11s48hqfdk!19sChIJTUvh5tjNaDERQgUJrEqpAmg?authuser=0&hl=en&rclk=1
2026-09-05 14:58:59,346 | INFO | Valid Google Maps Place URL opened.
2026-09-05 14:59:04,773 | INFO | Address check | score=0.0000 | status=NEED_REVIEW | reason=MISSING_MAPS_ADDRESS
2026-09-05 14:59:04,774 | INFO | Opening Maps URL | attempt=1/3
2026-09-05 14:59:07,750 | INFO | Current Maps URL: https://www.google.com/maps/place/Nh%C3%A0+Ngh%E1%BB%89+,+Qu%C3%A1n+%C4%83n+Bi%E1%BB%83n+G%E1%BB%8Di+99/data=!4m7!3m6!1s0x316f490069b57409:0x635c0ab194fc6147!8m2!3d14.1224009!4d109.2047929!16s%2Fg%2F11x86k3pf3!19sChIJCXS1aQBJbzERR2H8lLEKXGM?authuser=0&hl=en&rclk=1
2026-09-05 14:59:07,750 | INFO | Valid Google Maps Place URL opened.
2026-09-05 14:59:13,218 | INFO | Address check | score=0.0000 | status=NEED_REVIEW | reason=MISSING_MAPS_ADDRESS
2026-09-05 14:59:13,219 | INFO | Opening Maps URL | attempt=1/3
2026-09-05 14:59:16,359 | INFO | Current Maps URL: https://www.google.com/maps/place/Nh%C3%A0+ngh%E1%BB%89+Th%C6%B0+Giao/data=!4m7!3m6!1s0x316edc54e5968e03:0x6de0732345e6ea4f!8m2!3d13.9648364!4d108.6689805!16s%2Fg%2F11gg957n0t!19sChIJA46W5VTcbjERT-rmRSNz4G0?authuser=0&hl=en&rclk=1
2026-09-05 14:59:16,360 | INFO | Valid Google Maps Place URL opened.
2026-09-05 14:59:21,749 | INFO | Address check | score=0.0000 | status=NEED_REVIEW | reason=MISSING_MAPS_ADDRESS
2026-09-05 14:59:21,750 | INFO | CHECKPOINT | processed=1230 | matched=2 | mismatched=9 | review=1219
2026-09-05 14:59:22,400 | INFO | Excel saved: D:\Product-Google-Maps\output\hotels_export_google_maps_checked.xlsx
2026-09-05 14:59:22,436 | INFO | Opening Maps URL | attempt=1/3
2026-09-05 14:59:25,451 | INFO | Current Maps URL: https://www.google.com/maps/place/Nh%C3%A0+Ngh%E1%BB%89+Th%E1%BB%A7y+M%E1%BA%A1nh/data=!4m7!3m6!1s0x316f3613a8224c6f:0xe89faa8d0c2882c9!8m2!3d14.1303975!4d109.1672247!16s%2Fg%2F11hb30lhfx!19sChIJb0wiqBM2bzERyYIoDI2qn-g?authuser=0&hl=en&rclk=1
2026-09-05 14:59:25,454 | INFO | Valid Google Maps Place URL opened.
2026-09-05 14:59:30,789 | INFO | Address check | score=0.0000 | status=NEED_REVIEW | reason=MISSING_MAPS_ADDRESS
2026-09-05 14:59:30,791 | INFO | Opening Maps URL | attempt=1/3
2026-09-05 14:59:33,903 | INFO | Current Maps URL: https://www.google.com/maps/place/Nh%C3%A0+Ngh%E1%BB%89+Xu%C3%A2n+H%C3%B2a/data=!4m7!3m6!1s0x316ecfcc4b8123ff:0xef96ede7a531772b!8m2!3d14.142274!4d108.6023452!16s%2Fg%2F1jkw8k2g6!19sChIJ_yOBS8zPbjERK3cxpeftlu8?authuser=0&hl=en&rclk=1
2026-09-05 14:59:33,903 | INFO | Valid Google Maps Place URL opened.
2026-09-05 14:59:39,241 | INFO | Address check | score=0.0000 | status=NEED_REVIEW | reason=MISSING_MAPS_ADDRESS
2026-09-05 14:59:39,245 | INFO | Opening Maps URL | attempt=1/3
2026-09-05 14:59:42,487 | INFO | Current Maps URL: https://www.google.com/maps/place/Nh%C3%A0+Ngh%E1%BB%89+29/data=!4m7!3m6!1s0x316f33dd266677f5:0x617e9058454f883!8m2!3d14.1756474!4d109.0492826!16s%2Fg%2F11j7krs2ly!19sChIJ9XdmJt0zbzERg_hUhAXpFwY?authuser=0&hl=en&rclk=1
2026-09-05 14:59:42,488 | INFO | Valid Google Maps Place URL opened.
2026-09-05 14:59:47,966 | INFO | Address check | score=0.0000 | status=NEED_REVIEW | reason=MISSING_MAPS_ADDRESS
2026-09-05 14:59:47,968 | INFO | Opening Maps URL | attempt=1/3
2026-09-05 14:59:51,124 | INFO | Current Maps URL: https://www.google.com/maps/place/Nh%C3%A0+ngh%E1%BB%89+B%C3%ACnh+D%C3%A2n+Ph%C3%B9+C%C3%A1t/data=!4m7!3m6!1s0x316f3bd1326486e1:0x7ca9814cc6ab1dbf!8m2!3d13.9931375!4d109.0685742!16s%2Fg%2F11h2889fq_!19sChIJ4YZkMtE7bzERvx2rxkyBqXw?authuser=0&hl=en&rclk=1
2026-09-05 14:59:51,124 | INFO | Valid Google Maps Place URL opened.
2026-09-05 14:59:56,479 | INFO | Address check | score=0.3636 | status=MISMATCH | reason=ADDRESS_MISMATCH
2026-09-05 14:59:56,483 | INFO | Opening Maps URL | attempt=1/3
2026-09-05 14:59:59,456 | INFO | Current Maps URL: https://www.google.com/maps/place/NH%C3%80+NGH%E1%BB%88+TU%E1%BA%A4N+%C4%90%E1%BA%A0T/data=!4m7!3m6!1s0x316ecf6b814e2553:0x5ed8203e3ebcfad4!8m2!3d14.1422964!4d108.6028107!16s%2Fg%2F11g1dgptpq!19sChIJUyVOgWvPbjER1Pq8Pj4g2F4?authuser=0&hl=en&rclk=1
2026-09-05 14:59:59,456 | INFO | Valid Google Maps Place URL opened.
2026-09-05 15:00:04,833 | INFO | Address check | score=0.0000 | status=NEED_REVIEW | reason=MISSING_MAPS_ADDRESS
2026-09-05 15:00:04,834 | INFO | Opening Maps URL | attempt=1/3
2026-09-05 15:00:07,756 | INFO | Current Maps URL: https://www.google.com/maps/place/Nh%C3%A0+ngh%E1%BB%89+Th%E1%BB%A7y+Chung/data=!4m7!3m6!1s0x316ec3b2fb9973e9:0x6e353cd1f85fc164!8m2!3d13.9739552!4d108.5557211!16s%2Fg%2F11dzd1lq66!19sChIJ6XOZ-7LDbjERZMFf-NE8NW4?authuser=0&hl=en&rclk=1
2026-09-05 15:00:07,757 | INFO | Valid Google Maps Place URL opened.
2026-09-05 15:00:13,083 | INFO | Address check | score=0.0000 | status=NEED_REVIEW | reason=MISSING_MAPS_ADDRESS
2026-09-05 15:00:13,084 | INFO | Opening Maps URL | attempt=1/3
2026-09-05 15:00:16,047 | INFO | Current Maps URL: https://www.google.com/maps/place/Nh%C3%A0+Ngh%E1%BB%89+Ph%C3%BA+C%C6%B0%E1%BB%9Dng/data=!4m7!3m6!1s0x316e815107c7c05f:0x3800f87fe8a98fb1!8m2!3d13.6624194!4d108.1207095!16s%2Fg%2F11fr1k7rv9!19sChIJX8DHB1GBbjERsY-p6H_4ADg?authuser=0&hl=en&rclk=1
2026-09-05 15:00:16,047 | INFO | Valid Google Maps Place URL opened.
2026-09-05 15:00:21,541 | INFO | Address check | score=0.0000 | status=NEED_REVIEW | reason=MISSING_MAPS_ADDRESS
2026-09-05 15:00:21,545 | INFO | Opening Maps URL | attempt=1/3
2026-09-05 15:00:24,622 | INFO | Current Maps URL: https://www.google.com/maps/place/Queen+Group+Coffee+%26+Homestay/data=!4m7!3m6!1s0x316f49a8b49ae551:0xcbc2de83866e7851!8m2!3d14.1225137!4d109.2048345!16s%2Fg%2F11snvbfcjs!19sChIJUeWatKhJbzERUXhuhoPewss?authuser=0&hl=en&rclk=1
2026-09-05 15:00:24,622 | INFO | Valid Google Maps Place URL opened.
2026-09-05 15:00:30,018 | INFO | Address check | score=0.0000 | status=NEED_REVIEW | reason=MISSING_MAPS_ADDRESS
2026-09-05 15:00:30,020 | INFO | Opening Maps URL | attempt=1/3
2026-09-05 15:00:33,038 | INFO | Current Maps URL: https://www.google.com/maps/place/Nh%C3%A0+Ngh%E1%BB%89+Gia+Kh%C3%A1nh/data=!4m7!3m6!1s0x316f41873166f697:0xdc4516e32b6001d2!8m2!3d13.8999818!4d109.2052847!16s%2Fg%2F11gqvh2658!19sChIJl_ZmMYdBbzER0gFgK-MWRdw?authuser=0&hl=en&rclk=1
2026-09-05 15:00:33,038 | INFO | Valid Google Maps Place URL opened.
2026-09-05 15:00:38,506 | INFO | Address check | score=0.0000 | status=NEED_REVIEW | reason=MISSING_MAPS_ADDRESS
2026-09-05 15:00:38,510 | INFO | Opening Maps URL | attempt=1/3
2026-09-05 15:00:41,489 | INFO | Current Maps URL: https://www.google.com/maps/place/STAYPINEAPPLE+HOMESTAY+AT+QUY+NHON/data=!4m7!3m6!1s0x316f6d0060920de1:0x84bde3d6e8a6912!8m2!3d13.7580623!4d109.2135563!16s%2Fg%2F11njlj07cn!19sChIJ4Q2SYABtbzEREmmKbj3eSwg?authuser=0&hl=en&rclk=1
2026-09-05 15:00:41,489 | INFO | Valid Google Maps Place URL opened.
2026-09-05 15:00:46,966 | INFO | Address check | score=0.0000 | status=NEED_REVIEW | reason=MISSING_MAPS_ADDRESS
2026-09-05 15:00:46,967 | INFO | CHECKPOINT | processed=1240 | matched=2 | mismatched=10 | review=1228
2026-09-05 15:00:47,511 | INFO | Excel saved: D:\Product-Google-Maps\output\hotels_export_google_maps_checked.xlsx
2026-09-05 15:00:47,512 | INFO | Opening Maps URL | attempt=1/3
2026-09-05 15:00:50,396 | INFO | Current Maps URL: https://www.google.com/maps/place/Sohi+Homestay/data=!4m10!3m9!1s0x316f6dde1286aa99:0x95740700f57f2adc!5m2!4m1!1i2!8m2!3d13.7477473!4d109.2122197!16s%2Fg%2F11sk4ssfs7!19sChIJmaqGEt5tbzER3Cp_9QAHdJU?authuser=0&hl=en&rclk=1
2026-09-05 15:00:50,397 | INFO | Valid Google Maps Place URL opened.
2026-09-05 15:00:55,797 | INFO | Address check | score=0.0000 | status=NEED_REVIEW | reason=MISSING_MAPS_ADDRESS
2026-09-05 15:00:55,801 | INFO | Opening Maps URL | attempt=1/3
2026-09-05 15:00:58,796 | INFO | Current Maps URL: https://www.google.com/maps/place/Nam+Ph%C6%B0%C6%A1ng+Homestay+Quy+Nh%C6%A1n/data=!4m10!3m9!1s0x316f6dd8506ce133:0xe55cc860708bb3f9!5m2!4m1!1i2!8m2!3d13.7612648!4d109.2184962!16s%2Fg%2F11q1hz0jv8!19sChIJM-FsUNhtbzER-bOLcGDIXOU?authuser=0&hl=en&rclk=1
2026-09-05 15:00:58,796 | INFO | Valid Google Maps Place URL opened.
2026-09-05 15:01:04,305 | INFO | Address check | score=0.0000 | status=NEED_REVIEW | reason=MISSING_MAPS_ADDRESS
2026-09-05 15:01:04,306 | INFO | Opening Maps URL | attempt=1/3
2026-09-05 15:01:07,360 | INFO | Current Maps URL: https://www.google.com/maps/place/Homestay+Gia+Lai/data=!4m7!3m6!1s0x316f6bee69422799:0x90c8bfae319ddae9!8m2!3d13.8096242!4d109.2174957!16s%2Fg%2F11ydchdf9n!19sChIJmSdCae5rbzER6dqdMa6_yJA?authuser=0&hl=en&rclk=1
2026-09-05 15:01:07,360 | INFO | Valid Google Maps Place URL opened.
2026-09-05 15:01:12,874 | INFO | Address check | score=0.0000 | status=NEED_REVIEW | reason=MISSING_MAPS_ADDRESS
2026-09-05 15:01:12,886 | INFO | Opening Maps URL | attempt=1/3
2026-09-05 15:01:15,873 | INFO | Current Maps URL: https://www.google.com/maps/place/Homestay/data=!4m7!3m6!1s0x316f154bb48716ff:0x3715730065a2abc9!8m2!3d13.8318847!4d109.1279379!16s%2Fg%2F11nn0_pkvb!19sChIJ_xaHtEsVbzERyauiZQBzFTc?authuser=0&hl=en&rclk=1
2026-09-05 15:01:15,874 | INFO | Valid Google Maps Place URL opened.
2026-09-05 15:01:21,340 | INFO | Address check | score=0.0000 | status=NEED_REVIEW | reason=MISSING_MAPS_ADDRESS
2026-09-05 15:01:21,342 | INFO | Opening Maps URL | attempt=1/3
2026-09-05 15:01:24,314 | INFO | Current Maps URL: https://www.google.com/maps/place/KAKA+Homestay+Quy+Nh%C6%A1n/data=!4m10!3m9!1s0x316f6c85a2029f75:0xd615b0c6bf76132f!5m2!4m1!1i2!8m2!3d13.777067!4d109.2255558!16s%2Fg%2F11gk8myg0t!19sChIJdZ8CooVsbzERLxN2v8awFdY?authuser=0&hl=en&rclk=1
2026-09-05 15:01:24,315 | INFO | Valid Google Maps Place URL opened.
2026-09-05 15:01:29,514 | INFO | Address check | score=0.0000 | status=NEED_REVIEW | reason=MISSING_MAPS_ADDRESS
2026-09-05 15:01:29,515 | INFO | Opening Maps URL | attempt=1/3
2026-09-05 15:01:32,707 | INFO | Current Maps URL: https://www.google.com/maps/place/V%C5%A9+An+Hotel/data=!4m7!3m6!1s0x316f238920685e67:0x4fffb3fa7a698d07!8m2!3d13.9110131!4d108.9251739!16s%2Fg%2F11kryhhstd!19sChIJZ15oIIkjbzERB41pevqz_08?authuser=0&hl=en&rclk=1
2026-09-05 15:01:32,708 | INFO | Valid Google Maps Place URL opened.
2026-09-05 15:01:38,242 | INFO | Address check | score=0.0000 | status=NEED_REVIEW | reason=MISSING_MAPS_ADDRESS
2026-09-05 15:01:38,246 | INFO | Opening Maps URL | attempt=1/3
2026-09-05 15:01:41,446 | INFO | Current Maps URL: https://www.google.com/maps/place/Homestay+Ph%C6%B0%C6%A1ng+Th%E1%BA%A3o/data=!4m7!3m6!1s0x3168cb002bf0ed77:0x9db100b45104dc1b!8m2!3d14.2765554!4d109.1766262!16s%2Fg%2F11w4y2zfv4!19sChIJd-3wKwDLaDERG9wEUbQAsZ0?authuser=0&hl=en&rclk=1
2026-09-05 15:01:41,446 | INFO | Valid Google Maps Place URL opened.
2026-09-05 15:01:46,880 | INFO | Address check | score=0.0000 | status=NEED_REVIEW | reason=MISSING_MAPS_ADDRESS
2026-09-05 15:01:46,881 | INFO | Opening Maps URL | attempt=1/3
2026-09-05 15:01:49,804 | INFO | Current Maps URL: https://www.google.com/maps/place/Homestay+Nh%C3%A0+M%C3%ACnh+2/data=!4m7!3m6!1s0x3168cb0006dc3311:0xb526d902868ebe97!8m2!3d14.274448!4d109.175466!16s%2Fg%2F11w1dh2259!19sChIJETPcBgDLaDERl76OhgLZJrU?authuser=0&hl=en&rclk=1
2026-09-05 15:01:49,805 | INFO | Valid Google Maps Place URL opened.
2026-09-05 15:01:55,225 | INFO | Address check | score=0.0000 | status=NEED_REVIEW | reason=MISSING_MAPS_ADDRESS
2026-09-05 15:01:55,226 | INFO | Opening Maps URL | attempt=1/3
2026-09-05 15:01:58,397 | INFO | Current Maps URL: https://www.google.com/maps/place/LA+MIA+Lakeview+Hotel+-+Deluxe+Apartment/data=!4m11!3m10!1s0x316c1f856f24ed8b:0xf1488868685d96cc!5m2!4m1!1i2!8m2!3d13.9785805!4d108.0115585!16s%2Fg%2F11y2nmbmv_!17BQ0FF!19sChIJi-0kb4UfbDERzJZdaGiISPE?authuser=0&hl=en&rclk=1
2026-09-05 15:01:58,397 | INFO | Valid Google Maps Place URL opened.
2026-09-05 15:02:03,910 | INFO | Address check | score=0.0000 | status=NEED_REVIEW | reason=MISSING_MAPS_ADDRESS
2026-09-05 15:02:03,911 | INFO | Opening Maps URL | attempt=1/3
2026-09-05 15:02:06,850 | INFO | Current Maps URL: https://www.google.com/maps/place/Homestay+H+Dong+-+Chu+Pah+House/data=!4m11!3m10!1s0x316c1e5f1f8d1af7:0xc8a833247a19c321!5m2!4m1!1i2!8m2!3d14.0326547!4d108.0034561!16s%2Fg%2F11ycl0sclp!17BQ0FF!19sChIJ9xqNH18ebDERIcMZeiQzqMg?authuser=0&hl=en&rclk=1
2026-09-05 15:02:06,850 | INFO | Valid Google Maps Place URL opened.
2026-09-05 15:02:12,357 | INFO | Address check | score=0.0000 | status=NEED_REVIEW | reason=MISSING_MAPS_ADDRESS
2026-09-05 15:02:12,360 | INFO | CHECKPOINT | processed=1250 | matched=2 | mismatched=10 | review=1238
2026-09-05 15:02:12,937 | INFO | Excel saved: D:\Product-Google-Maps\output\hotels_export_google_maps_checked.xlsx
2026-09-05 15:02:12,938 | INFO | Opening Maps URL | attempt=1/3
2026-09-05 15:02:15,856 | INFO | Current Maps URL: https://www.google.com/maps/place/Homestay+484+-+Single+Room/data=!4m11!3m10!1s0x316c1f7f255a101d:0x222d547d9b08d425!5m2!4m1!1i2!8m2!3d13.97509!4d107.9983216!16s%2Fg%2F11z39t1x94!17BQ0FF!19sChIJHRBaJX8fbDERJdQIm31ULSI?authuser=0&hl=en&rclk=1
2026-09-05 15:02:15,857 | INFO | Valid Google Maps Place URL opened.
2026-09-05 15:02:20,881 | INFO | Address check | score=0.0000 | status=NEED_REVIEW | reason=MISSING_MAPS_ADDRESS
2026-09-05 15:02:20,906 | INFO | Opening Maps URL | attempt=1/3
2026-09-05 15:02:23,873 | INFO | Current Maps URL: https://www.google.com/maps/place/Modern+Rustic+Farm+Villa+Manh+Manh/data=!4m11!3m10!1s0x316c21d85e76c1ef:0xf31e4e30096eaa7e!5m2!4m1!1i2!8m2!3d13.9696502!4d107.9861298!16s%2Fg%2F11xc_zhj04!17BQ0FF!19sChIJ78F2XtghbDERfqpuCTBOHvM?authuser=0&hl=en&rclk=1
2026-09-05 15:02:23,874 | INFO | Valid Google Maps Place URL opened.
2026-09-05 15:02:28,983 | INFO | Address check | score=0.0000 | status=NEED_REVIEW | reason=MISSING_MAPS_ADDRESS
2026-09-05 15:02:28,985 | INFO | Opening Maps URL | attempt=1/3
2026-09-05 15:02:32,014 | INFO | Current Maps URL: https://www.google.com/maps/place/Nh%C3%A0+Ngh%E1%BB%89+YALY/data=!4m7!3m6!1s0x316c1d5856c194cb:0x3208ed5f36dbf24f!8m2!3d14.0938372!4d107.9756404!16s%2Fg%2F11v3g9scmx!19sChIJy5TBVlgdbDERT_LbNl_tCDI?authuser=0&hl=en&rclk=1
2026-09-05 15:02:32,014 | INFO | Valid Google Maps Place URL opened.
2026-09-05 15:02:37,427 | INFO | Address check | score=0.0000 | status=NEED_REVIEW | reason=MISSING_MAPS_ADDRESS
2026-09-05 15:02:37,428 | INFO | Opening Maps URL | attempt=1/3
2026-09-05 15:02:40,443 | INFO | Current Maps URL: https://www.google.com/maps/place/M%E1%BB%99c+An+Nhi%C3%AAn+Farmstay+-+Superior+Bungalow/data=!4m11!3m10!1s0x316ea1309d34b7cd:0x4a06140b7b6f716b!5m2!4m1!1i2!8m2!3d14.0398197!4d108.1110001!16s%2Fg%2F11z4slgysy!17BQ0FF!19sChIJzbc0nTChbjERa3FvewsUBko?authuser=0&hl=en&rclk=1
2026-09-05 15:02:40,443 | INFO | Valid Google Maps Place URL opened.
2026-09-05 15:02:45,801 | INFO | Address check | score=0.0000 | status=NEED_REVIEW | reason=MISSING_MAPS_ADDRESS
2026-09-05 15:02:45,802 | INFO | Opening Maps URL | attempt=1/3
2026-09-05 15:02:48,722 | INFO | Current Maps URL: https://www.google.com/maps/place/Kh%C3%A1ch+s%E1%BA%A1n+Ph%C3%BA+Phong+c%C5%A9/data=!4m7!3m6!1s0x316f23e18d1002f5:0xb1c4a1b1e926424d!8m2!3d13.911328!4d108.9122259!16s%2Fg%2F11s7774ndj!19sChIJ9QIQjeEjbzERTUIm6bGhxLE?authuser=0&hl=en&rclk=1
2026-09-05 15:02:48,722 | INFO | Valid Google Maps Place URL opened.
2026-09-05 15:02:54,139 | INFO | Address check | score=0.0000 | status=NEED_REVIEW | reason=MISSING_MAPS_ADDRESS
2026-09-05 15:02:54,142 | INFO | Opening Maps URL | attempt=1/3
2026-09-05 15:02:56,525 | INFO | Current Maps URL: https://www.google.com/maps/place/Homestay+Pleiku+Ph%E1%BB%91+-+Two-Bedroom+House/data=!4m11!3m10!1s0x316c1f0f5fed9a7f:0x3dc617014893c6fd!5m2!4m1!1i2!8m2!3d14.0040502!4d107.9932632!16s%2Fg%2F11nbmpdjjt!17BQ0FF!19sChIJf5rtXw8fbDER_caTSAEXxj0?authuser=0&hl=en&rclk=1
2026-09-05 15:02:56,525 | INFO | Valid Google Maps Place URL opened.
2026-09-05 15:03:01,923 | INFO | Address check | score=0.0000 | status=NEED_REVIEW | reason=MISSING_MAPS_ADDRESS
2026-09-05 15:03:01,924 | INFO | Opening Maps URL | attempt=1/3
2026-09-05 15:03:05,066 | INFO | Current Maps URL: https://www.google.com/maps/place/Hotel+Daria/data=!4m7!3m6!1s0x316c1fb9e852ff97:0x3e352801ad18eb7!8m2!3d13.9755841!4d108.0124296!16s%2Fg%2F11xtwwnc1f!19sChIJl_9S6LkfbDERt47RGoBS4wM?authuser=0&hl=en&rclk=1
2026-09-05 15:03:05,066 | INFO | Valid Google Maps Place URL opened.
2026-09-05 15:03:10,077 | INFO | Address check | score=0.0000 | status=NEED_REVIEW | reason=MISSING_MAPS_ADDRESS
2026-09-05 15:03:10,078 | INFO | Opening Maps URL | attempt=1/3
2026-09-05 15:03:12,974 | INFO | Current Maps URL: https://www.google.com/maps/place/Hotels+Success/data=!4m7!3m6!1s0x316c37eccc96422f:0x8c75d53afd366380!8m2!3d13.7994815!4d107.6924019!16s%2Fg%2F11g6jtm8kj!19sChIJL0KWzOw3bDERgGM2_TrVdYw?authuser=0&hl=en&rclk=1
2026-09-05 15:03:12,974 | INFO | Valid Google Maps Place URL opened.
2026-09-05 15:03:18,499 | INFO | Address check | score=0.0000 | status=NEED_REVIEW | reason=MISSING_MAPS_ADDRESS
2026-09-05 15:03:18,503 | INFO | Opening Maps URL | attempt=1/3
2026-09-05 15:03:21,671 | INFO | Current Maps URL: https://www.google.com/maps/place/NH%C3%80+NGH%E1%BB%88+-+NH%C3%80+H%C3%80NG+KIM+S%C6%A0N/data=!4m10!3m9!1s0x3168d5b529becad5:0xdfcbbb754489daa3!5m2!4m1!1i2!8m2!3d14.2860807!4d108.8973361!16s%2Fg%2F11v69lz3xg!19sChIJ1cq-KbXVaDERo9qJRHW7y98?authuser=0&hl=en&rclk=1
2026-09-05 15:03:21,671 | INFO | Valid Google Maps Place URL opened.
2026-09-05 15:03:27,104 | INFO | Address check | score=0.0000 | status=NEED_REVIEW | reason=MISSING_MAPS_ADDRESS
2026-09-05 15:03:27,105 | INFO | Opening Maps URL | attempt=1/3
2026-09-05 15:03:30,014 | INFO | Current Maps URL: https://www.google.com/maps/place/Nh%C3%A0+Ngh%E1%BB%89+146/data=!4m7!3m6!1s0x316c21d83e48ef9b:0xf35ac95ff3334769!8m2!3d13.9693138!4d107.9880221!16s%2Fg%2F11kn6tcg9t!19sChIJm-9IPtghbDERaUcz81_JWvM?authuser=0&hl=en&rclk=1
2026-09-05 15:03:30,014 | INFO | Valid Google Maps Place URL opened.
2026-09-05 15:03:35,397 | INFO | Address check | score=0.0000 | status=NEED_REVIEW | reason=MISSING_MAPS_ADDRESS
2026-09-05 15:03:35,398 | INFO | CHECKPOINT | processed=1260 | matched=2 | mismatched=10 | review=1248
2026-09-05 15:03:35,969 | INFO | Excel saved: D:\Product-Google-Maps\output\hotels_export_google_maps_checked.xlsx
2026-09-05 15:03:35,970 | INFO | Opening Maps URL | attempt=1/3
2026-09-05 15:03:38,923 | INFO | Current Maps URL: https://www.google.com/maps/place/Nh%C3%A0+Ngh%E1%BB%89+2449/data=!4m7!3m6!1s0x316f19bfce67118b:0xd0b89dbfd338b666!8m2!3d13.893578!4d108.9421259!16s%2Fg%2F11p5lmdc94!19sChIJixFnzr8ZbzERZrY407-duNA?authuser=0&hl=en&rclk=1
2026-09-05 15:03:38,923 | INFO | Valid Google Maps Place URL opened.
2026-09-05 15:03:44,264 | INFO | Address check | score=0.0000 | status=NEED_REVIEW | reason=MISSING_MAPS_ADDRESS
2026-09-05 15:03:44,265 | INFO | Opening Maps URL | attempt=1/3
2026-09-05 15:03:47,415 | INFO | Current Maps URL: https://www.google.com/maps/place/Nh%C3%A0+ngh%E1%BB%89+C%C3%9AC+NGA/data=!4m7!3m6!1s0x3168c5a7bda4b873:0xe6325ae72d95a7c4!8m2!3d14.4350302!4d109.0176451!16s%2Fg%2F11fd5mw_vr!19sChIJc7ikvafFaDERxKeVLedaMuY?authuser=0&hl=en&rclk=1
2026-09-05 15:03:47,416 | INFO | Valid Google Maps Place URL opened.
2026-09-05 15:03:52,875 | INFO | Address check | score=0.0000 | status=NEED_REVIEW | reason=MISSING_MAPS_ADDRESS
2026-09-05 15:03:52,877 | INFO | Opening Maps URL | attempt=1/3
2026-09-05 15:03:55,769 | INFO | Current Maps URL: https://www.google.com/maps/place/Nh%C3%A0+Ngh%E1%BB%89+Hoa+S%C3%A1ng/data=!4m7!3m6!1s0x316f21c5fc5eaf05:0x107e11e8333653bf!8m2!3d13.9645727!4d108.8217283!16s%2Fg%2F11yqlz790z!19sChIJBa9e_MUhbzERv1M2M-gRfhA?authuser=0&hl=en&rclk=1
2026-09-05 15:03:55,770 | INFO | Valid Google Maps Place URL opened.
2026-09-05 15:04:01,215 | INFO | Address check | score=0.0000 | status=NEED_REVIEW | reason=MISSING_MAPS_ADDRESS
2026-09-05 15:04:01,216 | INFO | Opening Maps URL | attempt=1/3
2026-09-05 15:04:04,288 | INFO | Current Maps URL: https://www.google.com/maps/place/NH%C3%80+NGH%E1%BB%88+THU+PH%C6%AF%C6%A0NG+B%E1%BB%9D+K%C3%A8+Ph%C3%BA+Thi%E1%BB%87n/data=!4m7!3m6!1s0x316e63463fa99835:0x3eedf87ba84cec2a!8m2!3d13.5266875!4d108.3101875!16s%2Fg%2F11yqsy0h40!19sChIJNZipP0ZjbjERKuxMqHv47T4?authuser=0&hl=en&rclk=1
2026-09-05 15:04:04,288 | INFO | Valid Google Maps Place URL opened.
2026-09-05 15:04:09,630 | INFO | Address check | score=0.0000 | status=NEED_REVIEW | reason=MISSING_MAPS_ADDRESS
2026-09-05 15:04:09,634 | INFO | Opening Maps URL | attempt=1/3
2026-09-05 15:04:12,576 | INFO | Current Maps URL: https://www.google.com/maps/place/Nh%C3%A0+Ngh%E1%BB%89+Trung+H%C6%B0%C6%A1ng/data=!4m7!3m6!1s0x316e5daec840c3bf:0x19324b04b4f3487a!8m2!3d13.4095957!4d108.4408021!16s%2Fg%2F11fljjrw0x!19sChIJv8NAyK5dbjERekjztARLMhk?authuser=0&hl=en&rclk=1
2026-09-05 15:04:12,576 | INFO | Valid Google Maps Place URL opened.
2026-09-05 15:04:18,065 | INFO | Address check | score=0.0000 | status=NEED_REVIEW | reason=MISSING_MAPS_ADDRESS
2026-09-05 15:04:18,068 | INFO | Opening Maps URL | attempt=1/3
2026-09-05 15:04:21,134 | INFO | Current Maps URL: https://www.google.com/maps/place/Simple+homestay/data=!4m7!3m6!1s0x316f6ddcfd2cd95f:0xb4ca25f2bca1d1a9!8m2!3d13.7670416!4d109.2235634!16s%2Fg%2F11kb0nbd3g!19sChIJX9ks_dxtbzERqdGhvPIlyrQ?authuser=0&hl=en&rclk=1
2026-09-05 15:04:21,135 | INFO | Valid Google Maps Place URL opened.
2026-09-05 15:04:26,580 | INFO | Address check | score=0.0000 | status=NEED_REVIEW | reason=MISSING_MAPS_ADDRESS
2026-09-05 15:04:26,581 | INFO | Opening Maps URL | attempt=1/3
2026-09-05 15:04:29,565 | INFO | Current Maps URL: https://www.google.com/maps/place/Villa+Happy+House/data=!4m7!3m6!1s0x316f6b597e8393ab:0x5b920c0e649d72b6!8m2!3d13.7922273!4d109.2089369!16s%2Fg%2F11ntntzmgr!19sChIJq5ODfllrbzERtnKdZA4Mkls?authuser=0&hl=en&rclk=1
2026-09-05 15:04:29,565 | INFO | Valid Google Maps Place URL opened.
2026-09-05 15:04:34,992 | INFO | Address check | score=0.0000 | status=NEED_REVIEW | reason=MISSING_MAPS_ADDRESS
2026-09-05 15:04:34,997 | INFO | Opening Maps URL | attempt=1/3
2026-09-05 15:04:37,956 | INFO | Current Maps URL: https://www.google.com/maps/place/Homestay+nh%C3%A0+ch%C3%BAt/data=!4m7!3m6!1s0x316c210030e7ec1b:0x2c17bc58418eb724!8m2!3d13.9570174!4d108.0182003!16s%2Fg%2F11zh1vtmcf!19sChIJG-znMAAhbDERJLeOQVi8Fyw?authuser=0&hl=en&rclk=1
2026-09-05 15:04:37,956 | INFO | Valid Google Maps Place URL opened.
2026-09-05 15:04:43,367 | INFO | Address check | score=0.0000 | status=NEED_REVIEW | reason=MISSING_MAPS_ADDRESS
2026-09-05 15:04:43,369 | INFO | Opening Maps URL | attempt=1/3
2026-09-05 15:04:46,388 | INFO | Current Maps URL: https://www.google.com/maps/place/Kh%C3%A1ch+S%E1%BA%A1n+Ho%C3%A0ng+H%E1%BA%A3o+2/data=!4m10!3m9!1s0x316c1f8a4697d387:0x408037abc5baeddc!5m2!4m1!1i2!8m2!3d13.9706493!4d108.0201596!16s%2Fg%2F11cs32f7v9!19sChIJh9OXRoofbDER3O26xas3gEA?authuser=0&hl=en&rclk=1
2026-09-05 15:04:46,388 | INFO | Valid Google Maps Place URL opened.
2026-09-05 15:04:51,769 | INFO | Address check | score=0.0000 | status=NEED_REVIEW | reason=MISSING_MAPS_ADDRESS
2026-09-05 15:04:51,770 | INFO | Opening Maps URL | attempt=1/3
2026-09-05 15:04:54,656 | INFO | Current Maps URL: https://www.google.com/maps/place/Kh%C3%A1ch+S%E1%BA%A1n+Nguy%C3%AAn+C%C6%B0%E1%BB%9Dng/data=!4m7!3m6!1s0x316ea016f7e2631f:0x4f57e86b01a27547!8m2!3d13.9797827!4d108.0686663!16s%2Fg%2F11c1t5j3zw!19sChIJH2Pi9xagbjERR3WiAWvoV08?authuser=0&hl=en&rclk=1
2026-09-05 15:04:54,656 | INFO | Valid Google Maps Place URL opened.
2026-09-05 15:05:00,033 | INFO | Address check | score=0.0000 | status=NEED_REVIEW | reason=MISSING_MAPS_ADDRESS
2026-09-05 15:05:00,033 | INFO | CHECKPOINT | processed=1270 | matched=2 | mismatched=10 | review=1258
2026-09-05 15:05:00,795 | INFO | Excel saved: D:\Product-Google-Maps\output\hotels_export_google_maps_checked.xlsx
2026-09-05 15:05:00,796 | INFO | Opening Maps URL | attempt=1/3
2026-09-05 15:05:03,729 | INFO | Current Maps URL: https://www.google.com/maps/place/M%E1%BB%99c+homestay+6/data=!4m7!3m6!1s0x316f436ee85a40d7:0x5978b54391177241!8m2!3d13.875229!4d109.2919766!16s%2Fg%2F11sk8tqr86!19sChIJ10Ba6G5DbzERQXIXkUO1eFk?authuser=0&hl=en&rclk=1
2026-09-05 15:05:03,729 | INFO | Valid Google Maps Place URL opened.
2026-09-05 15:05:09,162 | INFO | Address check | score=0.0000 | status=NEED_REVIEW | reason=MISSING_MAPS_ADDRESS
2026-09-05 15:05:09,163 | INFO | Opening Maps URL | attempt=1/3
2026-09-05 15:05:12,217 | INFO | Current Maps URL: https://www.google.com/maps/place/Nh%C3%A0+Ngh%E1%BB%89+Ho%C3%A0ng+Uy%C3%AAn/data=!4m7!3m6!1s0x316ea00e6e355f4d:0x87f02b004e5a4554!8m2!3d13.9817629!4d108.0577537!16s%2Fg%2F1jkvpvsmn!19sChIJTV81bg6gbjERVEVaTgAr8Ic?authuser=0&hl=en&rclk=1
2026-09-05 15:05:12,218 | INFO | Valid Google Maps Place URL opened.
2026-09-05 15:05:17,692 | INFO | Address check | score=0.0000 | status=NEED_REVIEW | reason=MISSING_MAPS_ADDRESS
2026-09-05 15:05:17,693 | INFO | Opening Maps URL | attempt=1/3
2026-09-05 15:05:20,816 | INFO | Current Maps URL: https://www.google.com/maps/place/Nh%C3%A0+Ngh%E1%BB%89+Motel+%C4%90%E1%BB%93ng+Qu%C3%AA/data=!4m7!3m6!1s0x316f3bb648a26559:0x16c8d7eb3bba6892!8m2!3d14.015779!4d109.0566763!16s%2Fg%2F11j4y7cssg!19sChIJWWWiSLY7bzERkmi6O-vXyBY?authuser=0&hl=en&rclk=1
2026-09-05 15:05:20,816 | INFO | Valid Google Maps Place URL opened.
2026-09-05 15:05:26,123 | INFO | Address check | score=0.0000 | status=NEED_REVIEW | reason=MISSING_MAPS_ADDRESS
2026-09-05 15:05:26,127 | INFO | Opening Maps URL | attempt=1/3
2026-09-05 15:05:28,485 | INFO | Current Maps URL: https://www.google.com/maps/place/Gi%C3%B3+Homestay+-+Pleiku+-+Quadruple+Room/data=!4m11!3m10!1s0x316c1fa13692f1cd:0x5dd5f348330024f0!5m2!4m1!1i2!8m2!3d13.9972096!4d108.0047989!16s%2Fg%2F11nc047x0g!17BQ0FF!19sChIJzfGSNqEfbDER8CQAM0jz1V0?authuser=0&hl=en&rclk=1
2026-09-05 15:05:28,485 | INFO | Valid Google Maps Place URL opened.
2026-09-05 15:05:33,805 | INFO | Address check | score=0.0000 | status=NEED_REVIEW | reason=MISSING_MAPS_ADDRESS
2026-09-05 15:05:33,810 | INFO | Opening Maps URL | attempt=1/3
2026-09-05 15:05:36,763 | INFO | Current Maps URL: https://www.google.com/maps/place/Homestay+T%C3%A2y+c%C3%B9+lao/data=!4m7!3m6!1s0x316f717ccdffec7d:0xe52bef30c8cedc68!8m2!3d13.6116026!4d109.3564229!16s%2Fg%2F11sgtgxskg!19sChIJfez_zXxxbzERaNzOyDDvK-U?authuser=0&hl=en&rclk=1
2026-09-05 15:05:36,764 | INFO | Valid Google Maps Place URL opened.
2026-09-05 15:05:42,164 | INFO | Address check | score=0.0000 | status=NEED_REVIEW | reason=MISSING_MAPS_ADDRESS
2026-09-05 15:05:42,180 | INFO | Opening Maps URL | attempt=1/3
2026-09-05 15:05:44,504 | INFO | Current Maps URL: https://www.google.com/maps/place/La+Ng%C3%A2u+M%C6%A1+B%C3%AAn+Su%E1%BB%91i+-+Bungalow/data=!4m11!3m10!1s0x316ebb7310484ca7:0xa5053a6571077552!5m2!4m1!1i2!8m2!3d14.05832!4d108.2771988!16s%2Fg%2F11z5wt12xb!17BQ0FF!19sChIJp0xIEHO7bjERUnUHcWU6BaU?authuser=0&hl=en&rclk=1
2026-09-05 15:05:44,504 | INFO | Valid Google Maps Place URL opened.
2026-09-05 15:05:49,892 | INFO | Address check | score=0.0000 | status=NEED_REVIEW | reason=MISSING_MAPS_ADDRESS
2026-09-05 15:05:49,897 | INFO | Opening Maps URL | attempt=1/3
2026-09-05 15:05:53,140 | INFO | Current Maps URL: https://www.google.com/maps/place/Lalan+Homestay/data=!4m7!3m6!1s0x316f6ce88a284017:0xaf9dd685b2bc36b3!8m2!3d13.7540194!4d109.2148888!16s%2Fg%2F11mvrqnrx2!19sChIJF0AoiuhsbzERsza8soXWna8?authuser=0&hl=en&rclk=1
2026-09-05 15:05:53,140 | INFO | Valid Google Maps Place URL opened.
2026-09-05 15:05:58,567 | INFO | Address check | score=0.0000 | status=NEED_REVIEW | reason=MISSING_MAPS_ADDRESS
2026-09-05 15:05:58,568 | INFO | Opening Maps URL | attempt=1/3
2026-09-05 15:06:01,517 | INFO | Current Maps URL: https://www.google.com/maps/place/Nh%C3%A0+c%E1%BB%A7a+b%E1%BA%A3o+-Homestay+%26+Chill/data=!4m7!3m6!1s0x316c1f000aa3c2c3:0x547888177df4e3a6!8m2!3d13.9908103!4d107.9698927!16s%2Fg%2F11z6pvyhys!19sChIJw8KjCgAfbDERpuP0fReIeFQ?authuser=0&hl=en&rclk=1
2026-09-05 15:06:01,521 | INFO | Valid Google Maps Place URL opened.
2026-09-05 15:06:06,850 | INFO | Address check | score=0.0000 | status=NEED_REVIEW | reason=MISSING_MAPS_ADDRESS
2026-09-05 15:06:06,851 | INFO | Opening Maps URL | attempt=1/3
2026-09-05 15:06:09,946 | INFO | Current Maps URL: https://www.google.com/maps/place/NH%C3%80+NGH%E1%BB%88+PH%C3%9AC+KH%C3%81NH/data=!4m10!3m9!1s0x316e5dfc3979018b:0x309a59b6b8389c63!5m2!4m1!1i2!8m2!3d13.4031645!4d108.4446144!16s%2Fg%2F11j8shdrq6!19sChIJiwF5OfxdbjERY5w4uLZZmjA?authuser=0&hl=en&rclk=1
2026-09-05 15:06:09,946 | INFO | Valid Google Maps Place URL opened.
2026-09-05 15:06:15,255 | INFO | Address check | score=0.0000 | status=NEED_REVIEW | reason=MISSING_MAPS_ADDRESS
2026-09-05 15:06:15,256 | INFO | Opening Maps URL | attempt=1/3
2026-09-05 15:06:18,416 | INFO | Current Maps URL: https://www.google.com/maps/place/nh%C3%A0+ngh%E1%BB%89+H%E1%BB%93ng+Ph%C6%B0%C6%A1ng/data=!4m7!3m6!1s0x316c37eeaaaaaaab:0x2bfdd2ef7f0cccb5!8m2!3d13.8004238!4d107.6932776!16s%2Fg%2F11c5xvm91l!19sChIJq6qqqu43bDERtcwMf-_S_Ss?authuser=0&hl=en&rclk=1
2026-09-05 15:06:18,417 | INFO | Valid Google Maps Place URL opened.
2026-09-05 15:06:23,769 | INFO | Address check | score=0.0000 | status=NEED_REVIEW | reason=MISSING_MAPS_ADDRESS
2026-09-05 15:06:23,770 | INFO | CHECKPOINT | processed=1280 | matched=2 | mismatched=10 | review=1268
2026-09-05 15:06:24,325 | INFO | Excel saved: D:\Product-Google-Maps\output\hotels_export_google_maps_checked.xlsx
2026-09-05 15:06:24,326 | INFO | Opening Maps URL | attempt=1/3
2026-09-05 15:06:27,287 | INFO | Current Maps URL: https://www.google.com/maps/place/KH%C3%81CH+S%E1%BA%A0N+H%C6%AF%C6%A0NG+R%E1%BB%AANG/data=!4m7!3m6!1s0x316c37001f0869a5:0x33040b23b122a2a2!8m2!3d13.7946831!4d107.6971636!16s%2Fg%2F11y03bxsk4!19sChIJpWkIHwA3bDERoqIisSMLBDM?authuser=0&hl=en&rclk=1
2026-09-05 15:06:27,287 | INFO | Valid Google Maps Place URL opened.
2026-09-05 15:06:32,643 | INFO | Address check | score=0.0000 | status=NEED_REVIEW | reason=MISSING_MAPS_ADDRESS
2026-09-05 15:06:32,644 | INFO | Opening Maps URL | attempt=1/3
2026-09-05 15:06:35,786 | INFO | Current Maps URL: https://www.google.com/maps/place/%E1%BA%A4p+Hotel/data=!4m7!3m6!1s0x316f6cc0720dc5a9:0x69f917bae38dbfb6!8m2!3d13.7634849!4d109.2100051!16s%2Fg%2F11rkcsy15h!19sChIJqcUNcsBsbzERtr-N47oX-Wk?authuser=0&hl=en&rclk=1
2026-09-05 15:06:35,786 | INFO | Valid Google Maps Place URL opened.
2026-09-05 15:06:41,108 | INFO | Address check | score=0.0000 | status=NEED_REVIEW | reason=MISSING_MAPS_ADDRESS
2026-09-05 15:06:41,112 | INFO | Opening Maps URL | attempt=1/3
2026-09-05 15:06:44,095 | INFO | Current Maps URL: https://www.google.com/maps/place/BB+PET%E2%80%99S+TOWN+Quy+Nh%C6%A1n+-+Grooming,+Spa,+Hotel/data=!4m7!3m6!1s0x316f6dcbb0dbdbff:0x4197815d5fc33f39!8m2!3d13.7705108!4d109.2159367!16s%2Fg%2F11ryhd7gk0!19sChIJ_9vbsMttbzEROT_DX12Bl0E?authuser=0&hl=en&rclk=1
2026-09-05 15:06:44,098 | INFO | Valid Google Maps Place URL opened.
2026-09-05 15:06:49,553 | INFO | Address check | score=0.0000 | status=NEED_REVIEW | reason=MISSING_MAPS_ADDRESS
2026-09-05 15:06:49,555 | INFO | Opening Maps URL | attempt=1/3
2026-09-05 15:06:52,523 | INFO | Current Maps URL: https://www.google.com/maps/place/H%E1%BB%AFu+%26+Ngh%E1%BB%8B+garden+Villa+-+126%2F1+L%C3%AA+%C4%90%E1%BA%A1i+H%C3%A0nh/data=!4m7!3m6!1s0x316c1f0034ce2043:0xdf5415431b703b5f!8m2!3d14.0071673!4d107.988312!16s%2Fg%2F11nq0ycw7x!19sChIJQyDONAAfbDERXztwG0MVVN8?authuser=0&hl=en&rclk=1
2026-09-05 15:06:52,523 | INFO | Valid Google Maps Place URL opened.
2026-09-05 15:06:57,904 | INFO | Address check | score=0.0000 | status=NEED_REVIEW | reason=MISSING_MAPS_ADDRESS
2026-09-05 15:06:57,905 | INFO | Opening Maps URL | attempt=1/3
2026-09-05 15:07:00,777 | INFO | Current Maps URL: https://www.google.com/maps/place/M%C6%A1+Homestay+Pleiku/data=!4m7!3m6!1s0x316c1f15e6f7c947:0x2c373219e482da06!8m2!3d13.9778455!4d107.9871354!16s%2Fg%2F11zdchvp1w!19sChIJR8n35hUfbDERBtqC5BkyNyw?authuser=0&hl=en&rclk=1
2026-09-05 15:07:00,777 | INFO | Valid Google Maps Place URL opened.
2026-09-05 15:07:06,309 | INFO | Address check | score=0.0000 | status=NEED_REVIEW | reason=MISSING_MAPS_ADDRESS
2026-09-05 15:07:06,314 | INFO | Opening Maps URL | attempt=1/3
2026-09-05 15:07:09,329 | INFO | Current Maps URL: https://www.google.com/maps/place/Nh%C3%A0+ngh%E1%BB%89+%26+Homestay+Linh+%C4%90an/data=!4m7!3m6!1s0x316c2f0be452a01b:0xa274c8a67da549bd!8m2!3d13.7586287!4d107.884116!16s%2Fg%2F11x911l0m6!19sChIJG6BS5AsvbDERvUmlfabIdKI?authuser=0&hl=en&rclk=1
2026-09-05 15:07:09,329 | INFO | Valid Google Maps Place URL opened.
2026-09-05 15:07:14,661 | INFO | Address check | score=0.0000 | status=NEED_REVIEW | reason=MISSING_MAPS_ADDRESS
2026-09-05 15:07:14,664 | INFO | Opening Maps URL | attempt=1/3
2026-09-05 15:07:17,663 | INFO | Current Maps URL: https://www.google.com/maps/place/Hotel+Tr%E1%BA%A7n+Anh+Quy+Nh%C6%A1n/data=!4m10!3m9!1s0x316f6c9585f4dc0b:0xce9cd0b72f76e90!5m2!4m1!1i2!8m2!3d13.7674083!4d109.2126446!16s%2Fg%2F11gfbcj3xj!19sChIJC9z0hZVsbzERkG73cgvN6Qw?authuser=0&hl=en&rclk=1
2026-09-05 15:07:17,663 | INFO | Valid Google Maps Place URL opened.
2026-09-05 15:07:22,761 | INFO | Address check | score=0.0000 | status=NEED_REVIEW | reason=MISSING_MAPS_ADDRESS
2026-09-05 15:07:22,762 | INFO | Opening Maps URL | attempt=1/3
2026-09-05 15:07:25,717 | INFO | Current Maps URL: https://www.google.com/maps/place/Mimon+Homestay+Cat+Tien/data=!4m7!3m6!1s0x316f470013e55253:0x3513a5d842725fe7!8m2!3d14.0507194!4d109.2233262!16s%2Fg%2F11z9qzsmd_!19sChIJU1LlEwBHbzER519yQtilEzU?authuser=0&hl=en&rclk=1
2026-09-05 15:07:25,717 | INFO | Valid Google Maps Place URL opened.
2026-09-05 15:07:31,159 | INFO | Address check | score=0.0000 | status=NEED_REVIEW | reason=MISSING_MAPS_ADDRESS
2026-09-05 15:07:31,160 | INFO | Opening Maps URL | attempt=1/3
2026-09-05 15:07:34,097 | INFO | Current Maps URL: https://www.google.com/maps/place/Nh%C3%A0+ngh%E1%BB%89+365/data=!4m7!3m6!1s0x316dd15f9ad74cdb:0x2c87bcda5ad835d3!8m2!3d13.4889889!4d107.8746469!16s%2Fg%2F11st7z2fhf!19sChIJ20zXml_RbTER0zXYWtq8hyw?authuser=0&hl=en&rclk=1
2026-09-05 15:07:34,097 | INFO | Valid Google Maps Place URL opened.
2026-09-05 15:07:39,549 | INFO | Address check | score=0.0000 | status=NEED_REVIEW | reason=MISSING_MAPS_ADDRESS
2026-09-05 15:07:39,598 | INFO | Opening Maps URL | attempt=1/3
2026-09-05 15:07:42,504 | INFO | Current Maps URL: https://www.google.com/maps/place/Nh%C3%A0+Ngh%E1%BB%89+An+%C4%90%C3%B4ng/data=!4m7!3m6!1s0x316f3b9735107e59:0x60f2fb792691ba6b!8m2!3d13.99285!4d109.0588998!16s%2Fg%2F12mj_s2yt!19sChIJWX4QNZc7bzERa7qRJnn78mA?authuser=0&hl=en&rclk=1
2026-09-05 15:07:42,504 | INFO | Valid Google Maps Place URL opened.
2026-09-05 15:07:47,862 | INFO | Address check | score=0.0000 | status=NEED_REVIEW | reason=MISSING_MAPS_ADDRESS
2026-09-05 15:07:47,862 | INFO | CHECKPOINT | processed=1290 | matched=2 | mismatched=10 | review=1278
2026-09-05 15:07:48,395 | INFO | Excel saved: D:\Product-Google-Maps\output\hotels_export_google_maps_checked.xlsx
2026-09-05 15:07:48,396 | INFO | Opening Maps URL | attempt=1/3
2026-09-05 15:07:51,292 | INFO | Current Maps URL: https://www.google.com/maps/place/Nh%C3%A0+Ngh%E1%BB%89+Ho%C3%A0ng+Gia+2/data=!4m7!3m6!1s0x316c21d6d4553cbf:0x897946a59fd83bcb!8m2!3d13.9653603!4d107.991996!16s%2Fg%2F1pp2v30wg!19sChIJvzxV1NYhbDERyzvYn6VGeYk?authuser=0&hl=en&rclk=1
2026-09-05 15:07:51,292 | INFO | Valid Google Maps Place URL opened.
2026-09-05 15:07:56,822 | INFO | Address check | score=0.0000 | status=NEED_REVIEW | reason=MISSING_MAPS_ADDRESS
2026-09-05 15:07:56,823 | INFO | Opening Maps URL | attempt=1/3
2026-09-05 15:07:59,949 | INFO | Current Maps URL: https://www.google.com/maps/place/Nh%C3%A0+Ngh%E1%BB%89+Ho%C3%A0ng+Ti%E1%BA%BFn/data=!4m7!3m6!1s0x316f3c741d38c69b:0x798c2361db1c5534!8m2!3d13.9706513!4d109.0635855!16s%2Fg%2F11f12qcdhh!19sChIJm8Y4HXQ8bzERNFUc22EjjHk?authuser=0&hl=en&rclk=1
2026-09-05 15:07:59,949 | INFO | Valid Google Maps Place URL opened.
2026-09-05 15:08:05,294 | INFO | Address check | score=0.0000 | status=NEED_REVIEW | reason=MISSING_MAPS_ADDRESS
2026-09-05 15:08:05,297 | INFO | Opening Maps URL | attempt=1/3
2026-09-05 15:08:08,334 | INFO | Current Maps URL: https://www.google.com/maps/place/Nh%C3%A0+Ngh%E1%BB%89+Tr%C3%BAc+Linh/data=!4m7!3m6!1s0x3168d1bf64c5d941:0x90edd11bd0f312d2!8m2!3d14.3646405!4d108.9735584!16s%2Fg%2F11b682sg_9!19sChIJQdnFZL_RaDER0hLz0BvR7ZA?authuser=0&hl=en&rclk=1
2026-09-05 15:08:08,334 | INFO | Valid Google Maps Place URL opened.
2026-09-05 15:08:13,809 | INFO | Address check | score=0.0000 | status=NEED_REVIEW | reason=MISSING_MAPS_ADDRESS
2026-09-05 15:08:13,810 | INFO | Opening Maps URL | attempt=1/3
2026-09-05 15:08:16,868 | INFO | Current Maps URL: https://www.google.com/maps/place/PHUONG+LAN+Homestay/data=!4m7!3m6!1s0x316f6d002ce91fe5:0x1bb65eb52ad379e0!8m2!3d13.7760789!4d109.2357319!16s%2Fg%2F11z0gh7nqc!19sChIJ5R_pLABtbzER4HnTKrVeths?authuser=0&hl=en&rclk=1
2026-09-05 15:08:16,868 | INFO | Valid Google Maps Place URL opened.
2026-09-05 15:08:22,355 | INFO | Address check | score=0.0000 | status=NEED_REVIEW | reason=MISSING_MAPS_ADDRESS
2026-09-05 15:08:22,356 | INFO | Opening Maps URL | attempt=1/3
2026-09-05 15:08:25,289 | INFO | Current Maps URL: https://www.google.com/maps/place/TMS+Quy+Nh%C6%A1n+Luxury+Homestay/data=!4m7!3m6!1s0x4165c57f9cfbcfd:0xfc90c2c15bd51712!8m2!3d13.7702308!4d109.2332536!16s%2Fg%2F11lz7gprnh!19sChIJ_bzP-VdcFgQREhfVW8HCkPw?authuser=0&hl=en&rclk=1
2026-09-05 15:08:25,289 | INFO | Valid Google Maps Place URL opened.
2026-09-05 15:08:30,445 | INFO | Address check | score=0.0000 | status=NEED_REVIEW | reason=MISSING_MAPS_ADDRESS
2026-09-05 15:08:30,446 | INFO | Opening Maps URL | attempt=1/3
2026-09-05 15:08:33,570 | INFO | Current Maps URL: https://www.google.com/maps/place/T%E1%BB%95+Cam+Homestay-+Quy+Nh%C6%A1n/data=!4m7!3m6!1s0x316f6d8b91efd481:0x6a552d31fbc7f9a0!8m2!3d13.7702308!4d109.2332536!16s%2Fg%2F11krhq5q1b!19sChIJgdTvkYttbzERoPnH-zEtVWo?authuser=0&hl=en&rclk=1
2026-09-05 15:08:33,570 | INFO | Valid Google Maps Place URL opened.
2026-09-05 15:08:38,969 | INFO | Address check | score=0.0000 | status=NEED_REVIEW | reason=MISSING_MAPS_ADDRESS
2026-09-05 15:08:38,971 | INFO | Opening Maps URL | attempt=1/3
2026-09-05 15:08:42,058 | INFO | Current Maps URL: https://www.google.com/maps/place/Homestay+Blue+Sea/data=!4m7!3m6!1s0x316f6d648a8214cd:0x26e9d0472e7f9641!8m2!3d13.7840799!4d109.2242553!16s%2Fg%2F11hyq8t7vs!19sChIJzRSCimRtbzERQZZ_LkfQ6SY?authuser=0&hl=en&rclk=1
2026-09-05 15:08:42,058 | INFO | Valid Google Maps Place URL opened.
2026-09-05 15:08:47,492 | INFO | Address check | score=0.0000 | status=NEED_REVIEW | reason=MISSING_MAPS_ADDRESS
2026-09-05 15:08:47,496 | INFO | Opening Maps URL | attempt=1/3
2026-09-05 15:08:50,419 | INFO | Current Maps URL: https://www.google.com/maps/place/Just+Beachy+Homestay/data=!4m7!3m6!1s0x316f6cc14dd05e33:0x46ddd6f0bca1b6bb!8m2!3d13.7597962!4d109.2060812!16s%2Fg%2F11h0x1r9bf!19sChIJM17QTcFsbzERu7ahvPDW3UY?authuser=0&hl=en&rclk=1
2026-09-05 15:08:50,420 | INFO | Valid Google Maps Place URL opened.
2026-09-05 15:08:55,448 | INFO | Address check | score=0.0000 | status=NEED_REVIEW | reason=MISSING_MAPS_ADDRESS
2026-09-05 15:08:55,449 | INFO | Opening Maps URL | attempt=1/3
2026-09-05 15:08:58,559 | INFO | Current Maps URL: https://www.google.com/maps/place/Kap+Homestay+Pleiku-Lake+view/data=!4m11!3m10!1s0x316c1e2c74cb9119:0x86600b7927a7aa49!5m2!4m1!1i2!8m2!3d14.0157185!4d108.0418243!16s%2Fg%2F11zbhy208h!17BQ0FF!19sChIJGZHLdCwebDERSaqnJ3kLYIY?authuser=0&hl=en&rclk=1
2026-09-05 15:08:58,559 | INFO | Valid Google Maps Place URL opened.
2026-09-05 15:09:04,024 | INFO | Address check | score=0.0000 | status=NEED_REVIEW | reason=MISSING_MAPS_ADDRESS
2026-09-05 15:09:04,025 | INFO | Opening Maps URL | attempt=1/3
2026-09-05 15:09:07,095 | INFO | Current Maps URL: https://www.google.com/maps/place/Nh%C3%A0+Ngh%E1%BB%89+171/data=!4m7!3m6!1s0x316f6c822bb7f2b7:0x6247db24e1d01a40!8m2!3d13.78222!4d109.2294!16s%2Fg%2F11gh9q4lg6!19sChIJt_K3K4JsbzERQBrQ4STbR2I?authuser=0&hl=en&rclk=1
2026-09-05 15:09:07,095 | INFO | Valid Google Maps Place URL opened.
2026-09-05 15:09:12,554 | INFO | Address check | score=0.0000 | status=NEED_REVIEW | reason=MISSING_MAPS_ADDRESS
2026-09-05 15:09:12,555 | INFO | CHECKPOINT | processed=1300 | matched=2 | mismatched=10 | review=1288
2026-09-05 15:09:13,082 | INFO | Excel saved: D:\Product-Google-Maps\output\hotels_export_google_maps_checked.xlsx
2026-09-05 15:09:13,083 | INFO | Opening Maps URL | attempt=1/3
2026-09-05 15:09:16,087 | INFO | Current Maps URL: https://www.google.com/maps/place/Nh%C3%A0+Ngh%E1%BB%89+C%E1%BB%8F+Ti%C3%AAn/data=!4m7!3m6!1s0x316e43a6a88de0c1:0x3b7d87bbae29d21b!8m2!3d13.4012742!4d108.4487172!16s%2Fg%2F11s221wd9b!19sChIJweCNqKZDbjERG9IprruHfTs?authuser=0&hl=en&rclk=1
2026-09-05 15:09:16,088 | INFO | Valid Google Maps Place URL opened.
2026-09-05 15:09:21,473 | INFO | Address check | score=0.0000 | status=NEED_REVIEW | reason=MISSING_MAPS_ADDRESS
2026-09-05 15:09:21,474 | INFO | Opening Maps URL | attempt=1/3
2026-09-05 15:09:24,323 | INFO | Current Maps URL: https://www.google.com/maps/place/Nh%C3%A0+Ngh%E1%BB%89+Ngo%E1%BA%A1i+%C3%94+II/data=!4m7!3m6!1s0x316c1f1b92f565b7:0xd2fc9d0c1b8d3ad3!8m2!3d14.009556!4d107.9844782!16s%2Fg%2F11hm44slkx!19sChIJt2X1khsfbDER0zqNGwyd_NI?authuser=0&hl=en&rclk=1
2026-09-05 15:09:24,323 | INFO | Valid Google Maps Place URL opened.
2026-09-05 15:09:29,698 | INFO | Address check | score=0.0000 | status=NEED_REVIEW | reason=MISSING_MAPS_ADDRESS
2026-09-05 15:09:29,699 | INFO | Opening Maps URL | attempt=1/3
2026-09-05 15:09:32,613 | INFO | Current Maps URL: https://www.google.com/maps/place/Quang+L%E1%BA%ADp+homestay/data=!4m7!3m6!1s0x316f470009bbd0d1:0x91a5398d25a43402!8m2!3d14.0284158!4d109.237895!16s%2Fg%2F11zd9dw2sb!19sChIJ0dC7CQBHbzERAjSkJY05pZE?authuser=0&hl=en&rclk=1
2026-09-05 15:09:32,613 | INFO | Valid Google Maps Place URL opened.
2026-09-05 15:09:38,026 | INFO | Address check | score=0.0000 | status=NEED_REVIEW | reason=MISSING_MAPS_ADDRESS
2026-09-05 15:09:38,029 | INFO | Opening Maps URL | attempt=1/3
2026-09-05 15:09:40,864 | INFO | Current Maps URL: https://www.google.com/maps/place/Teemo+Homestay+2+Quy+Nhon/data=!4m7!3m6!1s0x316f6c95dad52c17:0x795167e2674830cc!8m2!3d13.7686991!4d109.2138616!16s%2Fg%2F11fnwhv2y4!19sChIJFyzV2pVsbzERzDBIZ-JnUXk?authuser=0&hl=en&rclk=1
2026-09-05 15:09:40,864 | INFO | Valid Google Maps Place URL opened.
2026-09-05 15:09:45,985 | INFO | Address check | score=0.0000 | status=NEED_REVIEW | reason=MISSING_MAPS_ADDRESS
2026-09-05 15:09:45,986 | INFO | Opening Maps URL | attempt=1/3
2026-09-05 15:09:48,859 | INFO | Current Maps URL: https://www.google.com/maps/place/Two+Sisters+Homestay/data=!4m10!3m9!1s0x316f6c8f8a1ce58b:0xd9a909fa4837288d!5m2!4m1!1i2!8m2!3d13.7739803!4d109.2254967!16s%2Fg%2F11hzxj6n75!19sChIJi-Ucio9sbzERjSg3SPoJqdk?authuser=0&hl=en&rclk=1
2026-09-05 15:09:48,859 | INFO | Valid Google Maps Place URL opened.
2026-09-05 15:09:54,371 | INFO | Address check | score=0.0000 | status=NEED_REVIEW | reason=MISSING_MAPS_ADDRESS
2026-09-05 15:09:54,372 | INFO | Opening Maps URL | attempt=1/3
2026-09-05 15:09:57,309 | INFO | Current Maps URL: https://www.google.com/maps/place/Villa+Eo+Gi%C3%B3/data=!4m11!3m10!1s0x316f421e71241aad:0x734d58c0c7c36298!5m2!4m1!1i2!8m2!3d13.8858995!4d109.2851715!16s%2Fg%2F11ycl2v6pz!17BQ0FF!19sChIJrRokcR5CbzERmGLDx8BYTXM?authuser=0&hl=en&rclk=1
2026-09-05 15:09:57,310 | INFO | Valid Google Maps Place URL opened.
2026-09-05 15:10:02,756 | INFO | Address check | score=0.0000 | status=NEED_REVIEW | reason=MISSING_MAPS_ADDRESS
2026-09-05 15:10:02,757 | INFO | Opening Maps URL | attempt=1/3
2026-09-05 15:10:05,668 | INFO | Current Maps URL: https://www.google.com/maps/place/%C4%90%E1%BB%93n+c%C3%B4ng+an+Khu+kinh+t%E1%BA%BF+NH%C6%A0N+H%E1%BB%98I/data=!4m7!3m6!1s0x316f6bca132aec89:0x77664d9243490b63!8m2!3d13.8232659!4d109.2602908!16s%2Fg%2F11g6wwszm1!19sChIJiewqE8prbzERYwtJQ5JNZnc?authuser=0&hl=en&rclk=1
2026-09-05 15:10:05,669 | INFO | Valid Google Maps Place URL opened.
2026-09-05 15:10:11,030 | INFO | Address check | score=0.0000 | status=NEED_REVIEW | reason=MISSING_MAPS_ADDRESS
2026-09-05 15:10:11,031 | INFO | Opening Maps URL | attempt=1/3
2026-09-05 15:10:13,870 | INFO | Current Maps URL: https://www.google.com/maps/place/FLC+Sea+Tower+Quy+Nh%C6%A1n+-+Tr%E1%BA%A7n+Apartment./data=!4m7!3m6!1s0x316f6d6937ea7e19:0x9d57388a8e4391ff!8m2!3d13.7559459!4d109.2147864!16s%2Fg%2F11vsz7b47k!19sChIJGX7qN2ltbzER_5FDjoo4V50?authuser=0&hl=en&rclk=1
2026-09-05 15:10:13,871 | INFO | Valid Google Maps Place URL opened.
2026-09-05 15:10:19,263 | INFO | Address check | score=0.0000 | status=NEED_REVIEW | reason=MISSING_MAPS_ADDRESS
2026-09-05 15:10:19,279 | INFO | Opening Maps URL | attempt=1/3
2026-09-05 15:10:22,186 | INFO | Current Maps URL: https://www.google.com/maps/place/Cao+Boutique+Lodge/data=!4m10!3m9!1s0x316f417e5d6c1133:0x26136d7a6814e96d!5m2!4m1!1i2!8m2!3d13.9324435!4d109.2381111!16s%2Fg%2F11xkrsghyg!19sChIJMxFsXX5BbzERbekUaHptEyY?authuser=0&hl=en&rclk=1
2026-09-05 15:10:22,187 | INFO | Valid Google Maps Place URL opened.
2026-09-05 15:10:27,572 | INFO | Address check | score=0.0000 | status=NEED_REVIEW | reason=MISSING_MAPS_ADDRESS
2026-09-05 15:10:27,573 | INFO | Opening Maps URL | attempt=1/3
2026-09-05 15:10:30,622 | INFO | Current Maps URL: https://www.google.com/maps/place/C%C3%B4ng+ty+c%E1%BB%95+ph%E1%BA%A7n+KCN+S%C3%A0i+G%C3%B2n+-+Nh%C6%A1n+H%E1%BB%99i/data=!4m7!3m6!1s0x316f6c8892ee79b3:0xa05d91461c6b73ac!8m2!3d13.8258384!4d109.2648421!16s%2Fg%2F11g6z12cm3!19sChIJs3nukohsbzERrHNrHEaRXaA?authuser=0&hl=en&rclk=1
2026-09-05 15:10:30,623 | INFO | Valid Google Maps Place URL opened.
2026-09-05 15:10:36,006 | INFO | Address check | score=0.0000 | status=NEED_REVIEW | reason=MISSING_MAPS_ADDRESS
2026-09-05 15:10:36,007 | INFO | CHECKPOINT | processed=1310 | matched=2 | mismatched=10 | review=1298
2026-09-05 15:10:36,542 | INFO | Excel saved: D:\Product-Google-Maps\output\hotels_export_google_maps_checked.xlsx
2026-09-05 15:10:36,542 | INFO | Opening Maps URL | attempt=1/3
2026-09-05 15:10:39,479 | INFO | Current Maps URL: https://www.google.com/maps/place/%C3%81nh+D%C6%B0%C6%A1ng+Local+Mini+Tour/data=!4m10!3m9!1s0x316f417ae50cabe5:0x1ceb1f8b50c6a1b!5m2!4m1!1i2!8m2!3d13.9269258!4d109.238459!16s%2Fg%2F11srglphsv!19sChIJ5asM5XpBbzERG2oMtfixzgE?authuser=0&hl=en&rclk=1
2026-09-05 15:10:39,480 | INFO | Valid Google Maps Place URL opened.
2026-09-05 15:10:44,878 | INFO | Address check | score=0.0000 | status=NEED_REVIEW | reason=MISSING_MAPS_ADDRESS
2026-09-05 15:10:44,879 | INFO | Opening Maps URL | attempt=1/3
2026-09-05 15:10:47,777 | INFO | Current Maps URL: https://www.google.com/maps/place/S%C3%A2n+Golf+Links+FLC+Quy+Nh%C6%A1n/data=!4m7!3m6!1s0x316f417e306259a7:0x2ef2f7473ad78675!8m2!3d13.8859764!4d109.2786837!16s%2Fg%2F11pv6sztc6!19sChIJp1liMH5BbzERdYbXOkf38i4?authuser=0&hl=en&rclk=1
2026-09-05 15:10:47,777 | INFO | Valid Google Maps Place URL opened.
2026-09-05 15:10:53,099 | INFO | Address check | score=0.0000 | status=NEED_REVIEW | reason=MISSING_MAPS_ADDRESS
2026-09-05 15:10:53,100 | INFO | Opening Maps URL | attempt=1/3
2026-09-05 15:10:56,089 | INFO | Current Maps URL: https://www.google.com/maps/place/FLC+Zoo+Safari+Park+Quy+Nhon/data=!4m7!3m6!1s0x316f41903a31f421:0x5ab34927be13ce15!8m2!3d13.883574!4d109.2699596!16s%2Fg%2F11s535kry2!19sChIJIfQxOpBBbzERFc4TvidJs1o?authuser=0&hl=en&rclk=1
2026-09-05 15:10:56,090 | INFO | Valid Google Maps Place URL opened.
2026-09-05 15:11:01,540 | INFO | Address check | score=0.0000 | status=NEED_REVIEW | reason=MISSING_MAPS_ADDRESS
2026-09-05 15:11:01,546 | INFO | Opening Maps URL | attempt=1/3
2026-09-05 15:11:04,400 | INFO | Current Maps URL: https://www.google.com/maps/place/Trung+T%C3%A2m+Quy+Nh%C6%A1n/data=!4m7!3m6!1s0x316f6c86ac6fe0f1:0x469bed9d5c1d6f40!8m2!3d13.7789446!4d109.2300568!16s%2Fg%2F11ssxglh6p!19sChIJ8eBvrIZsbzERQG8dXJ3tm0Y?authuser=0&hl=en&rclk=1
2026-09-05 15:11:04,400 | INFO | Valid Google Maps Place URL opened.
2026-09-05 15:11:09,785 | INFO | Address check | score=0.0000 | status=NEED_REVIEW | reason=MISSING_MAPS_ADDRESS
2026-09-05 15:11:09,787 | INFO | Opening Maps URL | attempt=1/3
2026-09-05 15:11:13,041 | INFO | Current Maps URL: https://www.google.com/maps/place/Quy+Nh%C6%A1n+Review/data=!4m7!3m6!1s0x316f6d17d8909051:0x38e2470d27e88c76!8m2!3d13.7555017!4d109.2145168!16s%2Fg%2F11vxh4kk2v!19sChIJUZCQ2BdtbzERdozoJw1H4jg?authuser=0&hl=en&rclk=1
2026-09-05 15:11:13,042 | INFO | Valid Google Maps Place URL opened.
2026-09-05 15:11:18,464 | INFO | Address check | score=0.0000 | status=NEED_REVIEW | reason=MISSING_MAPS_ADDRESS
2026-09-05 15:11:18,465 | INFO | Opening Maps URL | attempt=1/3
2026-09-05 15:11:21,448 | INFO | Current Maps URL: https://www.google.com/maps/place/Trung+t%C3%A2m+X%C3%BAc+ti%E1%BA%BFn+%C4%90%E1%BA%A7u+t%C6%B0+t%E1%BB%89nh+B%C3%ACnh+%C4%90%E1%BB%8Bnh/data=!4m7!3m6!1s0x316f6c8656104811:0xcf4c589e9389a271!8m2!3d13.7761677!4d109.2321828!16s%2Fg%2F1hd_3mjg5!19sChIJEUgQVoZsbzERcaKJk55YTM8?authuser=0&hl=en&rclk=1
2026-09-05 15:11:21,449 | INFO | Valid Google Maps Place URL opened.
2026-09-05 15:11:26,937 | INFO | Address check | score=0.0000 | status=NEED_REVIEW | reason=MISSING_MAPS_ADDRESS
2026-09-05 15:11:26,938 | INFO | Opening Maps URL | attempt=1/3
2026-09-05 15:11:30,152 | INFO | Current Maps URL: https://www.google.com/maps/place/L%C3%A0ng+ch%C3%A0i+Nh%C6%A1n+H%E1%BA%A3i/data=!4m7!3m6!1s0x316f6ea5a029cbd5:0xc17cd7c38fdfde1f!8m2!3d13.7672205!4d109.2918596!16s%2Fg%2F11c58h3pmf!19sChIJ1cspoKVubzERH97fj8PXfME?authuser=0&hl=en&rclk=1
2026-09-05 15:11:30,152 | INFO | Valid Google Maps Place URL opened.
2026-09-05 15:11:35,562 | INFO | Address check | score=0.0000 | status=NEED_REVIEW | reason=MISSING_MAPS_ADDRESS
2026-09-05 15:11:35,563 | INFO | Opening Maps URL | attempt=1/3
2026-09-05 15:11:38,576 | INFO | Current Maps URL: https://www.google.com/maps/place/Nh%C3%A0+Ngh%E1%BB%89+Minh+Kh%C3%A1nh/data=!4m7!3m6!1s0x316f17001f97968b:0xdc2ad29dfaee5d26!8m2!3d13.8533739!4d109.0822786!16s%2Fg%2F11ntrw7hpj!19sChIJi5aXHwAXbzERJl3u-p3SKtw?authuser=0&hl=en&rclk=1
2026-09-05 15:11:38,577 | INFO | Valid Google Maps Place URL opened.
2026-09-05 15:11:43,966 | INFO | Address check | score=0.0000 | status=NEED_REVIEW | reason=MISSING_MAPS_ADDRESS
2026-09-05 15:11:43,973 | INFO | Opening Maps URL | attempt=1/3
2026-09-05 15:11:47,009 | INFO | Current Maps URL: https://www.google.com/maps/place/Khu+%C4%91%C3%B4+th%E1%BB%8B+sinh+th%C3%A1i+Nh%C6%A1n+H%E1%BB%99i+Newciti/data=!4m7!3m6!1s0x316f4112c93511a9:0xea545c5958ed3e26!8m2!3d13.8796516!4d109.2608535!16s%2Fg%2F11h1kcwl26!19sChIJqRE1yRJBbzERJj7tWFlcVOo?authuser=0&hl=en&rclk=1
2026-09-05 15:11:47,009 | INFO | Valid Google Maps Place URL opened.
2026-09-05 15:11:52,498 | INFO | Address check | score=0.0000 | status=NEED_REVIEW | reason=MISSING_MAPS_ADDRESS
2026-09-05 15:11:52,500 | INFO | Opening Maps URL | attempt=1/3
2026-09-05 15:11:55,377 | INFO | Current Maps URL: https://www.google.com/maps/place/Nh%C3%A0+Kh%C3%A1ch+05+L%C3%AA+Lai/data=!4m7!3m6!1s0x316f6cecdb2a3141:0xe5704c9e45ac903d!8m2!3d13.7625336!4d109.219891!16s%2Fg%2F11b67rbkl0!19sChIJQTEq2-xsbzERPZCsRZ5McOU?authuser=0&hl=en&rclk=1
2026-09-05 15:11:55,378 | INFO | Valid Google Maps Place URL opened.
2026-09-05 15:12:00,872 | INFO | Address check | score=0.0000 | status=NEED_REVIEW | reason=MISSING_MAPS_ADDRESS
2026-09-05 15:12:00,873 | INFO | CHECKPOINT | processed=1320 | matched=2 | mismatched=10 | review=1308
2026-09-05 15:12:01,450 | INFO | Excel saved: D:\Product-Google-Maps\output\hotels_export_google_maps_checked.xlsx
2026-09-05 15:12:01,451 | INFO | Opening Maps URL | attempt=1/3
2026-09-05 15:12:04,569 | INFO | Current Maps URL: https://www.google.com/maps/place/Khu+d%C3%A2n+c%C6%B0+%C4%90%C3%B4ng+B%C3%A0n+Th%C3%A0nh/data=!4m7!3m6!1s0x316f3d4285ea19af:0x880cca519cc66375!8m2!3d13.9255257!4d109.0879804!16s%2Fg%2F11hyr__zch!19sChIJrxnqhUI9bzERdWPGnFHKDIg?authuser=0&hl=en&rclk=1
2026-09-05 15:12:04,569 | INFO | Valid Google Maps Place URL opened.
2026-09-05 15:12:09,988 | INFO | Address check | score=0.0000 | status=NEED_REVIEW | reason=MISSING_MAPS_ADDRESS
2026-09-05 15:12:09,989 | INFO | Opening Maps URL | attempt=1/3
2026-09-05 15:12:12,875 | INFO | Current Maps URL: https://www.google.com/maps/place/C%C3%B4ng+Ty+C%E1%BB%95+Ph%E1%BA%A7n+B%C3%AA+T%C3%B4ng+Nh%C6%A1n+H%C3%B4i/data=!4m7!3m6!1s0x316f6c860d83a615:0x40e4c37d7d151407!8m2!3d13.7747788!4d109.2303393!16s%2Fg%2F11w_h6ds00!19sChIJFaaDDYZsbzERBxQVfX3D5EA?authuser=0&hl=en&rclk=1
2026-09-05 15:12:12,878 | INFO | Valid Google Maps Place URL opened.
2026-09-05 15:12:17,916 | INFO | Address check | score=0.0000 | status=NEED_REVIEW | reason=MISSING_MAPS_ADDRESS
2026-09-05 15:12:17,921 | INFO | Opening Maps URL | attempt=1/3
2026-09-05 15:12:20,917 | INFO | Current Maps URL: https://www.google.com/maps/place/Simona+Heights/data=!4m7!3m6!1s0x316f6d03b82a53f3:0xa33e9153889627be!8m2!3d13.7741261!4d109.2370388!16s%2Fg%2F11z1rj_yx7!19sChIJ81MquANtbzERvieWiFORPqM?authuser=0&hl=en&rclk=1
2026-09-05 15:12:20,918 | INFO | Valid Google Maps Place URL opened.
2026-09-05 15:12:26,352 | INFO | Address check | score=0.0000 | status=NEED_REVIEW | reason=MISSING_MAPS_ADDRESS
2026-09-05 15:12:26,356 | INFO | Opening Maps URL | attempt=1/3
2026-09-05 15:12:29,528 | INFO | Current Maps URL: https://www.google.com/maps/place/NOXH+An+Ph%C3%BA+Th%E1%BB%8Bnh/data=!4m7!3m6!1s0x316f6bf81d03120b:0xef48df7618388d74!8m2!3d13.8066167!4d109.2148192!16s%2Fg%2F11rbvv_g45!19sChIJCxIDHfhrbzERdI04GHbfSO8?authuser=0&hl=en&rclk=1
2026-09-05 15:12:29,528 | INFO | Valid Google Maps Place URL opened.
2026-09-05 15:12:34,908 | INFO | Address check | score=0.0000 | status=NEED_REVIEW | reason=MISSING_MAPS_ADDRESS
2026-09-05 15:12:34,911 | INFO | Opening Maps URL | attempt=1/3
2026-09-05 15:12:37,872 | INFO | Current Maps URL: https://www.google.com/maps/place/%C4%90%E1%BB%93i+C%C3%A1t+Ph%C6%B0%C6%A1ng+Mai/data=!4m7!3m6!1s0x316f6b1522ca572d:0x866560384ae5006f!8m2!3d13.8478191!4d109.2675687!16s%2Fg%2F11v0plwpbl!19sChIJLVfKIhVrbzERbwDlSjhgZYY?authuser=0&hl=en&rclk=1
2026-09-05 15:12:37,872 | INFO | Valid Google Maps Place URL opened.
2026-09-05 15:12:43,318 | INFO | Address check | score=0.0000 | status=NEED_REVIEW | reason=MISSING_MAPS_ADDRESS
2026-09-05 15:12:43,319 | INFO | Opening Maps URL | attempt=1/3
2026-09-05 15:12:45,611 | INFO | Current Maps URL: https://www.google.com/maps/place/Legacy+Eco+Hill+Resort+-+Deluxe+Double+Room+with+Sea+View/data=!4m11!3m10!1s0x316f412111b94bbd:0x21ac1732dbbbbc49!5m2!4m1!1i2!8m2!3d13.9426804!4d109.2395478!16s%2Fg%2F11z4sd6d42!17BQ0FF!19sChIJvUu5ESFBbzERSby72zIXrCE?authuser=0&hl=en&rclk=1
2026-09-05 15:12:45,611 | INFO | Valid Google Maps Place URL opened.
2026-09-05 15:12:50,986 | INFO | Address check | score=0.0000 | status=NEED_REVIEW | reason=MISSING_MAPS_ADDRESS
2026-09-05 15:12:50,990 | INFO | Opening Maps URL | attempt=1/3
2026-09-05 15:12:53,990 | INFO | Current Maps URL: https://www.google.com/maps/place/HOMESTAY+Minhouse/data=!4m10!3m9!1s0x316f6da4d5b434bb:0x6c4f0eb7309d5fb7!5m2!4m1!1i2!8m2!3d13.7655625!4d109.2264375!16s%2Fg%2F11nr0bp99s!19sChIJuzS01aRtbzERt1-dMLcOT2w?authuser=0&hl=en&rclk=1
2026-09-05 15:12:53,990 | INFO | Valid Google Maps Place URL opened.
2026-09-05 15:12:59,439 | INFO | Address check | score=0.0000 | status=NEED_REVIEW | reason=MISSING_MAPS_ADDRESS
2026-09-05 15:12:59,441 | INFO | Opening Maps URL | attempt=1/3
2026-09-05 15:13:02,399 | INFO | Current Maps URL: https://www.google.com/maps/place/Nh%C6%A1n+L%C3%BD+Tourist+-+Tour+k%E1%BB%B3+co+eo+gi%C3%B3/data=!4m7!3m6!1s0x316f43ca4eb8bbcd:0xeb5165e52167e97e!8m2!3d13.8817045!4d109.2895099!16s%2Fg%2F11txvb2jtj!19sChIJzbu4TspDbzERfulnIeVlUes?authuser=0&hl=en&rclk=1
2026-09-05 15:13:02,400 | INFO | Valid Google Maps Place URL opened.
2026-09-05 15:13:07,848 | INFO | Address check | score=0.0000 | status=NEED_REVIEW | reason=MISSING_MAPS_ADDRESS
2026-09-05 15:13:07,849 | INFO | Opening Maps URL | attempt=1/3
2026-09-05 15:13:10,691 | INFO | Current Maps URL: https://www.google.com/maps/place/THIET+BI+DIEN+CONG+NGHIEP+GIA+LAI+ANH+QU%C3%82N+ELECTRIC/data=!4m7!3m6!1s0x316c1f0c629873ad:0xc2289598d359037e!8m2!3d13.9762323!4d107.9872165!16s%2Fg%2F11qntbv68k!19sChIJrXOYYgwfbDERfgNZ05iVKMI?authuser=0&hl=en&rclk=1
2026-09-05 15:13:10,691 | INFO | Valid Google Maps Place URL opened.
2026-09-05 15:13:16,030 | INFO | Address check | score=0.0000 | status=NEED_REVIEW | reason=MISSING_MAPS_ADDRESS
2026-09-05 15:13:16,034 | INFO | Opening Maps URL | attempt=1/3
2026-09-05 15:13:19,088 | INFO | Current Maps URL: https://www.google.com/maps/place/%C4%90%C3%A1+M%C5%A9i+R%E1%BB%93ng/data=!4m7!3m6!1s0x316f4aabf5ad86b7:0xc1673d375ccb0a44!8m2!3d14.2272395!4d109.1937783!16s%2Fg%2F11f1t7z0g9!19sChIJt4at9atKbzERRArLXDc9Z8E?authuser=0&hl=en&rclk=1
2026-09-05 15:13:19,089 | INFO | Valid Google Maps Place URL opened.
2026-09-05 15:13:24,504 | INFO | Address check | score=0.0000 | status=NEED_REVIEW | reason=MISSING_MAPS_ADDRESS
2026-09-05 15:13:24,505 | INFO | CHECKPOINT | processed=1330 | matched=2 | mismatched=10 | review=1318
2026-09-05 15:13:25,055 | INFO | Excel saved: D:\Product-Google-Maps\output\hotels_export_google_maps_checked.xlsx
2026-09-05 15:13:25,056 | INFO | Opening Maps URL | attempt=1/3
2026-09-05 15:13:28,074 | INFO | Current Maps URL: https://www.google.com/maps/place/HAGL+Head+Office/data=!4m7!3m6!1s0x316c1f89cab24b27:0xb33b9aa9282e94ef!8m2!3d13.9704218!4d108.0156036!16s%2Fg%2F1hc3mdt8f!19sChIJJ0uyyokfbDER75QuKKmaO7M?authuser=0&hl=en&rclk=1
2026-09-05 15:13:28,074 | INFO | Valid Google Maps Place URL opened.
2026-09-05 15:13:33,448 | INFO | Address check | score=0.0000 | status=NEED_REVIEW | reason=MISSING_MAPS_ADDRESS
2026-09-05 15:13:33,449 | INFO | Opening Maps URL | attempt=1/3
2026-09-05 15:13:36,414 | INFO | Current Maps URL: https://www.google.com/maps/place/Kho+Quy+Nh%C6%A1n/data=!4m7!3m6!1s0x316f6b0064157f4d:0xba98be67a788e410!8m2!3d13.7904475!4d109.1990433!16s%2Fg%2F11vxybsvp6!19sChIJTX8VZABrbzEREOSIp2e-mLo?authuser=0&hl=en&rclk=1
2026-09-05 15:13:36,414 | INFO | Valid Google Maps Place URL opened.
2026-09-05 15:13:41,875 | INFO | Address check | score=0.0000 | status=NEED_REVIEW | reason=MISSING_MAPS_ADDRESS
2026-09-05 15:13:41,877 | INFO | Opening Maps URL | attempt=1/3
2026-09-05 15:13:44,999 | INFO | Current Maps URL: https://www.google.com/maps/place/KHO+G%E1%BA%A0CH+GI%C3%81+R%E1%BA%BA+-+GM+QUANG+CH%C3%8DNH/data=!4m7!3m6!1s0x316f23003c96db13:0x3c043105dc0c4d3c!8m2!3d13.9338902!4d108.9474809!16s%2Fg%2F11zcml4m8k!19sChIJE9uWPAAjbzERPE0M3AUxBDw?authuser=0&hl=en&rclk=1
2026-09-05 15:13:44,999 | INFO | Valid Google Maps Place URL opened.
2026-09-05 15:13:50,319 | INFO | Address check | score=0.0000 | status=NEED_REVIEW | reason=MISSING_MAPS_ADDRESS
2026-09-05 15:13:50,322 | INFO | Opening Maps URL | attempt=1/3
2026-09-05 15:13:53,293 | INFO | Current Maps URL: https://www.google.com/maps/place/S%C3%A1u+B%C3%A2n/data=!4m7!3m6!1s0x316f15a81249390d:0xb4cffaa3619eccbe!8m2!3d13.8644525!4d109.0988562!16s%2Fg%2F11s65xlkj6!19sChIJDTlJEqgVbzERvsyeYaP6z7Q?authuser=0&hl=en&rclk=1
2026-09-05 15:13:53,293 | INFO | Valid Google Maps Place URL opened.
2026-09-05 15:13:58,689 | INFO | Address check | score=0.0000 | status=NEED_REVIEW | reason=MISSING_MAPS_ADDRESS
2026-09-05 15:13:58,693 | INFO | Opening Maps URL | attempt=1/3
2026-09-05 15:14:01,624 | INFO | Current Maps URL: https://www.google.com/maps/place/Nh%C3%A0+N%E1%BB%A1/data=!4m7!3m6!1s0x316f3d002dbcaf7f:0xc6796537fca05152!8m2!3d13.9487424!4d109.0721836!16s%2Fg%2F11nhq7g4gr!19sChIJf6-8LQA9bzERUlGg_DdlecY?authuser=0&hl=en&rclk=1
2026-09-05 15:14:01,624 | INFO | Valid Google Maps Place URL opened.
2026-09-05 15:14:07,059 | INFO | Address check | score=0.0000 | status=NEED_REVIEW | reason=MISSING_MAPS_ADDRESS
2026-09-05 15:14:07,060 | INFO | Opening Maps URL | attempt=1/3
2026-09-05 15:14:09,901 | INFO | Current Maps URL: https://www.google.com/maps/place/C%C3%94NG+TY+KD+THAN+XU%C3%82N+PH%C3%9A+-+Mr+NHI%C3%8AN/data=!4m7!3m6!1s0x316f6b1f0825b6f1:0x29da18eacaca08b6!8m2!3d13.7896579!4d109.1998038!16s%2Fg%2F11r9651p1q!19sChIJ8bYlCB9rbzERtgjKyuoY2ik?authuser=0&hl=en&rclk=1
2026-09-05 15:14:09,901 | INFO | Valid Google Maps Place URL opened.
2026-09-05 15:14:15,328 | INFO | Address check | score=0.0000 | status=NEED_REVIEW | reason=MISSING_MAPS_ADDRESS
2026-09-05 15:14:15,329 | INFO | Opening Maps URL | attempt=1/3
2026-09-05 15:14:18,378 | INFO | Current Maps URL: https://www.google.com/maps/place/KHO+G%E1%BA%A0CH+GI%C3%81+R%E1%BA%BA+-+G%E1%BA%A0CH+MEN+QUANG+CH%C3%8DNH/data=!4m7!3m6!1s0x316f23001a134825:0x4e43d5e0f55fc02c!8m2!3d13.931718!4d108.9608198!16s%2Fg%2F11nqww_zm_!19sChIJJUgTGgAjbzERLMBf9eDVQ04?authuser=0&hl=en&rclk=1
2026-09-05 15:14:18,379 | INFO | Valid Google Maps Place URL opened.
2026-09-05 15:14:23,790 | INFO | Address check | score=0.0000 | status=NEED_REVIEW | reason=MISSING_MAPS_ADDRESS
2026-09-05 15:14:23,794 | INFO | Opening Maps URL | attempt=1/3
2026-09-05 15:14:27,076 | INFO | Current Maps URL: https://www.google.com/maps/place/C%C3%B4ng+ty+v%E1%BA%ADt+t%C6%B0+n%C3%B4ng+s%E1%BA%A3n+quy+nh%C6%A1n/data=!4m7!3m6!1s0x316f15443b91ec15:0x12b4d4a00a67bf76!8m2!3d13.7927258!4d109.1368987!16s%2Fg%2F11q31ccgkp!19sChIJFeyRO0QVbzERdr9nCqDUtBI?authuser=0&hl=en&rclk=1
2026-09-05 15:14:27,076 | INFO | Valid Google Maps Place URL opened.
2026-09-05 15:14:32,425 | INFO | Address check | score=0.0000 | status=NEED_REVIEW | reason=MISSING_MAPS_ADDRESS
2026-09-05 15:14:32,426 | INFO | Opening Maps URL | attempt=1/3
2026-09-05 15:14:35,327 | INFO | Current Maps URL: https://www.google.com/maps/place/L%C3%BAa+G%E1%BA%A1o+B%E1%BA%B1ng+Ki%E1%BB%81u/data=!4m7!3m6!1s0x316f41006035b9eb:0xde4b48fbaa0b4a80!8m2!3d13.9408633!4d109.1931472!16s%2Fg%2F11xyhn7fkd!19sChIJ67k1YABBbzERgEoLqvtIS94?authuser=0&hl=en&rclk=1
2026-09-05 15:14:35,327 | INFO | Valid Google Maps Place URL opened.
2026-09-05 15:14:40,684 | INFO | Address check | score=0.0000 | status=NEED_REVIEW | reason=MISSING_MAPS_ADDRESS
2026-09-05 15:14:40,689 | INFO | Opening Maps URL | attempt=1/3
2026-09-05 15:14:43,577 | INFO | Current Maps URL: https://www.google.com/maps/place/04BDH-B%C3%ADch+S%C6%A1n/data=!4m7!3m6!1s0x316f3d7c062a59bd:0x2da5b68a14974cfc!8m2!3d13.8934421!4d109.0854949!16s%2Fg%2F11h7sgwq2s!19sChIJvVkqBnw9bzER_EyXFIq2pS0?authuser=0&hl=en&rclk=1
2026-09-05 15:14:43,577 | INFO | Valid Google Maps Place URL opened.
2026-09-05 15:14:49,060 | INFO | Address check | score=0.0000 | status=NEED_REVIEW | reason=MISSING_MAPS_ADDRESS
2026-09-05 15:14:49,064 | INFO | CHECKPOINT | processed=1340 | matched=2 | mismatched=10 | review=1328
2026-09-05 15:14:51,893 | INFO | Excel saved: D:\Product-Google-Maps\output\hotels_export_google_maps_checked.xlsx
2026-09-05 15:14:51,894 | INFO | Opening Maps URL | attempt=1/3
2026-09-05 15:14:54,799 | INFO | Current Maps URL: https://www.google.com/maps/place/KCN+Nh%C6%A1n+H%E1%BB%99i+A,/data=!4m7!3m6!1s0x316f6b004e6ff13d:0xfbff9c3d3c1a192f!8m2!3d13.8333771!4d109.2687425!16s%2Fg%2F11wmn9cdk9!19sChIJPfFvTgBrbzERLxkaPD2c__s?authuser=0&hl=en&rclk=1
2026-09-05 15:14:54,800 | INFO | Valid Google Maps Place URL opened.
2026-09-05 15:15:00,153 | INFO | Address check | score=0.0000 | status=NEED_REVIEW | reason=MISSING_MAPS_ADDRESS
2026-09-05 15:15:00,159 | INFO | Opening Maps URL | attempt=1/3
2026-09-05 15:15:03,081 | INFO | Current Maps URL: https://www.google.com/maps/place/Con+%C4%90%C6%B0%E1%BB%9Dng+%C4%90%C3%A1+Xanh+Coffee/data=!4m7!3m6!1s0x316f4342cd7c7cdf:0xb48f551849a7bfa5!8m2!3d13.8850934!4d109.2910855!16s%2Fg%2F11vpkz8r44!19sChIJ33x8zUJDbzERpb-nSRhVj7Q?authuser=0&hl=en&rclk=1
2026-09-05 15:15:03,081 | INFO | Valid Google Maps Place URL opened.
2026-09-05 15:15:08,542 | INFO | Address check | score=0.0000 | status=NEED_REVIEW | reason=MISSING_MAPS_ADDRESS
2026-09-05 15:15:08,543 | INFO | Opening Maps URL | attempt=1/3
2026-09-05 15:15:11,715 | INFO | Current Maps URL: https://www.google.com/maps/place/C%C3%B4ng+Ty+Tnhh+B+%26+D+Lingerie+Vi%E1%BB%87t+Nam/data=!4m7!3m6!1s0x316f6bb3ecb827cd:0x3a29833fc9b5a00d!8m2!3d13.8256611!4d109.2660116!16s%2Fg%2F11rn1kn99n!19sChIJzSe47LNrbzERDaC1yT-DKTo?authuser=0&hl=en&rclk=1
2026-09-05 15:15:11,715 | INFO | Valid Google Maps Place URL opened.
2026-09-05 15:15:17,139 | INFO | Address check | score=0.0000 | status=NEED_REVIEW | reason=MISSING_MAPS_ADDRESS
2026-09-05 15:15:17,140 | INFO | Opening Maps URL | attempt=1/3
2026-09-05 15:15:20,072 | INFO | Current Maps URL: https://www.google.com/maps/place/Xu%C3%A2n+T%C3%ADnh+Motorbike+Rental+-Cho+Thu%C3%AA+Xe+M%C3%A1y+Quy+Nh%C6%A1n/data=!4m7!3m6!1s0x316f6cdd6f5d8c19:0x389aa06e34efb15a!8m2!3d13.7512032!4d109.2110793!16s%2Fg%2F1hc3j682k!19sChIJGYxdb91sbzERWrHvNG6gmjg?authuser=0&hl=en&rclk=1
2026-09-05 15:15:20,072 | INFO | Valid Google Maps Place URL opened.
2026-09-05 15:15:25,077 | INFO | Address check | score=0.0000 | status=NEED_REVIEW | reason=MISSING_MAPS_ADDRESS
2026-09-05 15:15:25,079 | INFO | Opening Maps URL | attempt=1/3
2026-09-05 15:15:27,996 | INFO | Current Maps URL: https://www.google.com/maps/place/C%C3%94NG+TY+TNHH+T%E1%BB%94NG+H%E1%BB%A2P+T%C3%82N+%C4%90%E1%BA%A0I+H%C6%AFNG/data=!4m7!3m6!1s0x316f6b3f47eb40b7:0x1ecba91a6ffeadd7!8m2!3d13.8344095!4d109.278334!16s%2Fg%2F11sy3c9y_d!19sChIJt0DrRz9rbzER163-bxqpyx4?authuser=0&hl=en&rclk=1
2026-09-05 15:15:27,996 | INFO | Valid Google Maps Place URL opened.
2026-09-05 15:15:33,263 | INFO | Address check | score=0.0000 | status=NEED_REVIEW | reason=MISSING_MAPS_ADDRESS
2026-09-05 15:15:33,266 | INFO | Opening Maps URL | attempt=1/3
2026-09-05 15:15:36,449 | INFO | Current Maps URL: https://www.google.com/maps/place/Quy+Nhon+Port/data=!4m7!3m6!1s0x316f6c7dacd6c6b5:0xa83e4f7598d7355a!8m2!3d13.7797963!4d109.2394579!16s%2Fm%2F0h1fmz_!19sChIJtcbWrH1sbzERWjXXmHVPPqg?authuser=0&hl=en&rclk=1
2026-09-05 15:15:36,450 | INFO | Valid Google Maps Place URL opened.
2026-09-05 15:15:41,766 | INFO | Address check | score=0.0000 | status=NEED_REVIEW | reason=MISSING_MAPS_ADDRESS
2026-09-05 15:15:41,767 | INFO | Opening Maps URL | attempt=1/3
2026-09-05 15:15:44,608 | INFO | Current Maps URL: https://www.google.com/maps/place/Tr%C6%B0%E1%BB%9Dng+%C4%90%E1%BA%A1i+h%E1%BB%8Dc+%C4%90%C3%B4ng+%C3%81+c%C6%A1+s%E1%BB%9F+t%E1%BA%A1i+Gia+Lai/data=!4m7!3m6!1s0x316c21d129948d5b:0x68e46a3ec9f8cac5!8m2!3d13.9638784!4d107.9909347!16s%2Fg%2F11bwkh6sd7!19sChIJW42UKdEhbDERxcr4yT5q5Gg?authuser=0&hl=en&rclk=1
2026-09-05 15:15:44,609 | INFO | Valid Google Maps Place URL opened.
2026-09-05 15:15:49,687 | INFO | Address check | score=0.0000 | status=NEED_REVIEW | reason=MISSING_MAPS_ADDRESS
2026-09-05 15:15:49,689 | INFO | Opening Maps URL | attempt=1/3
2026-09-05 15:15:52,731 | INFO | Current Maps URL: https://www.google.com/maps/place/Chip+chip+cafe+-+%C4%91%C6%B0%E1%BB%9Dng+%C4%90%C3%A1+Xanh/data=!4m7!3m6!1s0x316f4321d248c557:0xb81256babff997a3!8m2!3d13.8859648!4d109.2908163!16s%2Fg%2F11v0blypv8!19sChIJV8VI0iFDbzERo5f5v7pWErg?authuser=0&hl=en&rclk=1
2026-09-05 15:15:52,731 | INFO | Valid Google Maps Place URL opened.
2026-09-05 15:15:58,100 | INFO | Address check | score=0.0000 | status=NEED_REVIEW | reason=MISSING_MAPS_ADDRESS
2026-09-05 15:15:58,101 | INFO | Opening Maps URL | attempt=1/3
2026-09-05 15:16:01,032 | INFO | Current Maps URL: https://www.google.com/maps/place/Doanh+Nghi%E1%BB%87p+T%C6%B0+Nh%C3%A2n+Ng%E1%BB%8Dc+S%C3%AA/data=!4m10!3m9!1s0x316c1f8f863c22e5:0xf97c752cac806a1d!5m2!4m1!1i2!8m2!3d13.97814!4d108.012708!16s%2Fg%2F11hyld2mtp!19sChIJ5SI8ho8fbDERHWqArCx1fPk?authuser=0&hl=en&rclk=1
2026-09-05 15:16:01,033 | INFO | Valid Google Maps Place URL opened.
2026-09-05 15:16:06,125 | INFO | Address check | score=0.0000 | status=NEED_REVIEW | reason=MISSING_MAPS_ADDRESS
2026-09-05 15:16:06,126 | INFO | Opening Maps URL | attempt=1/3
2026-09-05 15:16:09,064 | INFO | Current Maps URL: https://www.google.com/maps/place/T%C4%90C+%C4%90%C3%AA+%C4%90%C3%B4ng/data=!4m7!3m6!1s0x316f6bb9fc09c4ef:0xe170aba4f13ef9cd!8m2!3d13.8069457!4d109.2135473!16s%2Fg%2F11fmdz4xnq!19sChIJ78QJ_LlrbzERzfk-8aSrcOE?authuser=0&hl=en&rclk=1
2026-09-05 15:16:09,064 | INFO | Valid Google Maps Place URL opened.
2026-09-05 15:16:14,396 | INFO | Address check | score=0.0000 | status=NEED_REVIEW | reason=MISSING_MAPS_ADDRESS
2026-09-05 15:16:14,397 | INFO | CHECKPOINT | processed=1350 | matched=2 | mismatched=10 | review=1338
2026-09-05 15:16:14,962 | INFO | Excel saved: D:\Product-Google-Maps\output\hotels_export_google_maps_checked.xlsx
2026-09-05 15:16:14,963 | INFO | Opening Maps URL | attempt=1/3
2026-09-05 15:16:17,832 | INFO | Current Maps URL: https://www.google.com/maps/place/S%C3%B4ng+Su%E1%BB%91i+House+Quy+Nhon/data=!4m10!3m9!1s0x316f6c891df3b66f:0xaefa2e16b2a2da38!5m2!4m1!1i2!8m2!3d13.7688094!4d109.2313749!16s%2Fg%2F11j4xqx7s3!19sChIJb7bzHYlsbzERONqishYu-q4?authuser=0&hl=en&rclk=1
2026-09-05 15:16:17,833 | INFO | Valid Google Maps Place URL opened.
2026-09-05 15:16:22,908 | INFO | Address check | score=0.0000 | status=NEED_REVIEW | reason=MISSING_MAPS_ADDRESS
2026-09-05 15:16:22,909 | INFO | Opening Maps URL | attempt=1/3
2026-09-05 15:16:25,852 | INFO | Current Maps URL: https://www.google.com/maps/place/Eo+Gi%C3%B3/data=!4m7!3m6!1s0x316f43bbd047c227:0xb6f5a42174801909!8m2!3d13.8844244!4d109.2918356!16s%2Fg%2F11j9cz2zrs!19sChIJJ8JH0LtDbzERCRmAdCGk9bY?authuser=0&hl=en&rclk=1
2026-09-05 15:16:25,852 | INFO | Valid Google Maps Place URL opened.
2026-09-05 15:16:31,323 | INFO | Address check | score=0.0000 | status=NEED_REVIEW | reason=MISSING_MAPS_ADDRESS
2026-09-05 15:16:31,324 | INFO | Opening Maps URL | attempt=1/3
2026-09-05 15:16:34,301 | INFO | Current Maps URL: https://www.google.com/maps/place/Tour+K%E1%BB%B3+Co+Eo+Gi%C3%B3.+L%C3%A0ng+Ch%C3%A0i+Nh%C6%A1n+L%C3%BD/data=!4m7!3m6!1s0x316f42199f97bec5:0xe847d4830a4da312!8m2!3d13.8815381!4d109.289713!16s%2Fg%2F11ggb1w1_j!19sChIJxb6XnxlCbzEREqNNCoPUR-g?authuser=0&hl=en&rclk=1
2026-09-05 15:16:34,301 | INFO | Valid Google Maps Place URL opened.
2026-09-05 15:16:39,713 | INFO | Address check | score=0.0000 | status=NEED_REVIEW | reason=MISSING_MAPS_ADDRESS
2026-09-05 15:16:39,714 | INFO | Opening Maps URL | attempt=1/3
2026-09-05 15:16:42,668 | INFO | Current Maps URL: https://www.google.com/maps/place/B%C3%A3i+%C4%91%C3%A1+Th%E1%BA%A3o+Nguy%C3%AAn/data=!4m7!3m6!1s0x316f71fe0a498cef:0xb61c44f8ec93e03a!8m2!3d13.6273096!4d109.3475662!16s%2Fg%2F11kmvqfsm4!19sChIJ74xJCv5xbzEROuCT7PhEHLY?authuser=0&hl=en&rclk=1
2026-09-05 15:16:42,669 | INFO | Valid Google Maps Place URL opened.
2026-09-05 15:16:48,030 | INFO | Address check | score=0.0000 | status=NEED_REVIEW | reason=MISSING_MAPS_ADDRESS
2026-09-05 15:16:48,031 | INFO | Opening Maps URL | attempt=1/3
2026-09-05 15:16:50,976 | INFO | Current Maps URL: https://www.google.com/maps/place/Nh%C3%A0+h%C3%A0ng+Du+l%E1%BB%8Bch+C%C3%B9+Lao+Xanh/data=!4m7!3m6!1s0x316f6eaee0a6dcb5:0x310559becb552c4a!8m2!3d13.771618!4d109.290702!16s%2Fg%2F11g8xc_v16!19sChIJtdym4K5ubzERSixVy75ZBTE?authuser=0&hl=en&rclk=1
2026-09-05 15:16:50,976 | INFO | Valid Google Maps Place URL opened.
2026-09-05 15:16:56,329 | INFO | Address check | score=0.0000 | status=NEED_REVIEW | reason=MISSING_MAPS_ADDRESS
2026-09-05 15:16:56,330 | INFO | Opening Maps URL | attempt=1/3
2026-09-05 15:16:59,356 | INFO | Current Maps URL: https://www.google.com/maps/place/Umi+House+Quy+Nh%C6%A1n/data=!4m10!3m9!1s0x316f6dadfd77324b:0x2f2b6ae86f66a9ef!5m2!4m1!1i2!8m2!3d13.7717001!4d109.2304998!16s%2Fg%2F11j_vmsg04!19sChIJSzJ3_a1tbzER76lmb-hqKy8?authuser=0&hl=en&rclk=1
2026-09-05 15:16:59,356 | INFO | Valid Google Maps Place URL opened.
2026-09-05 15:17:04,914 | INFO | Address check | score=0.0000 | status=NEED_REVIEW | reason=MISSING_MAPS_ADDRESS
2026-09-05 15:17:04,917 | INFO | Opening Maps URL | attempt=1/3
2026-09-05 15:17:07,917 | INFO | Current Maps URL: https://www.google.com/maps/place/Ph%C6%B0%C6%A1ng+Trang-+H%E1%BA%A3i+s%E1%BA%A3n+%26+C%C6%A1m+Qu%C3%AA+Nh%C6%A1n+L%C3%BD/data=!4m7!3m6!1s0x316f430034c3a245:0xa7db5502f8532320!8m2!3d13.885388!4d109.289687!16s%2Fg%2F11m_7sglyl!19sChIJRaLDNABDbzERICNT-AJV26c?authuser=0&hl=en&rclk=1
2026-09-05 15:17:07,918 | INFO | Valid Google Maps Place URL opened.
2026-09-05 15:17:13,382 | INFO | Address check | score=0.0000 | status=NEED_REVIEW | reason=MISSING_MAPS_ADDRESS
2026-09-05 15:17:13,383 | INFO | Opening Maps URL | attempt=1/3
2026-09-05 15:17:16,370 | INFO | Current Maps URL: https://www.google.com/maps/place/Homestay+family+SAND+SAND+NH%C6%A0N+L%C3%9D+2/data=!4m7!3m6!1s0x316f421bf27b1ea5:0xde6a100b7cfdd722!8m2!3d13.8839321!4d109.2898046!16s%2Fg%2F11ggz9j8vq!19sChIJpR578htCbzERItf9fAsQat4?authuser=0&hl=en&rclk=1
2026-09-05 15:17:16,370 | INFO | Valid Google Maps Place URL opened.
2026-09-05 15:17:21,742 | INFO | Address check | score=0.0000 | status=NEED_REVIEW | reason=MISSING_MAPS_ADDRESS
2026-09-05 15:17:21,743 | INFO | Opening Maps URL | attempt=1/3
2026-09-05 15:17:24,638 | INFO | Current Maps URL: https://www.google.com/maps/place/QN+Home/data=!4m10!3m9!1s0x316f6c8d5899a82f:0x1ce4d58af0b72d41!5m2!4m1!1i2!8m2!3d13.763976!4d109.223718!16s%2Fg%2F11zfmjdn60!19sChIJL6iZWI1sbzERQS238IrV5Bw?authuser=0&hl=en&rclk=1
2026-09-05 15:17:24,638 | INFO | Valid Google Maps Place URL opened.
2026-09-05 15:17:30,121 | INFO | Address check | score=0.0000 | status=NEED_REVIEW | reason=MISSING_MAPS_ADDRESS
2026-09-05 15:17:30,122 | INFO | Opening Maps URL | attempt=1/3
2026-09-05 15:17:32,978 | INFO | Current Maps URL: https://www.google.com/maps/place/Ph%C6%B0%E1%BB%9Dng+nh%C6%A1n+b%C3%ACnh/data=!4m7!3m6!1s0x316f6b6e6ca2a8c3:0x24faba37284b9c2a!8m2!3d13.7909136!4d109.2037991!16s%2Fg%2F11v0gbg390!19sChIJw6iibG5rbzERKpxLKDe6-iQ?authuser=0&hl=en&rclk=1
2026-09-05 15:17:32,978 | INFO | Valid Google Maps Place URL opened.
2026-09-05 15:17:38,144 | INFO | Address check | score=0.0000 | status=NEED_REVIEW | reason=MISSING_MAPS_ADDRESS
2026-09-05 15:17:38,145 | INFO | CHECKPOINT | processed=1360 | matched=2 | mismatched=10 | review=1348
2026-09-05 15:17:38,710 | INFO | Excel saved: D:\Product-Google-Maps\output\hotels_export_google_maps_checked.xlsx
2026-09-05 15:17:38,711 | INFO | Opening Maps URL | attempt=1/3
2026-09-05 15:17:41,660 | INFO | Current Maps URL: https://www.google.com/maps/place/C%C3%B4ng+ty+TNHH+%C4%90%E1%BA%A7u+t%C6%B0+v%C3%A0+Ph%C3%A1t+tri%E1%BB%83n+h%E1%BA%A1+t%E1%BA%A7ng+KCN+B%C3%ACnh+Nghi/data=!4m7!3m6!1s0x316f6d000665e585:0xaf0e0d57936a49f5!8m2!3d13.7622631!4d109.2195522!16s%2Fg%2F11z3l24jp4!19sChIJheVlBgBtbzER9Ulqk1cNDq8?authuser=0&hl=en&rclk=1
2026-09-05 15:17:41,660 | INFO | Valid Google Maps Place URL opened.
2026-09-05 15:17:47,083 | INFO | Address check | score=0.0000 | status=NEED_REVIEW | reason=MISSING_MAPS_ADDRESS
2026-09-05 15:17:47,084 | INFO | Opening Maps URL | attempt=1/3
2026-09-05 15:17:49,922 | INFO | Current Maps URL: https://www.google.com/maps/place/B%E1%BA%BFn+T%C3%A0u+H%C3%A0m+T%E1%BB%AD+%C4%90i+C%C3%B9+Lao+Xanh/data=!4m7!3m6!1s0x316f6c7013fb17af:0x6ee0dd5beb007831!8m2!3d13.7731937!4d109.2488093!16s%2Fg%2F11dfh3lgqp!19sChIJrxf7E3BsbzERMXgA61vd4G4?authuser=0&hl=en&rclk=1
2026-09-05 15:17:49,922 | INFO | Valid Google Maps Place URL opened.
2026-09-05 15:17:55,032 | INFO | Address check | score=0.0000 | status=NEED_REVIEW | reason=MISSING_MAPS_ADDRESS
2026-09-05 15:17:55,033 | INFO | Opening Maps URL | attempt=1/3
2026-09-05 15:17:58,108 | INFO | Current Maps URL: https://www.google.com/maps/place/Du+L%E1%BB%8Bch+C%C3%B9+Lao+Xanh/data=!4m7!3m6!1s0x316f6d9704a6739b:0x2962ff61eb03984f!8m2!3d13.6120314!4d109.3559475!16s%2Fg%2F11j3x8mmq5!19sChIJm3OmBJdtbzERT5gD62H_Yik?authuser=0&hl=en&rclk=1
2026-09-05 15:17:58,108 | INFO | Valid Google Maps Place URL opened.
2026-09-05 15:18:03,471 | INFO | Address check | score=0.0000 | status=NEED_REVIEW | reason=MISSING_MAPS_ADDRESS
2026-09-05 15:18:03,472 | INFO | Opening Maps URL | attempt=1/3
2026-09-05 15:18:06,429 | INFO | Current Maps URL: https://www.google.com/maps/place/Tr%E1%BB%A5+s%E1%BB%9F+khu+v%E1%BB%B1c+L%C3%BD+T%C3%A2y/data=!4m7!3m6!1s0x316f3e9b4aa57f8d:0xbf6fa6d03fbc61a9!8m2!3d13.9394451!4d109.1003028!16s%2Fg%2F11cnsbxm70!19sChIJjX-lSps-bzERqWG8P9Cmb78?authuser=0&hl=en&rclk=1
2026-09-05 15:18:06,429 | INFO | Valid Google Maps Place URL opened.
2026-09-05 15:18:11,822 | INFO | Address check | score=0.0000 | status=NEED_REVIEW | reason=MISSING_MAPS_ADDRESS
2026-09-05 15:18:11,826 | INFO | Opening Maps URL | attempt=1/3
2026-09-05 15:18:14,788 | INFO | Current Maps URL: https://www.google.com/maps/place/H%E1%BA%A3i+%C4%91%C4%83ng+C%C3%B9+lao+Xanh/data=!4m7!3m6!1s0x316f70bed0d29add:0xf0bdd014b7734315!8m2!3d13.6145322!4d109.3576886!16s%2Fg%2F11c6_tz2w0!19sChIJ3ZrS0L5wbzERFUNztxTQvfA?authuser=0&hl=en&rclk=1
2026-09-05 15:18:14,788 | INFO | Valid Google Maps Place URL opened.
2026-09-05 15:18:20,241 | INFO | Address check | score=0.0000 | status=NEED_REVIEW | reason=MISSING_MAPS_ADDRESS
2026-09-05 15:18:20,242 | INFO | Opening Maps URL | attempt=1/3
2026-09-05 15:18:23,163 | INFO | Current Maps URL: https://www.google.com/maps/place/L%C3%A0ng+Memories/data=!4m7!3m6!1s0x316f735219206f57:0x99ea564b3b17a1c6!8m2!3d13.685813!4d109.230859!16s%2Fg%2F11h03528_0!19sChIJV28gGVJzbzERxqEXO0tW6pk?authuser=0&hl=en&rclk=1
2026-09-05 15:18:23,163 | INFO | Valid Google Maps Place URL opened.
2026-09-05 15:18:28,568 | INFO | Address check | score=0.0000 | status=NEED_REVIEW | reason=MISSING_MAPS_ADDRESS
2026-09-05 15:18:28,569 | INFO | Opening Maps URL | attempt=1/3
2026-09-05 15:18:31,769 | INFO | Current Maps URL: https://www.google.com/maps/place/Ho%C3%A0ng+Thao+Sea+View+-+H%E1%BA%A3i+s%E1%BA%A3n+Quy+Nh%C6%A1n/data=!4m7!3m6!1s0x316f434f88e05eaf:0x69019ce1327fce39!8m2!3d13.8860028!4d109.2851991!16s%2Fg%2F11h_6lbjcc!19sChIJr17giE9DbzEROc5_MuGcAWk?authuser=0&hl=en&rclk=1
2026-09-05 15:18:31,787 | INFO | Valid Google Maps Place URL opened.
2026-09-05 15:18:37,233 | INFO | Address check | score=0.0000 | status=NEED_REVIEW | reason=MISSING_MAPS_ADDRESS
2026-09-05 15:18:37,237 | INFO | Opening Maps URL | attempt=1/3
2026-09-05 15:18:40,762 | INFO | Current Maps URL: https://www.google.com/maps/place/C%C3%B4ng+ty+C%E1%BB%95+ph%E1%BA%A7n+T%C3%A2n+c%E1%BA%A3ng+Quy+Nh%C6%A1n/data=!4m7!3m6!1s0x316f6df2b88dc7d7:0xe4107e41688affb0!8m2!3d13.7780598!4d109.2394315!16s%2Fg%2F11k5nsgwtx!19sChIJ18eNuPJtbzERsP-KaEF-EOQ?authuser=0&hl=en&rclk=1
2026-09-05 15:18:40,763 | INFO | Valid Google Maps Place URL opened.
2026-09-05 15:18:45,886 | INFO | Address check | score=0.0000 | status=NEED_REVIEW | reason=MISSING_MAPS_ADDRESS
2026-09-05 15:18:45,892 | INFO | Opening Maps URL | attempt=1/3
2026-09-05 15:18:49,200 | INFO | Current Maps URL: https://www.google.com/maps/place/Nh%C3%A0+Tr%E1%BB%8D+H%E1%BB%93ng+Ng%E1%BB%8Dc/data=!4m7!3m6!1s0x316c1f88d3c4413d:0xe5bde4b856249e5e!8m2!3d13.9742068!4d108.0148357!16s%2Fg%2F1pp2v2yps!19sChIJPUHE04gfbDERXp4kVrjkveU?authuser=0&hl=en&rclk=1
2026-09-05 15:18:49,200 | INFO | Valid Google Maps Place URL opened.
2026-09-05 15:18:54,486 | INFO | Address check | score=0.0000 | status=NEED_REVIEW | reason=MISSING_MAPS_ADDRESS
2026-09-05 15:18:54,487 | INFO | Opening Maps URL | attempt=1/3
2026-09-05 15:18:57,416 | INFO | Current Maps URL: https://www.google.com/maps/place/H%C3%B2n+Kh%C3%B4/data=!4m7!3m6!1s0x316f6fe48d47ff09:0x50150c25bc5cf2e9!8m2!3d13.7692033!4d109.2909364!16s%2Fg%2F11kk14_66f!19sChIJCf9HjeRvbzER6fJcvCUMFVA?authuser=0&hl=en&rclk=1
2026-09-05 15:18:57,416 | INFO | Valid Google Maps Place URL opened.
2026-09-05 15:19:02,735 | INFO | Address check | score=0.0000 | status=NEED_REVIEW | reason=MISSING_MAPS_ADDRESS
2026-09-05 15:19:02,736 | INFO | CHECKPOINT | processed=1370 | matched=2 | mismatched=10 | review=1358
2026-09-05 15:19:03,418 | INFO | Excel saved: D:\Product-Google-Maps\output\hotels_export_google_maps_checked.xlsx
2026-09-05 15:19:03,419 | INFO | Opening Maps URL | attempt=1/3
2026-09-05 15:19:06,625 | INFO | Current Maps URL: https://www.google.com/maps/place/HALO+QUY+NH%C6%A0N+TRAVEL/data=!4m7!3m6!1s0x316f6d7c5bd95b5d:0x727a3dd18ede7eba!8m2!3d13.7633242!4d109.2239288!16s%2Fg%2F11g18xn0sz!19sChIJXVvZW3xtbzERun7ejtE9enI?authuser=0&hl=en&rclk=1
2026-09-05 15:19:06,625 | INFO | Valid Google Maps Place URL opened.
2026-09-05 15:19:12,014 | INFO | Address check | score=0.0000 | status=NEED_REVIEW | reason=MISSING_MAPS_ADDRESS
2026-09-05 15:19:12,015 | INFO | Opening Maps URL | attempt=1/3
2026-09-05 15:19:14,934 | INFO | Current Maps URL: https://www.google.com/maps/place/C%E1%BA%A3ng+v%E1%BB%A5+H%C3%A0ng+h%E1%BA%A3i+Quy+Nh%C6%A1n/data=!4m7!3m6!1s0x316f6c7eeaf05bd7:0x36d62e816e939f17!8m2!3d13.7798594!4d109.2399079!16s%2Fg%2F11dynz08cv!19sChIJ11vw6n5sbzERF5-TboEu1jY?authuser=0&hl=en&rclk=1
2026-09-05 15:19:14,935 | INFO | Valid Google Maps Place URL opened.
2026-09-05 15:19:20,401 | INFO | Address check | score=0.0000 | status=NEED_REVIEW | reason=MISSING_MAPS_ADDRESS
2026-09-05 15:19:20,402 | INFO | Opening Maps URL | attempt=1/3
2026-09-05 15:19:23,672 | INFO | Current Maps URL: https://www.google.com/maps/place/Phu+Loc+Champa+Temple/data=!4m7!3m6!1s0x316f3c1e0b1bcaaf:0x8cb40b2779c6c91!8m2!3d13.9545258!4d109.0894891!16s%2Fg%2F120zjwd9!19sChIJr8obCx48bzERkWycd7JAywg?authuser=0&hl=en&rclk=1
2026-09-05 15:19:23,676 | INFO | Valid Google Maps Place URL opened.
2026-09-05 15:19:29,095 | INFO | Address check | score=0.0000 | status=NEED_REVIEW | reason=MISSING_MAPS_ADDRESS
2026-09-05 15:19:29,096 | INFO | Opening Maps URL | attempt=1/3
2026-09-05 15:19:32,036 | INFO | Current Maps URL: https://www.google.com/maps/place/Banh+It+Cham+Temple+%28Yang+M%27Tian%29/data=!4m7!3m6!1s0x316f159c986c3765:0x4c6a05f261e9ec0b!8m2!3d13.8684236!4d109.1352191!16s%2Fg%2F121x75h_!19sChIJZTdsmJwVbzERC-zpYfIFakw?authuser=0&hl=en&rclk=1
2026-09-05 15:19:32,036 | INFO | Valid Google Maps Place URL opened.
2026-09-05 15:19:37,459 | INFO | Address check | score=0.0000 | status=NEED_REVIEW | reason=MISSING_MAPS_ADDRESS
2026-09-05 15:19:37,460 | INFO | Opening Maps URL | attempt=1/3
2026-09-05 15:19:40,367 | INFO | Current Maps URL: https://www.google.com/maps/place/B%C3%A3i+Bi%E1%BB%83n+Nh%C6%A1n+H%E1%BA%A3i/data=!4m7!3m6!1s0x316f6ea59c4e4fbd:0x6f8d2176edb49a26!8m2!3d13.767695!4d109.291856!16s%2Fg%2F11c71b4yf2!19sChIJvU9OnKVubzERJpq07XYhjW8?authuser=0&hl=en&rclk=1
2026-09-05 15:19:40,367 | INFO | Valid Google Maps Place URL opened.
2026-09-05 15:19:45,739 | INFO | Address check | score=0.0000 | status=NEED_REVIEW | reason=MISSING_MAPS_ADDRESS
2026-09-05 15:19:45,740 | INFO | Opening Maps URL | attempt=1/3
2026-09-05 15:19:48,679 | INFO | Current Maps URL: https://www.google.com/maps/place/Nh%C6%A1n+h%E1%BA%A3i/data=!4m7!3m6!1s0x316f6f385c056e01:0x7a560dcfe2cc61c6!8m2!3d13.7700566!4d109.2905952!16s%2Fg%2F11rvf_v9vc!19sChIJAW4FXDhvbzERxmHM4s8NVno?authuser=0&hl=en&rclk=1
2026-09-05 15:19:48,681 | INFO | Valid Google Maps Place URL opened.
2026-09-05 15:19:54,029 | INFO | Address check | score=0.0000 | status=NEED_REVIEW | reason=MISSING_MAPS_ADDRESS
2026-09-05 15:19:54,030 | INFO | Opening Maps URL | attempt=1/3
2026-09-05 15:19:56,918 | INFO | Current Maps URL: https://www.google.com/maps/place/Kh%C3%A1ch+s%E1%BA%A1n+Nguy%E1%BB%87t+Hoa+2+%28g%E1%BA%A7n+c%C3%A2y+x%C4%83ng+minh+h%E1%BA%A1nh%29/data=!4m7!3m6!1s0x316f43140c179c41:0x8a93686c1603207d!8m2!3d13.8818855!4d109.2903395!16s%2Fg%2F11h3k49gjx!19sChIJQZwXDBRDbzERfSADFmxok4o?authuser=0&hl=en&rclk=1
2026-09-05 15:19:56,918 | INFO | Valid Google Maps Place URL opened.
2026-09-05 15:20:02,325 | INFO | Address check | score=0.0000 | status=NEED_REVIEW | reason=MISSING_MAPS_ADDRESS
2026-09-05 15:20:02,326 | INFO | Opening Maps URL | attempt=1/3
2026-09-05 15:20:05,219 | INFO | Current Maps URL: https://www.google.com/maps/place/%C4%90I%E1%BB%86N+GI%C3%93+Quy+Nh%C6%A1n/data=!4m7!3m6!1s0x316f6be0b9e43b39:0x78ed4d2d3e10ad40!8m2!3d13.8647604!4d109.2645924!16s%2Fg%2F11kb7wbyl5!19sChIJOTvkueBrbzERQK0QPi1N7Xg?authuser=0&hl=en&rclk=1
2026-09-05 15:20:05,219 | INFO | Valid Google Maps Place URL opened.
2026-09-05 15:20:10,552 | INFO | Address check | score=0.0000 | status=NEED_REVIEW | reason=MISSING_MAPS_ADDRESS
2026-09-05 15:20:10,553 | INFO | Opening Maps URL | attempt=1/3
2026-09-05 15:20:13,470 | INFO | Current Maps URL: https://www.google.com/maps/place/SEA+HOME+COFFEE/data=!4m10!3m9!1s0x316f6ddc2dfae637:0x65350e9f083dd2c2!5m2!4m1!1i2!8m2!3d13.7468768!4d109.2112559!16s%2Fg%2F11h88t4mlh!19sChIJN-b6LdxtbzERwtI9CJ8ONWU?authuser=0&hl=en&rclk=1
2026-09-05 15:20:13,471 | INFO | Valid Google Maps Place URL opened.
2026-09-05 15:20:18,916 | INFO | Address check | score=0.0000 | status=NEED_REVIEW | reason=MISSING_MAPS_ADDRESS
2026-09-05 15:20:18,917 | INFO | Opening Maps URL | attempt=1/3
2026-09-05 15:20:21,818 | INFO | Current Maps URL: https://www.google.com/maps/place/Home+-+Quy+Nhon+Bed+%26+Room+1/data=!4m10!3m9!1s0x316f6c8fdff34c81:0x22470dcd118d10ce!5m2!4m1!1i2!8m2!3d13.772563!4d109.2238298!16s%2Fg%2F11dzdb7xtv!19sChIJgUzz349sbzERzhCNEc0NRyI?authuser=0&hl=en&rclk=1
2026-09-05 15:20:21,819 | INFO | Valid Google Maps Place URL opened.
2026-09-05 15:20:26,881 | INFO | Address check | score=0.0000 | status=NEED_REVIEW | reason=MISSING_MAPS_ADDRESS
2026-09-05 15:20:26,884 | INFO | CHECKPOINT | processed=1380 | matched=2 | mismatched=10 | review=1368
2026-09-05 15:20:27,482 | INFO | Excel saved: D:\Product-Google-Maps\output\hotels_export_google_maps_checked.xlsx
2026-09-05 15:20:27,483 | INFO | Opening Maps URL | attempt=1/3
2026-09-05 15:20:30,501 | INFO | Current Maps URL: https://www.google.com/maps/place/H%C3%B9ng+Tour+H%C3%B2n+Kh%C3%B4/data=!4m7!3m6!1s0x316f6fc7c0c10a8f:0x1c9f7e95f568968c!8m2!3d13.7699789!4d109.291007!16s%2Fg%2F11nqvyxkzn!19sChIJjwrBwMdvbzERjJZo9ZV-nxw?authuser=0&hl=en&rclk=1
2026-09-05 15:20:30,501 | INFO | Valid Google Maps Place URL opened.
2026-09-05 15:20:35,869 | INFO | Address check | score=0.0000 | status=NEED_REVIEW | reason=MISSING_MAPS_ADDRESS
2026-09-05 15:20:35,871 | INFO | Opening Maps URL | attempt=1/3
2026-09-05 15:20:38,807 | INFO | Current Maps URL: https://www.google.com/maps/place/%C4%90I%E1%BB%86N+GI%C3%93+Ph%C6%B0%C6%A1ng+Mai/data=!4m7!3m6!1s0x316f4122736b0ead:0xc6f65a5b9f26902b!8m2!3d13.9128251!4d109.2392006!16s%2Fg%2F11s37cb7_6!19sChIJrQ5rcyJBbzERK5Amn1ta9sY?authuser=0&hl=en&rclk=1
2026-09-05 15:20:38,808 | INFO | Valid Google Maps Place URL opened.
2026-09-05 15:20:44,142 | INFO | Address check | score=0.0000 | status=NEED_REVIEW | reason=MISSING_MAPS_ADDRESS
2026-09-05 15:20:44,143 | INFO | Opening Maps URL | attempt=1/3
2026-09-05 15:20:47,251 | INFO | Current Maps URL: https://www.google.com/maps/place/C%C3%B4ng+Ty+TNHH+M%E1%BB%99t+Th%C3%A0nh+Vi%C3%AAn+T%C6%B0%E1%BB%9Dng+Vy+Gia+Lai/data=!4m7!3m6!1s0x316c1ef3ef1d4445:0x48a7cf8f25cb3c06!8m2!3d14.0328392!4d107.9936905!16s%2Fg%2F11c5sysqgv!19sChIJRUQd7_MebDERBjzLJY_Pp0g?authuser=0&hl=en&rclk=1
2026-09-05 15:20:47,251 | INFO | Valid Google Maps Place URL opened.
2026-09-05 15:20:52,587 | INFO | Address check | score=0.0000 | status=NEED_REVIEW | reason=MISSING_MAPS_ADDRESS
2026-09-05 15:20:52,588 | INFO | Opening Maps URL | attempt=1/3
2026-09-05 15:20:55,724 | INFO | Current Maps URL: https://www.google.com/maps/place/Han+Mac+Tu%27s+Memorial+House/data=!4m7!3m6!1s0x316f6d148cbf964b:0x8eedf96f3b30add0!8m2!3d13.721583!4d109.2163779!16s%2Fg%2F11b7xrrc00!19sChIJS5a_jBRtbzER0K0wO2_57Y4?authuser=0&hl=en&rclk=1
2026-09-05 15:20:55,724 | INFO | Valid Google Maps Place URL opened.
2026-09-05 15:21:01,083 | INFO | Address check | score=0.0000 | status=NEED_REVIEW | reason=MISSING_MAPS_ADDRESS
2026-09-05 15:21:01,084 | INFO | Opening Maps URL | attempt=1/3
2026-09-05 15:21:04,046 | INFO | Current Maps URL: https://www.google.com/maps/place/Cho+Thu%C3%AA+Xe+M%C3%A1y+S%C3%A2n+Bay+Ph%C3%B9+C%C3%A1t/data=!4m7!3m6!1s0x316f3dcfe590c59f:0x439246de82c9dfb7!8m2!3d13.9471476!4d109.0662446!16s%2Fg%2F11qsj87fwl!19sChIJn8WQ5c89bzERt9_Jgt5GkkM?authuser=0&hl=en&rclk=1
2026-09-05 15:21:04,046 | INFO | Valid Google Maps Place URL opened.
2026-09-05 15:21:09,458 | INFO | Address check | score=0.0000 | status=NEED_REVIEW | reason=MISSING_MAPS_ADDRESS
2026-09-05 15:21:09,459 | INFO | Opening Maps URL | attempt=1/3
2026-09-05 15:21:12,414 | INFO | Current Maps URL: https://www.google.com/maps/place/Tuan+Vu+House/data=!4m7!3m6!1s0x316f19e1ba6be1b9:0x6f8d2e16e04cc7ee!8m2!3d13.8812151!4d108.9932252!16s%2Fg%2F11lynll7hx!19sChIJueFruuEZbzER7sdM4BYujW8?authuser=0&hl=en&rclk=1
2026-09-05 15:21:12,415 | INFO | Valid Google Maps Place URL opened.
2026-09-05 15:21:17,823 | INFO | Address check | score=0.0000 | status=NEED_REVIEW | reason=MISSING_MAPS_ADDRESS
2026-09-05 15:21:17,824 | INFO | Opening Maps URL | attempt=1/3
2026-09-05 15:21:21,002 | INFO | Current Maps URL: https://www.google.com/maps/place/Thi%E1%BB%81n+vi%E1%BB%87n+Thi%C3%AAn+H%C6%B0ng/data=!4m7!3m6!1s0x316f412974b581cf:0xa59bfb6b28d14646!8m2!3d13.9536089!4d109.2378139!16s%2Fg%2F11c21187t9!19sChIJz4G1dClBbzERRkbRKGv7m6U?authuser=0&hl=en&rclk=1
2026-09-05 15:21:21,002 | INFO | Valid Google Maps Place URL opened.
2026-09-05 15:21:26,450 | INFO | Address check | score=0.0000 | status=NEED_REVIEW | reason=MISSING_MAPS_ADDRESS
2026-09-05 15:21:26,452 | INFO | Opening Maps URL | attempt=1/3
2026-09-05 15:21:29,383 | INFO | Current Maps URL: https://www.google.com/maps/place/Mian+motel/data=!4m7!3m6!1s0x316f470036ac6d4b:0x703a712cbba2d4f6!8m2!3d13.9735067!4d109.2479715!16s%2Fg%2F11vrsp4jkn!19sChIJS22sNgBHbzER9tSiuyxxOnA?authuser=0&hl=en&rclk=1
2026-09-05 15:21:29,383 | INFO | Valid Google Maps Place URL opened.
2026-09-05 15:21:34,753 | INFO | Address check | score=0.0000 | status=NEED_REVIEW | reason=MISSING_MAPS_ADDRESS
2026-09-05 15:21:34,754 | INFO | Opening Maps URL | attempt=1/3
2026-09-05 15:21:37,630 | INFO | Current Maps URL: https://www.google.com/maps/place/Thang+Huynh+Motel/data=!4m10!3m9!1s0x316f6c9addd7a6cf:0x2a73a7db4e37fcc1!5m2!4m1!1i2!8m2!3d13.7775418!4d109.2224128!16s%2Fg%2F11d_z1m0mj!19sChIJz6bX3ZpsbzERwfw3Ttuncyo?authuser=0&hl=en&rclk=1
2026-09-05 15:21:37,630 | INFO | Valid Google Maps Place URL opened.
2026-09-05 15:21:43,061 | INFO | Address check | score=0.0000 | status=NEED_REVIEW | reason=MISSING_MAPS_ADDRESS
2026-09-05 15:21:43,062 | INFO | Opening Maps URL | attempt=1/3
2026-09-05 15:21:45,969 | INFO | Current Maps URL: https://www.google.com/maps/place/Blue+Motel/data=!4m10!3m9!1s0x316f6d62baf013b1:0x8cf417a9fbbd588a!5m2!4m1!1i2!8m2!3d13.7657506!4d109.2114816!16s%2Fg%2F11g2_5_2_p!19sChIJsRPwumJtbzERili9-6kX9Iw?authuser=0&hl=en&rclk=1
2026-09-05 15:21:45,969 | INFO | Valid Google Maps Place URL opened.
2026-09-05 15:21:51,409 | INFO | Address check | score=0.0000 | status=NEED_REVIEW | reason=MISSING_MAPS_ADDRESS
2026-09-05 15:21:51,410 | INFO | CHECKPOINT | processed=1390 | matched=2 | mismatched=10 | review=1378
2026-09-05 15:21:52,005 | INFO | Excel saved: D:\Product-Google-Maps\output\hotels_export_google_maps_checked.xlsx
2026-09-05 15:21:52,006 | INFO | Opening Maps URL | attempt=1/3
2026-09-05 15:21:54,895 | INFO | Current Maps URL: https://www.google.com/maps/place/C%C3%B4ng+ty+du+l%E1%BB%8Bch+Quy+Nh%C6%A1n+Tourist/data=!4m7!3m6!1s0x316f6c8eac344245:0x1d051a7e65f1519e!8m2!3d13.7688811!4d109.2235553!16s%2Fg%2F11c5_4qft5!19sChIJRUI0rI5sbzERnlHxZX4aBR0?authuser=0&hl=en&rclk=1
2026-09-05 15:21:54,895 | INFO | Valid Google Maps Place URL opened.
2026-09-05 15:22:00,020 | INFO | Address check | score=0.0000 | status=NEED_REVIEW | reason=MISSING_MAPS_ADDRESS
2026-09-05 15:22:00,021 | INFO | Opening Maps URL | attempt=1/3
2026-09-05 15:22:02,928 | INFO | Current Maps URL: https://www.google.com/maps/place/Nh%C3%A0+ngh%E1%BB%89+T%C3%A2n+Th%C3%A1i+D%C6%B0%C6%A1ng/data=!4m10!3m9!1s0x316f6ce9bd90e7f9:0xa2b8775d14409ce7!5m2!4m1!1i2!8m2!3d13.7569624!4d109.2137243!16s%2Fg%2F11f9dksn36!19sChIJ-eeQvelsbzER55xAFF13uKI?authuser=0&hl=en&rclk=1
2026-09-05 15:22:02,928 | INFO | Valid Google Maps Place URL opened.
2026-09-05 15:22:08,412 | INFO | Address check | score=0.0000 | status=NEED_REVIEW | reason=MISSING_MAPS_ADDRESS
2026-09-05 15:22:08,413 | INFO | Opening Maps URL | attempt=1/3
2026-09-05 15:22:11,274 | INFO | Current Maps URL: https://www.google.com/maps/place/Hong+Phuc+Homestay/data=!4m10!3m9!1s0x316f6ea600e03ac9:0x5ca5d0b34f105d29!5m2!4m1!1i2!8m2!3d13.7685994!4d109.2889525!16s%2Fg%2F11f66tc87s!19sChIJyTrgAKZubzERKV0QT7PQpVw?authuser=0&hl=en&rclk=1
2026-09-05 15:22:11,274 | INFO | Valid Google Maps Place URL opened.
2026-09-05 15:22:16,529 | INFO | Address check | score=0.0000 | status=NEED_REVIEW | reason=MISSING_MAPS_ADDRESS
2026-09-05 15:22:16,531 | INFO | Opening Maps URL | attempt=1/3
2026-09-05 15:22:19,405 | INFO | Current Maps URL: https://www.google.com/maps/place/Homestay+Lumia+Gold/data=!4m10!3m9!1s0x316f6d6bbd823cff:0x3bc0cfcbe8d0779e!5m2!4m1!1i2!8m2!3d13.7719424!4d109.2449902!16s%2Fg%2F11ykkpp08j!19sChIJ_zyCvWttbzERnnfQ6MvPwDs?authuser=0&hl=en&rclk=1
2026-09-05 15:22:19,405 | INFO | Valid Google Maps Place URL opened.
2026-09-05 15:22:24,450 | INFO | Address check | score=0.0000 | status=NEED_REVIEW | reason=MISSING_MAPS_ADDRESS
2026-09-05 15:22:24,451 | INFO | Opening Maps URL | attempt=1/3
2026-09-05 15:22:27,351 | INFO | Current Maps URL: https://www.google.com/maps/place/Kh%C3%A1ch+S%E1%BA%A1n+Gia+Ho%C3%A0ng-Quy+Nh%C6%A1n/data=!4m10!3m9!1s0x316f6d86206b5c25:0x2a998a53a25a474f!5m2!4m1!1i2!8m2!3d13.772702!4d109.240824!16s%2Fg%2F11sswvfgql!19sChIJJVxrIIZtbzERT0daolOKmSo?authuser=0&hl=en&rclk=1
2026-09-05 15:22:27,352 | INFO | Valid Google Maps Place URL opened.
2026-09-05 15:22:32,388 | INFO | Address check | score=0.0000 | status=NEED_REVIEW | reason=MISSING_MAPS_ADDRESS
2026-09-05 15:22:32,390 | INFO | Opening Maps URL | attempt=1/3
2026-09-05 15:22:35,302 | INFO | Current Maps URL: https://www.google.com/maps/place/Cowboy+Hotel+Quy+Nhon/data=!4m10!3m9!1s0x316f6c629fc58f07:0xf9cc6488e5e846b7!5m2!4m1!1i2!8m2!3d13.7715974!4d109.2356976!16s%2Fg%2F11w23555kz!19sChIJB4_Fn2JsbzERt0bo5YhkzPk?authuser=0&hl=en&rclk=1
2026-09-05 15:22:35,302 | INFO | Valid Google Maps Place URL opened.
2026-09-05 15:22:40,747 | INFO | Address check | score=0.0000 | status=NEED_REVIEW | reason=MISSING_MAPS_ADDRESS
2026-09-05 15:22:40,748 | INFO | Opening Maps URL | attempt=1/3
2026-09-05 15:22:43,683 | INFO | Current Maps URL: https://www.google.com/maps/place/KTK+homestay/data=!4m10!3m9!1s0x316f6d00325907c7:0xfafefe4f263b0cd5!5m2!4m1!1i2!8m2!3d13.7765624!4d109.231773!16s%2Fg%2F11nc8kfwqp!19sChIJxwdZMgBtbzER1Qw7Jk_-_vo?authuser=0&hl=en&rclk=1
2026-09-05 15:22:43,683 | INFO | Valid Google Maps Place URL opened.
2026-09-05 15:22:49,217 | INFO | Address check | score=0.0000 | status=NEED_REVIEW | reason=MISSING_MAPS_ADDRESS
2026-09-05 15:22:49,222 | INFO | Opening Maps URL | attempt=1/3
2026-09-05 15:22:52,150 | INFO | Current Maps URL: https://www.google.com/maps/place/CIAO+Altara+Seaview+Quy+Nhon/data=!4m10!3m9!1s0x316f6d76b0cfd083:0x3057b788842021f0!5m2!4m1!1i2!8m2!3d13.773492!4d109.2408106!16s%2Fg%2F11ks2mjn2q!19sChIJg9DPsHZtbzER8CEghIi3VzA?authuser=0&hl=en&rclk=1
2026-09-05 15:22:52,151 | INFO | Valid Google Maps Place URL opened.
2026-09-05 15:22:57,594 | INFO | Address check | score=0.0000 | status=NEED_REVIEW | reason=MISSING_MAPS_ADDRESS
2026-09-05 15:22:57,595 | INFO | Opening Maps URL | attempt=1/3
2026-09-05 15:23:00,479 | INFO | Current Maps URL: https://www.google.com/maps/place/Kh%C3%A1ch+S%E1%BA%A1n+Sunflowers/data=!4m10!3m9!1s0x316f6c64ade37d55:0x10b24c5730fb1414!5m2!4m1!1i2!8m2!3d13.7721809!4d109.2422224!16s%2Fg%2F11h7s461v_!19sChIJVX3jrWRsbzERFBT7MFdMshA?authuser=0&hl=en&rclk=1
2026-09-05 15:23:00,479 | INFO | Valid Google Maps Place URL opened.
2026-09-05 15:23:05,995 | INFO | Address check | score=0.0000 | status=NEED_REVIEW | reason=MISSING_MAPS_ADDRESS
2026-09-05 15:23:05,996 | INFO | Opening Maps URL | attempt=1/3
2026-09-05 15:23:08,874 | INFO | Current Maps URL: https://www.google.com/maps/place/Kh%C3%A1ch+S%E1%BA%A1n+Quy+Nhon+Blue+Sea/data=!4m10!3m9!1s0x316f6c7ddd56adbf:0x4600788991ab3263!5m2!4m1!1i2!8m2!3d13.77831!4d109.2356744!16s%2Fg%2F11h414cjk9!19sChIJv61W3X1sbzERYzKrkYl4AEY?authuser=0&hl=en&rclk=1
2026-09-05 15:23:08,874 | INFO | Valid Google Maps Place URL opened.
2026-09-05 15:23:14,004 | INFO | Address check | score=0.0000 | status=NEED_REVIEW | reason=MISSING_MAPS_ADDRESS
2026-09-05 15:23:14,005 | INFO | CHECKPOINT | processed=1400 | matched=2 | mismatched=10 | review=1388
2026-09-05 15:23:14,608 | INFO | Excel saved: D:\Product-Google-Maps\output\hotels_export_google_maps_checked.xlsx
2026-09-05 15:23:14,609 | INFO | Opening Maps URL | attempt=1/3
2026-09-05 15:23:17,679 | INFO | Current Maps URL: https://www.google.com/maps/place/tree+hugger+%28crafts,+caf%C3%A9+%26+stay%29/data=!4m10!3m9!1s0x316f6dc188900347:0x7a81987c8aaa3aa4!5m2!4m1!1i2!8m2!3d13.7719084!4d109.2344284!16s%2Fg%2F11ny22ptq7!19sChIJRwOQiMFtbzERpDqqinyYgXo?authuser=0&hl=en&rclk=1
2026-09-05 15:23:17,680 | INFO | Valid Google Maps Place URL opened.
2026-09-05 15:23:23,165 | INFO | Address check | score=0.0000 | status=NEED_REVIEW | reason=MISSING_MAPS_ADDRESS
2026-09-05 15:23:23,167 | INFO | Opening Maps URL | attempt=1/3
2026-09-05 15:23:26,151 | INFO | Current Maps URL: https://www.google.com/maps/place/TMS+Pullman+C%C4%83n+H%E1%BB%99+Cao+C%E1%BA%A5p+Quy+Nh%C6%A1n+-+One-Bedroom+Apartment/data=!4m11!3m10!1s0x316f6c89aec5d571:0xad4b616e453ab2ea!5m2!4m1!1i2!8m2!3d13.7701397!4d109.2330322!16s%2Fg%2F11mkynmv26!17BQ0FF!19sChIJcdXFrolsbzER6rI6RW5hS60?authuser=0&hl=en&rclk=1
2026-09-05 15:23:26,151 | INFO | Valid Google Maps Place URL opened.
2026-09-05 15:23:31,604 | INFO | Address check | score=0.0000 | status=NEED_REVIEW | reason=MISSING_MAPS_ADDRESS
2026-09-05 15:23:31,608 | INFO | Opening Maps URL | attempt=1/3
2026-09-05 15:23:34,548 | INFO | Current Maps URL: https://www.google.com/maps/place/T%C6%B0%C6%A1h+klah/data=!4m7!3m6!1s0x316ea1c81fce235f:0xa6082738c1ac58ac!8m2!3d13.9603988!4d108.1295916!16s%2Fg%2F11rjyqpzk6!19sChIJXyPOH8ihbjERrFiswTgnCKY?authuser=0&hl=en&rclk=1
2026-09-05 15:23:34,548 | INFO | Valid Google Maps Place URL opened.
2026-09-05 15:23:39,811 | INFO | Address check | score=0.0000 | status=NEED_REVIEW | reason=MISSING_MAPS_ADDRESS
2026-09-05 15:23:39,812 | INFO | Opening Maps URL | attempt=1/3
2026-09-05 15:23:42,682 | INFO | Current Maps URL: https://www.google.com/maps/place/Nh%C3%A0+c%E1%BB%A7a+Vi%E1%BB%85n/data=!4m7!3m6!1s0x316c1d4027b40b5d:0xdf3aebf2c37eb119!8m2!3d14.059597!4d108.0049608!16s%2Fg%2F11v156ljy2!19sChIJXQu0J0AdbDERGbF-w_LrOt8?authuser=0&hl=en&rclk=1
2026-09-05 15:23:42,682 | INFO | Valid Google Maps Place URL opened.
2026-09-05 15:23:48,103 | INFO | Address check | score=0.0000 | status=NEED_REVIEW | reason=MISSING_MAPS_ADDRESS
2026-09-05 15:23:48,104 | INFO | Opening Maps URL | attempt=1/3
2026-09-05 15:23:50,960 | INFO | Current Maps URL: https://www.google.com/maps/place/NH%C3%80+NGH%E1%BB%88+THANH+T%C3%9A/data=!4m7!3m6!1s0x316ec321be972417:0x6f153e9b2e007875!8m2!3d13.9738362!4d108.5546455!16s%2Fg%2F11wr3mqc9j!19sChIJFySXviHDbjERdXgALps-FW8?authuser=0&hl=en&rclk=1
2026-09-05 15:23:50,960 | INFO | Valid Google Maps Place URL opened.
2026-09-05 15:23:56,375 | INFO | Address check | score=0.0000 | status=NEED_REVIEW | reason=MISSING_MAPS_ADDRESS
2026-09-05 15:23:56,380 | INFO | Opening Maps URL | attempt=1/3
2026-09-05 15:23:59,285 | INFO | Current Maps URL: https://www.google.com/maps/place/Nh%C3%A0+Ngh%C4%A9+T%C3%A2n+Th%E1%BA%A1nh/data=!4m7!3m6!1s0x316f1599a9102fcf:0x92e25bbdcc571025!8m2!3d13.8614374!4d109.1315677!16s%2Fg%2F11b67t76gb!19sChIJzy8QqZkVbzERJRBXzL1b4pI?authuser=0&hl=en&rclk=1
2026-09-05 15:23:59,285 | INFO | Valid Google Maps Place URL opened.
2026-09-05 15:24:04,644 | INFO | Address check | score=0.0000 | status=NEED_REVIEW | reason=MISSING_MAPS_ADDRESS
2026-09-05 15:24:04,646 | INFO | Opening Maps URL | attempt=1/3
2026-09-05 15:24:07,615 | INFO | Current Maps URL: https://www.google.com/maps/place/Nh%C3%A0+tr%E1%BB%8D+%C4%90%E1%BB%8Bnh+Th%C3%A0nh/data=!4m7!3m6!1s0x316e42b4a976ae95:0xdf5c554d5d37d4b9!8m2!3d13.4021736!4d108.4455547!16s%2Fg%2F1hjh9gldv!19sChIJla52qbRCbjERudQ3XU1VXN8?authuser=0&hl=en&rclk=1
2026-09-05 15:24:07,615 | INFO | Valid Google Maps Place URL opened.
2026-09-05 15:24:13,047 | INFO | Address check | score=0.0000 | status=NEED_REVIEW | reason=MISSING_MAPS_ADDRESS
2026-09-05 15:24:13,049 | INFO | Opening Maps URL | attempt=1/3
2026-09-05 15:24:16,255 | INFO | Current Maps URL: https://www.google.com/maps/place/Ph%C3%B2ng+Kh%C3%A1m+%C4%90a+Khoa+T%C3%A2y+Nguy%C3%AAn+Gia+Lai/data=!4m7!3m6!1s0x316c1f161381d43d:0x92c12dce3587cb25!8m2!3d13.9761717!4d107.9939777!16s%2Fg%2F11w7w7fy9s!19sChIJPdSBExYfbDERJcuHNc4twZI?authuser=0&hl=en&rclk=1
2026-09-05 15:24:16,255 | INFO | Valid Google Maps Place URL opened.
2026-09-05 15:24:21,268 | INFO | Address check | score=0.0000 | status=NEED_REVIEW | reason=MISSING_MAPS_ADDRESS
2026-09-05 15:24:21,269 | INFO | Opening Maps URL | attempt=1/3
2026-09-05 15:24:24,303 | INFO | Current Maps URL: https://www.google.com/maps/place/C%C3%94NG+TY+TR%C3%81CH+NHI%E1%BB%86M+H%E1%BB%AEU+H%E1%BA%A0N+M%E1%BB%98T+TH%C3%80NH+VI%C3%8AN+T%C6%AF+V%E1%BA%A4N+THI%E1%BA%BET+K%E1%BA%BE+X%C3%82Y+D%E1%BB%B0NG+KI%E1%BA%BEN+GIA/data=!4m7!3m6!1s0x316c1f004e5519f5:0x9eb705447aa51777!8m2!3d13.989905!4d108.0041623!16s%2Fg%2F11ypxgp6y3!19sChIJ9RlVTgAfbDERdxelekQFt54?authuser=0&hl=en&rclk=1
2026-09-05 15:24:24,303 | INFO | Valid Google Maps Place URL opened.
2026-09-05 15:24:29,611 | INFO | Address check | score=0.0000 | status=NEED_REVIEW | reason=MISSING_MAPS_ADDRESS
2026-09-05 15:24:29,613 | INFO | Opening Maps URL | attempt=1/3
2026-09-05 15:24:33,892 | INFO | Current Maps URL: https://www.google.com/maps/place/B%E1%BA%A3o+H%E1%BB%99+Lao+%C4%90%E1%BB%99ng+Thanh+Th%C3%BAy/data=!4m7!3m6!1s0x316c1f201a1894e9:0x4b9d4c2d554e2e8c!8m2!3d13.9767254!4d108.0042595!16s%2Fg%2F11rqwtljj_!19sChIJ6ZQYGiAfbDERjC5OVS1MnUs?authuser=0&hl=en&rclk=1
2026-09-05 15:24:33,900 | INFO | Valid Google Maps Place URL opened.
2026-09-05 15:24:39,751 | INFO | Address check | score=0.0000 | status=NEED_REVIEW | reason=MISSING_MAPS_ADDRESS
2026-09-05 15:24:39,752 | INFO | CHECKPOINT | processed=1410 | matched=2 | mismatched=10 | review=1398
2026-09-05 15:24:40,570 | INFO | Excel saved: D:\Product-Google-Maps\output\hotels_export_google_maps_checked.xlsx
2026-09-05 15:24:40,572 | INFO | Opening Maps URL | attempt=1/3
2026-09-05 15:24:44,139 | INFO | Current Maps URL: https://www.google.com/maps/place/GULAND+GIALAI/data=!4m7!3m6!1s0x316c1f2cf46ac1a5:0x36ce4287870c4d7!8m2!3d13.9699418!4d108.0154398!16s%2Fg%2F11qlbr1hzm!19sChIJpcFq9CwfbDER18RweCjkbAM?authuser=0&hl=en&rclk=1
2026-09-05 15:24:44,139 | INFO | Valid Google Maps Place URL opened.
2026-09-05 15:24:49,588 | INFO | Address check | score=0.0000 | status=NEED_REVIEW | reason=MISSING_MAPS_ADDRESS
2026-09-05 15:24:49,591 | INFO | Opening Maps URL | attempt=1/3
2026-09-05 15:24:52,475 | INFO | Current Maps URL: https://www.google.com/maps/place/NHA%CC%80+HA%CC%80NG+HOA+BI%C3%8A%CC%89N+KY%CC%80+CO/data=!4m7!3m6!1s0x316f438e1fc85d57:0x7fb2521d27fc4cdb!8m2!3d13.8800056!4d109.2918311!16s%2Fg%2F11h6t_g59n!19sChIJV13IH45DbzER20z8Jx1Ssn8?authuser=0&hl=en&rclk=1
2026-09-05 15:24:52,475 | INFO | Valid Google Maps Place URL opened.
2026-09-05 15:24:57,492 | INFO | Address check | score=0.0000 | status=NEED_REVIEW | reason=MISSING_MAPS_ADDRESS
2026-09-05 15:24:57,493 | INFO | Opening Maps URL | attempt=1/3
2026-09-05 15:25:00,506 | INFO | Current Maps URL: https://www.google.com/maps/place/Cu+Lao+Poulo+Gambir/data=!4m7!3m6!1s0x316f70c1d8a29b99:0x86a8355cc91829af!8m2!3d13.6231787!4d109.3456047!16s%2Fg%2F1ymw996q5!19sChIJmZui2MFwbzERrykYyVw1qIY?authuser=0&hl=en&rclk=1
2026-09-05 15:25:00,506 | INFO | Valid Google Maps Place URL opened.
2026-09-05 15:25:05,904 | INFO | Address check | score=0.9000 | status=MATCH | reason=ADDRESS_MATCH
2026-09-05 15:25:05,905 | INFO | Opening Maps URL | attempt=1/3
2026-09-05 15:25:09,455 | INFO | Current Maps URL: https://www.google.com/maps/place/L%C3%BD+Ch%C3%A1nh/data=!4m7!3m6!1s0x316f430058495043:0x4d5be342cbd4f9c4!8m2!3d13.8806349!4d109.2934376!16s%2Fg%2F11z5cmpmzl!19sChIJQ1BJWABDbzERxPnUy0LjW00?authuser=0&hl=en&rclk=1
2026-09-05 15:25:09,455 | INFO | Valid Google Maps Place URL opened.
2026-09-05 15:25:14,907 | INFO | Address check | score=0.0000 | status=NEED_REVIEW | reason=MISSING_MAPS_ADDRESS
2026-09-05 15:25:14,908 | INFO | Opening Maps URL | attempt=1/3
2026-09-05 15:25:17,819 | INFO | Current Maps URL: https://www.google.com/maps/place/Ru%E1%BB%99ng+l%C3%BAa+ia+breng+l%C3%A0ng+n%C3%BAt+ri%C3%AAng/data=!4m7!3m6!1s0x316e83007f1608f5:0x7893a73b447d4dbf!8m2!3d13.7577112!4d108.1069691!16s%2Fg%2F11yvprlfff!19sChIJ9QgWfwCDbjERv019RDunk3g?authuser=0&hl=en&rclk=1
2026-09-05 15:25:17,820 | INFO | Valid Google Maps Place URL opened.
2026-09-05 15:25:22,976 | INFO | Address check | score=0.0000 | status=NEED_REVIEW | reason=MISSING_MAPS_ADDRESS
2026-09-05 15:25:22,977 | INFO | Opening Maps URL | attempt=1/3
2026-09-05 15:25:25,830 | INFO | Current Maps URL: https://www.google.com/maps/place/Kho+Thu%E1%BB%B7+M%E1%BB%99c+-+X%C3%B4ng+h%C6%A1i+-+Jjim+JiL+Bang+-+Jacuzzi/data=!4m7!3m6!1s0x316f6bc13ab6c253:0x664a7ad0d3fb864!8m2!3d13.7931615!4d109.1955955!16s%2Fg%2F11frswwxp9!19sChIJU8K2OsFrbzERZLg_Da2nZAY?authuser=0&hl=en&rclk=1
2026-09-05 15:25:25,833 | INFO | Valid Google Maps Place URL opened.
2026-09-05 15:25:31,169 | INFO | Address check | score=0.0000 | status=NEED_REVIEW | reason=MISSING_MAPS_ADDRESS
2026-09-05 15:25:31,170 | INFO | Opening Maps URL | attempt=1/3
2026-09-05 15:25:34,100 | INFO | Current Maps URL: https://www.google.com/maps/place/L%E1%BA%A9u+cua+Trung+Li%C3%AAn./data=!4m7!3m6!1s0x316f41ecdfe1a28f:0x7e26922a742acb9b!8m2!3d13.8799347!4d109.2489869!16s%2Fg%2F11fj_6010x!19sChIJj6Lh3-xBbzERm8sqdCqSJn4?authuser=0&hl=en&rclk=1
2026-09-05 15:25:34,100 | INFO | Valid Google Maps Place URL opened.
2026-09-05 15:25:39,465 | INFO | Address check | score=0.0000 | status=NEED_REVIEW | reason=MISSING_MAPS_ADDRESS
2026-09-05 15:25:39,466 | INFO | Opening Maps URL | attempt=1/3
2026-09-05 15:25:42,377 | INFO | Current Maps URL: https://www.google.com/maps/place/Hotels+Ha+Min/data=!4m10!3m9!1s0x316f6ce7f3827b91:0xf9e7a4224d01a56a!5m2!4m1!1i2!8m2!3d13.7522564!4d109.2125635!16s%2Fg%2F11g6zjv0lh!19sChIJkXuC8-dsbzERaqUBTSKk5_k?authuser=0&hl=en&rclk=1
2026-09-05 15:25:42,377 | INFO | Valid Google Maps Place URL opened.
2026-09-05 15:25:47,833 | INFO | Address check | score=0.0000 | status=NEED_REVIEW | reason=MISSING_MAPS_ADDRESS
2026-09-05 15:25:47,834 | INFO | Opening Maps URL | attempt=1/3
2026-09-05 15:25:50,688 | INFO | Current Maps URL: https://www.google.com/maps/place/Chung+c%C6%B0+nh%C3%A0+%E1%BB%9F+x%C3%A3+h%E1%BB%99i+Vi%E1%BB%87t+Ph%C3%A1p+%28Residences%29/data=!4m7!3m6!1s0x316f6bc8beaed743:0x5aaed3657f0823a2!8m2!3d13.7866399!4d109.2060168!16s%2Fg%2F11ng59_3_0!19sChIJQ9euvshrbzERoiMIf2XTrlo?authuser=0&hl=en&rclk=1
2026-09-05 15:25:50,688 | INFO | Valid Google Maps Place URL opened.
2026-09-05 15:25:55,746 | INFO | Address check | score=0.0000 | status=NEED_REVIEW | reason=MISSING_MAPS_ADDRESS
2026-09-05 15:25:55,748 | INFO | Opening Maps URL | attempt=1/3
2026-09-05 15:25:58,689 | INFO | Current Maps URL: https://www.google.com/maps/place/Chao+Long+-+Banh+Hoi/data=!4m7!3m6!1s0x316f6d001adcf72f:0x3005589ba26ad9f7!8m2!3d13.7686782!4d109.2291916!16s%2Fg%2F11zgmbf5xj!19sChIJL_fcGgBtbzER99lqoptYBTA?authuser=0&hl=en&rclk=1
2026-09-05 15:25:58,689 | INFO | Valid Google Maps Place URL opened.
2026-09-05 15:26:03,729 | INFO | Address check | score=0.0000 | status=NEED_REVIEW | reason=MISSING_MAPS_ADDRESS
2026-09-05 15:26:03,730 | INFO | CHECKPOINT | processed=1420 | matched=3 | mismatched=10 | review=1407
2026-09-05 15:26:04,456 | INFO | Excel saved: D:\Product-Google-Maps\output\hotels_export_google_maps_checked.xlsx
2026-09-05 15:26:04,457 | INFO | Opening Maps URL | attempt=1/3
2026-09-05 15:26:07,390 | INFO | Current Maps URL: https://www.google.com/maps/place/Th%E1%BB%8B+Tr%E1%BA%A5n+Ng%C3%B4+M%C3%A2y/data=!4m7!3m6!1s0x316f3bbb62e58159:0x8193e2e3c204e129!8m2!3d14.0038535!4d109.0593113!16s%2Fg%2F11vw_v0r_t!19sChIJWYHlYrs7bzERKeEEwuPik4E?authuser=0&hl=en&rclk=1
2026-09-05 15:26:07,391 | INFO | Valid Google Maps Place URL opened.
2026-09-05 15:26:12,892 | INFO | Address check | score=0.0000 | status=NEED_REVIEW | reason=MISSING_MAPS_ADDRESS
2026-09-05 15:26:12,893 | INFO | Opening Maps URL | attempt=1/3
2026-09-05 15:26:15,816 | INFO | Current Maps URL: https://www.google.com/maps/place/Green+Park+Hotel/data=!4m10!3m9!1s0x316f6c921d282d85:0xf861a061720fd46c!5m2!4m1!1i2!8m2!3d13.768471!4d109.222904!16s%2Fg%2F11f330f4g9!19sChIJhS0oHZJsbzERbNQPcmGgYfg?authuser=0&hl=en&rclk=1
2026-09-05 15:26:15,816 | INFO | Valid Google Maps Place URL opened.
2026-09-05 15:26:21,075 | INFO | Address check | score=0.0000 | status=NEED_REVIEW | reason=MISSING_MAPS_ADDRESS
2026-09-05 15:26:21,077 | INFO | Opening Maps URL | attempt=1/3
2026-09-05 15:26:24,496 | INFO | Current Maps URL: https://www.google.com/maps/place/Ch%E1%BB%A3+Nh%C6%A1n+H%E1%BB%99i/data=!4m7!3m6!1s0x316f4112e4f38df1:0xa746e3afa6c2363d!8m2!3d13.8869729!4d109.248881!16s%2Fg%2F11f5v05g3p!19sChIJ8Y3z5BJBbzERPTbCpq_jRqc?authuser=0&hl=en&rclk=1
2026-09-05 15:26:24,499 | INFO | Valid Google Maps Place URL opened.
2026-09-05 15:26:29,706 | INFO | Address check | score=0.0000 | status=NEED_REVIEW | reason=MISSING_MAPS_ADDRESS
2026-09-05 15:26:29,709 | INFO | Opening Maps URL | attempt=1/3
2026-09-05 15:26:33,382 | INFO | Current Maps URL: https://www.google.com/maps/place/G%C3%B2+B%E1%BB%93i+Bridge/data=!4m7!3m6!1s0x316f406c381304e9:0xa9e615c956a8a4e5!8m2!3d13.901861!4d109.20367!16s%2Fg%2F11c1tt3dwm!19sChIJ6QQTOGxAbzER5aSoVskV5qk?authuser=0&hl=en&rclk=1
2026-09-05 15:26:33,385 | INFO | Valid Google Maps Place URL opened.
2026-09-05 15:26:38,448 | INFO | Address check | score=0.0000 | status=NEED_REVIEW | reason=MISSING_MAPS_ADDRESS
2026-09-05 15:26:38,449 | INFO | Opening Maps URL | attempt=1/3
2026-09-05 15:26:41,473 | INFO | Current Maps URL: https://www.google.com/maps/place/Nh%C6%A1n+H%E1%BB%99i+New+City+K%E1%BB%B3+Co+Gateway/data=!4m7!3m6!1s0x316f41550ea881b1:0x9c50f6eed6bcba16!8m2!3d13.8778885!4d109.2632424!16s%2Fg%2F11stjyczh4!19sChIJsYGoDlVBbzERFrq81u72UJw?authuser=0&hl=en&rclk=1
2026-09-05 15:26:41,473 | INFO | Valid Google Maps Place URL opened.
2026-09-05 15:26:46,870 | INFO | Address check | score=0.0000 | status=NEED_REVIEW | reason=MISSING_MAPS_ADDRESS
2026-09-05 15:26:46,873 | INFO | Opening Maps URL | attempt=1/3
2026-09-05 15:26:49,773 | INFO | Current Maps URL: https://www.google.com/maps/place/Ham+Ho+Travel+Jsc/data=!4m7!3m6!1s0x316f1f0dd59c646f:0x28e83263ac35a584!8m2!3d13.8736377!4d108.8626746!16s%2Fg%2F1tcvfksp!19sChIJb2Sc1Q0fbzERhKU1rGMy6Cg?authuser=0&hl=en&rclk=1
2026-09-05 15:26:49,773 | INFO | Valid Google Maps Place URL opened.
2026-09-05 15:26:55,269 | INFO | Address check | score=0.0000 | status=NEED_REVIEW | reason=MISSING_MAPS_ADDRESS
2026-09-05 15:26:55,270 | INFO | Opening Maps URL | attempt=1/3
2026-09-05 15:26:58,308 | INFO | Current Maps URL: https://www.google.com/maps/place/Ngoc+Hoa+Monastic/data=!4m7!3m6!1s0x316f69fc58e15d1b:0x74a24d70e878375d!8m2!3d13.8857565!4d109.2913058!16s%2Fg%2F11dxdy6xn5!19sChIJG13hWPxpbzERXTd46HBNonQ?authuser=0&hl=en&rclk=1
2026-09-05 15:26:58,308 | INFO | Valid Google Maps Place URL opened.
2026-09-05 15:27:03,710 | INFO | Address check | score=0.0000 | status=NEED_REVIEW | reason=MISSING_MAPS_ADDRESS
2026-09-05 15:27:03,711 | INFO | Opening Maps URL | attempt=1/3
2026-09-05 15:27:06,760 | INFO | Current Maps URL: https://www.google.com/maps/place/Kh%C3%A1ch+S%E1%BA%A1n+Nguy%C3%AAn+Nh%E1%BA%ADt/data=!4m7!3m6!1s0x316f3b90c8985e6d:0x6a5a095ce9f40243!8m2!3d13.9919873!4d109.0590547!16s%2Fg%2F11b67sb2cl!19sChIJbV6YyJA7bzERQwL06VwJWmo?authuser=0&hl=en&rclk=1
2026-09-05 15:27:06,760 | INFO | Valid Google Maps Place URL opened.
2026-09-05 15:27:12,111 | INFO | Address check | score=0.0000 | status=NEED_REVIEW | reason=MISSING_MAPS_ADDRESS
2026-09-05 15:27:12,112 | INFO | Opening Maps URL | attempt=1/3
2026-09-05 15:27:15,031 | INFO | Current Maps URL: https://www.google.com/maps/place/H%C3%B2n+%C3%94ng+C%C4%83n/data=!4m7!3m6!1s0x316f431169eeb905:0xbbc01316f5a813d6!8m2!3d13.8985054!4d109.3504402!16s%2Fg%2F11ny3sjkx6!19sChIJBbnuaRFDbzER1hOo9RYTwLs?authuser=0&hl=en&rclk=1
2026-09-05 15:27:15,032 | INFO | Valid Google Maps Place URL opened.
2026-09-05 15:27:20,422 | INFO | Address check | score=0.0000 | status=NEED_REVIEW | reason=MISSING_MAPS_ADDRESS
2026-09-05 15:27:20,423 | INFO | Opening Maps URL | attempt=1/3
2026-09-05 15:27:23,386 | INFO | Current Maps URL: https://www.google.com/maps/place/Denny+House/data=!4m7!3m6!1s0x316f6ba0eba2c5c5:0x2136c14319feb694!8m2!3d13.8109857!4d109.2207793!16s%2Fg%2F11kjp1k77_!19sChIJxcWi66BrbzERlLb-GUPBNiE?authuser=0&hl=en&rclk=1
2026-09-05 15:27:23,386 | INFO | Valid Google Maps Place URL opened.
2026-09-05 15:27:28,775 | INFO | Address check | score=0.0000 | status=NEED_REVIEW | reason=MISSING_MAPS_ADDRESS
2026-09-05 15:27:28,776 | INFO | CHECKPOINT | processed=1430 | matched=3 | mismatched=10 | review=1417
2026-09-05 15:27:29,378 | INFO | Excel saved: D:\Product-Google-Maps\output\hotels_export_google_maps_checked.xlsx
2026-09-05 15:27:29,378 | INFO | Opening Maps URL | attempt=1/3
2026-09-05 15:27:32,557 | INFO | Current Maps URL: https://www.google.com/maps/place/D%E1%BB%B1+%C3%81n+Nh%C3%A0+%E1%BB%9E+X%C3%A3+H%E1%BB%99i+Long+V%C3%A2n/data=!4m7!3m6!1s0x316f130060757d2d:0x3cd3a3ff7fec5e40!8m2!3d13.782681!4d109.1563173!16s%2Fg%2F11x0c3dv8k!19sChIJLX11YAATbzERQF7sf_-j0zw?authuser=0&hl=en&rclk=1
2026-09-05 15:27:32,557 | INFO | Valid Google Maps Place URL opened.
2026-09-05 15:27:38,003 | INFO | Address check | score=0.0000 | status=NEED_REVIEW | reason=MISSING_MAPS_ADDRESS
2026-09-05 15:27:38,004 | INFO | Opening Maps URL | attempt=1/3
2026-09-05 15:27:41,025 | INFO | Current Maps URL: https://www.google.com/maps/place/People%27s+Committee+of+Nh%C6%A1n+Ch%C3%A2u+Commune/data=!4m7!3m6!1s0x316f710026871ee5:0xd523cf4cbd8e37c!8m2!3d13.6125828!4d109.3526955!16s%2Fg%2F11xl9mcmvb!19sChIJ5R6HJgBxbzERfOPYy_Q8Ug0?authuser=0&hl=en&rclk=1
2026-09-05 15:27:41,025 | INFO | Valid Google Maps Place URL opened.
2026-09-05 15:27:46,376 | INFO | Address check | score=0.0000 | status=NEED_REVIEW | reason=MISSING_MAPS_ADDRESS
2026-09-05 15:27:46,381 | INFO | Opening Maps URL | attempt=1/3
2026-09-05 15:27:49,337 | INFO | Current Maps URL: https://www.google.com/maps/place/Nh%C3%A0+Cho+Thu%C3%AA+%C4%90%E1%BA%B7ng+Th%E1%BB%8B+Minh+Thu%E1%BB%B7/data=!4m7!3m6!1s0x316f6b65c588ec39:0x4642260940247dcb!8m2!3d13.7946143!4d109.218719!16s%2Fg%2F11b6dff1gm!19sChIJOeyIxWVrbzERy30kQAkmQkY?authuser=0&hl=en&rclk=1
2026-09-05 15:27:49,338 | INFO | Valid Google Maps Place URL opened.
2026-09-05 15:27:54,719 | INFO | Address check | score=0.0000 | status=NEED_REVIEW | reason=MISSING_MAPS_ADDRESS
2026-09-05 15:27:54,720 | INFO | Opening Maps URL | attempt=1/3
2026-09-05 15:27:57,667 | INFO | Current Maps URL: https://www.google.com/maps/place/Hom+stay+GI%C3%93+BI%E1%BB%82N/data=!4m7!3m6!1s0x316f6b42a1d7f921:0x3e826f19a7fef785!8m2!3d13.8109559!4d109.2216439!16s%2Fg%2F11rfrv3p7q!19sChIJIfnXoUJrbzERhff-pxlvgj4?authuser=0&hl=en&rclk=1
2026-09-05 15:27:57,668 | INFO | Valid Google Maps Place URL opened.
2026-09-05 15:28:03,108 | INFO | Address check | score=0.0000 | status=NEED_REVIEW | reason=MISSING_MAPS_ADDRESS
2026-09-05 15:28:03,109 | INFO | Opening Maps URL | attempt=1/3
2026-09-05 15:28:05,971 | INFO | Current Maps URL: https://www.google.com/maps/place/S%E2%80%99+House/data=!4m10!3m9!1s0x316f6b61714152ad:0xb6387c065ed904b3!5m2!4m1!1i2!8m2!3d13.7889419!4d109.216694!16s%2Fg%2F11g1lmj01d!19sChIJrVJBcWFrbzERswTZXgZ8OLY?authuser=0&hl=en&rclk=1
2026-09-05 15:28:05,971 | INFO | Valid Google Maps Place URL opened.
2026-09-05 15:28:11,384 | INFO | Address check | score=0.0000 | status=NEED_REVIEW | reason=MISSING_MAPS_ADDRESS
2026-09-05 15:28:11,386 | INFO | Opening Maps URL | attempt=1/3
2026-09-05 15:28:14,363 | INFO | Current Maps URL: https://www.google.com/maps/place/Li%C3%AAn+H%E1%BB%99i/data=!4m7!3m6!1s0x3168d3005dfc2217:0xff48c8b1623ac9cb!8m2!3d14.3115485!4d108.9064966!16s%2Fg%2F11n3_3dyz0!19sChIJFyL8XQDTaDERy8k6YrHISP8?authuser=0&hl=en&rclk=1
2026-09-05 15:28:14,364 | INFO | Valid Google Maps Place URL opened.
2026-09-05 15:28:19,812 | INFO | Address check | score=0.0000 | status=NEED_REVIEW | reason=MISSING_MAPS_ADDRESS
2026-09-05 15:28:19,814 | INFO | Opening Maps URL | attempt=1/3
2026-09-05 15:28:22,721 | INFO | Current Maps URL: https://www.google.com/maps/place/Sophie+Homestay/data=!4m10!3m9!1s0x316f6c83770e57d3:0x2556d84f420543fe!5m2!4m1!1i2!8m2!3d13.7802445!4d109.2264356!16s%2Fg%2F11f4wtk1m8!19sChIJ01cOd4NsbzER_kMFQk_YViU?authuser=0&hl=en&rclk=1
2026-09-05 15:28:22,721 | INFO | Valid Google Maps Place URL opened.
2026-09-05 15:28:28,271 | INFO | Address check | score=0.0000 | status=NEED_REVIEW | reason=MISSING_MAPS_ADDRESS
2026-09-05 15:28:28,272 | INFO | Opening Maps URL | attempt=1/3
2026-09-05 15:28:31,370 | INFO | Current Maps URL: https://www.google.com/maps/place/Kh%C3%A1ch+s%E1%BA%A1n+Daylight+-+22+Tr%E1%BA%A7n+V%C4%83n+%C6%A0n+TP+Quy+Nh%C6%A1n/data=!4m10!3m9!1s0x316f6db97e7e48fb:0x4e0b7eca5408b2f7!5m2!4m1!1i2!8m2!3d13.7558107!4d109.21576!16s%2Fg%2F11jl22g1fy!19sChIJ-0h-frltbzER97IIVMp-C04?authuser=0&hl=en&rclk=1
2026-09-05 15:28:31,370 | INFO | Valid Google Maps Place URL opened.
2026-09-05 15:28:36,711 | INFO | Address check | score=0.5714 | status=MATCH | reason=ADDRESS_MATCH
2026-09-05 15:28:36,713 | INFO | Opening Maps URL | attempt=1/3
2026-09-05 15:28:39,591 | INFO | Current Maps URL: https://www.google.com/maps/place/Nh%C3%A0+Ngh%E1%BB%89+Thoa+B%C3%A9+2/data=!4m10!3m9!1s0x316f6c82f2316f7d:0x7870ebd817c6956a!5m2!4m1!1i2!8m2!3d13.7832438!4d109.2260618!16s%2Fg%2F11gslv3fc3!19sChIJfW8x8oJsbzERapXGF9jrcHg?authuser=0&hl=en&rclk=1
2026-09-05 15:28:39,592 | INFO | Valid Google Maps Place URL opened.
2026-09-05 15:28:45,119 | INFO | Address check | score=0.0000 | status=NEED_REVIEW | reason=MISSING_MAPS_ADDRESS
2026-09-05 15:28:45,120 | INFO | Opening Maps URL | attempt=1/3
2026-09-05 15:28:48,129 | INFO | Current Maps URL: https://www.google.com/maps/place/Kh%C3%A1ch+S%E1%BA%A1n+Tr%E1%BA%A7u+Cau+3/data=!4m7!3m6!1s0x316f6cc2e17a7fa5:0xeb37839aae1b50e!8m2!3d13.7548733!4d109.2091353!16s%2Fg%2F11c57ch50k!19sChIJpX964cJsbzERDrXhqjl4sw4?authuser=0&hl=en&rclk=1
2026-09-05 15:28:48,129 | INFO | Valid Google Maps Place URL opened.
2026-09-05 15:28:53,598 | INFO | Address check | score=0.0000 | status=NEED_REVIEW | reason=MISSING_MAPS_ADDRESS
2026-09-05 15:28:53,599 | INFO | CHECKPOINT | processed=1440 | matched=4 | mismatched=10 | review=1426
2026-09-05 15:28:54,180 | INFO | Excel saved: D:\Product-Google-Maps\output\hotels_export_google_maps_checked.xlsx
2026-09-05 15:28:54,180 | INFO | Opening Maps URL | attempt=1/3
2026-09-05 15:28:57,051 | INFO | Current Maps URL: https://www.google.com/maps/place/Khai+Hoan+Hotel+%28Triumphal+Hotel%29/data=!4m10!3m9!1s0x316f6c931c5374cd:0x8446729880c739de!5m2!4m1!1i2!8m2!3d13.7652895!4d109.2204855!16s%2Fg%2F11f4wty64y!19sChIJzXRTHJNsbzER3jnHgJhyRoQ?authuser=0&hl=en&rclk=1
2026-09-05 15:28:57,051 | INFO | Valid Google Maps Place URL opened.
2026-09-05 15:29:02,354 | INFO | Address check | score=0.0000 | status=NEED_REVIEW | reason=MISSING_MAPS_ADDRESS
2026-09-05 15:29:02,355 | INFO | Opening Maps URL | attempt=1/3
2026-09-05 15:29:05,284 | INFO | Current Maps URL: https://www.google.com/maps/place/Kh%C3%A1ch+s%E1%BA%A1n+Sala+Quy+Nh%C6%A1n/data=!4m7!3m6!1s0x316f6dfcbebd0b83:0x87331816c1ec71d9!8m2!3d13.7724356!4d109.2294935!16s%2Fg%2F11f62v_y_g!19sChIJgwu9vvxtbzER2XHswRYYM4c?authuser=0&hl=en&rclk=1
2026-09-05 15:29:05,284 | INFO | Valid Google Maps Place URL opened.
2026-09-05 15:29:10,702 | INFO | Address check | score=0.0000 | status=NEED_REVIEW | reason=MISSING_MAPS_ADDRESS
2026-09-05 15:29:10,703 | INFO | Opening Maps URL | attempt=1/3
2026-09-05 15:29:13,589 | INFO | Current Maps URL: https://www.google.com/maps/place/Hoa+L%C6%B0+Bridge/data=!4m7!3m6!1s0x316f6b5edc612027:0x7eabeeb7fa52f4ec!8m2!3d13.7898126!4d109.2070393!16s%2Fg%2F11gbxgyp65!19sChIJJyBh3F5rbzER7PRS-rfuq34?authuser=0&hl=en&rclk=1
2026-09-05 15:29:13,589 | INFO | Valid Google Maps Place URL opened.
2026-09-05 15:29:19,042 | INFO | Address check | score=0.0000 | status=NEED_REVIEW | reason=MISSING_MAPS_ADDRESS
2026-09-05 15:29:19,043 | INFO | Opening Maps URL | attempt=1/3
2026-09-05 15:29:22,157 | INFO | Current Maps URL: https://www.google.com/maps/place/Lu%E1%BA%ADt+L%E1%BB%85+Railway+Bridge/data=!4m7!3m6!1s0x316f152e44f6c60d:0x4f3df26aa9b8330d!8m2!3d13.8115892!4d109.1561567!16s%2Fg%2F11l8s2j2xg!19sChIJDcb2RC4VbzERDTO4qWryPU8?authuser=0&hl=en&rclk=1
2026-09-05 15:29:22,157 | INFO | Valid Google Maps Place URL opened.
2026-09-05 15:29:27,564 | INFO | Address check | score=0.0000 | status=NEED_REVIEW | reason=MISSING_MAPS_ADDRESS
2026-09-05 15:29:27,567 | INFO | Opening Maps URL | attempt=1/3
2026-09-05 15:29:30,534 | INFO | Current Maps URL: https://www.google.com/maps/place/Th%E1%BB%8B+L%E1%BB%B1a+Bridge/data=!4m7!3m6!1s0x316f3d07e8d7244f:0xe5600b0eb2137423!8m2!3d13.9165341!4d109.0544769!16s%2Fg%2F11h4p53gds!19sChIJTyTX6Ac9bzERI3QTsg4LYOU?authuser=0&hl=en&rclk=1
2026-09-05 15:29:30,534 | INFO | Valid Google Maps Place URL opened.
2026-09-05 15:29:35,895 | INFO | Address check | score=0.0000 | status=NEED_REVIEW | reason=MISSING_MAPS_ADDRESS
2026-09-05 15:29:35,897 | INFO | Opening Maps URL | attempt=1/3
2026-09-05 15:29:39,620 | INFO | Current Maps URL: https://www.google.com/maps/place/Bien+Quy+Nhon/data=!4m7!3m6!1s0x316f6db650bc8603:0x9d56399472869c14!8m2!3d13.7552283!4d109.2167717!16s%2Fg%2F11h20_9n85!19sChIJA4a8ULZtbzERFJyGcpQ5Vp0?authuser=0&hl=en&rclk=1
2026-09-05 15:29:39,620 | INFO | Valid Google Maps Place URL opened.
2026-09-05 15:29:44,850 | INFO | Address check | score=0.0000 | status=NEED_REVIEW | reason=MISSING_MAPS_ADDRESS
2026-09-05 15:29:44,862 | INFO | Opening Maps URL | attempt=1/3
2026-09-05 15:29:48,835 | INFO | Current Maps URL: https://www.google.com/maps/place/Tr%E1%BB%A5+s%E1%BB%9F+th%C3%B4n+%C4%90%E1%BA%A1i+B%C3%ACnh/data=!4m7!3m6!1s0x316f3d0e3f98706b:0x917b0c6935ecb7e2!8m2!3d13.9183357!4d109.0348241!16s%2Fg%2F1pp2vh53s!19sChIJa3CYPw49bzER4rfsNWkMe5E?authuser=0&hl=en&rclk=1
2026-09-05 15:29:48,836 | INFO | Valid Google Maps Place URL opened.
2026-09-05 15:29:54,061 | INFO | Address check | score=0.0000 | status=NEED_REVIEW | reason=MISSING_MAPS_ADDRESS
2026-09-05 15:29:54,062 | INFO | Opening Maps URL | attempt=1/3
2026-09-05 15:29:56,975 | INFO | Current Maps URL: https://www.google.com/maps/place/B%C3%A3i+X%C3%A9p+-+Quy+Nh%C6%A1n/data=!4m7!3m6!1s0x316f73ea5a2c7a81:0x42891c9fd74b613d!8m2!3d13.6846256!4d109.231308!16s%2Fg%2F11fn98h59f!19sChIJgXosWupzbzERPWFL158ciUI?authuser=0&hl=en&rclk=1
2026-09-05 15:29:56,975 | INFO | Valid Google Maps Place URL opened.
2026-09-05 15:30:02,389 | INFO | Address check | score=0.0000 | status=NEED_REVIEW | reason=MISSING_MAPS_ADDRESS
2026-09-05 15:30:02,390 | INFO | Opening Maps URL | attempt=1/3
2026-09-05 15:30:05,360 | INFO | Current Maps URL: https://www.google.com/maps/place/L%C3%B4+26+Hoa+L%C6%B0+N%E1%BB%91i+D%C3%A0i,+Ph%C6%B0%E1%BB%9Dng+Quy+Nh%C6%A1n,+Gia+Lai/data=!4m7!3m6!1s0x316f6b002d9806bf:0x95c2c4b58fca02da!8m2!3d13.789697!4d109.2095716!16s%2Fg%2F11z3b4fy07!19sChIJvwaYLQBrbzER2gLKj7XEwpU?authuser=0&hl=en&rclk=1
2026-09-05 15:30:05,361 | INFO | Valid Google Maps Place URL opened.
2026-09-05 15:30:10,832 | INFO | Address check | score=0.0000 | status=NEED_REVIEW | reason=MISSING_MAPS_ADDRESS
2026-09-05 15:30:10,836 | INFO | Opening Maps URL | attempt=1/3
2026-09-05 15:30:13,815 | INFO | Current Maps URL: https://www.google.com/maps/place/Khu+du+l%E1%BB%8Bch+Ph%C6%B0%C6%A1ng+Mai/data=!4m7!3m6!1s0x316f416baccaa9ff:0x8b5c4ca555acdeaa!8m2!3d13.9300082!4d109.2436437!16s%2Fg%2F11hz7gvw7g!19sChIJ_6nKrGtBbzERqt6sVaVMXIs?authuser=0&hl=en&rclk=1
2026-09-05 15:30:13,815 | INFO | Valid Google Maps Place URL opened.
2026-09-05 15:30:19,156 | INFO | Address check | score=0.0000 | status=NEED_REVIEW | reason=MISSING_MAPS_ADDRESS
2026-09-05 15:30:19,156 | INFO | CHECKPOINT | processed=1450 | matched=4 | mismatched=10 | review=1436
2026-09-05 15:30:19,769 | INFO | Excel saved: D:\Product-Google-Maps\output\hotels_export_google_maps_checked.xlsx
2026-09-05 15:30:19,770 | INFO | Opening Maps URL | attempt=1/3
2026-09-05 15:30:23,515 | INFO | Current Maps URL: https://www.google.com/maps/place/H%E1%BA%A3i+%C3%82u+Bi%C3%AAn+C%C6%B0%C6%A1ng/data=!4m10!3m9!1s0x316f6c94b26e0da5:0x299e543d8f0dd31e!5m2!4m1!1i2!8m2!3d13.7637458!4d109.2168473!16s%2Fg%2F11jf5bln6f!19sChIJpQ1uspRsbzERHtMNjz1Unik?authuser=0&hl=en&rclk=1
2026-09-05 15:30:23,515 | INFO | Valid Google Maps Place URL opened.
2026-09-05 15:30:29,059 | INFO | Address check | score=0.0000 | status=NEED_REVIEW | reason=MISSING_MAPS_ADDRESS
2026-09-05 15:30:29,060 | INFO | Opening Maps URL | attempt=1/3
2026-09-05 15:30:32,087 | INFO | Current Maps URL: https://www.google.com/maps/place/C%C3%B4ng+Vi%C3%AAn+.+Bi%E1%BB%83n+Quy+Nh%C6%A1n/data=!4m7!3m6!1s0x316f6d003b0b2321:0x6a107e801fc65479!8m2!3d13.7524863!4d109.2163834!16s%2Fg%2F11w854prf0!19sChIJISMLOwBtbzEReVTGH4B-EGo?authuser=0&hl=en&rclk=1
2026-09-05 15:30:32,088 | INFO | Valid Google Maps Place URL opened.
2026-09-05 15:30:37,276 | INFO | Address check | score=0.0000 | status=NEED_REVIEW | reason=MISSING_MAPS_ADDRESS
2026-09-05 15:30:37,277 | INFO | Opening Maps URL | attempt=1/3
2026-09-05 15:30:40,476 | INFO | Current Maps URL: https://www.google.com/maps/place/Nam+B%C3%ACnh+%C4%90%E1%BB%8Bnh+Toll+Plaza/data=!4m7!3m6!1s0x316f158e2d78bc5b:0x343baadefce11542!8m2!3d13.871314!4d109.1254223!16s%2Fg%2F11cm1sqjy1!19sChIJW7x4LY4VbzERQhXh_N6qOzQ?authuser=0&hl=en&rclk=1
2026-09-05 15:30:40,477 | INFO | Valid Google Maps Place URL opened.
2026-09-05 15:30:45,877 | INFO | Address check | score=0.0000 | status=NEED_REVIEW | reason=MISSING_MAPS_ADDRESS
2026-09-05 15:30:45,878 | INFO | Opening Maps URL | attempt=1/3
2026-09-05 15:30:48,819 | INFO | Current Maps URL: https://www.google.com/maps/place/Gia+Lai+Museum/data=!4m7!3m6!1s0x316f6c89b221196b:0x2011bdd463b745fe!8m2!3d13.7705756!4d109.2333789!16s%2Fg%2F11h4bvl2br!19sChIJaxkhsolsbzER_kW3Y9S9ESA?authuser=0&hl=en&rclk=1
2026-09-05 15:30:48,820 | INFO | Valid Google Maps Place URL opened.
2026-09-05 15:30:54,272 | INFO | Address check | score=0.0000 | status=NEED_REVIEW | reason=MISSING_MAPS_ADDRESS
2026-09-05 15:30:54,273 | INFO | Opening Maps URL | attempt=1/3
2026-09-05 15:30:57,289 | INFO | Current Maps URL: https://www.google.com/maps/place/Ecohome+Nh%C6%A1n+B%C3%ACnh/data=!4m7!3m6!1s0x316f6b9fdb0ecb2b:0x17c32e31daca80f1!8m2!3d13.8016483!4d109.1933288!16s%2Fg%2F11rfbflp7l!19sChIJK8sO259rbzER8YDK2jEuwxc?authuser=0&hl=en&rclk=1
2026-09-05 15:30:57,290 | INFO | Valid Google Maps Place URL opened.
2026-09-05 15:31:02,647 | INFO | Address check | score=0.0000 | status=NEED_REVIEW | reason=MISSING_MAPS_ADDRESS
2026-09-05 15:31:02,651 | INFO | Opening Maps URL | attempt=1/3
2026-09-05 15:31:05,518 | INFO | Current Maps URL: https://www.google.com/maps/place/PH%C6%AF%C6%A0NG+MAI+TOURIST/data=!4m7!3m6!1s0x316f6de6a15c3b61:0xeafc2ddd085a5869!8m2!3d13.7697927!4d109.2159973!16s%2Fg%2F11h22j2f_w!19sChIJYTtcoeZtbzERaVhaCN0t_Oo?authuser=0&hl=en&rclk=1
2026-09-05 15:31:05,518 | INFO | Valid Google Maps Place URL opened.
2026-09-05 15:31:11,044 | INFO | Address check | score=0.0000 | status=NEED_REVIEW | reason=MISSING_MAPS_ADDRESS
2026-09-05 15:31:11,045 | INFO | Opening Maps URL | attempt=1/3
2026-09-05 15:31:14,098 | INFO | Current Maps URL: https://www.google.com/maps/place/Bi%E1%BB%83n+H%E1%BB%93+Pleiku/data=!4m7!3m6!1s0x316c1f140d1f63b9:0xe19af8e5e361109c!8m2!3d14.0403219!4d108.0000308!16s%2Fg%2F11ft6_fq24!19sChIJuWMfDRQfbDERnBBh4-X4muE?authuser=0&hl=en&rclk=1
2026-09-05 15:31:14,100 | INFO | Valid Google Maps Place URL opened.
2026-09-05 15:31:19,410 | INFO | Address check | score=0.0000 | status=NEED_REVIEW | reason=MISSING_MAPS_ADDRESS
2026-09-05 15:31:19,411 | INFO | Opening Maps URL | attempt=1/3
2026-09-05 15:31:22,322 | INFO | Current Maps URL: https://www.google.com/maps/place/Tran+Hung+Dao+Statue/data=!4m7!3m6!1s0x316f6c69c248e603:0xd36fbf2a5e8df5d8!8m2!3d13.7617971!4d109.2518322!16s%2Fg%2F11b6dpzv1d!19sChIJA-ZIwmlsbzER2PWNXiq_b9M?authuser=0&hl=en&rclk=1
2026-09-05 15:31:22,323 | INFO | Valid Google Maps Place URL opened.
2026-09-05 15:31:27,852 | INFO | Address check | score=0.0000 | status=NEED_REVIEW | reason=MISSING_MAPS_ADDRESS
2026-09-05 15:31:27,856 | INFO | Opening Maps URL | attempt=1/3
2026-09-05 15:31:30,736 | INFO | Current Maps URL: https://www.google.com/maps/place/Tour+K%E1%BB%B3+Co+%E2%80%93+Eo+Gi%C3%B3+%E2%80%93+Dulichkyco/data=!4m7!3m6!1s0x3168c36f6ff17791:0x7d657cb27623f8b7!8m2!3d13.8826897!4d109.2903896!16s%2Fg%2F11t8_8dyxg!19sChIJkXfxb2_DaDERt_gjdrJ8ZX0?authuser=0&hl=en&rclk=1
2026-09-05 15:31:30,736 | INFO | Valid Google Maps Place URL opened.
2026-09-05 15:31:36,189 | INFO | Address check | score=0.0000 | status=NEED_REVIEW | reason=MISSING_MAPS_ADDRESS
2026-09-05 15:31:36,191 | INFO | Opening Maps URL | attempt=1/3
2026-09-05 15:31:39,147 | INFO | Current Maps URL: https://www.google.com/maps/place/PH%C3%9A+GIA+RIVERSIDE/data=!4m7!3m6!1s0x316f6d002971b1dd:0x48dffa9506f9c025!8m2!3d13.8079482!4d109.2091605!16s%2Fg%2F11yxf8spjh!19sChIJ3bFxKQBtbzERJcD5BpX630g?authuser=0&hl=en&rclk=1
2026-09-05 15:31:39,147 | INFO | Valid Google Maps Place URL opened.
2026-09-05 15:31:44,481 | INFO | Address check | score=0.0000 | status=NEED_REVIEW | reason=MISSING_MAPS_ADDRESS
2026-09-05 15:31:44,481 | INFO | CHECKPOINT | processed=1460 | matched=4 | mismatched=10 | review=1446
2026-09-05 15:31:45,050 | INFO | Excel saved: D:\Product-Google-Maps\output\hotels_export_google_maps_checked.xlsx
2026-09-05 15:31:45,051 | INFO | Opening Maps URL | attempt=1/3
2026-09-05 15:31:47,947 | INFO | Current Maps URL: https://www.google.com/maps/place/Ruhome+Homestay/data=!4m10!3m9!1s0x316f6d92fb28cf81:0x854e73c15b080fac!5m2!4m1!1i2!8m2!3d13.7721137!4d109.2289014!16s%2Fg%2F11zbmkys_d!19sChIJgc8o-5JtbzERrA8IW8FzToU?authuser=0&hl=en&rclk=1
2026-09-05 15:31:47,948 | INFO | Valid Google Maps Place URL opened.
2026-09-05 15:31:53,014 | INFO | Address check | score=0.0000 | status=NEED_REVIEW | reason=MISSING_MAPS_ADDRESS
2026-09-05 15:31:53,016 | INFO | Opening Maps URL | attempt=1/3
2026-09-05 15:31:56,212 | INFO | Current Maps URL: https://www.google.com/maps/place/Hoai+My+Guesthouse/data=!4m10!3m9!1s0x316f6cdc55a4250b:0x397798b897a51293!5m2!4m1!1i2!8m2!3d13.7504552!4d109.2087261!16s%2Fg%2F11f04d6h6v!19sChIJCyWkVdxsbzERkxKll7iYdzk?authuser=0&hl=en&rclk=1
2026-09-05 15:31:56,213 | INFO | Valid Google Maps Place URL opened.
2026-09-05 15:32:01,585 | INFO | Address check | score=0.0000 | status=NEED_REVIEW | reason=MISSING_MAPS_ADDRESS
2026-09-05 15:32:01,586 | INFO | Opening Maps URL | attempt=1/3
2026-09-05 15:32:04,513 | INFO | Current Maps URL: https://www.google.com/maps/place/Nh%C3%A0+B%C3%B4ng+Homestay/data=!4m7!3m6!1s0x316e63b0df278f39:0xe5729a40264693b6!8m2!3d13.5717939!4d108.2515397!16s%2Fg%2F11st83psbr!19sChIJOY8n37BjbjERtpNGJkCacuU?authuser=0&hl=en&rclk=1
2026-09-05 15:32:04,513 | INFO | Valid Google Maps Place URL opened.
2026-09-05 15:32:09,957 | INFO | Address check | score=0.0000 | status=NEED_REVIEW | reason=MISSING_MAPS_ADDRESS
2026-09-05 15:32:09,961 | INFO | Opening Maps URL | attempt=1/3
2026-09-05 15:32:12,972 | INFO | Current Maps URL: https://www.google.com/maps/place/Bego+Homestay/data=!4m7!3m6!1s0x316f6dac9fa31e43:0xb5db329cd942f310!8m2!3d13.7525071!4d109.2120341!16s%2Fg%2F11n94b91g5!19sChIJQx6jn6xtbzEREPNC2Zwy27U?authuser=0&hl=en&rclk=1
2026-09-05 15:32:12,972 | INFO | Valid Google Maps Place URL opened.
2026-09-05 15:32:18,454 | INFO | Address check | score=0.0000 | status=NEED_REVIEW | reason=MISSING_MAPS_ADDRESS
2026-09-05 15:32:18,455 | INFO | Opening Maps URL | attempt=1/3
2026-09-05 15:32:21,427 | INFO | Current Maps URL: https://www.google.com/maps/place/La+Cactus+Hotel+1/data=!4m10!3m9!1s0x316f6d2fcd34bdb3:0xd47b723d06fea9dc!5m2!4m1!1i2!8m2!3d13.7559429!4d109.2127735!16s%2Fg%2F11j4t56z2v!19sChIJs700zS9tbzER3Kn-Bj1ye9Q?authuser=0&hl=en&rclk=1
2026-09-05 15:32:21,427 | INFO | Valid Google Maps Place URL opened.
2026-09-05 15:32:26,485 | INFO | Address check | score=0.0000 | status=NEED_REVIEW | reason=MISSING_MAPS_ADDRESS
2026-09-05 15:32:26,486 | INFO | Opening Maps URL | attempt=1/3
2026-09-05 15:32:29,573 | INFO | Current Maps URL: https://www.google.com/maps/place/Kh%C3%A1ch+s%E1%BA%A1n+N%C4%83m+thu/data=!4m10!3m9!1s0x316f6dd9f440f013:0x4296b359f89b79f3!5m2!4m1!1i2!8m2!3d13.7541802!4d109.2121227!16s%2Fg%2F11hyz_pkrw!19sChIJE_BA9NltbzER83mb-FmzlkI?authuser=0&hl=en&rclk=1
2026-09-05 15:32:29,574 | INFO | Valid Google Maps Place URL opened.
2026-09-05 15:32:34,993 | INFO | Address check | score=0.0000 | status=NEED_REVIEW | reason=MISSING_MAPS_ADDRESS
2026-09-05 15:32:34,994 | INFO | Opening Maps URL | attempt=1/3
2026-09-05 15:32:37,945 | INFO | Current Maps URL: https://www.google.com/maps/place/Nh%C3%A0+Ngh%E1%BB%89+Hoa+Hoa/data=!4m7!3m6!1s0x316f6c81a1407557:0x4432990ce0a4084c!8m2!3d13.7820044!4d109.2314114!16s%2Fg%2F12mj_ldtt!19sChIJV3VAoYFsbzERTAik4AyZMkQ?authuser=0&hl=en&rclk=1
2026-09-05 15:32:37,945 | INFO | Valid Google Maps Place URL opened.
2026-09-05 15:32:43,274 | INFO | Address check | score=0.0000 | status=NEED_REVIEW | reason=MISSING_MAPS_ADDRESS
2026-09-05 15:32:43,275 | INFO | Opening Maps URL | attempt=1/3
2026-09-05 15:32:46,174 | INFO | Current Maps URL: https://www.google.com/maps/place/Nh%C3%A0+Ngh%E1%BB%89+H%E1%BB%93ng+Ph%C6%B0%E1%BB%9Bc/data=!4m7!3m6!1s0x316f14826d2c3fa3:0x3f6db45c1c5d166d!8m2!3d13.7922444!4d109.1480058!16s%2Fg%2F1jkwcfcsj!19sChIJoz8sbYIUbzERbRZdHFy0bT8?authuser=0&hl=en&rclk=1
2026-09-05 15:32:46,175 | INFO | Valid Google Maps Place URL opened.
2026-09-05 15:32:51,550 | INFO | Address check | score=0.0000 | status=NEED_REVIEW | reason=MISSING_MAPS_ADDRESS
2026-09-05 15:32:51,551 | INFO | Opening Maps URL | attempt=1/3
2026-09-05 15:32:54,441 | INFO | Current Maps URL: https://www.google.com/maps/place/Nh%C3%A0+ngh%E1%BB%89+Anh+%C4%90%C3%A0o/data=!4m7!3m6!1s0x316f6bc59683003f:0x620c3094cc445d84!8m2!3d13.7927584!4d109.2057494!16s%2Fg%2F11h4c9wk1r!19sChIJPwCDlsVrbzERhF1EzJQwDGI?authuser=0&hl=en&rclk=1
2026-09-05 15:32:54,441 | INFO | Valid Google Maps Place URL opened.
2026-09-05 15:32:59,606 | INFO | Address check | score=0.0000 | status=NEED_REVIEW | reason=MISSING_MAPS_ADDRESS
2026-09-05 15:32:59,607 | INFO | Opening Maps URL | attempt=1/3
2026-09-05 15:33:02,525 | INFO | Current Maps URL: https://www.google.com/maps/place/Kh%C3%A1ch+S%E1%BA%A1n+An+Ph%C3%BAc/data=!4m10!3m9!1s0x316f6ddc481b22f3:0x81e272fc3a7b91d6!5m2!4m1!1i2!8m2!3d13.7648459!4d109.2166077!16s%2Fg%2F11h7fmz3p5!19sChIJ8yIbSNxtbzER1pF7Ovxy4oE?authuser=0&hl=en&rclk=1
2026-09-05 15:33:02,525 | INFO | Valid Google Maps Place URL opened.
2026-09-05 15:33:07,531 | INFO | Address check | score=0.0000 | status=NEED_REVIEW | reason=MISSING_MAPS_ADDRESS
2026-09-05 15:33:07,532 | INFO | CHECKPOINT | processed=1470 | matched=4 | mismatched=10 | review=1456
2026-09-05 15:33:08,135 | INFO | Excel saved: D:\Product-Google-Maps\output\hotels_export_google_maps_checked.xlsx
2026-09-05 15:33:08,136 | INFO | Opening Maps URL | attempt=1/3
2026-09-05 15:33:11,081 | INFO | Current Maps URL: https://www.google.com/maps/place/Nh%C3%A0+Ngh%E1%BB%89+An+S%C6%A1n+L%E1%BA%A7u/data=!4m7!3m6!1s0x316f1388587f0057:0x717b5466eb26fc54!8m2!3d13.7902386!4d109.1264143!16s%2Fg%2F11gg670cmd!19sChIJVwB_WIgTbzERVPwm62ZUe3E?authuser=0&hl=en&rclk=1
2026-09-05 15:33:11,081 | INFO | Valid Google Maps Place URL opened.
2026-09-05 15:33:16,474 | INFO | Address check | score=0.0000 | status=NEED_REVIEW | reason=MISSING_MAPS_ADDRESS
2026-09-05 15:33:16,475 | INFO | Opening Maps URL | attempt=1/3
2026-09-05 15:33:19,501 | INFO | Current Maps URL: https://www.google.com/maps/place/Th%E1%BB%8Bnh+FLC+Condotel/data=!4m7!3m6!1s0x316f6d7ce824b3f3:0x76d8f0a9f10f0d67!8m2!3d13.7555009!4d109.2148133!16s%2Fg%2F11npslgbt1!19sChIJ87Mk6HxtbzERZw0P8anw2HY?authuser=0&hl=en&rclk=1
2026-09-05 15:33:19,501 | INFO | Valid Google Maps Place URL opened.
2026-09-05 15:33:24,813 | INFO | Address check | score=0.0000 | status=NEED_REVIEW | reason=MISSING_MAPS_ADDRESS
2026-09-05 15:33:24,814 | INFO | Opening Maps URL | attempt=1/3
2026-09-05 15:33:27,779 | INFO | Current Maps URL: https://www.google.com/maps/place/%C6%A0i+%C3%80+homestay/data=!4m10!3m9!1s0x316c2589810490dd:0x874293d4ce9047c1!5m2!4m1!1i2!8m2!3d13.8549047!4d107.9401183!16s%2Fg%2F11lmnhvjsm!19sChIJ3ZAEgYklbDERwUeQztSTQoc?authuser=0&hl=en&rclk=1
2026-09-05 15:33:27,779 | INFO | Valid Google Maps Place URL opened.
2026-09-05 15:33:33,195 | INFO | Address check | score=0.0000 | status=NEED_REVIEW | reason=MISSING_MAPS_ADDRESS
2026-09-05 15:33:33,196 | INFO | Opening Maps URL | attempt=1/3
2026-09-05 15:33:36,138 | INFO | Current Maps URL: https://www.google.com/maps/place/Kh%C3%A1ch+s%E1%BA%A1n+Ph%C3%BA+T%C3%A0i./data=!4m7!3m6!1s0x316f137df2a74e13:0xec833664132861cf!8m2!3d13.7904923!4d109.1477113!16s%2Fg%2F1jkvnpqyt!19sChIJE06n8n0TbzERz2EoE2Q2g-w?authuser=0&hl=en&rclk=1
2026-09-05 15:33:36,138 | INFO | Valid Google Maps Place URL opened.
2026-09-05 15:33:41,519 | INFO | Address check | score=0.0000 | status=NEED_REVIEW | reason=MISSING_MAPS_ADDRESS
2026-09-05 15:33:41,520 | INFO | Opening Maps URL | attempt=1/3
2026-09-05 15:33:44,470 | INFO | Current Maps URL: https://www.google.com/maps/place/KoiKing+Homestay+Quy+Nh%C6%A1n+-+Superior+King+Room/data=!4m11!3m10!1s0x316f6ce9658eae19:0x2adf9b4c91266!5m2!4m1!1i2!8m2!3d13.7574702!4d109.2157593!16s%2Fg%2F11yn2923lz!17BQ0FF!19sChIJGa6OZelsbzERZhLJtPmtAgA?authuser=0&hl=en&rclk=1
2026-09-05 15:33:44,470 | INFO | Valid Google Maps Place URL opened.
2026-09-05 15:33:49,661 | INFO | Address check | score=0.0000 | status=NEED_REVIEW | reason=MISSING_MAPS_ADDRESS
2026-09-05 15:33:49,662 | INFO | Opening Maps URL | attempt=1/3
2026-09-05 15:33:52,585 | INFO | Current Maps URL: https://www.google.com/maps/place/MeiMei+Homestay/data=!4m7!3m6!1s0x316f6d8c6c542b07:0xdaaad86910ae3e1e!8m2!3d13.7657718!4d109.2232926!16s%2Fg%2F11jp0sf4gn!19sChIJBytUbIxtbzERHj6uEGnYqto?authuser=0&hl=en&rclk=1
2026-09-05 15:33:52,585 | INFO | Valid Google Maps Place URL opened.
2026-09-05 15:33:57,925 | INFO | Address check | score=0.0000 | status=NEED_REVIEW | reason=MISSING_MAPS_ADDRESS
2026-09-05 15:33:57,926 | INFO | Opening Maps URL | attempt=1/3
2026-09-05 15:34:00,928 | INFO | Current Maps URL: https://www.google.com/maps/place/Motel+Th%C6%B0%C6%A1ng+T%C3%ADnh/data=!4m7!3m6!1s0x316edeee52f709bb:0xfda6fbd1cc67c02f!8m2!3d13.9700394!4d108.7450731!16s%2Fg%2F11n6ztxy1x!19sChIJuwn3Uu7ebjERL8BnzNH7pv0?authuser=0&hl=en&rclk=1
2026-09-05 15:34:00,929 | INFO | Valid Google Maps Place URL opened.
2026-09-05 15:34:06,320 | INFO | Address check | score=0.0000 | status=NEED_REVIEW | reason=MISSING_MAPS_ADDRESS
2026-09-05 15:34:06,321 | INFO | Opening Maps URL | attempt=1/3
2026-09-05 15:34:09,437 | INFO | Current Maps URL: https://www.google.com/maps/place/Motel+Nh%C3%A0+Ngh%E1%BB%89+H%E1%BB%93ng+Ph%C3%BAc/data=!4m7!3m6!1s0x316edf506073842d:0xde8c0ca3e9bc951!8m2!3d13.9871222!4d108.7985664!16s%2Fg%2F11k2vnvvkv!19sChIJLYRzYFDfbjERUcmbPsrA6A0?authuser=0&hl=en&rclk=1
2026-09-05 15:34:09,437 | INFO | Valid Google Maps Place URL opened.
2026-09-05 15:34:14,825 | INFO | Address check | score=0.0000 | status=NEED_REVIEW | reason=MISSING_MAPS_ADDRESS
2026-09-05 15:34:14,826 | INFO | Opening Maps URL | attempt=1/3
2026-09-05 15:34:17,666 | INFO | Current Maps URL: https://www.google.com/maps/place/L%C3%A0ng+Li%E1%BB%81u+Village+Homestay/data=!4m7!3m6!1s0x316f41000ae805ab:0xa3bf7550485355ed!8m2!3d13.880171!4d109.261523!16s%2Fg%2F11w429287_!19sChIJqwXoCgBBbzER7VVTSFB1v6M?authuser=0&hl=en&rclk=1
2026-09-05 15:34:17,666 | INFO | Valid Google Maps Place URL opened.
2026-09-05 15:34:22,778 | INFO | Address check | score=0.0000 | status=NEED_REVIEW | reason=MISSING_MAPS_ADDRESS
2026-09-05 15:34:22,779 | INFO | Opening Maps URL | attempt=1/3
2026-09-05 15:34:25,712 | INFO | Current Maps URL: https://www.google.com/maps/place/Nh%C3%A0+ngh%E1%BB%89+T%C6%B0+%C3%9At/data=!4m7!3m6!1s0x316f3d005e3520f3:0x3c139a2b9fff997a!8m2!3d13.9510396!4d109.0737063!16s%2Fg%2F11yfqqwr08!19sChIJ8yA1XgA9bzERepn_nyuaEzw?authuser=0&hl=en&rclk=1
2026-09-05 15:34:25,712 | INFO | Valid Google Maps Place URL opened.
2026-09-05 15:34:31,087 | INFO | Address check | score=0.0000 | status=NEED_REVIEW | reason=MISSING_MAPS_ADDRESS
2026-09-05 15:34:31,088 | INFO | CHECKPOINT | processed=1480 | matched=4 | mismatched=10 | review=1466
2026-09-05 15:34:31,713 | INFO | Excel saved: D:\Product-Google-Maps\output\hotels_export_google_maps_checked.xlsx
2026-09-05 15:34:31,714 | INFO | Opening Maps URL | attempt=1/3
2026-09-05 15:34:34,623 | INFO | Current Maps URL: https://www.google.com/maps/place/Rose+Motel/data=!4m10!3m9!1s0x316f6d4a02298b17:0xe50a9792222488dd!5m2!4m1!1i2!8m2!3d13.7438775!4d109.2088666!16s%2Fg%2F11fctt7hr7!19sChIJF4spAkptbzER3YgkIpKXCuU?authuser=0&hl=en&rclk=1
2026-09-05 15:34:34,624 | INFO | Valid Google Maps Place URL opened.
2026-09-05 15:34:39,926 | INFO | Address check | score=0.0000 | status=NEED_REVIEW | reason=MISSING_MAPS_ADDRESS
2026-09-05 15:34:39,928 | INFO | Opening Maps URL | attempt=1/3
2026-09-05 15:34:43,155 | INFO | Current Maps URL: https://www.google.com/maps/place/MOTEL+SUNRISE+2/data=!4m7!3m6!1s0x316f6c6353c4732b:0x398ce0b18f8f9fbc!8m2!3d13.7724903!4d109.2410052!16s%2Fg%2F11t27hj363!19sChIJK3PEU2NsbzERvJ-Pj7HgjDk?authuser=0&hl=en&rclk=1
2026-09-05 15:34:43,156 | INFO | Valid Google Maps Place URL opened.
2026-09-05 15:34:48,186 | INFO | Address check | score=0.0000 | status=NEED_REVIEW | reason=MISSING_MAPS_ADDRESS
2026-09-05 15:34:48,187 | INFO | Opening Maps URL | attempt=1/3
2026-09-05 15:34:51,254 | INFO | Current Maps URL: https://www.google.com/maps/place/Ti%C3%AAn+Sa+Hotel/data=!4m7!3m6!1s0x316f6cde5b00dd6f:0x2b5bb7b508a39e52!8m2!3d13.745568!4d109.2093758!16s%2Fg%2F11mgm3n1sx!19sChIJb90AW95sbzERUp6jCLW3Wys?authuser=0&hl=en&rclk=1
2026-09-05 15:34:51,254 | INFO | Valid Google Maps Place URL opened.
2026-09-05 15:34:56,658 | INFO | Address check | score=0.0000 | status=NEED_REVIEW | reason=MISSING_MAPS_ADDRESS
2026-09-05 15:34:56,662 | INFO | Opening Maps URL | attempt=1/3
2026-09-05 15:34:59,801 | INFO | Current Maps URL: https://www.google.com/maps/place/Happy+Hotel/data=!4m10!3m9!1s0x316f6d2e3cc8d7d1:0xaaf396b7c60d463!5m2!4m1!1i2!8m2!3d13.7452695!4d109.2097634!16s%2Fg%2F11fmmncl0k!19sChIJ0dfIPC5tbzERY9RgfGs5rwo?authuser=0&hl=en&rclk=1
2026-09-05 15:34:59,802 | INFO | Valid Google Maps Place URL opened.
2026-09-05 15:35:05,162 | INFO | Address check | score=0.0000 | status=NEED_REVIEW | reason=MISSING_MAPS_ADDRESS
2026-09-05 15:35:05,164 | INFO | Opening Maps URL | attempt=1/3
2026-09-05 15:35:08,109 | INFO | Current Maps URL: https://www.google.com/maps/place/Hotel+Ng%E1%BB%8Dc+D%C5%A9ng/data=!4m10!3m9!1s0x316f4193bafb76b9:0xe349cbeeaa4aa4c6!5m2!4m1!1i2!8m2!3d13.8997181!4d109.2041627!16s%2Fg%2F11swr2vh8p!19sChIJuXb7upNBbzERxqRKqu7LSeM?authuser=0&hl=en&rclk=1
2026-09-05 15:35:08,110 | INFO | Valid Google Maps Place URL opened.
2026-09-05 15:35:13,461 | INFO | Address check | score=0.0000 | status=NEED_REVIEW | reason=MISSING_MAPS_ADDRESS
2026-09-05 15:35:13,462 | INFO | Opening Maps URL | attempt=1/3
2026-09-05 15:35:16,544 | INFO | Current Maps URL: https://www.google.com/maps/place/Hotel+Lan+Th%C3%A0nh/data=!4m7!3m6!1s0x316f3d7a347e89b1:0xeddd4bc66531d95d!8m2!3d13.9163154!4d109.0845744!16s%2Fg%2F11sv4zjqfc!19sChIJsYl-NHo9bzERXdkxZcZL3e0?authuser=0&hl=en&rclk=1
2026-09-05 15:35:16,545 | INFO | Valid Google Maps Place URL opened.
2026-09-05 15:35:21,864 | INFO | Address check | score=0.0000 | status=NEED_REVIEW | reason=MISSING_MAPS_ADDRESS
2026-09-05 15:35:21,868 | INFO | Opening Maps URL | attempt=1/3
2026-09-05 15:35:24,977 | INFO | Current Maps URL: https://www.google.com/maps/place/HOTEL+LAN+TH%C3%80NH+2/data=!4m7!3m6!1s0x316f3d565edc0601:0x9d2fed4a1c8daa4a!8m2!3d13.9235645!4d109.0923377!16s%2Fg%2F11y245rjdl!19sChIJAQbcXlY9bzERSqqNHErtL50?authuser=0&hl=en&rclk=1
2026-09-05 15:35:24,977 | INFO | Valid Google Maps Place URL opened.
2026-09-05 15:35:30,445 | INFO | Address check | score=0.0000 | status=NEED_REVIEW | reason=MISSING_MAPS_ADDRESS
2026-09-05 15:35:30,446 | INFO | Opening Maps URL | attempt=1/3
2026-09-05 15:35:33,358 | INFO | Current Maps URL: https://www.google.com/maps/place/Kh%C3%A1ch+S%E1%BA%A1n+T%C3%A2m+Ho%C3%A0ng+Y%E1%BA%BFn/data=!4m7!3m6!1s0x316f3e1766c8a4e7:0x6cc7d8e82f1e1f7!8m2!3d13.8946464!4d109.1128247!16s%2Fg%2F11c7480q7_!19sChIJ56TIZhc-bzER9-Hxgo59zAY?authuser=0&hl=en&rclk=1
2026-09-05 15:35:33,358 | INFO | Valid Google Maps Place URL opened.
2026-09-05 15:35:38,480 | INFO | Address check | score=0.0000 | status=NEED_REVIEW | reason=MISSING_MAPS_ADDRESS
2026-09-05 15:35:38,481 | INFO | Opening Maps URL | attempt=1/3
2026-09-05 15:35:41,899 | INFO | Current Maps URL: https://www.google.com/maps/place/Kh%C3%A1ch+S%E1%BA%A1n+H%E1%BB%93ng+%C3%81nh/data=!4m10!3m9!1s0x316f6cdce25cdd41:0xaba335162058b16!5m2!4m1!1i2!8m2!3d13.7512251!4d109.2088078!16s%2Fg%2F1hc61vwjy!19sChIJQd1c4txsbzERFosFYlEzugo?authuser=0&hl=en&rclk=1
2026-09-05 15:35:41,899 | INFO | Valid Google Maps Place URL opened.
2026-09-05 15:35:47,333 | INFO | Address check | score=0.0000 | status=NEED_REVIEW | reason=MISSING_MAPS_ADDRESS
2026-09-05 15:35:47,338 | INFO | Opening Maps URL | attempt=1/3
2026-09-05 15:35:50,260 | INFO | Current Maps URL: https://www.google.com/maps/place/Kh%C3%A1ch+S%E1%BA%A1n+B%E1%BA%A3o+Vy/data=!4m7!3m6!1s0x316f14aea793ad6d:0xc108f18baf505452!8m2!3d13.7949695!4d109.1820395!16s%2Fg%2F11c1t4vz6d!19sChIJba2Tp64UbzERUlRQr4vxCME?authuser=0&hl=en&rclk=1
2026-09-05 15:35:50,261 | INFO | Valid Google Maps Place URL opened.
2026-09-05 15:35:55,271 | INFO | Address check | score=0.0000 | status=NEED_REVIEW | reason=MISSING_MAPS_ADDRESS
2026-09-05 15:35:55,274 | INFO | CHECKPOINT | processed=1490 | matched=4 | mismatched=10 | review=1476
2026-09-05 15:35:55,898 | INFO | Excel saved: D:\Product-Google-Maps\output\hotels_export_google_maps_checked.xlsx
2026-09-05 15:35:55,899 | INFO | Opening Maps URL | attempt=1/3
2026-09-05 15:35:58,981 | INFO | Current Maps URL: https://www.google.com/maps/place/Kh%C3%A1ch+S%E1%BA%A1n+-+Coffee+KIM+HOA+2/data=!4m7!3m6!1s0x316f3fbe0f5cbfbd:0xe1e3e118087249df!8m2!3d13.898003!4d109.1087771!16s%2Fg%2F11fkt9__ct!19sChIJvb9cD74_bzER30lyCBjh4-E?authuser=0&hl=en&rclk=1
2026-09-05 15:35:58,982 | INFO | Valid Google Maps Place URL opened.
2026-09-05 15:36:04,300 | INFO | Address check | score=0.0000 | status=NEED_REVIEW | reason=MISSING_MAPS_ADDRESS
2026-09-05 15:36:04,301 | INFO | Opening Maps URL | attempt=1/3
2026-09-05 15:36:07,449 | INFO | Current Maps URL: https://www.google.com/maps/place/Kh%C3%A1ch+S%E1%BA%A1n+Ho%C3%A0ng+Sa/data=!4m10!3m9!1s0x316f6ce91efe5acf:0x388ca9fcf2142d7b!5m2!4m1!1i2!8m2!3d13.7563391!4d109.2143143!16s%2Fg%2F11f54sl8zc!19sChIJz1r-HulsbzERey0U8vypjDg?authuser=0&hl=en&rclk=1
2026-09-05 15:36:07,449 | INFO | Valid Google Maps Place URL opened.
2026-09-05 15:36:12,876 | INFO | Address check | score=0.0000 | status=NEED_REVIEW | reason=MISSING_MAPS_ADDRESS
2026-09-05 15:36:12,877 | INFO | Opening Maps URL | attempt=1/3
2026-09-05 15:36:15,812 | INFO | Current Maps URL: https://www.google.com/maps/place/KH%C3%81CH+S%E1%BA%A0N+NGUY%E1%BB%86T+HOA+QUY+NH%C6%A0N/data=!4m7!3m6!1s0x316f6c9334b66479:0x204380ac6e5f163d!8m2!3d13.7630344!4d109.2193878!16s%2Fg%2F11c5wstb3y!19sChIJeWS2NJNsbzERPRZfbqyAQyA?authuser=0&hl=en&rclk=1
2026-09-05 15:36:15,812 | INFO | Valid Google Maps Place URL opened.
2026-09-05 15:36:21,275 | INFO | Address check | score=0.0000 | status=NEED_REVIEW | reason=MISSING_MAPS_ADDRESS
2026-09-05 15:36:21,277 | INFO | Opening Maps URL | attempt=1/3
2026-09-05 15:36:24,456 | INFO | Current Maps URL: https://www.google.com/maps/place/KH%C3%81CH+S%E1%BA%A0N+H%E1%BB%92NG+G%E1%BA%A4M/data=!4m10!3m9!1s0x316f6d4fc65a9759:0xe03665fc81f78d8b!5m2!4m1!1i2!8m2!3d13.7530128!4d109.2137295!16s%2Fg%2F11t5nj8r1g!19sChIJWZdaxk9tbzERi433gfxlNuA?authuser=0&hl=en&rclk=1
2026-09-05 15:36:24,456 | INFO | Valid Google Maps Place URL opened.
2026-09-05 15:36:29,919 | INFO | Address check | score=0.0000 | status=NEED_REVIEW | reason=MISSING_MAPS_ADDRESS
2026-09-05 15:36:29,921 | INFO | Opening Maps URL | attempt=1/3
2026-09-05 15:36:32,854 | INFO | Current Maps URL: https://www.google.com/maps/place/Kh%C3%A1ch+S%E1%BA%A1n+Anh+Th%C6%B0/data=!4m10!3m9!1s0x316f6c9077c7fa77:0x6c859feced118c0a!5m2!4m1!1i2!8m2!3d13.7761361!4d109.2271541!16s%2Fg%2F1tdbnc93!19sChIJd_rHd5BsbzERCowR7eyfhWw?authuser=0&hl=en&rclk=1
2026-09-05 15:36:32,854 | INFO | Valid Google Maps Place URL opened.
2026-09-05 15:36:38,213 | INFO | Address check | score=0.0000 | status=NEED_REVIEW | reason=MISSING_MAPS_ADDRESS
2026-09-05 15:36:38,215 | INFO | Opening Maps URL | attempt=1/3
2026-09-05 15:36:41,182 | INFO | Current Maps URL: https://www.google.com/maps/place/Hotels+Hong+Hanh/data=!4m7!3m6!1s0x316f6c9302b04e53:0xf24d91f31ba29ed4!8m2!3d13.7653218!4d109.2204668!16s%2Fg%2F11dztrycd1!19sChIJU06wApNsbzER1J6iG_ORTfI?authuser=0&hl=en&rclk=1
2026-09-05 15:36:41,183 | INFO | Valid Google Maps Place URL opened.
2026-09-05 15:36:46,194 | INFO | Address check | score=0.0000 | status=NEED_REVIEW | reason=MISSING_MAPS_ADDRESS
2026-09-05 15:36:46,195 | INFO | Opening Maps URL | attempt=1/3
2026-09-05 15:36:49,111 | INFO | Current Maps URL: https://www.google.com/maps/place/Kh%C3%A1ch+s%E1%BA%A1n+Ho%C3%A0ng+Kh%C6%B0%C6%A1ng/data=!4m7!3m6!1s0x316f3f9cf986cf53:0x24ee469d3ac91ecb!8m2!3d13.8842858!4d109.1141796!16s%2Fg%2F11pxll9s1_!19sChIJU8-G-Zw_bzERyx7JOp1G7iQ?authuser=0&hl=en&rclk=1
2026-09-05 15:36:49,111 | INFO | Valid Google Maps Place URL opened.
2026-09-05 15:36:54,519 | INFO | Address check | score=0.0000 | status=NEED_REVIEW | reason=MISSING_MAPS_ADDRESS
2026-09-05 15:36:54,524 | INFO | Opening Maps URL | attempt=1/3
2026-09-05 15:36:57,636 | INFO | Current Maps URL: https://www.google.com/maps/place/Hotel+Ho%C3%A0ng+kim/data=!4m7!3m6!1s0x316f3c3f587bd95b:0xdc5bdaba8814453f!8m2!3d13.9479473!4d109.0679325!16s%2Fg%2F11b682vd8m!19sChIJW9l7WD88bzERP0UUiLraW9w?authuser=0&hl=en&rclk=1
2026-09-05 15:36:57,636 | INFO | Valid Google Maps Place URL opened.
2026-09-05 15:37:03,211 | INFO | Address check | score=0.0000 | status=NEED_REVIEW | reason=MISSING_MAPS_ADDRESS
2026-09-05 15:37:03,213 | INFO | Opening Maps URL | attempt=1/3
2026-09-05 15:37:06,245 | INFO | Current Maps URL: https://www.google.com/maps/place/Nh%C3%A0+Ngh%E1%BB%89+Qu%E1%BB%91c+Khang/data=!4m7!3m6!1s0x316f6cc2af86b63d:0x329df9f17ba105ee!8m2!3d13.7536429!4d109.2112074!16s%2Fg%2F11lzn9z5m_!19sChIJPbaGr8JsbzER7gWhe_H5nTI?authuser=0&hl=en&rclk=1
2026-09-05 15:37:06,246 | INFO | Valid Google Maps Place URL opened.
2026-09-05 15:37:11,685 | INFO | Address check | score=0.0000 | status=NEED_REVIEW | reason=MISSING_MAPS_ADDRESS
2026-09-05 15:37:11,686 | INFO | Opening Maps URL | attempt=1/3
2026-09-05 15:37:14,748 | INFO | Current Maps URL: https://www.google.com/maps/place/Nh%C3%A0+Ngh%E1%BB%89+Kim+C%C3%BAc+Quy+Nh%C6%A1n/data=!4m7!3m6!1s0x316f6d3129f1df43:0x43ce59ffc7c478f5!8m2!3d13.7536536!4d109.2112309!16s%2Fg%2F11j4rsh2xp!19sChIJQ9_xKTFtbzER9XjEx_9ZzkM?authuser=0&hl=en&rclk=1
2026-09-05 15:37:14,749 | INFO | Valid Google Maps Place URL opened.
2026-09-05 15:37:20,088 | INFO | Address check | score=0.0000 | status=NEED_REVIEW | reason=MISSING_MAPS_ADDRESS
2026-09-05 15:37:20,089 | INFO | CHECKPOINT | processed=1500 | matched=4 | mismatched=10 | review=1486
2026-09-05 15:37:20,699 | INFO | Excel saved: D:\Product-Google-Maps\output\hotels_export_google_maps_checked.xlsx
2026-09-05 15:37:20,699 | INFO | Opening Maps URL | attempt=1/3
2026-09-05 15:37:23,690 | INFO | Current Maps URL: https://www.google.com/maps/place/Huy%27s+Homestay/data=!4m7!3m6!1s0x316f41004737a49b:0x8921f4e9973c7228!8m2!3d13.8847612!4d109.2696841!16s%2Fg%2F11zhdrt25s!19sChIJm6Q3RwBBbzERKHI8l-n0IYk?authuser=0&hl=en&rclk=1
2026-09-05 15:37:23,690 | INFO | Valid Google Maps Place URL opened.
2026-09-05 15:37:29,078 | INFO | Address check | score=0.0000 | status=NEED_REVIEW | reason=MISSING_MAPS_ADDRESS
2026-09-05 15:37:29,083 | INFO | Opening Maps URL | attempt=1/3
2026-09-05 15:37:32,174 | INFO | Current Maps URL: https://www.google.com/maps/place/GARDEN+HOTEL/data=!4m7!3m6!1s0x316f15021331f7a5:0x89e804471b59fdcf!8m2!3d13.8789514!4d109.1121434!16s%2Fg%2F11pcs68fwl!19sChIJpfcxEwIVbzERz_1ZG0cE6Ik?authuser=0&hl=en&rclk=1
2026-09-05 15:37:32,174 | INFO | Valid Google Maps Place URL opened.
2026-09-05 15:37:37,240 | INFO | Address check | score=0.0000 | status=NEED_REVIEW | reason=MISSING_MAPS_ADDRESS
2026-09-05 15:37:37,242 | INFO | Opening Maps URL | attempt=1/3
2026-09-05 15:37:40,659 | INFO | Current Maps URL: https://www.google.com/maps/place/Kh%C3%A1ch+s%E1%BA%A1n+Kim+Hoa/data=!4m7!3m6!1s0x316f3e1ee3533209:0x5db3c3043dc12f60!8m2!3d13.8862787!4d109.1133742!16s%2Fg%2F11cny0g8mp!19sChIJCTJT4x4-bzERYC_BPQTDs10?authuser=0&hl=en&rclk=1
2026-09-05 15:37:40,659 | INFO | Valid Google Maps Place URL opened.
2026-09-05 15:37:46,080 | INFO | Address check | score=0.0000 | status=NEED_REVIEW | reason=MISSING_MAPS_ADDRESS
2026-09-05 15:37:46,081 | INFO | Opening Maps URL | attempt=1/3
2026-09-05 15:37:48,934 | INFO | Current Maps URL: https://www.google.com/maps/place/Kh%C3%A1ch+S%E1%BA%A1n+Ho%C3%A0ng+S%C6%A1n/data=!4m10!3m9!1s0x316f6cece95216f3:0x7d8342742e288085!5m2!4m1!1i2!8m2!3d13.7616137!4d109.2195807!16s%2Fg%2F11c0xxnhln!19sChIJ8xZS6exsbzERhYAoLnRCg30?authuser=0&hl=en&rclk=1
2026-09-05 15:37:48,934 | INFO | Valid Google Maps Place URL opened.
2026-09-05 15:37:54,004 | INFO | Address check | score=0.0000 | status=NEED_REVIEW | reason=MISSING_MAPS_ADDRESS
2026-09-05 15:37:54,005 | INFO | Opening Maps URL | attempt=1/3
2026-09-05 15:37:56,957 | INFO | Current Maps URL: https://www.google.com/maps/place/C%C3%A0nh+L%C3%A1+Homestay/data=!4m7!3m6!1s0x316ea58a9f4ca567:0x1a1f676290e2b3!8m2!3d14.1173336!4d108.2034677!16s%2Fg%2F11wmnbf4q7!19sChIJZ6VMn4qlbjERs-KQYmcfGgA?authuser=0&hl=en&rclk=1
2026-09-05 15:37:56,957 | INFO | Valid Google Maps Place URL opened.
2026-09-05 15:38:02,314 | INFO | Address check | score=0.0000 | status=NEED_REVIEW | reason=MISSING_MAPS_ADDRESS
2026-09-05 15:38:02,315 | INFO | Opening Maps URL | attempt=1/3
2026-09-05 15:38:05,336 | INFO | Current Maps URL: https://www.google.com/maps/place/Ken%27s+House1993+Homestay/data=!4m7!3m6!1s0x316c1f2117484021:0x4dd11304052ea3a8!8m2!3d14.0315649!4d107.9935786!16s%2Fg%2F11vt64z1sp!19sChIJIUBIFyEfbDERqKMuBQQT0U0?authuser=0&hl=en&rclk=1
2026-09-05 15:38:05,336 | INFO | Valid Google Maps Place URL opened.
2026-09-05 15:38:10,418 | INFO | Address check | score=0.0000 | status=NEED_REVIEW | reason=MISSING_MAPS_ADDRESS
2026-09-05 15:38:10,419 | INFO | Opening Maps URL | attempt=1/3
2026-09-05 15:38:12,735 | INFO | Current Maps URL: https://www.google.com/maps/place/Gia+lai+Homestay+Ph%C6%B0%C6%A1ng+My+-+6-Bed+Mixed+Dormitory+Room/data=!4m11!3m10!1s0x316c201a93b7d8bb:0x8a947fd9e391043f!5m2!4m1!1i2!8m2!3d13.9574804!4d108.0341568!16s%2Fg%2F11z21gxvr4!17BQ0FF!19sChIJu9i3kxogbDERPwSR49l_lIo?authuser=0&hl=en&rclk=1
2026-09-05 15:38:12,735 | INFO | Valid Google Maps Place URL opened.
2026-09-05 15:38:18,062 | INFO | Address check | score=0.0000 | status=NEED_REVIEW | reason=MISSING_MAPS_ADDRESS
2026-09-05 15:38:18,063 | INFO | Opening Maps URL | attempt=1/3
2026-09-05 15:38:21,086 | INFO | Current Maps URL: https://www.google.com/maps/place/Homestay+%26+Coffee+LUXGARDEN/data=!4m7!3m6!1s0x316c1f97154a30ab:0x6e53bfa9691bf94e!8m2!3d13.9827447!4d107.9752214!16s%2Fg%2F11vj4z7t2n!19sChIJqzBKFZcfbDERTvkbaam_U24?authuser=0&hl=en&rclk=1
2026-09-05 15:38:21,086 | INFO | Valid Google Maps Place URL opened.
2026-09-05 15:38:26,464 | INFO | Address check | score=0.0000 | status=NEED_REVIEW | reason=MISSING_MAPS_ADDRESS
2026-09-05 15:38:26,467 | INFO | Opening Maps URL | attempt=1/3
2026-09-05 15:38:29,478 | INFO | Current Maps URL: https://www.google.com/maps/place/Homestay+L%C3%A0ng+T%C3%B4i+-+Pleiku+-+Gia+Lai+-+Double+Room/data=!4m11!3m10!1s0x316c1f5cdd4251a5:0x6399fd81230c2e88!5m2!4m1!1i2!8m2!3d13.9819603!4d107.9732666!16s%2Fg%2F11ylq4mb_l!17BQ0FF!19sChIJpVFC3VwfbDERiC4MI4H9mWM?authuser=0&hl=en&rclk=1
2026-09-05 15:38:29,478 | INFO | Valid Google Maps Place URL opened.
2026-09-05 15:38:34,993 | INFO | Address check | score=0.0000 | status=NEED_REVIEW | reason=MISSING_MAPS_ADDRESS
2026-09-05 15:38:34,994 | INFO | Opening Maps URL | attempt=1/3
2026-09-05 15:38:37,902 | INFO | Current Maps URL: https://www.google.com/maps/place/X%C3%B9+HomeStay/data=!4m7!3m6!1s0x316c21d8a94f5359:0xfe075c5bb43b955e!8m2!3d13.9558543!4d107.9868392!16s%2Fg%2F11mdjmv7g6!19sChIJWVNPqdghbDERXpU7tFtcB_4?authuser=0&hl=en&rclk=1
2026-09-05 15:38:37,902 | INFO | Valid Google Maps Place URL opened.
2026-09-05 15:38:43,312 | INFO | Address check | score=0.0000 | status=NEED_REVIEW | reason=MISSING_MAPS_ADDRESS
2026-09-05 15:38:43,314 | INFO | CHECKPOINT | processed=1510 | matched=4 | mismatched=10 | review=1496
2026-09-05 15:38:43,887 | INFO | Excel saved: D:\Product-Google-Maps\output\hotels_export_google_maps_checked.xlsx
2026-09-05 15:38:43,887 | INFO | Opening Maps URL | attempt=1/3
2026-09-05 15:38:46,758 | INFO | Current Maps URL: https://www.google.com/maps/place/Nh%C3%A0+ngh%E1%BB%89+B%E1%BA%A3o+Ch%C3%A2u/data=!4m7!3m6!1s0x3168cb1a119707df:0xd65be4f8e9474a48!8m2!3d14.2685822!4d109.1594193!16s%2Fg%2F11s962nf5z!19sChIJ3weXERrLaDERSEpH6fjkW9Y?authuser=0&hl=en&rclk=1
2026-09-05 15:38:46,758 | INFO | Valid Google Maps Place URL opened.
2026-09-05 15:38:52,092 | INFO | Address check | score=0.0000 | status=NEED_REVIEW | reason=MISSING_MAPS_ADDRESS
2026-09-05 15:38:52,095 | INFO | Opening Maps URL | attempt=1/3
2026-09-05 15:38:55,262 | INFO | Current Maps URL: https://www.google.com/maps/place/Nh%C3%A0+ngh%E1%BB%89+b%C3%ACnh+d%C3%A2n+Ph%C3%BA+thi%E1%BB%87n/data=!4m7!3m6!1s0x316e63feeb17b907:0xd53edd4d316959b!8m2!3d13.5236245!4d108.3222928!16s%2Fg%2F11j1n260_1!19sChIJB7kX6_5jbjERm5UW09TtUw0?authuser=0&hl=en&rclk=1
2026-09-05 15:38:55,262 | INFO | Valid Google Maps Place URL opened.
2026-09-05 15:39:00,668 | INFO | Address check | score=0.0000 | status=NEED_REVIEW | reason=MISSING_MAPS_ADDRESS
2026-09-05 15:39:00,669 | INFO | Opening Maps URL | attempt=1/3
2026-09-05 15:39:03,526 | INFO | Current Maps URL: https://www.google.com/maps/place/NH%C3%80+NGH%E1%BB%88+%C4%90%E1%BB%92NG+QU%C3%8A+-+HOTEL/data=!4m7!3m6!1s0x316f343a6efb3347:0xe94b7fb37db3c14b!8m2!3d14.162945!4d109.127572!16s%2Fg%2F1pv0b_njd!19sChIJRzP7bjo0bzERS8GzfbN_S-k?authuser=0&hl=en&rclk=1
2026-09-05 15:39:03,527 | INFO | Valid Google Maps Place URL opened.
2026-09-05 15:39:08,539 | INFO | Address check | score=0.0000 | status=NEED_REVIEW | reason=MISSING_MAPS_ADDRESS
2026-09-05 15:39:08,544 | INFO | Opening Maps URL | attempt=1/3
2026-09-05 15:39:11,563 | INFO | Current Maps URL: https://www.google.com/maps/place/Nh%C3%A0+ngh%E1%BB%89+Nam+Th%E1%BB%8Bnh+Ph%C3%A1t+2/data=!4m7!3m6!1s0x3168cb587e8cd691:0x6e01a807b4c413fc!8m2!3d14.2720683!4d109.1760826!16s%2Fg%2F11rv177z8b!19sChIJkdaMfljLaDER_BPEtAeoAW4?authuser=0&hl=en&rclk=1
2026-09-05 15:39:11,564 | INFO | Valid Google Maps Place URL opened.
2026-09-05 15:39:16,652 | INFO | Address check | score=0.0000 | status=NEED_REVIEW | reason=MISSING_MAPS_ADDRESS
2026-09-05 15:39:16,654 | INFO | Opening Maps URL | attempt=1/3
2026-09-05 15:39:19,608 | INFO | Current Maps URL: https://www.google.com/maps/place/Nh%C3%A0+Ngh%E1%BB%89+Ngh%C4%A9a+L%C3%BD/data=!4m7!3m6!1s0x316f33af7aab74e5:0x7fbaae5e5b6a0ca4!8m2!3d14.1908152!4d109.0564835!16s%2Fg%2F11b67mcrb5!19sChIJ5XSreq8zbzERpAxqW16uun8?authuser=0&hl=en&rclk=1
2026-09-05 15:39:19,608 | INFO | Valid Google Maps Place URL opened.
2026-09-05 15:39:25,055 | INFO | Address check | score=0.0000 | status=NEED_REVIEW | reason=MISSING_MAPS_ADDRESS
2026-09-05 15:39:25,056 | INFO | Opening Maps URL | attempt=1/3
2026-09-05 15:39:27,979 | INFO | Current Maps URL: https://www.google.com/maps/place/HOTEL+Nguy%C3%AAn+Qu%C3%A2n/data=!4m7!3m6!1s0x316f33c52ac94ec7:0x3306f35dc13852a2!8m2!3d14.2016931!4d109.0505193!16s%2Fg%2F11s58d58dv!19sChIJx07JKsUzbzERolI4wV3zBjM?authuser=0&hl=en&rclk=1
2026-09-05 15:39:27,980 | INFO | Valid Google Maps Place URL opened.
2026-09-05 15:39:33,417 | INFO | Address check | score=0.0000 | status=NEED_REVIEW | reason=MISSING_MAPS_ADDRESS
2026-09-05 15:39:33,419 | INFO | Opening Maps URL | attempt=1/3
2026-09-05 15:39:36,542 | INFO | Current Maps URL: https://www.google.com/maps/place/Kh%C3%A1ch+S%E1%BA%A1n+An+Ph%C6%B0%E1%BB%9Bc/data=!4m7!3m6!1s0x316f220c35dc4c67:0xaa5b9e508b646ef!8m2!3d13.9059469!4d108.9218585!16s%2Fg%2F11b67qjmk7!19sChIJZ0zcNQwibzER70a2COW5pQo?authuser=0&hl=en&rclk=1
2026-09-05 15:39:36,542 | INFO | Valid Google Maps Place URL opened.
2026-09-05 15:39:42,066 | INFO | Address check | score=0.0000 | status=NEED_REVIEW | reason=MISSING_MAPS_ADDRESS
2026-09-05 15:39:42,067 | INFO | Opening Maps URL | attempt=1/3
2026-09-05 15:39:45,182 | INFO | Current Maps URL: https://www.google.com/maps/place/Kh%C3%A1ch+s%E1%BA%A1n+M%E1%BB%B9+L%E1%BB%99c/data=!4m7!3m6!1s0x3168cdd78dba8a95:0xd43411187946faa8!8m2!3d14.3033117!4d109.0749029!16s%2Fg%2F11sf90f06l!19sChIJlYq6jdfNaDERqPpGeRgRNNQ?authuser=0&hl=en&rclk=1
2026-09-05 15:39:45,183 | INFO | Valid Google Maps Place URL opened.
2026-09-05 15:39:50,623 | INFO | Address check | score=0.0000 | status=NEED_REVIEW | reason=MISSING_MAPS_ADDRESS
2026-09-05 15:39:50,624 | INFO | Opening Maps URL | attempt=1/3
2026-09-05 15:39:53,505 | INFO | Current Maps URL: https://www.google.com/maps/place/Nh%C3%A0+Ngh%E1%BB%89+B%C3%ADch+Li%C3%AAn/data=!4m7!3m6!1s0x316e6306ff7f900f:0xe729feedb4f378fd!8m2!3d13.5396663!4d108.2820504!16s%2Fg%2F11kzcw42ts!19sChIJD5B__wZjbjER_XjztO3-Kec?authuser=0&hl=en&rclk=1
2026-09-05 15:39:53,506 | INFO | Valid Google Maps Place URL opened.
2026-09-05 15:39:58,969 | INFO | Address check | score=0.0000 | status=NEED_REVIEW | reason=MISSING_MAPS_ADDRESS
2026-09-05 15:39:58,976 | INFO | Opening Maps URL | attempt=1/3
2026-09-05 15:40:02,018 | INFO | Current Maps URL: https://www.google.com/maps/place/Nh%C3%A0+ngh%E1%BB%89+ph%C3%BA+Th%E1%BB%8Bnh/data=!4m7!3m6!1s0x316ecf547162181f:0x2ecbef28eadf5aea!8m2!3d14.1348272!4d108.601386!16s%2Fg%2F11t3txn1c8!19sChIJHxhicVTPbjER6lrf6ijvyy4?authuser=0&hl=en&rclk=1
2026-09-05 15:40:02,018 | INFO | Valid Google Maps Place URL opened.
2026-09-05 15:40:07,399 | INFO | Address check | score=0.0000 | status=NEED_REVIEW | reason=MISSING_MAPS_ADDRESS
2026-09-05 15:40:07,399 | INFO | CHECKPOINT | processed=1520 | matched=4 | mismatched=10 | review=1506
2026-09-05 15:40:07,994 | INFO | Excel saved: D:\Product-Google-Maps\output\hotels_export_google_maps_checked.xlsx
2026-09-05 15:40:07,995 | INFO | Opening Maps URL | attempt=1/3
2026-09-05 15:40:10,892 | INFO | Current Maps URL: https://www.google.com/maps/place/NH%C3%83+UY%C3%8AN+Nh%C3%A0+Ngh%E1%BB%89/data=!4m7!3m6!1s0x316f338a65868393:0xb229b12b1b926afe!8m2!3d14.2109704!4d109.0629627!16s%2Fg%2F11hsz5hlst!19sChIJk4OGZYozbzER_mqSGyuxKbI?authuser=0&hl=en&rclk=1
2026-09-05 15:40:10,892 | INFO | Valid Google Maps Place URL opened.
2026-09-05 15:40:16,244 | INFO | Address check | score=0.0000 | status=NEED_REVIEW | reason=MISSING_MAPS_ADDRESS
2026-09-05 15:40:16,245 | INFO | Opening Maps URL | attempt=1/3
2026-09-05 15:40:19,177 | INFO | Current Maps URL: https://www.google.com/maps/place/Phu%CC%81+Ph%C6%B0%C6%A1ng+Hotel/data=!4m7!3m6!1s0x3168cde68c330fbf:0x461208c6279fa3ea!8m2!3d14.291677!4d109.0880679!16s%2Fg%2F11jg1nrpgk!19sChIJvw8zjObNaDER6qOfJ8YIEkY?authuser=0&hl=en&rclk=1
2026-09-05 15:40:19,177 | INFO | Valid Google Maps Place URL opened.
2026-09-05 15:40:24,600 | INFO | Address check | score=0.0000 | status=NEED_REVIEW | reason=MISSING_MAPS_ADDRESS
2026-09-05 15:40:24,601 | INFO | Opening Maps URL | attempt=1/3
2026-09-05 15:40:27,539 | INFO | Current Maps URL: https://www.google.com/maps/place/Thai+Binh+Duong+Hotel/data=!4m7!3m6!1s0x316f15a1f4ab094b:0x5ece922944bbe14!8m2!3d13.8647078!4d109.1303312!16s%2Fg%2F1pzrlzqfx!19sChIJSwmr9KEVbzERFL5LlCLp7AU?authuser=0&hl=en&rclk=1
2026-09-05 15:40:27,539 | INFO | Valid Google Maps Place URL opened.
2026-09-05 15:40:33,050 | INFO | Address check | score=0.0000 | status=NEED_REVIEW | reason=MISSING_MAPS_ADDRESS
2026-09-05 15:40:33,051 | INFO | Opening Maps URL | attempt=1/3
2026-09-05 15:40:35,339 | INFO | Current Maps URL: https://www.google.com/maps/place/Gocamping+B%E1%BA%A3o+L%E1%BB%99c+Homestay+-+Family+Room/data=!4m11!3m10!1s0x316ebb7310484ca7:0x9329b64d1ae4e49!5m2!4m1!1i2!8m2!3d14.05832!4d108.2771988!16s%2Fg%2F11z21hqj58!17BQ0FF!19sChIJp0xIEHO7bjERSU6u0WSbMgk?authuser=0&hl=en&rclk=1
2026-09-05 15:40:35,340 | INFO | Valid Google Maps Place URL opened.
2026-09-05 15:40:40,814 | INFO | Address check | score=0.0000 | status=NEED_REVIEW | reason=MISSING_MAPS_ADDRESS
2026-09-05 15:40:40,818 | INFO | Opening Maps URL | attempt=1/3
2026-09-05 15:40:43,963 | INFO | Current Maps URL: https://www.google.com/maps/place/L%C3%BAa+V%C3%A0ng+homestay+-+Entire+Place/data=!4m11!3m10!1s0x316ea077f3e4bd0d:0x2c3dd15b74aa6628!5m2!4m1!1i2!8m2!3d13.9994316!4d108.0491486!16s%2Fg%2F11z6bc5ffx!17BQ0FF!19sChIJDb3k83egbjERKGaqdFvRPSw?authuser=0&hl=en&rclk=1
2026-09-05 15:40:43,963 | INFO | Valid Google Maps Place URL opened.
2026-09-05 15:40:49,435 | INFO | Address check | score=0.0000 | status=NEED_REVIEW | reason=MISSING_MAPS_ADDRESS
2026-09-05 15:40:49,452 | INFO | Opening Maps URL | attempt=1/3
2026-09-05 15:40:52,382 | INFO | Current Maps URL: https://www.google.com/maps/place/Motel+H%C3%A0+My/data=!4m7!3m6!1s0x316f3bee7882a653:0x429d4e8251993d40!8m2!3d14.0075158!4d109.0809868!16s%2Fg%2F11h3lf3lvj!19sChIJU6aCeO47bzERQD2ZUYJOnUI?authuser=0&hl=en&rclk=1
2026-09-05 15:40:52,383 | INFO | Valid Google Maps Place URL opened.
2026-09-05 15:40:57,827 | INFO | Address check | score=0.0000 | status=NEED_REVIEW | reason=MISSING_MAPS_ADDRESS
2026-09-05 15:40:57,831 | INFO | Opening Maps URL | attempt=1/3
2026-09-05 15:41:00,912 | INFO | Current Maps URL: https://www.google.com/maps/place/Nh%C3%A0+Ngh%E1%BB%89+Ho%C3%A0ng+Ch%C3%A2u/data=!4m7!3m6!1s0x3168c97040b1bb65:0xe90f78ed31fd9a5d!8m2!3d14.3662722!4d109.1233801!16s%2Fg%2F11gh9djq3k!19sChIJZbuxQHDJaDERXZr9Me14D-k?authuser=0&hl=en&rclk=1
2026-09-05 15:41:00,912 | INFO | Valid Google Maps Place URL opened.
2026-09-05 15:41:06,247 | INFO | Address check | score=0.0000 | status=NEED_REVIEW | reason=MISSING_MAPS_ADDRESS
2026-09-05 15:41:06,248 | INFO | Opening Maps URL | attempt=1/3
2026-09-05 15:41:09,211 | INFO | Current Maps URL: https://www.google.com/maps/place/NH%C3%80+NGH%E1%BB%88+M%E1%BB%B8+TH%E1%BB%8C/data=!4m7!3m6!1s0x316f3530116c034b:0x24cd37fdccf6d5d2!8m2!3d14.2228717!4d109.1608159!16s%2Fg%2F11v0jl7x5z!19sChIJSwNsETA1bzER0tX2zP03zSQ?authuser=0&hl=en&rclk=1
2026-09-05 15:41:09,211 | INFO | Valid Google Maps Place URL opened.
2026-09-05 15:41:14,566 | INFO | Address check | score=0.0000 | status=NEED_REVIEW | reason=MISSING_MAPS_ADDRESS
2026-09-05 15:41:14,567 | INFO | Opening Maps URL | attempt=1/3
2026-09-05 15:41:17,554 | INFO | Current Maps URL: https://www.google.com/maps/place/Vo+Cao+Hieu+Motel/data=!4m7!3m6!1s0x316f6cc774a24c5f:0x205b239d29ec42a1!8m2!3d13.7630134!4d109.2038263!16s%2Fg%2F11b6d93507!19sChIJX0yidMdsbzERoULsKZ0jWyA?authuser=0&hl=en&rclk=1
2026-09-05 15:41:17,555 | INFO | Valid Google Maps Place URL opened.
2026-09-05 15:41:23,034 | INFO | Address check | score=0.0000 | status=NEED_REVIEW | reason=MISSING_MAPS_ADDRESS
2026-09-05 15:41:23,035 | INFO | Opening Maps URL | attempt=1/3
2026-09-05 15:41:26,064 | INFO | Current Maps URL: https://www.google.com/maps/place/LaCas+Hotel+Quy+Nh%C6%A1n/data=!4m10!3m9!1s0x316f6dee353ddb4f:0x73593671b0c1a07f!5m2!4m1!1i2!8m2!3d13.7518874!4d109.2124477!16s%2Fg%2F11fl0h8qzj!19sChIJT9s9Ne5tbzERf6DBsHE2WXM?authuser=0&hl=en&rclk=1
2026-09-05 15:41:26,065 | INFO | Valid Google Maps Place URL opened.
2026-09-05 15:41:33,232 | INFO | Address check | score=0.0000 | status=NEED_REVIEW | reason=MISSING_MAPS_ADDRESS
2026-09-05 15:41:33,233 | INFO | CHECKPOINT | processed=1530 | matched=4 | mismatched=10 | review=1516
2026-09-05 15:41:33,789 | INFO | Excel saved: D:\Product-Google-Maps\output\hotels_export_google_maps_checked.xlsx
2026-09-05 15:41:33,790 | INFO | Opening Maps URL | attempt=1/3
2026-09-05 15:41:36,787 | INFO | Current Maps URL: https://www.google.com/maps/place/Nh%C3%A0+Ngh%E1%BB%89+Minh+Qu%C3%A2n/data=!4m7!3m6!1s0x316f3142e454e23f:0xcc640ab8de46faf2!8m2!3d14.1192391!4d109.0443732!16s%2Fg%2F11j929mb9n!19sChIJP-JU5EIxbzER8vpG3rgKZMw?authuser=0&hl=en&rclk=1
2026-09-05 15:41:36,788 | INFO | Valid Google Maps Place URL opened.
2026-09-05 15:41:42,114 | INFO | Address check | score=0.0000 | status=NEED_REVIEW | reason=MISSING_MAPS_ADDRESS
2026-09-05 15:41:42,115 | INFO | Opening Maps URL | attempt=1/3
2026-09-05 15:41:44,995 | INFO | Current Maps URL: https://www.google.com/maps/place/Nh%C3%A0+ngh%E1%BB%89+Ng%E1%BB%8Dc+Y%E1%BA%BFn/data=!4m7!3m6!1s0x316f23006a10cf57:0x2ec0a2c452d012fc!8m2!3d13.965724!4d108.9643729!16s%2Fg%2F11lznz4s8q!19sChIJV88QagAjbzER_BLQUsSiwC4?authuser=0&hl=en&rclk=1
2026-09-05 15:41:44,995 | INFO | Valid Google Maps Place URL opened.
2026-09-05 15:41:50,392 | INFO | Address check | score=0.0000 | status=NEED_REVIEW | reason=MISSING_MAPS_ADDRESS
2026-09-05 15:41:50,393 | INFO | Opening Maps URL | attempt=1/3
2026-09-05 15:41:53,320 | INFO | Current Maps URL: https://www.google.com/maps/place/Nh%C3%A0+ngh%E1%BB%89+Thanh+H%E1%BB%93ng/data=!4m7!3m6!1s0x316f33d4d84cdc81:0xc767f81e5b0313ab!8m2!3d14.1578382!4d109.0461675!16s%2Fg%2F11kdtv8xv9!19sChIJgdxM2NQzbzERqxMDWx74Z8c?authuser=0&hl=en&rclk=1
2026-09-05 15:41:53,320 | INFO | Valid Google Maps Place URL opened.
2026-09-05 15:41:58,789 | INFO | Address check | score=0.0000 | status=NEED_REVIEW | reason=MISSING_MAPS_ADDRESS
2026-09-05 15:41:58,790 | INFO | Opening Maps URL | attempt=1/3
2026-09-05 15:42:01,689 | INFO | Current Maps URL: https://www.google.com/maps/place/Nh%C3%A0+Ngh%E1%BB%89+V%C3%A2n+Canh/data=!4m7!3m6!1s0x316f0f5844a2325d:0xa9a0b8d51813483f!8m2!3d13.6389187!4d108.9995672!16s%2Fg%2F11b67qtw44!19sChIJXTKiRFgPbzERP0gTGNW4oKk?authuser=0&hl=en&rclk=1
2026-09-05 15:42:01,689 | INFO | Valid Google Maps Place URL opened.
2026-09-05 15:42:07,080 | INFO | Address check | score=0.0000 | status=NEED_REVIEW | reason=MISSING_MAPS_ADDRESS
2026-09-05 15:42:07,081 | INFO | Opening Maps URL | attempt=1/3
2026-09-05 15:42:10,036 | INFO | Current Maps URL: https://www.google.com/maps/place/Nh%C3%A0+Ngh%E1%BB%89+Qu%C3%AA+H%C6%B0%C6%A1ng/data=!4m7!3m6!1s0x316f3b9737cca1a3:0x8981994c8d02883b!8m2!3d13.9932385!4d109.0588055!16s%2Fg%2F1jkwjq4tb!19sChIJo6HMN5c7bzERO4gCjUyZgYk?authuser=0&hl=en&rclk=1
2026-09-05 15:42:10,036 | INFO | Valid Google Maps Place URL opened.
2026-09-05 15:42:15,412 | INFO | Address check | score=0.0000 | status=NEED_REVIEW | reason=MISSING_MAPS_ADDRESS
2026-09-05 15:42:15,417 | INFO | Opening Maps URL | attempt=1/3
2026-09-05 15:42:18,431 | INFO | Current Maps URL: https://www.google.com/maps/place/Nh%C3%A0+ngh%E1%BB%89+S%C6%A1n+Ca/data=!4m7!3m6!1s0x3168cd0007b35edf:0x6d35d7548352f20!8m2!3d14.2427391!4d109.0740463!16s%2Fg%2F11w_czp025!19sChIJ316zBwDNaDERIC81SHVd0wY?authuser=0&hl=en&rclk=1
2026-09-05 15:42:18,432 | INFO | Valid Google Maps Place URL opened.
2026-09-05 15:42:23,877 | INFO | Address check | score=0.0000 | status=NEED_REVIEW | reason=MISSING_MAPS_ADDRESS
2026-09-05 15:42:23,878 | INFO | Opening Maps URL | attempt=1/3
2026-09-05 15:42:26,778 | INFO | Current Maps URL: https://www.google.com/maps/place/Homestay+v%C4%83n+ph%C3%BAc/data=!4m7!3m6!1s0x3168d3004b3783d5:0xca56c938bcc5e3ad!8m2!3d14.3132289!4d108.9877924!16s%2Fg%2F11mlq0yxn_!19sChIJ1YM3SwDTaDERrePFvDjJVso?authuser=0&hl=en&rclk=1
2026-09-05 15:42:26,778 | INFO | Valid Google Maps Place URL opened.
2026-09-05 15:42:32,063 | INFO | Address check | score=0.0000 | status=NEED_REVIEW | reason=MISSING_MAPS_ADDRESS
2026-09-05 15:42:32,067 | INFO | Opening Maps URL | attempt=1/3
2026-09-05 15:42:35,053 | INFO | Current Maps URL: https://www.google.com/maps/place/Homestay+V%C6%B0%E1%BB%9Dn+Xanh/data=!4m7!3m6!1s0x316f3111ccf85009:0x551739451252decd!8m2!3d14.1005979!4d109.0320892!16s%2Fg%2F11q8vp7f1z!19sChIJCVD4zBExbzERzd5SEkU5F1U?authuser=0&hl=en&rclk=1
2026-09-05 15:42:35,055 | INFO | Valid Google Maps Place URL opened.
2026-09-05 15:42:40,378 | INFO | Address check | score=0.0000 | status=NEED_REVIEW | reason=MISSING_MAPS_ADDRESS
2026-09-05 15:42:40,382 | INFO | Opening Maps URL | attempt=1/3
2026-09-05 15:42:43,296 | INFO | Current Maps URL: https://www.google.com/maps/place/Nh%C3%A0+ngh%E1%BB%89+M%E1%BB%B9+Chi/data=!4m7!3m6!1s0x316f3b080edcedf7:0x6f1e1bfd5130e06b!8m2!3d14.0010422!4d109.0425432!16s%2Fg%2F11rkmvdxbj!19sChIJ9-3cDgg7bzERa-AwUf0bHm8?authuser=0&hl=en&rclk=1
2026-09-05 15:42:43,296 | INFO | Valid Google Maps Place URL opened.
2026-09-05 15:42:48,640 | INFO | Address check | score=0.0000 | status=NEED_REVIEW | reason=MISSING_MAPS_ADDRESS
2026-09-05 15:42:48,641 | INFO | Opening Maps URL | attempt=1/3
2026-09-05 15:42:51,531 | INFO | Current Maps URL: https://www.google.com/maps/place/Hotel+Hoa+T%C3%A2n+An/data=!4m7!3m6!1s0x316f158935521877:0x8d00314a44a875fe!8m2!3d13.8763106!4d109.12408!16s%2Fg%2F12mjyhmpn!19sChIJdxhSNYkVbzER_nWoREoxAI0?authuser=0&hl=en&rclk=1
2026-09-05 15:42:51,532 | INFO | Valid Google Maps Place URL opened.
2026-09-05 15:42:56,960 | INFO | Address check | score=0.0000 | status=NEED_REVIEW | reason=MISSING_MAPS_ADDRESS
2026-09-05 15:42:56,960 | INFO | CHECKPOINT | processed=1540 | matched=4 | mismatched=10 | review=1526
2026-09-05 15:42:57,556 | INFO | Excel saved: D:\Product-Google-Maps\output\hotels_export_google_maps_checked.xlsx
2026-09-05 15:42:57,557 | INFO | Opening Maps URL | attempt=1/3
2026-09-05 15:43:00,594 | INFO | Current Maps URL: https://www.google.com/maps/place/Homestay+Danh+Nguy%E1%BB%85n/data=!4m7!3m6!1s0x316f3dfe90bf03b1:0xaa3dc0152206b9f6!8m2!3d13.9677785!4d109.0925988!16s%2Fg%2F11v69l716f!19sChIJsQO_kP49bzER9rkGIhXAPao?authuser=0&hl=en&rclk=1
2026-09-05 15:43:00,594 | INFO | Valid Google Maps Place URL opened.
2026-09-05 15:43:05,968 | INFO | Address check | score=0.0000 | status=NEED_REVIEW | reason=MISSING_MAPS_ADDRESS
2026-09-05 15:43:05,970 | INFO | Opening Maps URL | attempt=1/3
2026-09-05 15:43:08,903 | INFO | Current Maps URL: https://www.google.com/maps/place/Homestay+L%E1%BB%A5c+Trinh/data=!4m7!3m6!1s0x316f250026f6b117:0x980a3ec1aecac46f!8m2!3d14.0197652!4d108.9837041!16s%2Fg%2F11yjx__t1x!19sChIJF7H2JgAlbzERb8TKrsE-Cpg?authuser=0&hl=en&rclk=1
2026-09-05 15:43:08,904 | INFO | Valid Google Maps Place URL opened.
2026-09-05 15:43:14,290 | INFO | Address check | score=0.0000 | status=NEED_REVIEW | reason=MISSING_MAPS_ADDRESS
2026-09-05 15:43:14,291 | INFO | Opening Maps URL | attempt=1/3
2026-09-05 15:43:17,242 | INFO | Current Maps URL: https://www.google.com/maps/place/Nh%C3%A0+Ngh%E1%BB%89+Mai+Dung/data=!4m7!3m6!1s0x316f3c2ced2ddb0d:0x2fbda0884a0dceb2!8m2!3d13.9314508!4d109.085219!16s%2Fg%2F11c57cjqdp!19sChIJDdst7Sw8bzERss4NSoigvS8?authuser=0&hl=en&rclk=1
2026-09-05 15:43:17,243 | INFO | Valid Google Maps Place URL opened.
2026-09-05 15:43:22,535 | INFO | Address check | score=0.0000 | status=NEED_REVIEW | reason=MISSING_MAPS_ADDRESS
2026-09-05 15:43:22,536 | INFO | Opening Maps URL | attempt=1/3
2026-09-05 15:43:25,563 | INFO | Current Maps URL: https://www.google.com/maps/place/Nh%C3%A0+Ngh%E1%BB%89+L%C3%A3ng+Du/data=!4m7!3m6!1s0x3168d1001eb2c9c3:0x422af34db5511102!8m2!3d14.3610474!4d108.9601903!16s%2Fg%2F11ltww6qd9!19sChIJw8myHgDRaDERAhFRtU3zKkI?authuser=0&hl=en&rclk=1
2026-09-05 15:43:25,563 | INFO | Valid Google Maps Place URL opened.
2026-09-05 15:43:30,836 | INFO | Address check | score=0.0000 | status=NEED_REVIEW | reason=MISSING_MAPS_ADDRESS
2026-09-05 15:43:30,838 | INFO | Opening Maps URL | attempt=1/3
2026-09-05 15:43:33,729 | INFO | Current Maps URL: https://www.google.com/maps/place/Huong+Giang+Hotel/data=!4m10!3m9!1s0x316f6c8eccd8e1ff:0x9bfab3549c15891b!5m2!4m1!1i2!8m2!3d13.7693928!4d109.2309169!16s%2Fg%2F1pzrklm9b!19sChIJ_-HYzI5sbzERG4kVnFSz-ps?authuser=0&hl=en&rclk=1
2026-09-05 15:43:33,730 | INFO | Valid Google Maps Place URL opened.
2026-09-05 15:43:39,188 | INFO | Address check | score=0.0000 | status=NEED_REVIEW | reason=MISSING_MAPS_ADDRESS
2026-09-05 15:43:39,189 | INFO | Opening Maps URL | attempt=1/3
2026-09-05 15:43:42,162 | INFO | Current Maps URL: https://www.google.com/maps/place/Nh%C3%A0+Ngh%E1%BB%89+Th%C3%BAy+H%C6%B0%E1%BB%9Dng/data=!4m7!3m6!1s0x3168d19786c29bdb:0xacd17f04c3cfc2f1!8m2!3d14.3596771!4d108.9624241!16s%2Fg%2F11b67jffkp!19sChIJ25vChpfRaDER8cLPwwR_0aw?authuser=0&hl=en&rclk=1
2026-09-05 15:43:42,162 | INFO | Valid Google Maps Place URL opened.
2026-09-05 15:43:47,730 | INFO | Address check | score=0.0000 | status=NEED_REVIEW | reason=MISSING_MAPS_ADDRESS
2026-09-05 15:43:47,731 | INFO | Opening Maps URL | attempt=1/3
2026-09-05 15:43:50,780 | INFO | Current Maps URL: https://www.google.com/maps/place/BALEO+HOMESTAY+HO%C3%80I+%C3%82N/data=!4m7!3m6!1s0x3168d12fde776d63:0x34d28dad37040425!8m2!3d14.3695046!4d108.9622065!16s%2Fg%2F11sx3dlmzp!19sChIJY2133i_RaDERJQQEN62N0jQ?authuser=0&hl=en&rclk=1
2026-09-05 15:43:50,781 | INFO | Valid Google Maps Place URL opened.
2026-09-05 15:43:56,150 | INFO | Address check | score=0.0000 | status=NEED_REVIEW | reason=MISSING_MAPS_ADDRESS
2026-09-05 15:43:56,154 | INFO | Opening Maps URL | attempt=1/3
2026-09-05 15:43:59,102 | INFO | Current Maps URL: https://www.google.com/maps/place/Thanh+L%C3%A0nh+Villa/data=!4m7!3m6!1s0x3168d168e9c35a3f:0x79fc95c91d5f3a50!8m2!3d14.356232!4d108.961317!16s%2Fg%2F11fnxrcr99!19sChIJP1rD6WjRaDERUDpfHcmV_Hk?authuser=0&hl=en&rclk=1
2026-09-05 15:43:59,102 | INFO | Valid Google Maps Place URL opened.
2026-09-05 15:44:04,606 | INFO | Address check | score=0.0000 | status=NEED_REVIEW | reason=MISSING_MAPS_ADDRESS
2026-09-05 15:44:04,607 | INFO | Opening Maps URL | attempt=1/3
2026-09-05 15:44:07,596 | INFO | Current Maps URL: https://www.google.com/maps/place/Nh%C3%A0+Ngh%E1%BB%89+Thu%C3%BD+H%C3%A0/data=!4m7!3m6!1s0x316ebdd47d524b73:0x838716b3f5b8dc01!8m2!3d14.0337932!4d108.256056!16s%2Fg%2F11h7cpyz_t!19sChIJc0tSfdS9bjERAdy49bMWh4M?authuser=0&hl=en&rclk=1
2026-09-05 15:44:07,596 | INFO | Valid Google Maps Place URL opened.
2026-09-05 15:44:12,962 | INFO | Address check | score=0.0000 | status=NEED_REVIEW | reason=MISSING_MAPS_ADDRESS
2026-09-05 15:44:12,963 | INFO | Opening Maps URL | attempt=1/3
2026-09-05 15:44:15,936 | INFO | Current Maps URL: https://www.google.com/maps/place/Nh%C3%A0+ngh%E1%BB%89+Nhung+Pha/data=!4m7!3m6!1s0x316ec3b25a4d6ceb:0x328c82c50bcb44ff!8m2!3d13.9749551!4d108.5561302!16s%2Fg%2F11g8bt_qns!19sChIJ62xNWrLDbjER_0TLC8WCjDI?authuser=0&hl=en&rclk=1
2026-09-05 15:44:15,938 | INFO | Valid Google Maps Place URL opened.
2026-09-05 15:44:21,310 | INFO | Address check | score=0.0000 | status=NEED_REVIEW | reason=MISSING_MAPS_ADDRESS
2026-09-05 15:44:21,310 | INFO | CHECKPOINT | processed=1550 | matched=4 | mismatched=10 | review=1536
2026-09-05 15:44:21,838 | INFO | Excel saved: D:\Product-Google-Maps\output\hotels_export_google_maps_checked.xlsx
2026-09-05 15:44:21,839 | INFO | Opening Maps URL | attempt=1/3
2026-09-05 15:44:24,687 | INFO | Current Maps URL: https://www.google.com/maps/place/MANG+YANG+TOWN+-+HOME+STAY/data=!4m7!3m6!1s0x316ea34f4f0fd75d:0xc3b2194baca5709!8m2!3d13.998983!4d108.2300567!16s%2Fg%2F11n37c7njf!19sChIJXdcPT0-jbjERCVfKupQhOww?authuser=0&hl=en&rclk=1
2026-09-05 15:44:24,688 | INFO | Valid Google Maps Place URL opened.
2026-09-05 15:44:30,011 | INFO | Address check | score=0.0000 | status=NEED_REVIEW | reason=MISSING_MAPS_ADDRESS
2026-09-05 15:44:30,013 | INFO | Opening Maps URL | attempt=1/3
2026-09-05 15:44:33,047 | INFO | Current Maps URL: https://www.google.com/maps/place/B%E1%BA%A3o+B%E1%BA%A3o+Homestay+-+Double+Room+With+Garden+View/data=!4m11!3m10!1s0x316c1f801904312b:0xeb98f43e60fdb933!5m2!4m1!1i2!8m2!3d13.9712096!4d108.0011215!16s%2Fg%2F11ycl8r530!17BQ0FF!19sChIJKzEEGYAfbDERM7n9YD70mOs?authuser=0&hl=en&rclk=1
2026-09-05 15:44:33,047 | INFO | Valid Google Maps Place URL opened.
2026-09-05 15:44:38,101 | INFO | Address check | score=0.0000 | status=NEED_REVIEW | reason=MISSING_MAPS_ADDRESS
2026-09-05 15:44:38,102 | INFO | Opening Maps URL | attempt=1/3
2026-09-05 15:44:41,099 | INFO | Current Maps URL: https://www.google.com/maps/place/Homestay+th%E1%BB%A7y+tri%E1%BB%81u/data=!4m7!3m6!1s0x31692700477dcdf7:0xb73d04c666b201e8!8m2!3d14.5338061!4d108.7273517!16s%2Fg%2F11x09790wl!19sChIJ9819RwAnaTER6AGyZsYEPbc?authuser=0&hl=en&rclk=1
2026-09-05 15:44:41,099 | INFO | Valid Google Maps Place URL opened.
2026-09-05 15:44:46,401 | INFO | Address check | score=0.0000 | status=NEED_REVIEW | reason=MISSING_MAPS_ADDRESS
2026-09-05 15:44:46,401 | INFO | Opening Maps URL | attempt=1/3
2026-09-05 15:44:49,430 | INFO | Current Maps URL: https://www.google.com/maps/place/B%C3%AD+%C4%90%E1%BB%8F+homestay/data=!4m7!3m6!1s0x3169310012ce33f3:0xd96925b40dca350!8m2!3d14.4359349!4d108.548472!16s%2Fg%2F11zjf643y3!19sChIJ8zPOEgAxaTERUKPcQFuSlg0?authuser=0&hl=en&rclk=1
2026-09-05 15:44:49,430 | INFO | Valid Google Maps Place URL opened.
2026-09-05 15:44:54,803 | INFO | Address check | score=0.0000 | status=NEED_REVIEW | reason=MISSING_MAPS_ADDRESS
2026-09-05 15:44:54,805 | INFO | Opening Maps URL | attempt=1/3
2026-09-05 15:44:57,689 | INFO | Current Maps URL: https://www.google.com/maps/place/Nh%C3%A0+Ngh%E1%BB%89+55/data=!4m7!3m6!1s0x316f330e7bb01467:0x2b5eeceec113471f!8m2!3d14.2067559!4d109.0627385!16s%2Fg%2F12mjyh95n!19sChIJZxSwew4zbzERH0cTwe7sXis?authuser=0&hl=en&rclk=1
2026-09-05 15:44:57,689 | INFO | Valid Google Maps Place URL opened.
2026-09-05 15:45:03,012 | INFO | Address check | score=0.0000 | status=NEED_REVIEW | reason=MISSING_MAPS_ADDRESS
2026-09-05 15:45:03,013 | INFO | Opening Maps URL | attempt=1/3
2026-09-05 15:45:05,964 | INFO | Current Maps URL: https://www.google.com/maps/place/Kh%C3%A1ch+s%E1%BA%A1n+H%E1%BA%A3i+%C3%82u/data=!4m7!3m6!1s0x3168cd0015c49b99:0x15e3cfd100c3a5f8!8m2!3d14.2669914!4d109.0791405!16s%2Fg%2F11vqht10jj!19sChIJmZvEFQDNaDER-KXDANHP4xU?authuser=0&hl=en&rclk=1
2026-09-05 15:45:05,965 | INFO | Valid Google Maps Place URL opened.
2026-09-05 15:45:11,339 | INFO | Address check | score=0.0000 | status=NEED_REVIEW | reason=MISSING_MAPS_ADDRESS
2026-09-05 15:45:11,340 | INFO | Opening Maps URL | attempt=1/3
2026-09-05 15:45:14,270 | INFO | Current Maps URL: https://www.google.com/maps/place/Nh%C3%A0+Ngh%E1%BB%89+T%C3%A2y+S%C6%A1n/data=!4m7!3m6!1s0x316f134caa572b2f:0xc74c0d068569a790!8m2!3d13.7716087!4d109.1877959!16s%2Fg%2F11k5lvw00b!19sChIJLytXqkwTbzERkKdphQYNTMc?authuser=0&hl=en&rclk=1
2026-09-05 15:45:14,270 | INFO | Valid Google Maps Place URL opened.
2026-09-05 15:45:19,585 | INFO | Address check | score=0.0000 | status=NEED_REVIEW | reason=MISSING_MAPS_ADDRESS
2026-09-05 15:45:19,588 | INFO | Opening Maps URL | attempt=1/3
2026-09-05 15:45:22,483 | INFO | Current Maps URL: https://www.google.com/maps/place/Nh%C3%A0+ngh%E1%BB%89+M%E1%BB%B9+Dung+An+Nh%C6%A1n+B%C3%ACnh+%C4%90%E1%BB%8Bnh/data=!4m7!3m6!1s0x316f172926fac9f1:0x87cab28a5eb1718f!8m2!3d13.8654058!4d109.0411999!16s%2Fg%2F11sy6tm0_6!19sChIJ8cn6JikXbzERj3GxXoqyyoc?authuser=0&hl=en&rclk=1
2026-09-05 15:45:22,483 | INFO | Valid Google Maps Place URL opened.
2026-09-05 15:45:27,833 | INFO | Address check | score=0.0000 | status=NEED_REVIEW | reason=MISSING_MAPS_ADDRESS
2026-09-05 15:45:27,835 | INFO | Opening Maps URL | attempt=1/3
2026-09-05 15:45:30,787 | INFO | Current Maps URL: https://www.google.com/maps/place/Nh%C3%A0+Ngh%C4%A9a+T%C3%A2y/data=!4m7!3m6!1s0x3168c502f3044ddd:0xce16f8bc8d77a2b4!8m2!3d14.4620904!4d109.0560495!16s%2Fg%2F11k99lqkdr!19sChIJ3U0E8wLFaDERtKJ3jbz4Fs4?authuser=0&hl=en&rclk=1
2026-09-05 15:45:30,790 | INFO | Valid Google Maps Place URL opened.
2026-09-05 15:45:36,322 | INFO | Address check | score=0.0000 | status=NEED_REVIEW | reason=MISSING_MAPS_ADDRESS
2026-09-05 15:45:36,323 | INFO | CHECKPOINT | processed=1560 | matched=4 | mismatched=10 | review=1545
2026-09-05 15:45:36,872 | INFO | Excel saved: D:\Product-Google-Maps\output\hotels_export_google_maps_checked.xlsx
2026-09-05 15:45:36,873 | INFO | Opening Maps URL | attempt=1/3
2026-09-05 15:45:39,792 | INFO | Current Maps URL: https://www.google.com/maps/place/NH%C3%80+NGH%E1%BB%88%2F+NH%C3%80+TR%E1%BB%8C+HO%C3%80NG+Y%E1%BA%BEN/data=!4m7!3m6!1s0x3168c3006a86751b:0x3545909d42c7824c!8m2!3d14.5436945!4d109.0057331!16s%2Fg%2F11xrxjh9pb!19sChIJG3WGagDDaDERTILHQp2QRTU?authuser=0&hl=en&rclk=1
2026-09-05 15:45:39,792 | INFO | Valid Google Maps Place URL opened.
2026-09-05 15:45:45,149 | INFO | Address check | score=0.0000 | status=NEED_REVIEW | reason=MISSING_MAPS_ADDRESS
2026-09-05 15:45:45,150 | INFO | Opening Maps URL | attempt=1/3
2026-09-05 15:45:47,990 | INFO | Current Maps URL: https://www.google.com/maps/place/Tr%E1%BB%A5+n%C6%B0%E1%BB%9Bc+ch%E1%BB%AFa+ch%C3%A1y+b%C3%AAn+Nh%C3%A0+ngh%E1%BB%89+Thi%C3%AAn+Quang/data=!4m7!3m6!1s0x3168c30073d0254d:0x3a6266d8b9b776da!8m2!3d14.5331807!4d109.0383226!16s%2Fg%2F11m6mwfwhz!19sChIJTSXQcwDDaDER2na3udhmYjo?authuser=0&hl=en&rclk=1
2026-09-05 15:45:47,991 | INFO | Valid Google Maps Place URL opened.
2026-09-05 15:45:53,501 | INFO | Address check | score=0.0000 | status=NEED_REVIEW | reason=MISSING_MAPS_ADDRESS
2026-09-05 15:45:53,502 | INFO | Opening Maps URL | attempt=1/3
2026-09-05 15:45:56,517 | INFO | Current Maps URL: https://www.google.com/maps/place/Kh%C3%A1ch+S%E1%BA%A1n+Ng%E1%BB%8Dc+H%C3%A0/data=!4m7!3m6!1s0x3168cff97a8ea623:0xa1b7ba2c978c7678!8m2!3d14.4203803!4d109.0061036!16s%2Fg%2F11b67mcq8v!19sChIJI6aOevnPaDEReHaMlyy6t6E?authuser=0&hl=en&rclk=1
2026-09-05 15:45:56,517 | INFO | Valid Google Maps Place URL opened.
2026-09-05 15:46:02,026 | INFO | Address check | score=0.0000 | status=NEED_REVIEW | reason=MISSING_MAPS_ADDRESS
2026-09-05 15:46:02,028 | INFO | Opening Maps URL | attempt=1/3
2026-09-05 15:46:04,957 | INFO | Current Maps URL: https://www.google.com/maps/place/Thi%C3%AAn+H%C6%B0%C6%A1ng+Homestay+M%C4%83ng+%C4%90en/data=!4m7!3m6!1s0x31694371341964af:0x9e4c60f18f18ab1a!8m2!3d14.599141!4d108.2355298!16s%2Fg%2F11km0cy3vs!19sChIJr2QZNHFDaTERGqsYj_FgTJ4?authuser=0&hl=en&rclk=1
2026-09-05 15:46:04,957 | INFO | Valid Google Maps Place URL opened.
2026-09-05 15:46:10,454 | INFO | Address check | score=0.0000 | status=NEED_REVIEW | reason=MISSING_MAPS_ADDRESS
2026-09-05 15:46:10,455 | INFO | Opening Maps URL | attempt=1/3
2026-09-05 15:46:13,390 | INFO | Current Maps URL: https://www.google.com/maps/place/Gemstone+Villa+M%C4%83ng+%C4%90en/data=!4m10!3m9!1s0x3169437c8c5bb0dd:0x3c8af38cee8afdbf!5m2!4m1!1i2!8m2!3d14.5872571!4d108.2808732!16s%2Fg%2F11w4tg08k8!19sChIJ3bBbjHxDaTERv_2K7ozzijw?authuser=0&hl=en&rclk=1
2026-09-05 15:46:13,390 | INFO | Valid Google Maps Place URL opened.
2026-09-05 15:46:18,672 | INFO | Address check | score=0.0000 | status=NEED_REVIEW | reason=MISSING_MAPS_ADDRESS
2026-09-05 15:46:18,673 | INFO | Opening Maps URL | attempt=1/3
2026-09-05 15:46:21,577 | INFO | Current Maps URL: https://www.google.com/maps/place/B%E1%BA%A1ch+D%C6%B0%C6%A1ng+Homestay+-+Homestay+M%C4%83ng+%C4%90en/data=!4m10!3m9!1s0x3169438f27f19fd5:0xd9a6f1f1fe630d53!5m2!4m1!1i2!8m2!3d14.5967794!4d108.294921!16s%2Fg%2F11hdngprc7!19sChIJ1Z_xJ49DaTERUw1j_vHxptk?authuser=0&hl=en&rclk=1
2026-09-05 15:46:21,577 | INFO | Valid Google Maps Place URL opened.
2026-09-05 15:46:27,070 | INFO | Address check | score=0.0000 | status=NEED_REVIEW | reason=MISSING_MAPS_ADDRESS
2026-09-05 15:46:27,071 | INFO | Opening Maps URL | attempt=1/3
2026-09-05 15:46:30,161 | INFO | Current Maps URL: https://www.google.com/maps/place/Hotels+Hanh+Yen/data=!4m7!3m6!1s0x316f33b66f80f1d7:0x6d75fac88214de9b!8m2!3d14.1796202!4d109.0517832!16s%2Fg%2F11b7hl7jqq!19sChIJ1_GAb7YzbzERm94Ugsj6dW0?authuser=0&hl=en&rclk=1
2026-09-05 15:46:30,167 | INFO | Valid Google Maps Place URL opened.
2026-09-05 15:46:35,599 | INFO | Address check | score=0.0000 | status=NEED_REVIEW | reason=MISSING_MAPS_ADDRESS
2026-09-05 15:46:35,602 | INFO | Opening Maps URL | attempt=1/3
2026-09-05 15:46:38,744 | INFO | Current Maps URL: https://www.google.com/maps/place/%C4%90%C3%A0o+Hoa+Hotel+-+Phan+%C4%90%C4%83ng+L%C6%B0u/data=!4m10!3m9!1s0x316f6d00126fe7ab:0x9ab819f453721117!5m2!4m1!1i2!8m2!3d13.7649351!4d109.22582!16s%2Fg%2F11wr0wq75p!19sChIJq-dvEgBtbzERFxFyU_QZuJo?authuser=0&hl=en&rclk=1
2026-09-05 15:46:38,744 | INFO | Valid Google Maps Place URL opened.
2026-09-05 15:46:43,890 | INFO | Address check | score=0.0000 | status=NEED_REVIEW | reason=MISSING_MAPS_ADDRESS
2026-09-05 15:46:43,926 | INFO | Opening Maps URL | attempt=1/3
2026-09-05 15:46:46,864 | INFO | Current Maps URL: https://www.google.com/maps/place/Nh%C3%A0+ngh%E1%BB%89+Ho%C3%A0ng+Ph%C3%BA/data=!4m7!3m6!1s0x316f130028166e8b:0x195c9a766ec88b01!8m2!3d13.7451882!4d109.0963879!16s%2Fg%2F11wxkncs11!19sChIJi24WKAATbzERAYvIbnaaXBk?authuser=0&hl=en&rclk=1
2026-09-05 15:46:46,864 | INFO | Valid Google Maps Place URL opened.
2026-09-05 15:46:52,034 | INFO | Address check | score=0.0000 | status=NEED_REVIEW | reason=MISSING_MAPS_ADDRESS
2026-09-05 15:46:52,035 | INFO | Opening Maps URL | attempt=1/3
2026-09-05 15:46:54,963 | INFO | Current Maps URL: https://www.google.com/maps/place/Nh%C3%A0+ngh%E1%BB%89+H%C6%B0%C6%A1ng+Th%E1%BB%8Bnh+c%C3%B3+b%C3%A3i+%C4%91%E1%BA%ADu+xe+oto/data=!4m7!3m6!1s0x316f150076b55add:0x7f50e96c77500078!8m2!3d13.814916!4d109.179809!16s%2Fg%2F11ltmdfph4!19sChIJ3Vq1dgAVbzEReABQd2zpUH8?authuser=0&hl=en&rclk=1
2026-09-05 15:46:54,964 | INFO | Valid Google Maps Place URL opened.
2026-09-05 15:47:00,385 | INFO | Address check | score=0.0000 | status=NEED_REVIEW | reason=MISSING_MAPS_ADDRESS
2026-09-05 15:47:00,386 | INFO | CHECKPOINT | processed=1570 | matched=4 | mismatched=10 | review=1555
2026-09-05 15:47:00,960 | INFO | Excel saved: D:\Product-Google-Maps\output\hotels_export_google_maps_checked.xlsx
2026-09-05 15:47:00,961 | INFO | Opening Maps URL | attempt=1/3
2026-09-05 15:47:03,854 | INFO | Current Maps URL: https://www.google.com/maps/place/Nh%C3%A0+ngh%E1%BB%89+Quang+Li%C3%AAn/data=!4m7!3m6!1s0x316f3e1f080c71a5:0xe8d0b094856003cf!8m2!3d13.8856435!4d109.1145297!16s%2Fg%2F11cmyyk60h!19sChIJpXEMCB8-bzERzwNghZSw0Og?authuser=0&hl=en&rclk=1
2026-09-05 15:47:03,854 | INFO | Valid Google Maps Place URL opened.
2026-09-05 15:47:09,330 | INFO | Address check | score=0.0000 | status=NEED_REVIEW | reason=MISSING_MAPS_ADDRESS
2026-09-05 15:47:09,331 | INFO | Opening Maps URL | attempt=1/3
2026-09-05 15:47:12,297 | INFO | Current Maps URL: https://www.google.com/maps/place/Sen+Truc+Homestay+Quy+Nhon/data=!4m7!3m6!1s0x316f6df013b22e5d:0xe4dd639cf911877f!8m2!3d13.7531844!4d109.212909!16s%2Fg%2F11j9f6pm9b!19sChIJXS6yE_BtbzERf4cR-Zxj3eQ?authuser=0&hl=en&rclk=1
2026-09-05 15:47:12,298 | INFO | Valid Google Maps Place URL opened.
2026-09-05 15:47:17,671 | INFO | Address check | score=0.0000 | status=NEED_REVIEW | reason=MISSING_MAPS_ADDRESS
2026-09-05 15:47:17,675 | INFO | Opening Maps URL | attempt=1/3
2026-09-05 15:47:20,812 | INFO | Current Maps URL: https://www.google.com/maps/place/Eleven+House+Quy+Nh%C6%A1n+-+Homestay+Beach+Quy+Nhon/data=!4m10!3m9!1s0x316f6d419f57937b:0xa13f046258317f63!5m2!4m1!1i2!8m2!3d13.7444796!4d109.2086223!16s%2Fg%2F11h0mwyxhr!19sChIJe5NXn0FtbzERY38xWGIEP6E?authuser=0&hl=en&rclk=1
2026-09-05 15:47:20,812 | INFO | Valid Google Maps Place URL opened.
2026-09-05 15:47:26,181 | INFO | Address check | score=0.0000 | status=NEED_REVIEW | reason=MISSING_MAPS_ADDRESS
2026-09-05 15:47:26,182 | INFO | Opening Maps URL | attempt=1/3
2026-09-05 15:47:29,040 | INFO | Current Maps URL: https://www.google.com/maps/place/Homestay+Phi+Anh/data=!4m7!3m6!1s0x316f14a43d6d11ab:0x5a8f609c84e4ed70!8m2!3d13.7956654!4d109.1717859!16s%2Fg%2F1jkvjxkcd!19sChIJqxFtPaQUbzERcO3khJxgj1o?authuser=0&hl=en&rclk=1
2026-09-05 15:47:29,040 | INFO | Valid Google Maps Place URL opened.
2026-09-05 15:47:34,520 | INFO | Address check | score=0.0000 | status=NEED_REVIEW | reason=MISSING_MAPS_ADDRESS
2026-09-05 15:47:34,521 | INFO | Opening Maps URL | attempt=1/3
2026-09-05 15:47:37,617 | INFO | Current Maps URL: https://www.google.com/maps/place/Homestay+Ph%C3%BAc+H%C6%B0ng/data=!4m7!3m6!1s0x316f71be5c23111b:0x1fc66a7eedeb2172!8m2!3d13.6115424!4d109.3564877!16s%2Fg%2F11f5bpt41d!19sChIJGxEjXL5xbzERciHr7X5qxh8?authuser=0&hl=en&rclk=1
2026-09-05 15:47:37,617 | INFO | Valid Google Maps Place URL opened.
2026-09-05 15:47:43,068 | INFO | Address check | score=0.0000 | status=NEED_REVIEW | reason=MISSING_MAPS_ADDRESS
2026-09-05 15:47:43,070 | INFO | Opening Maps URL | attempt=1/3
2026-09-05 15:47:45,961 | INFO | Current Maps URL: https://www.google.com/maps/place/Kh%C3%A1ch+s%E1%BA%A1n+Kadupul+Quy+Nh%C6%A1n/data=!4m10!3m9!1s0x316f6cc7c9ca81d5:0x8ce492b724c7bcf8!5m2!4m1!1i2!8m2!3d13.7581439!4d109.2150604!16s%2Fg%2F11jgrl4khv!19sChIJ1YHKycdsbzER-LzHJLeS5Iw?authuser=0&hl=en&rclk=1
2026-09-05 15:47:45,962 | INFO | Valid Google Maps Place URL opened.
2026-09-05 15:47:51,291 | INFO | Address check | score=0.0000 | status=NEED_REVIEW | reason=MISSING_MAPS_ADDRESS
2026-09-05 15:47:51,292 | INFO | Opening Maps URL | attempt=1/3
2026-09-05 15:47:54,159 | INFO | Current Maps URL: https://www.google.com/maps/place/Nh%C3%A0+ngh%E1%BB%89+45+Tuy+ph%C6%B0%E1%BB%9Bc/data=!4m7!3m6!1s0x316f153a35f29e83:0x5ab356188680ef19!8m2!3d13.8268843!4d109.1693886!16s%2Fg%2F11wncy534t!19sChIJg57yNToVbzERGe-AhhhWs1o?authuser=0&hl=en&rclk=1
2026-09-05 15:47:54,160 | INFO | Valid Google Maps Place URL opened.
2026-09-05 15:47:59,555 | INFO | Address check | score=0.0000 | status=NEED_REVIEW | reason=MISSING_MAPS_ADDRESS
2026-09-05 15:47:59,559 | INFO | Opening Maps URL | attempt=1/3
2026-09-05 15:48:02,500 | INFO | Current Maps URL: https://www.google.com/maps/place/Nh%C3%A0+Ngh%E1%BB%89+Thanh+B%C3%ACnh+70+%C4%90%C3%A0o+T%E1%BA%A5n/data=!4m7!3m6!1s0x316f156ea9c8f5af:0x715b4ec3fab0eb92!8m2!3d13.8211734!4d109.1512345!16s%2Fg%2F11vkzktp16!19sChIJr_XIqW4VbzERkuuw-sNOW3E?authuser=0&hl=en&rclk=1
2026-09-05 15:48:02,500 | INFO | Valid Google Maps Place URL opened.
2026-09-05 15:48:07,976 | INFO | Address check | score=0.0000 | status=NEED_REVIEW | reason=MISSING_MAPS_ADDRESS
2026-09-05 15:48:07,979 | INFO | Opening Maps URL | attempt=1/3
2026-09-05 15:48:11,025 | INFO | Current Maps URL: https://www.google.com/maps/place/Pimira+homestay/data=!4m7!3m6!1s0x316f6de7e896e0db:0x5e8eb8d33fe99860!8m2!3d13.7554842!4d109.2169164!16s%2Fg%2F11pwy4dylj!19sChIJ2-CW6OdtbzERYJjpP9O4jl4?authuser=0&hl=en&rclk=1
2026-09-05 15:48:11,025 | INFO | Valid Google Maps Place URL opened.
2026-09-05 15:48:16,448 | INFO | Address check | score=0.0000 | status=NEED_REVIEW | reason=MISSING_MAPS_ADDRESS
2026-09-05 15:48:16,450 | INFO | Opening Maps URL | attempt=1/3
2026-09-05 15:48:19,325 | INFO | Current Maps URL: https://www.google.com/maps/place/Nh%C3%A0+Ngh%E1%BB%89+Thanh+Lan/data=!4m7!3m6!1s0x316f060030f217a3:0xfc70c6093f9596e2!8m2!3d13.6238444!4d108.996725!16s%2Fg%2F1jkvzp2xv!19sChIJoxfyMAAGbzER4paVPwnGcPw?authuser=0&hl=en&rclk=1
2026-09-05 15:48:19,326 | INFO | Valid Google Maps Place URL opened.
2026-09-05 15:48:24,813 | INFO | Address check | score=0.0000 | status=NEED_REVIEW | reason=MISSING_MAPS_ADDRESS
2026-09-05 15:48:24,814 | INFO | CHECKPOINT | processed=1580 | matched=4 | mismatched=10 | review=1565
2026-09-05 15:48:26,332 | INFO | Excel saved: D:\Product-Google-Maps\output\hotels_export_google_maps_checked.xlsx
2026-09-05 15:48:26,333 | INFO | Opening Maps URL | attempt=1/3
2026-09-05 15:48:29,420 | INFO | Current Maps URL: https://www.google.com/maps/place/Homestay+BeCe/data=!4m7!3m6!1s0x316f170041a9662d:0x8955735da7a80b50!8m2!3d13.8358057!4d109.047071!16s%2Fg%2F11wqgzmz03!19sChIJLWapQQAXbzERUAuop11zVYk?authuser=0&hl=en&rclk=1
2026-09-05 15:48:29,427 | INFO | Valid Google Maps Place URL opened.
2026-09-05 15:48:34,735 | INFO | Address check | score=0.0000 | status=NEED_REVIEW | reason=MISSING_MAPS_ADDRESS
2026-09-05 15:48:34,737 | INFO | Opening Maps URL | attempt=1/3
2026-09-05 15:48:37,636 | INFO | Current Maps URL: https://www.google.com/maps/place/Kh%C3%A1ch+S%E1%BA%A1n+Trung+Th%C3%A0nh/data=!4m7!3m6!1s0x316f1300466eea77:0xad3db11f21784adb!8m2!3d13.7476373!4d109.0970654!16s%2Fg%2F11wjkqfmsr!19sChIJd-puRgATbzER20p4IR-xPa0?authuser=0&hl=en&rclk=1
2026-09-05 15:48:37,636 | INFO | Valid Google Maps Place URL opened.
2026-09-05 15:48:42,937 | INFO | Address check | score=0.0000 | status=NEED_REVIEW | reason=MISSING_MAPS_ADDRESS
2026-09-05 15:48:42,938 | INFO | Opening Maps URL | attempt=1/3
2026-09-05 15:48:45,891 | INFO | Current Maps URL: https://www.google.com/maps/place/Khu+Trung+t%C3%A2m+th%C6%B0%C6%A1ng+m%E1%BA%A1i+-+kh%C3%A1ch+s%E1%BA%A1n+v%C3%A0+d%C3%A2n+c%C6%B0+ph%C3%ADa+%C4%90%C3%B4ng+%C4%91%C6%B0%E1%BB%9Dng+Nguy%E1%BB%85n+V%C4%83n+Linh/data=!4m7!3m6!1s0x316f3f4e44793f2f:0x642addd06100b00d!8m2!3d13.8907488!4d109.1181086!16s%2Fg%2F11nng134qf!19sChIJLz95RE4_bzERDbAAYdDdKmQ?authuser=0&hl=en&rclk=1
2026-09-05 15:48:45,892 | INFO | Valid Google Maps Place URL opened.
2026-09-05 15:48:51,264 | INFO | Address check | score=0.0000 | status=NEED_REVIEW | reason=MISSING_MAPS_ADDRESS
2026-09-05 15:48:51,265 | INFO | Opening Maps URL | attempt=1/3
2026-09-05 15:48:54,255 | INFO | Current Maps URL: https://www.google.com/maps/place/Nh%C3%A0+Ngh%E1%BB%89+An+H%C3%B2a/data=!4m7!3m6!1s0x316f0fa9f4428d25:0xb27f708f2a626169!8m2!3d13.668167!4d109.0391028!16s%2Fg%2F11fxzm0klr!19sChIJJY1C9KkPbzERaWFiKo9wf7I?authuser=0&hl=en&rclk=1
2026-09-05 15:48:54,255 | INFO | Valid Google Maps Place URL opened.
2026-09-05 15:48:59,597 | INFO | Address check | score=0.0000 | status=NEED_REVIEW | reason=MISSING_MAPS_ADDRESS
2026-09-05 15:48:59,599 | INFO | Opening Maps URL | attempt=1/3
2026-09-05 15:49:02,508 | INFO | Current Maps URL: https://www.google.com/maps/place/Nh%C3%A0+ngh%E1%BB%89+V%C4%83n+Tr%E1%BB%B1c+88/data=!4m7!3m6!1s0x316f1585806e92e1:0xfed97f754c774451!8m2!3d13.7989872!4d109.1352861!16s%2Fg%2F11kw3zqt_d!19sChIJ4ZJugIUVbzERUUR3THV_2f4?authuser=0&hl=en&rclk=1
2026-09-05 15:49:02,509 | INFO | Valid Google Maps Place URL opened.
2026-09-05 15:49:07,968 | INFO | Address check | score=0.0000 | status=NEED_REVIEW | reason=MISSING_MAPS_ADDRESS
2026-09-05 15:49:07,969 | INFO | Opening Maps URL | attempt=1/3
2026-09-05 15:49:10,902 | INFO | Current Maps URL: https://www.google.com/maps/place/ORG+Homestay+Language+Institutes/data=!4m7!3m6!1s0x316f152db9be8449:0x6e99081079b6be9!8m2!3d13.8030663!4d109.1463023!16s%2Fg%2F11vbpjj6cj!19sChIJSYS-uS0VbzER6WubB4GQ6QY?authuser=0&hl=en&rclk=1
2026-09-05 15:49:10,902 | INFO | Valid Google Maps Place URL opened.
2026-09-05 15:49:16,228 | INFO | Address check | score=0.0000 | status=NEED_REVIEW | reason=MISSING_MAPS_ADDRESS
2026-09-05 15:49:16,229 | INFO | Opening Maps URL | attempt=1/3
2026-09-05 15:49:19,155 | INFO | Current Maps URL: https://www.google.com/maps/place/Thanhg+%C4%90%C6%B0%E1%BB%A3c+homestay/data=!4m7!3m6!1s0x316f13842c5ffd03:0x7b017af616cd10b0!8m2!3d13.7300958!4d109.1591876!16s%2Fg%2F11rklwwkwf!19sChIJA_1fLIQTbzERsBDNFvZ6AXs?authuser=0&hl=en&rclk=1
2026-09-05 15:49:19,155 | INFO | Valid Google Maps Place URL opened.
2026-09-05 15:49:24,565 | INFO | Address check | score=0.0000 | status=NEED_REVIEW | reason=MISSING_MAPS_ADDRESS
2026-09-05 15:49:24,578 | INFO | Opening Maps URL | attempt=1/3
2026-09-05 15:49:27,877 | INFO | Current Maps URL: https://www.google.com/maps/place/The+Anh+Hotel/data=!4m7!3m6!1s0x316f125d1604d8df:0x97eaa741b0db436f!8m2!3d13.7280113!4d109.1300677!16s%2Fg%2F11mbppt5fk!19sChIJ39gEFl0SbzERb0PbsEGn6pc?authuser=0&hl=en&rclk=1
2026-09-05 15:49:27,877 | INFO | Valid Google Maps Place URL opened.
2026-09-05 15:49:33,391 | INFO | Address check | score=0.0000 | status=NEED_REVIEW | reason=MISSING_MAPS_ADDRESS
2026-09-05 15:49:33,520 | INFO | Opening Maps URL | attempt=1/3
2026-09-05 15:49:36,635 | INFO | Current Maps URL: https://www.google.com/maps/place/Kh%C3%A1ch+S%E1%BA%A1n+H%E1%BB%ABng+%C4%90%C3%B4ng/data=!4m10!3m9!1s0x316f6ce733d40d29:0x770f520477ae7954!5m2!4m1!1i2!8m2!3d13.7473008!4d109.2136093!16s%2Fg%2F1hc1zh225!19sChIJKQ3UM-dsbzERVHmudwRSD3c?authuser=0&hl=en&rclk=1
2026-09-05 15:49:36,636 | INFO | Valid Google Maps Place URL opened.
2026-09-05 15:49:42,162 | INFO | Address check | score=0.0000 | status=NEED_REVIEW | reason=MISSING_MAPS_ADDRESS
2026-09-05 15:49:42,163 | INFO | Opening Maps URL | attempt=1/3
2026-09-05 15:49:45,110 | INFO | Current Maps URL: https://www.google.com/maps/place/Win+Win+Hotel/data=!4m10!3m9!1s0x316f6cc2c2aa23f5:0x1850da3ac940efa9!5m2!4m1!1i2!8m2!3d13.7544658!4d109.2096053!16s%2Fg%2F11gfp2pj_n!19sChIJ9SOqwsJsbzERqe9AyTraUBg?authuser=0&hl=en&rclk=1
2026-09-05 15:49:45,110 | INFO | Valid Google Maps Place URL opened.
2026-09-05 15:49:50,582 | INFO | Address check | score=0.0000 | status=NEED_REVIEW | reason=MISSING_MAPS_ADDRESS
2026-09-05 15:49:50,583 | INFO | CHECKPOINT | processed=1590 | matched=4 | mismatched=10 | review=1575
2026-09-05 15:49:52,333 | INFO | Excel saved: D:\Product-Google-Maps\output\hotels_export_google_maps_checked.xlsx
2026-09-05 15:49:52,339 | INFO | Opening Maps URL | attempt=1/3
2026-09-05 15:49:55,937 | INFO | Current Maps URL: https://www.google.com/maps/place/AD+Hotel/data=!4m7!3m6!1s0x316f14cec6bcf17d:0xa48c172b9659e40e!8m2!3d13.8173728!4d109.1802565!16s%2Fg%2F11qpq961n_!19sChIJffG8xs4UbzERDuRZlisXjKQ?authuser=0&hl=en&rclk=1
2026-09-05 15:49:55,940 | INFO | Valid Google Maps Place URL opened.
2026-09-05 15:50:01,146 | INFO | Address check | score=0.0000 | status=NEED_REVIEW | reason=MISSING_MAPS_ADDRESS
2026-09-05 15:50:01,148 | INFO | Opening Maps URL | attempt=1/3
2026-09-05 15:50:04,324 | INFO | Current Maps URL: https://www.google.com/maps/place/Ganee+Star+Hotel/data=!4m7!3m6!1s0x316f149c45078f7d:0x38d385fdab1547b!8m2!3d13.7942529!4d109.1562296!16s%2Fg%2F11ll217c43!19sChIJfY8HRZwUbzERe1Sx2l84jQM?authuser=0&hl=en&rclk=1
2026-09-05 15:50:04,327 | INFO | Valid Google Maps Place URL opened.
2026-09-05 16:00:58,332 | WARNING | Process interrupted by user.
2026-09-05 16:00:59,637 | ERROR | Task was destroyed but it is pending!
task: <Task cancelling name='Task-275661' coro=<Locator.count() done, defined at D:\Product-Google-Maps\.venv\Lib\site-packages\playwright\_impl\_locator.py:426> wait_for=<Future finished result=None> cb=[SyncBase._sync.<locals>.<lambda>() at D:\Product-Google-Maps\.venv\Lib\site-packages\playwright\_impl\_sync_base.py:111]>
2026-09-05 16:00:59,637 | ERROR | Future exception was never retrieved
future: <Future finished exception=TargetClosedError('Target page, context or browser has been closed')>
playwright._impl._errors.TargetClosedError: Target page, context or browser has been closed
2026-09-05 16:00:59,638 | ERROR | Task was destroyed but it is pending!
task: <Task cancelling name='Task-275662' coro=<Page.close() done, defined at D:\Product-Google-Maps\.venv\Lib\site-packages\playwright\_impl\_page.py:853> wait_for=<Future finished result=None> cb=[SyncBase._sync.<locals>.<lambda>() at D:\Product-Google-Maps\.venv\Lib\site-packages\playwright\_impl\_sync_base.py:111]>
2026-09-05 16:00:59,638 | ERROR | Future exception was never retrieved
future: <Future finished exception=TargetClosedError('Target page, context or browser has been closed')>
playwright._impl._errors.TargetClosedError: Target page, context or browser has been closed
