2026-09-08 08:15:35,027 | INFO | JSON lookup loaded: 0 Maps URLs
2026-09-08 08:15:41,440 | INFO | Existing URL check | maps_col=google_maps_url | url_col=URL | maps='' | url='' | reusable=''
2026-09-08 08:15:41,442 | INFO | Google Maps title search variant 1/12: Khách sạn Biệt Điện
2026-09-08 08:15:41,448 | INFO | Navigation start | attempt=1/3 | timeout=15000ms | url=https://www.google.com/maps/search/?api=1&query=Kh%C3%A1ch%20s%E1%BA%A1n%20Bi%E1%BB%87t%20%C4%90i%E1%BB%87n
2026-09-08 08:15:41,862 | INFO | Navigation success | attempt=1/3 | 0.41s | url=https://www.google.com/maps/search/?api=1&query=Kh%C3%A1ch%20s%E1%BA%A1n%20Bi%E1%BB%87t%20%C4%90i%E1%BB%87n
2026-09-08 08:15:53,503 | INFO | Google Maps address search variant 2/12: 01 Ngô Quyền, Buôn Ma Thuột, Đắk Lắk, Việt Nam
2026-09-08 08:15:53,544 | INFO | Navigation start | attempt=1/3 | timeout=15000ms | url=https://www.google.com/maps/search/?api=1&query=01%20Ng%C3%B4%20Quy%E1%BB%81n%2C%20Bu%C3%B4n%20Ma%20Thu%E1%BB%99t%2C%20%C4%90%E1%BA%AFk%20L%E1%BA%AFk%2C%20Vi%E1%BB%87t%20Nam
2026-09-08 08:15:54,044 | INFO | Navigation success | attempt=1/3 | 0.50s | url=https://www.google.com/maps/search/?api=1&query=01%20Ng%C3%B4%20Quy%E1%BB%81n%2C%20Bu%C3%B4n%20Ma%20Thu%E1%BB%99t%2C%20%C4%90%E1%BA%AFk%20L%E1%BA%AFk%2C%20Vi%E1%BB%87t%20Nam
2026-09-08 08:15:58,086 | INFO | Google Maps address search variant 3/12: 01 Ngô Quyền, Buôn Ma Thuột, Đắk Lắk, Việt Nam, Khách sạn Biệt Điện
2026-09-08 08:15:58,106 | INFO | Navigation start | attempt=1/3 | timeout=15000ms | url=https://www.google.com/maps/search/?api=1&query=01%20Ng%C3%B4%20Quy%E1%BB%81n%2C%20Bu%C3%B4n%20Ma%20Thu%E1%BB%99t%2C%20%C4%90%E1%BA%AFk%20L%E1%BA%AFk%2C%20Vi%E1%BB%87t%20Nam%2C%20Kh%C3%A1ch%20s%E1%BA%A1n%20Bi%E1%BB%87t%20%C4%90i%E1%BB%87n
2026-09-08 08:15:58,765 | INFO | Navigation success | attempt=1/3 | 0.66s | url=https://www.google.com/maps/search/?api=1&query=01%20Ng%C3%B4%20Quy%E1%BB%81n%2C%20Bu%C3%B4n%20Ma%20Thu%E1%BB%99t%2C%20%C4%90%E1%BA%AFk%20L%E1%BA%AFk%2C%20Vi%E1%BB%87t%20Nam%2C%20Kh%C3%A1ch%20s%E1%BA%A1n%20Bi%E1%BB%87t%20%C4%90i%E1%BB%87n
2026-09-08 08:16:01,861 | INFO | Google Maps address search variant 4/12: Khách sạn Biệt Điện, 01 Ngô Quyền, Buôn Ma Thuột, Đắk Lắk, Việt Nam
2026-09-08 08:16:01,898 | INFO | Navigation start | attempt=1/3 | timeout=15000ms | url=https://www.google.com/maps/search/?api=1&query=Kh%C3%A1ch%20s%E1%BA%A1n%20Bi%E1%BB%87t%20%C4%90i%E1%BB%87n%2C%2001%20Ng%C3%B4%20Quy%E1%BB%81n%2C%20Bu%C3%B4n%20Ma%20Thu%E1%BB%99t%2C%20%C4%90%E1%BA%AFk%20L%E1%BA%AFk%2C%20Vi%E1%BB%87t%20Nam
2026-09-08 08:16:02,582 | INFO | Navigation success | attempt=1/3 | 0.68s | url=https://www.google.com/maps/search/?api=1&query=Kh%C3%A1ch%20s%E1%BA%A1n%20Bi%E1%BB%87t%20%C4%90i%E1%BB%87n%2C%2001%20Ng%C3%B4%20Quy%E1%BB%81n%2C%20Bu%C3%B4n%20Ma%20Thu%E1%BB%99t%2C%20%C4%90%E1%BA%AFk%20L%E1%BA%AFk%2C%20Vi%E1%BB%87t%20Nam
2026-09-08 08:16:06,742 | INFO | Google Maps address search variant 5/12: 01 ngo quyen, buon ma thuot, đak lak
2026-09-08 08:16:06,777 | INFO | Navigation start | attempt=1/3 | timeout=15000ms | url=https://www.google.com/maps/search/?api=1&query=01%20ngo%20quyen%2C%20buon%20ma%20thuot%2C%20%C4%91ak%20lak
2026-09-08 08:16:07,414 | INFO | Navigation success | attempt=1/3 | 0.64s | url=https://www.google.com/maps/search/?api=1&query=01%20ngo%20quyen%2C%20buon%20ma%20thuot%2C%20%C4%91ak%20lak
2026-09-08 08:16:13,097 | INFO | Google Maps address search variant 6/12: buon ma thuot, đak lak
2026-09-08 08:16:13,114 | INFO | Navigation start | attempt=1/3 | timeout=15000ms | url=https://www.google.com/maps/search/?api=1&query=buon%20ma%20thuot%2C%20%C4%91ak%20lak
2026-09-08 08:16:13,473 | INFO | Navigation success | attempt=1/3 | 0.36s | url=https://www.google.com/maps/search/?api=1&query=buon%20ma%20thuot%2C%20%C4%91ak%20lak
2026-09-08 08:16:16,676 | INFO | Google Maps address search variant 7/12: Khách sạn Biệt Điện, 01 ngo quyen, buon ma thuot, đak lak
2026-09-08 08:16:16,706 | INFO | Navigation start | attempt=1/3 | timeout=15000ms | url=https://www.google.com/maps/search/?api=1&query=Kh%C3%A1ch%20s%E1%BA%A1n%20Bi%E1%BB%87t%20%C4%90i%E1%BB%87n%2C%2001%20ngo%20quyen%2C%20buon%20ma%20thuot%2C%20%C4%91ak%20lak
2026-09-08 08:16:16,992 | INFO | Navigation success | attempt=1/3 | 0.29s | url=https://www.google.com/maps/search/?api=1&query=Kh%C3%A1ch%20s%E1%BA%A1n%20Bi%E1%BB%87t%20%C4%90i%E1%BB%87n%2C%2001%20ngo%20quyen%2C%20buon%20ma%20thuot%2C%20%C4%91ak%20lak
2026-09-08 08:16:20,447 | INFO | Google Maps address search variant 8/12: Khách sạn Biệt Điện, buon ma thuot, đak lak
2026-09-08 08:16:20,594 | INFO | Navigation start | attempt=1/3 | timeout=15000ms | url=https://www.google.com/maps/search/?api=1&query=Kh%C3%A1ch%20s%E1%BA%A1n%20Bi%E1%BB%87t%20%C4%90i%E1%BB%87n%2C%20buon%20ma%20thuot%2C%20%C4%91ak%20lak
2026-09-08 08:16:21,209 | INFO | Navigation success | attempt=1/3 | 0.61s | url=https://www.google.com/maps/search/?api=1&query=Kh%C3%A1ch%20s%E1%BA%A1n%20Bi%E1%BB%87t%20%C4%90i%E1%BB%87n%2C%20buon%20ma%20thuot%2C%20%C4%91ak%20lak
2026-09-08 08:16:25,611 | INFO | Google Maps address search variant 9/12: Khách sạn Biệt Điện, 01 ngo quyen
2026-09-08 08:16:25,629 | INFO | Navigation start | attempt=1/3 | timeout=15000ms | url=https://www.google.com/maps/search/?api=1&query=Kh%C3%A1ch%20s%E1%BA%A1n%20Bi%E1%BB%87t%20%C4%90i%E1%BB%87n%2C%2001%20ngo%20quyen
2026-09-08 08:16:25,909 | INFO | Navigation success | attempt=1/3 | 0.28s | url=https://www.google.com/maps/search/?api=1&query=Kh%C3%A1ch%20s%E1%BA%A1n%20Bi%E1%BB%87t%20%C4%90i%E1%BB%87n%2C%2001%20ngo%20quyen
2026-09-08 08:16:29,132 | INFO | Google Maps address search variant 10/12: Khách sạn Biệt Điện, buon ma thuot
2026-09-08 08:16:29,259 | INFO | Navigation start | attempt=1/3 | timeout=15000ms | url=https://www.google.com/maps/search/?api=1&query=Kh%C3%A1ch%20s%E1%BA%A1n%20Bi%E1%BB%87t%20%C4%90i%E1%BB%87n%2C%20buon%20ma%20thuot
2026-09-08 08:16:29,860 | INFO | Navigation success | attempt=1/3 | 0.60s | url=https://www.google.com/maps/search/?api=1&query=Kh%C3%A1ch%20s%E1%BA%A1n%20Bi%E1%BB%87t%20%C4%90i%E1%BB%87n%2C%20buon%20ma%20thuot
2026-09-08 08:16:33,755 | INFO | Google Maps address search variant 11/12: Khách sạn Biệt Điện, đak lak
2026-09-08 08:16:33,861 | INFO | Navigation start | attempt=1/3 | timeout=15000ms | url=https://www.google.com/maps/search/?api=1&query=Kh%C3%A1ch%20s%E1%BA%A1n%20Bi%E1%BB%87t%20%C4%90i%E1%BB%87n%2C%20%C4%91ak%20lak
2026-09-08 08:16:34,693 | INFO | Navigation success | attempt=1/3 | 0.83s | url=https://www.google.com/maps/search/?api=1&query=Kh%C3%A1ch%20s%E1%BA%A1n%20Bi%E1%BB%87t%20%C4%90i%E1%BB%87n%2C%20%C4%91ak%20lak
2026-09-08 08:16:39,235 | WARNING | Google Maps NOT_FOUND / NO_VALID_PLACE_URL: Khách sạn Biệt Điện | 01 Ngô Quyền, Buôn Ma Thuột, Đắk Lắk, Việt Nam
2026-09-08 08:16:39,270 | INFO | EXCEL SEARCH RESULT | success=False | reason=NOT_FOUND | google_maps_url=None | url=None | cleaned_url=''
2026-09-08 08:16:40,774 | INFO | Existing URL check | maps_col=google_maps_url | url_col=URL | maps='' | url='' | reusable=''
2026-09-08 08:16:45,742 | WARNING | CURRENT MAPS PLACE TITLE/ADDRESS MISMATCH | input_title='Khách sạn Dakruco' | actual_title='Khách sạn Biệt Điện' | input_address='30 Nguyễn Chí Thanh, Tân An, Đắk Lắk 360000, Việt Nam' | actual_address='591.371 ₫' | url='https://www.google.com/maps/place/Kh%C3%A1ch+s%E1%BA%A1n+Bi%E1%BB%87t+%C4%90i%E1%BB%87n/@12.6872522,108.0506907,17z/data=!3m1!4b1!4m9!3m8!1s0x3171f7d653c9b1d1:0x23b08c6c2760e4a0!5m2!4m1!1i2!8m2!3d12.6872522!4d108.0506907!16s%2Fg%2F1pt_bzkwc?entry=ttu&g_ep=EgoyMDI2MDkwMi4wIKXMDSoASAFQAw%3D%3D'
2026-09-08 08:16:45,898 | INFO | Google Maps title search variant 1/12: Khách sạn Dakruco
2026-09-08 08:16:45,983 | INFO | Navigation start | attempt=1/3 | timeout=15000ms | url=https://www.google.com/maps/search/?api=1&query=Kh%C3%A1ch%20s%E1%BA%A1n%20Dakruco
2026-09-08 08:16:46,365 | INFO | Navigation success | attempt=1/3 | 0.38s | url=https://www.google.com/maps/search/?api=1&query=Kh%C3%A1ch%20s%E1%BA%A1n%20Dakruco
2026-09-08 08:16:49,421 | INFO | Google Maps address search variant 2/12: 30 Nguyễn Chí Thanh, Tân An, Đắk Lắk 360000, Việt Nam
2026-09-08 08:16:49,458 | INFO | Navigation start | attempt=1/3 | timeout=15000ms | url=https://www.google.com/maps/search/?api=1&query=30%20Nguy%E1%BB%85n%20Ch%C3%AD%20Thanh%2C%20T%C3%A2n%20An%2C%20%C4%90%E1%BA%AFk%20L%E1%BA%AFk%20360000%2C%20Vi%E1%BB%87t%20Nam
2026-09-08 08:16:49,965 | INFO | Navigation success | attempt=1/3 | 0.51s | url=https://www.google.com/maps/search/?api=1&query=30%20Nguy%E1%BB%85n%20Ch%C3%AD%20Thanh%2C%20T%C3%A2n%20An%2C%20%C4%90%E1%BA%AFk%20L%E1%BA%AFk%20360000%2C%20Vi%E1%BB%87t%20Nam
2026-09-08 08:16:53,727 | INFO | Google Maps address search variant 3/12: 30 Nguyễn Chí Thanh, Tân An, Đắk Lắk 360000, Việt Nam, Khách sạn Dakruco
2026-09-08 08:16:53,771 | INFO | Navigation start | attempt=1/3 | timeout=15000ms | url=https://www.google.com/maps/search/?api=1&query=30%20Nguy%E1%BB%85n%20Ch%C3%AD%20Thanh%2C%20T%C3%A2n%20An%2C%20%C4%90%E1%BA%AFk%20L%E1%BA%AFk%20360000%2C%20Vi%E1%BB%87t%20Nam%2C%20Kh%C3%A1ch%20s%E1%BA%A1n%20Dakruco
2026-09-08 08:16:54,376 | INFO | Navigation success | attempt=1/3 | 0.61s | url=https://www.google.com/maps/search/?api=1&query=30%20Nguy%E1%BB%85n%20Ch%C3%AD%20Thanh%2C%20T%C3%A2n%20An%2C%20%C4%90%E1%BA%AFk%20L%E1%BA%AFk%20360000%2C%20Vi%E1%BB%87t%20Nam%2C%20Kh%C3%A1ch%20s%E1%BA%A1n%20Dakruco
2026-09-08 08:16:57,666 | INFO | Google Maps address search variant 4/12: Khách sạn Dakruco, 30 Nguyễn Chí Thanh, Tân An, Đắk Lắk 360000, Việt Nam
2026-09-08 08:16:57,718 | INFO | Navigation start | attempt=1/3 | timeout=15000ms | url=https://www.google.com/maps/search/?api=1&query=Kh%C3%A1ch%20s%E1%BA%A1n%20Dakruco%2C%2030%20Nguy%E1%BB%85n%20Ch%C3%AD%20Thanh%2C%20T%C3%A2n%20An%2C%20%C4%90%E1%BA%AFk%20L%E1%BA%AFk%20360000%2C%20Vi%E1%BB%87t%20Nam
2026-09-08 08:16:58,452 | INFO | Navigation success | attempt=1/3 | 0.73s | url=https://www.google.com/maps/search/?api=1&query=Kh%C3%A1ch%20s%E1%BA%A1n%20Dakruco%2C%2030%20Nguy%E1%BB%85n%20Ch%C3%AD%20Thanh%2C%20T%C3%A2n%20An%2C%20%C4%90%E1%BA%AFk%20L%E1%BA%AFk%20360000%2C%20Vi%E1%BB%87t%20Nam
2026-09-08 08:17:02,731 | INFO | Google Maps address search variant 5/12: 30 nguyen chi thanh, tan an, đak lak 360000
2026-09-08 08:17:02,838 | INFO | Navigation start | attempt=1/3 | timeout=15000ms | url=https://www.google.com/maps/search/?api=1&query=30%20nguyen%20chi%20thanh%2C%20tan%20an%2C%20%C4%91ak%20lak%20360000
2026-09-08 08:17:03,856 | INFO | Navigation success | attempt=1/3 | 1.02s | url=https://www.google.com/maps/search/?api=1&query=30%20nguyen%20chi%20thanh%2C%20tan%20an%2C%20%C4%91ak%20lak%20360000
2026-09-08 08:17:09,462 | INFO | Google Maps address search variant 6/12: tan an, đak lak 360000
2026-09-08 08:17:09,479 | INFO | Navigation start | attempt=1/3 | timeout=15000ms | url=https://www.google.com/maps/search/?api=1&query=tan%20an%2C%20%C4%91ak%20lak%20360000
2026-09-08 08:17:10,886 | INFO | Navigation success | attempt=1/3 | 1.41s | url=https://www.google.com/maps/search/?api=1&query=tan%20an%2C%20%C4%91ak%20lak%20360000
2026-09-08 08:17:16,840 | INFO | Google Maps address search variant 7/12: Khách sạn Dakruco, 30 nguyen chi thanh, tan an, đak lak 360000
2026-09-08 08:17:16,894 | INFO | Navigation start | attempt=1/3 | timeout=15000ms | url=https://www.google.com/maps/search/?api=1&query=Kh%C3%A1ch%20s%E1%BA%A1n%20Dakruco%2C%2030%20nguyen%20chi%20thanh%2C%20tan%20an%2C%20%C4%91ak%20lak%20360000
2026-09-08 08:17:17,222 | INFO | Navigation success | attempt=1/3 | 0.33s | url=https://www.google.com/maps/search/?api=1&query=Kh%C3%A1ch%20s%E1%BA%A1n%20Dakruco%2C%2030%20nguyen%20chi%20thanh%2C%20tan%20an%2C%20%C4%91ak%20lak%20360000
2026-09-08 08:17:21,558 | INFO | Google Maps address search variant 8/12: Khách sạn Dakruco, tan an, đak lak 360000
2026-09-08 08:17:21,575 | INFO | Navigation start | attempt=1/3 | timeout=15000ms | url=https://www.google.com/maps/search/?api=1&query=Kh%C3%A1ch%20s%E1%BA%A1n%20Dakruco%2C%20tan%20an%2C%20%C4%91ak%20lak%20360000
2026-09-08 08:17:22,409 | INFO | Navigation success | attempt=1/3 | 0.83s | url=https://www.google.com/maps/search/?api=1&query=Kh%C3%A1ch%20s%E1%BA%A1n%20Dakruco%2C%20tan%20an%2C%20%C4%91ak%20lak%20360000
2026-09-08 08:17:26,726 | INFO | Google Maps address search variant 9/12: Khách sạn Dakruco, 30 nguyen chi thanh
2026-09-08 08:17:26,735 | INFO | Navigation start | attempt=1/3 | timeout=15000ms | url=https://www.google.com/maps/search/?api=1&query=Kh%C3%A1ch%20s%E1%BA%A1n%20Dakruco%2C%2030%20nguyen%20chi%20thanh
2026-09-08 08:17:27,153 | INFO | Navigation success | attempt=1/3 | 0.42s | url=https://www.google.com/maps/search/?api=1&query=Kh%C3%A1ch%20s%E1%BA%A1n%20Dakruco%2C%2030%20nguyen%20chi%20thanh
2026-09-08 08:17:32,549 | INFO | Google Maps address search variant 10/12: Khách sạn Dakruco, tan an
2026-09-08 08:17:32,829 | INFO | Navigation start | attempt=1/3 | timeout=15000ms | url=https://www.google.com/maps/search/?api=1&query=Kh%C3%A1ch%20s%E1%BA%A1n%20Dakruco%2C%20tan%20an
2026-09-08 08:17:33,882 | INFO | Navigation success | attempt=1/3 | 1.05s | url=https://www.google.com/maps/search/?api=1&query=Kh%C3%A1ch%20s%E1%BA%A1n%20Dakruco%2C%20tan%20an
2026-09-08 08:17:39,193 | INFO | Google Maps address search variant 11/12: Khách sạn Dakruco, đak lak 360000
2026-09-08 08:17:39,268 | INFO | Navigation start | attempt=1/3 | timeout=15000ms | url=https://www.google.com/maps/search/?api=1&query=Kh%C3%A1ch%20s%E1%BA%A1n%20Dakruco%2C%20%C4%91ak%20lak%20360000
2026-09-08 08:17:40,253 | INFO | Navigation success | attempt=1/3 | 0.99s | url=https://www.google.com/maps/search/?api=1&query=Kh%C3%A1ch%20s%E1%BA%A1n%20Dakruco%2C%20%C4%91ak%20lak%20360000
2026-09-08 08:17:43,835 | WARNING | Google Maps NOT_FOUND / NO_VALID_PLACE_URL: Khách sạn Dakruco | 30 Nguyễn Chí Thanh, Tân An, Đắk Lắk 360000, Việt Nam
2026-09-08 08:17:43,884 | INFO | EXCEL SEARCH RESULT | success=False | reason=NOT_FOUND | google_maps_url=None | url=None | cleaned_url=''
2026-09-08 08:17:45,769 | INFO | Existing URL check | maps_col=google_maps_url | url_col=URL | maps='' | url='' | reusable=''
2026-09-08 08:17:46,388 | INFO | Google Maps title search variant 1/12: Khách sạn Mường Thanh Buôn Ma Thuột
2026-09-08 08:17:46,734 | INFO | Navigation start | attempt=1/3 | timeout=15000ms | url=https://www.google.com/maps/search/?api=1&query=Kh%C3%A1ch%20s%E1%BA%A1n%20M%C6%B0%E1%BB%9Dng%20Thanh%20Bu%C3%B4n%20Ma%20Thu%E1%BB%99t
2026-09-08 08:17:47,688 | INFO | Navigation success | attempt=1/3 | 0.95s | url=https://www.google.com/maps/search/?api=1&query=Kh%C3%A1ch%20s%E1%BA%A1n%20M%C6%B0%E1%BB%9Dng%20Thanh%20Bu%C3%B4n%20Ma%20Thu%E1%BB%99t
2026-09-08 08:17:53,482 | INFO | Navigation start | attempt=1/3 | timeout=15000ms | url=https://www.google.com/maps/place/Kh%C3%A1ch+s%E1%BA%A1n+M%C6%B0%E1%BB%9Dng+Thanh+Bu%C3%B4n+Ma+Thu%E1%BB%99t/@12.6926802,108.0632612,17z/data=!3m1!4b1!4m9!3m8!1s0x3171f7d6cbbeafc3:0xc38b3c93f77ac760!5m2!4m1!1i2!8m2!3d12.6926802!4d108.0632612!16s%2Fg%2F11csp9h327?entry=ttu&g_ep=EgoyMDI2MDkwMi4wIKXMDSoASAFQAw%3D%3D
2026-09-08 08:17:53,949 | INFO | Navigation success | attempt=1/3 | 0.47s | url=https://www.google.com/maps/place/Kh%C3%A1ch+s%E1%BA%A1n+M%C6%B0%E1%BB%9Dng+Thanh+Bu%C3%B4n+Ma+Thu%E1%BB%99t/@12.6926802,108.0632612,17z/data=!3m1!4b1!4m9!3m8!1s0x3171f7d6cbbeafc3:0xc38b3c93f77ac760!5m2!4m1!1i2!8m2!3d12.6926802!4d108.0632612!16s%2Fg%2F11csp9h327?entry=ttu&g_ep=EgoyMDI2MDkwMi4wIKXMDSoASAFQAw%3D%3D
2026-09-08 08:18:01,934 | INFO | VERIFY CANDIDATE | input_title='Khách sạn Mường Thanh Buôn Ma Thuột' | actual_title='Khách sạn Mường Thanh Buôn Ma Thuột' | input_address='81 Nguyễn Tất Thành, Tân An, Đắk Lắk, Việt Nam' | actual_address='\ue0c8 81 Nguyễn Tất Thành, Tân An, Đắk Lắk, Việt Nam' | url='https://www.google.com/maps/place/Kh%C3%A1ch+s%E1%BA%A1n+M%C6%B0%E1%BB%9Dng+Thanh+Bu%C3%B4n+Ma+Thu%E1%BB%99t/@12.6926802,108.0632612,17z/data=!3m1!4b1!4m9!3m8!1s0x3171f7d6cbbeafc3:0xc38b3c93f77ac760!5m2!4m1!1i2!8m2!3d12.6926802!4d108.0632612!16s%2Fg%2F11csp9h327?entry=ttu&g_ep=EgoyMDI2MDkwMi4wIKXMDSoASAFQAw%3D%3D' | coordinates=(12.6926802, 108.0)
2026-09-08 08:18:02,441 | INFO | VERIFY FINAL | success=True | reason=TITLE_AND_ADDRESS_VERIFIED | title_ok=True | address_ok=True | input_title='Khách sạn Mường Thanh Buôn Ma Thuột' | maps_title='Khách sạn Mường Thanh Buôn Ma Thuột' | input_address='81 Nguyễn Tất Thành, Tân An, Đắk Lắk, Việt Nam' | maps_address='\ue0c8 81 Nguyễn Tất Thành, Tân An, Đắk Lắk, Việt Nam' | url='https://www.google.com/maps/place/Kh%C3%A1ch+s%E1%BA%A1n+M%C6%B0%E1%BB%9Dng+Thanh+Bu%C3%B4n+Ma+Thu%E1%BB%99t/@12.6926802,108.0632612,17z/data=!3m1!4b1!4m9!3m8!1s0x3171f7d6cbbeafc3:0xc38b3c93f77ac760!5m2!4m1!1i2!8m2!3d12.6926802!4d108.0632612!16s%2Fg%2F11csp9h327?entry=ttu&g_ep=EgoyMDI2MDkwMi4wIKXMDSoASAFQAw%3D%3D'
2026-09-08 08:18:02,630 | INFO | Google Maps SUCCESS: Khách sạn Mường Thanh Buôn Ma Thuột |  81 Nguyễn Tất Thành, Tân An, Đắk Lắk, Việt Nam | url=https://www.google.com/maps/place/Kh%C3%A1ch+s%E1%BA%A1n+M%C6%B0%E1%BB%9Dng+Thanh+Bu%C3%B4n+Ma+Thu%E1%BB%99t/@12.6926802,108.0632612,17z/data=!3m1!4b1!4m9!3m8!1s0x3171f7d6cbbeafc3:0xc38b3c93f77ac760!5m2!4m1!1i2!8m2!3d12.6926802!4d108.0632612!16s%2Fg%2F11csp9h327?entry=ttu&g_ep=EgoyMDI2MDkwMi4wIKXMDSoASAFQAw%3D%3D | reason=TITLE_AND_ADDRESS_VERIFIED
2026-09-08 08:18:02,737 | INFO | EXCEL SEARCH RESULT | success=True | reason=TITLE_AND_ADDRESS_VERIFIED | google_maps_url='https://www.google.com/maps/place/Kh%C3%A1ch+s%E1%BA%A1n+M%C6%B0%E1%BB%9Dng+Thanh+Bu%C3%B4n+Ma+Thu%E1%BB%99t/@12.6926802,108.0632612,17z/data=!3m1!4b1!4m9!3m8!1s0x3171f7d6cbbeafc3:0xc38b3c93f77ac760!5m2!4m1!1i2!8m2!3d12.6926802!4d108.0632612!16s%2Fg%2F11csp9h327?entry=ttu&g_ep=EgoyMDI2MDkwMi4wIKXMDSoASAFQAw%3D%3D' | url='https://www.google.com/maps/place/Kh%C3%A1ch+s%E1%BA%A1n+M%C6%B0%E1%BB%9Dng+Thanh+Bu%C3%B4n+Ma+Thu%E1%BB%99t/@12.6926802,108.0632612,17z/data=!3m1!4b1!4m9!3m8!1s0x3171f7d6cbbeafc3:0xc38b3c93f77ac760!5m2!4m1!1i2!8m2!3d12.6926802!4d108.0632612!16s%2Fg%2F11csp9h327?entry=ttu&g_ep=EgoyMDI2MDkwMi4wIKXMDSoASAFQAw%3D%3D' | cleaned_url='https://www.google.com/maps/place/Kh%C3%A1ch+s%E1%BA%A1n+M%C6%B0%E1%BB%9Dng+Thanh+Bu%C3%B4n+Ma+Thu%E1%BB%99t/@12.6926802,108.0632612,17z/data=!3m1!4b1!4m9!3m8!1s0x3171f7d6cbbeafc3:0xc38b3c93f77ac760!5m2!4m1!1i2!8m2!3d12.6926802!4d108.0632612!16s%2Fg%2F11csp9h327?entry=ttu&g_ep=EgoyMDI2MDkwMi4wIKXMDSoASAFQAw%3D%3D'
2026-09-08 08:18:02,768 | INFO | PROMOTE VERIFIED MAPS METADATA | title_verified=True | address_verified=True | maps_title='Khách sạn Mường Thanh Buôn Ma Thuột' | maps_address='\ue0c8 81 Nguyễn Tất Thành, Tân An, Đắk Lắk, Việt Nam'
2026-09-08 08:18:04,569 | INFO | Existing URL check | maps_col=google_maps_url | url_col=URL | maps='' | url='' | reusable=''
2026-09-08 08:18:08,200 | WARNING | CURRENT MAPS PLACE TITLE/ADDRESS MISMATCH | input_title='Chichi House' | actual_title='Khách sạn Mường Thanh Buôn Ma Thuột' | input_address='7B Đ. Chu Văn An, Tuy Hòa, Đắk Lắk, Việt Nam' | actual_address='81 Nguyễn Tất Thành, Tân An, Đắk Lắk, Việt Nam' | url='https://www.google.com/maps/place/Kh%C3%A1ch+s%E1%BA%A1n+M%C6%B0%E1%BB%9Dng+Thanh+Bu%C3%B4n+Ma+Thu%E1%BB%99t/@12.6926802,108.0632612,17z/data=!3m1!4b1!4m9!3m8!1s0x3171f7d6cbbeafc3:0xc38b3c93f77ac760!5m2!4m1!1i2!8m2!3d12.6926802!4d108.0632612!16s%2Fg%2F11csp9h327?entry=ttu&g_ep=EgoyMDI2MDkwMi4wIKXMDSoASAFQAw%3D%3D'
2026-09-08 08:18:08,300 | INFO | Google Maps title search variant 1/12: Chichi House
2026-09-08 08:18:08,320 | INFO | Navigation start | attempt=1/3 | timeout=15000ms | url=https://www.google.com/maps/search/?api=1&query=Chichi%20House
2026-09-08 08:18:08,658 | INFO | Navigation success | attempt=1/3 | 0.34s | url=https://www.google.com/maps/search/?api=1&query=Chichi%20House
2026-09-08 08:18:14,690 | INFO | Navigation start | attempt=1/3 | timeout=15000ms | url=https://www.google.com/maps/place/Chi+Chi+House/data=!4m7!3m6!1s0x31752f748d6d9b01:0x32a99e10207addb1!8m2!3d10.749529!4d106.716555!16s/g/11t0wgkr97!19sChIJAZttjXQvdTERsd16IBCeqTI?authuser=0&hl=vi&g_ep=EgoyMDI2MDkwMi4wIJJjKgBIAVAD&rclk=1
2026-09-08 08:18:14,999 | INFO | Navigation success | attempt=1/3 | 0.31s | url=https://www.google.com/maps/place/Chi+Chi+House/data=!4m7!3m6!1s0x31752f748d6d9b01:0x32a99e10207addb1!8m2!3d10.749529!4d106.716555!16s/g/11t0wgkr97!19sChIJAZttjXQvdTERsd16IBCeqTI?authuser=0&hl=vi&g_ep=EgoyMDI2MDkwMi4wIJJjKgBIAVAD&rclk=1
2026-09-08 08:18:18,596 | INFO | VERIFY CANDIDATE | input_title='Chichi House' | actual_title='' | input_address='7B Đ. Chu Văn An, Tuy Hòa, Đắk Lắk, Việt Nam' | actual_address='\ue52e' | url='https://www.google.com/maps/place/Chi+Chi+House/data=!4m7!3m6!1s0x31752f748d6d9b01:0x32a99e10207addb1!8m2!3d10.749529!4d106.716555!16s/g/11t0wgkr97!19sChIJAZttjXQvdTERsd16IBCeqTI?authuser=0&hl=vi&g_ep=EgoyMDI2MDkwMi4wIJJjKgBIAVAD&rclk=1' | coordinates=(10.749529, 106.7)
2026-09-08 08:18:18,599 | INFO | VERIFY FINAL | success=False | reason=TITLE_UNAVAILABLE | title_ok=False | address_ok=False | input_title='Chichi House' | maps_title='' | input_address='7B Đ. Chu Văn An, Tuy Hòa, Đắk Lắk, Việt Nam' | maps_address='\ue52e' | url='https://www.google.com/maps/place/Chi+Chi+House/data=!4m7!3m6!1s0x31752f748d6d9b01:0x32a99e10207addb1!8m2!3d10.749529!4d106.716555!16s/g/11t0wgkr97!19sChIJAZttjXQvdTERsd16IBCeqTI?authuser=0&hl=vi&g_ep=EgoyMDI2MDkwMi4wIJJjKgBIAVAD&rclk=1'
2026-09-08 08:18:18,599 | INFO | Navigation start | attempt=1/3 | timeout=15000ms | url=https://www.google.com/maps/place/CHI+CHI+HOUSE/data=!4m7!3m6!1s0x31752f00491f80e7:0x436e2ba465e1cff0!8m2!3d10.7439884!4d106.7057194!16s/g/11z2cgtj14!19sChIJ54AfSQAvdTER8M_hZaQrbkM?authuser=0&hl=vi&g_ep=EgoyMDI2MDkwMi4wIJJjKgBIAVAD&rclk=1
2026-09-08 08:18:18,920 | INFO | Navigation success | attempt=1/3 | 0.32s | url=https://www.google.com/maps/place/CHI+CHI+HOUSE/data=!4m7!3m6!1s0x31752f00491f80e7:0x436e2ba465e1cff0!8m2!3d10.7439884!4d106.7057194!16s/g/11z2cgtj14!19sChIJ54AfSQAvdTER8M_hZaQrbkM?authuser=0&hl=vi&g_ep=EgoyMDI2MDkwMi4wIJJjKgBIAVAD&rclk=1
2026-09-08 08:18:20,772 | INFO | VERIFY CANDIDATE | input_title='Chichi House' | actual_title='' | input_address='7B Đ. Chu Văn An, Tuy Hòa, Đắk Lắk, Việt Nam' | actual_address='\ue52e' | url='https://www.google.com/maps/place/CHI+CHI+HOUSE/data=!4m7!3m6!1s0x31752f00491f80e7:0x436e2ba465e1cff0!8m2!3d10.7439884!4d106.7057194!16s/g/11z2cgtj14!19sChIJ54AfSQAvdTER8M_hZaQrbkM?authuser=0&hl=vi&g_ep=EgoyMDI2MDkwMi4wIJJjKgBIAVAD&rclk=1' | coordinates=(10.7439884, 106.7)
2026-09-08 08:18:21,398 | INFO | VERIFY FINAL | success=False | reason=TITLE_UNAVAILABLE | title_ok=False | address_ok=False | input_title='Chichi House' | maps_title='' | input_address='7B Đ. Chu Văn An, Tuy Hòa, Đắk Lắk, Việt Nam' | maps_address='\ue52e' | url='https://www.google.com/maps/place/CHI+CHI+HOUSE/data=!4m7!3m6!1s0x31752f00491f80e7:0x436e2ba465e1cff0!8m2!3d10.7439884!4d106.7057194!16s/g/11z2cgtj14!19sChIJ54AfSQAvdTER8M_hZaQrbkM?authuser=0&hl=vi&g_ep=EgoyMDI2MDkwMi4wIJJjKgBIAVAD&rclk=1'
2026-09-08 08:18:21,508 | INFO | Navigation start | attempt=1/3 | timeout=15000ms | url=https://www.google.com/maps/place/Chi+Chi+House/data=!4m10!3m9!1s0x3141a1a524ef5d47:0x809c4258cdf6845d!5m2!4m1!1i2!8m2!3d16.4910051!4d107.5892965!16s/g/11stj9hjlc!19sChIJR13vJKWhQTERXYT2zVhCnIA?authuser=0&hl=vi&g_ep=EgoyMDI2MDkwMi4wIJJjKgBIAVAD&rclk=1
2026-09-08 08:18:22,495 | INFO | Navigation success | attempt=1/3 | 0.99s | url=https://www.google.com/maps/place/Chi+Chi+House/data=!4m10!3m9!1s0x3141a1a524ef5d47:0x809c4258cdf6845d!5m2!4m1!1i2!8m2!3d16.4910051!4d107.5892965!16s/g/11stj9hjlc!19sChIJR13vJKWhQTERXYT2zVhCnIA?authuser=0&hl=vi&g_ep=EgoyMDI2MDkwMi4wIJJjKgBIAVAD&rclk=1
2026-09-08 08:18:34,317 | INFO | VERIFY CANDIDATE | input_title='Chichi House' | actual_title='' | input_address='7B Đ. Chu Văn An, Tuy Hòa, Đắk Lắk, Việt Nam' | actual_address='\ue52e' | url='https://www.google.com/maps/place/Chi+Chi+House/data=!4m10!3m9!1s0x3141a1a524ef5d47:0x809c4258cdf6845d!5m2!4m1!1i2!8m2!3d16.4910051!4d107.5892965!16s/g/11stj9hjlc!19sChIJR13vJKWhQTERXYT2zVhCnIA?authuser=0&hl=vi&g_ep=EgoyMDI2MDkwMi4wIJJjKgBIAVAD&rclk=1' | coordinates=(16.4910051, 107.5)
2026-09-08 08:18:34,321 | INFO | VERIFY FINAL | success=False | reason=TITLE_UNAVAILABLE | title_ok=False | address_ok=False | input_title='Chichi House' | maps_title='' | input_address='7B Đ. Chu Văn An, Tuy Hòa, Đắk Lắk, Việt Nam' | maps_address='\ue52e' | url='https://www.google.com/maps/place/Chi+Chi+House/data=!4m10!3m9!1s0x3141a1a524ef5d47:0x809c4258cdf6845d!5m2!4m1!1i2!8m2!3d16.4910051!4d107.5892965!16s/g/11stj9hjlc!19sChIJR13vJKWhQTERXYT2zVhCnIA?authuser=0&hl=vi&g_ep=EgoyMDI2MDkwMi4wIJJjKgBIAVAD&rclk=1'
2026-09-08 08:18:34,321 | INFO | Navigation start | attempt=1/3 | timeout=15000ms | url=https://www.google.com/maps/place/Chi+Chi+house/data=!4m7!3m6!1s0x317527003aba6c1d:0x85321d0f102217ff!8m2!3d10.8398669!4d106.7707117!16s/g/11yrx0_ns4!19sChIJHWy6OgAndTER_xciEA8dMoU?authuser=0&hl=vi&g_ep=EgoyMDI2MDkwMi4wIJJjKgBIAVAD&rclk=1
2026-09-08 08:18:35,132 | INFO | Navigation success | attempt=1/3 | 0.81s | url=https://www.google.com/maps/place/Chi+Chi+house/data=!4m7!3m6!1s0x317527003aba6c1d:0x85321d0f102217ff!8m2!3d10.8398669!4d106.7707117!16s/g/11yrx0_ns4!19sChIJHWy6OgAndTER_xciEA8dMoU?authuser=0&hl=vi&g_ep=EgoyMDI2MDkwMi4wIJJjKgBIAVAD&rclk=1
2026-09-08 08:18:37,762 | INFO | VERIFY CANDIDATE | input_title='Chichi House' | actual_title='' | input_address='7B Đ. Chu Văn An, Tuy Hòa, Đắk Lắk, Việt Nam' | actual_address='\ue52e' | url='https://www.google.com/maps/place/Chi+Chi+house/data=!4m7!3m6!1s0x317527003aba6c1d:0x85321d0f102217ff!8m2!3d10.8398669!4d106.7707117!16s/g/11yrx0_ns4!19sChIJHWy6OgAndTER_xciEA8dMoU?authuser=0&hl=vi&g_ep=EgoyMDI2MDkwMi4wIJJjKgBIAVAD&rclk=1' | coordinates=(10.8398669, 106.7)
2026-09-08 08:18:37,767 | INFO | VERIFY FINAL | success=False | reason=TITLE_UNAVAILABLE | title_ok=False | address_ok=False | input_title='Chichi House' | maps_title='' | input_address='7B Đ. Chu Văn An, Tuy Hòa, Đắk Lắk, Việt Nam' | maps_address='\ue52e' | url='https://www.google.com/maps/place/Chi+Chi+house/data=!4m7!3m6!1s0x317527003aba6c1d:0x85321d0f102217ff!8m2!3d10.8398669!4d106.7707117!16s/g/11yrx0_ns4!19sChIJHWy6OgAndTER_xciEA8dMoU?authuser=0&hl=vi&g_ep=EgoyMDI2MDkwMi4wIJJjKgBIAVAD&rclk=1'
2026-09-08 08:18:37,770 | INFO | Navigation start | attempt=1/3 | timeout=15000ms | url=https://www.google.com/maps/place/CHI+CHI+HOUSE/data=!4m7!3m6!1s0x3175292743a5d859:0x95f497b93634c26d!8m2!3d10.851631!4d106.65737!16s/g/11vhp43n2_!19sChIJWdilQycpdTERbcI0NrmX9JU?authuser=0&hl=vi&g_ep=EgoyMDI2MDkwMi4wIJJjKgBIAVAD&rclk=1
2026-09-08 08:18:38,855 | INFO | Navigation success | attempt=1/3 | 1.09s | url=https://www.google.com/maps/place/CHI+CHI+HOUSE/data=!4m7!3m6!1s0x3175292743a5d859:0x95f497b93634c26d!8m2!3d10.851631!4d106.65737!16s/g/11vhp43n2_!19sChIJWdilQycpdTERbcI0NrmX9JU?authuser=0&hl=vi&g_ep=EgoyMDI2MDkwMi4wIJJjKgBIAVAD&rclk=1
2026-09-08 08:18:42,438 | INFO | VERIFY CANDIDATE | input_title='Chichi House' | actual_title='' | input_address='7B Đ. Chu Văn An, Tuy Hòa, Đắk Lắk, Việt Nam' | actual_address='\ue52e' | url='https://www.google.com/maps/place/CHI+CHI+HOUSE/data=!4m7!3m6!1s0x3175292743a5d859:0x95f497b93634c26d!8m2!3d10.851631!4d106.65737!16s/g/11vhp43n2_!19sChIJWdilQycpdTERbcI0NrmX9JU?authuser=0&hl=vi&g_ep=EgoyMDI2MDkwMi4wIJJjKgBIAVAD&rclk=1' | coordinates=(10.851631, 106.6)
2026-09-08 08:18:42,442 | INFO | VERIFY FINAL | success=False | reason=TITLE_UNAVAILABLE | title_ok=False | address_ok=False | input_title='Chichi House' | maps_title='' | input_address='7B Đ. Chu Văn An, Tuy Hòa, Đắk Lắk, Việt Nam' | maps_address='\ue52e' | url='https://www.google.com/maps/place/CHI+CHI+HOUSE/data=!4m7!3m6!1s0x3175292743a5d859:0x95f497b93634c26d!8m2!3d10.851631!4d106.65737!16s/g/11vhp43n2_!19sChIJWdilQycpdTERbcI0NrmX9JU?authuser=0&hl=vi&g_ep=EgoyMDI2MDkwMi4wIJJjKgBIAVAD&rclk=1'
2026-09-08 08:18:42,442 | INFO | Navigation start | attempt=1/3 | timeout=15000ms | url=https://www.google.com/maps/place/ChiChi+house+(Top+Nails)/data=!4m7!3m6!1s0x3174d900634575b5:0x859d61d26a6dcff2!8m2!3d10.9009361!4d106.7694443!16s/g/11y86t7gcz!19sChIJtXVFYwDZdDER8s9tatJhnYU?authuser=0&hl=vi&g_ep=EgoyMDI2MDkwMi4wIJJjKgBIAVAD&rclk=1
2026-09-08 08:18:42,643 | INFO | Navigation success | attempt=1/3 | 0.20s | url=https://www.google.com/maps/place/ChiChi+house+(Top+Nails)/data=!4m7!3m6!1s0x3174d900634575b5:0x859d61d26a6dcff2!8m2!3d10.9009361!4d106.7694443!16s/g/11y86t7gcz!19sChIJtXVFYwDZdDER8s9tatJhnYU?authuser=0&hl=vi&g_ep=EgoyMDI2MDkwMi4wIJJjKgBIAVAD&rclk=1
2026-09-08 08:18:44,645 | INFO | VERIFY CANDIDATE | input_title='Chichi House' | actual_title='' | input_address='7B Đ. Chu Văn An, Tuy Hòa, Đắk Lắk, Việt Nam' | actual_address='\ue52e' | url='https://www.google.com/maps/place/ChiChi+house+(Top+Nails)/data=!4m7!3m6!1s0x3174d900634575b5:0x859d61d26a6dcff2!8m2!3d10.9009361!4d106.7694443!16s/g/11y86t7gcz!19sChIJtXVFYwDZdDER8s9tatJhnYU?authuser=0&hl=vi&g_ep=EgoyMDI2MDkwMi4wIJJjKgBIAVAD&rclk=1' | coordinates=(10.9009361, 106.7)
2026-09-08 08:18:44,650 | INFO | VERIFY FINAL | success=False | reason=TITLE_UNAVAILABLE | title_ok=False | address_ok=False | input_title='Chichi House' | maps_title='' | input_address='7B Đ. Chu Văn An, Tuy Hòa, Đắk Lắk, Việt Nam' | maps_address='\ue52e' | url='https://www.google.com/maps/place/ChiChi+house+(Top+Nails)/data=!4m7!3m6!1s0x3174d900634575b5:0x859d61d26a6dcff2!8m2!3d10.9009361!4d106.7694443!16s/g/11y86t7gcz!19sChIJtXVFYwDZdDER8s9tatJhnYU?authuser=0&hl=vi&g_ep=EgoyMDI2MDkwMi4wIJJjKgBIAVAD&rclk=1'
2026-09-08 08:18:44,650 | INFO | Navigation start | attempt=1/3 | timeout=15000ms | url=https://www.google.com/maps/place/ChiHi’s+House/data=!4m7!3m6!1s0x3174d1b1fe739a5b:0x6dddeec68b4641b!8m2!3d11.02307!4d106.6389463!16s/g/11jyz1lhlw!19sChIJW5pz_rHRdDERG2S0aOze3QY?authuser=0&hl=vi&g_ep=EgoyMDI2MDkwMi4wIJJjKgBIAVAD&rclk=1
2026-09-08 08:18:44,864 | INFO | Navigation success | attempt=1/3 | 0.21s | url=https://www.google.com/maps/place/ChiHi’s+House/data=!4m7!3m6!1s0x3174d1b1fe739a5b:0x6dddeec68b4641b!8m2!3d11.02307!4d106.6389463!16s/g/11jyz1lhlw!19sChIJW5pz_rHRdDERG2S0aOze3QY?authuser=0&hl=vi&g_ep=EgoyMDI2MDkwMi4wIJJjKgBIAVAD&rclk=1
2026-09-08 08:18:48,190 | INFO | VERIFY CANDIDATE | input_title='Chichi House' | actual_title='' | input_address='7B Đ. Chu Văn An, Tuy Hòa, Đắk Lắk, Việt Nam' | actual_address='\ue52e' | url='https://www.google.com/maps/place/ChiHi%E2%80%99s+House/data=!4m7!3m6!1s0x3174d1b1fe739a5b:0x6dddeec68b4641b!8m2!3d11.02307!4d106.6389463!16s/g/11jyz1lhlw!19sChIJW5pz_rHRdDERG2S0aOze3QY?authuser=0&hl=vi&g_ep=EgoyMDI2MDkwMi4wIJJjKgBIAVAD&rclk=1' | coordinates=(11.02307, 106.6)
2026-09-08 08:18:48,194 | INFO | VERIFY FINAL | success=False | reason=TITLE_UNAVAILABLE | title_ok=False | address_ok=False | input_title='Chichi House' | maps_title='' | input_address='7B Đ. Chu Văn An, Tuy Hòa, Đắk Lắk, Việt Nam' | maps_address='\ue52e' | url='https://www.google.com/maps/place/ChiHi%E2%80%99s+House/data=!4m7!3m6!1s0x3174d1b1fe739a5b:0x6dddeec68b4641b!8m2!3d11.02307!4d106.6389463!16s/g/11jyz1lhlw!19sChIJW5pz_rHRdDERG2S0aOze3QY?authuser=0&hl=vi&g_ep=EgoyMDI2MDkwMi4wIJJjKgBIAVAD&rclk=1'
2026-09-08 08:18:48,195 | INFO | Google Maps address search variant 2/12: 7B Đ. Chu Văn An, Tuy Hòa, Đắk Lắk, Việt Nam
2026-09-08 08:18:48,195 | INFO | Navigation start | attempt=1/3 | timeout=15000ms | url=https://www.google.com/maps/search/?api=1&query=7B%20%C4%90.%20Chu%20V%C4%83n%20An%2C%20Tuy%20H%C3%B2a%2C%20%C4%90%E1%BA%AFk%20L%E1%BA%AFk%2C%20Vi%E1%BB%87t%20Nam
2026-09-08 08:18:48,438 | INFO | Navigation success | attempt=1/3 | 0.24s | url=https://www.google.com/maps/search/?api=1&query=7B%20%C4%90.%20Chu%20V%C4%83n%20An%2C%20Tuy%20H%C3%B2a%2C%20%C4%90%E1%BA%AFk%20L%E1%BA%AFk%2C%20Vi%E1%BB%87t%20Nam
2026-09-08 08:18:57,435 | INFO | Google Maps address search variant 3/12: 7B Đ. Chu Văn An, Tuy Hòa, Đắk Lắk, Việt Nam, Chichi House
2026-09-08 08:18:57,435 | INFO | Navigation start | attempt=1/3 | timeout=15000ms | url=https://www.google.com/maps/search/?api=1&query=7B%20%C4%90.%20Chu%20V%C4%83n%20An%2C%20Tuy%20H%C3%B2a%2C%20%C4%90%E1%BA%AFk%20L%E1%BA%AFk%2C%20Vi%E1%BB%87t%20Nam%2C%20Chichi%20House
2026-09-08 08:18:57,646 | INFO | Navigation success | attempt=1/3 | 0.21s | url=https://www.google.com/maps/search/?api=1&query=7B%20%C4%90.%20Chu%20V%C4%83n%20An%2C%20Tuy%20H%C3%B2a%2C%20%C4%90%E1%BA%AFk%20L%E1%BA%AFk%2C%20Vi%E1%BB%87t%20Nam%2C%20Chichi%20House
2026-09-08 08:19:22,319 | INFO | Google Maps address search variant 4/12: Chichi House, 7B Đ. Chu Văn An, Tuy Hòa, Đắk Lắk, Việt Nam
2026-09-08 08:19:22,320 | INFO | Navigation start | attempt=1/3 | timeout=15000ms | url=https://www.google.com/maps/search/?api=1&query=Chichi%20House%2C%207B%20%C4%90.%20Chu%20V%C4%83n%20An%2C%20Tuy%20H%C3%B2a%2C%20%C4%90%E1%BA%AFk%20L%E1%BA%AFk%2C%20Vi%E1%BB%87t%20Nam
2026-09-08 08:19:22,528 | INFO | Navigation success | attempt=1/3 | 0.21s | url=https://www.google.com/maps/search/?api=1&query=Chichi%20House%2C%207B%20%C4%90.%20Chu%20V%C4%83n%20An%2C%20Tuy%20H%C3%B2a%2C%20%C4%90%E1%BA%AFk%20L%E1%BA%AFk%2C%20Vi%E1%BB%87t%20Nam
2026-09-08 08:19:34,577 | INFO | Google Maps address search variant 5/12: 7b đ. chu van an, tuy hoa, đak lak
2026-09-08 08:19:34,577 | INFO | Navigation start | attempt=1/3 | timeout=15000ms | url=https://www.google.com/maps/search/?api=1&query=7b%20%C4%91.%20chu%20van%20an%2C%20tuy%20hoa%2C%20%C4%91ak%20lak
2026-09-08 08:19:34,769 | INFO | Navigation success | attempt=1/3 | 0.19s | url=https://www.google.com/maps/search/?api=1&query=7b%20%C4%91.%20chu%20van%20an%2C%20tuy%20hoa%2C%20%C4%91ak%20lak
2026-09-08 08:19:44,461 | INFO | Google Maps address search variant 6/12: tuy hoa, đak lak
2026-09-08 08:19:44,462 | INFO | Navigation start | attempt=1/3 | timeout=15000ms | url=https://www.google.com/maps/search/?api=1&query=tuy%20hoa%2C%20%C4%91ak%20lak
2026-09-08 08:19:44,663 | INFO | Navigation success | attempt=1/3 | 0.20s | url=https://www.google.com/maps/search/?api=1&query=tuy%20hoa%2C%20%C4%91ak%20lak
2026-09-08 08:19:53,592 | INFO | Google Maps address search variant 7/12: Chichi House, 7b đ. chu van an, tuy hoa, đak lak
2026-09-08 08:19:53,592 | INFO | Navigation start | attempt=1/3 | timeout=15000ms | url=https://www.google.com/maps/search/?api=1&query=Chichi%20House%2C%207b%20%C4%91.%20chu%20van%20an%2C%20tuy%20hoa%2C%20%C4%91ak%20lak
2026-09-08 08:19:53,789 | INFO | Navigation success | attempt=1/3 | 0.20s | url=https://www.google.com/maps/search/?api=1&query=Chichi%20House%2C%207b%20%C4%91.%20chu%20van%20an%2C%20tuy%20hoa%2C%20%C4%91ak%20lak
2026-09-08 08:20:04,156 | INFO | Google Maps address search variant 8/12: Chichi House, tuy hoa, đak lak
2026-09-08 08:20:04,156 | INFO | Navigation start | attempt=1/3 | timeout=15000ms | url=https://www.google.com/maps/search/?api=1&query=Chichi%20House%2C%20tuy%20hoa%2C%20%C4%91ak%20lak
2026-09-08 08:20:04,445 | INFO | Navigation success | attempt=1/3 | 0.29s | url=https://www.google.com/maps/search/?api=1&query=Chichi%20House%2C%20tuy%20hoa%2C%20%C4%91ak%20lak
2026-09-08 08:20:17,450 | INFO | Google Maps address search variant 9/12: Chichi House, 7b đ. chu van an
2026-09-08 08:20:17,450 | INFO | Navigation start | attempt=1/3 | timeout=15000ms | url=https://www.google.com/maps/search/?api=1&query=Chichi%20House%2C%207b%20%C4%91.%20chu%20van%20an
2026-09-08 08:20:17,683 | INFO | Navigation success | attempt=1/3 | 0.23s | url=https://www.google.com/maps/search/?api=1&query=Chichi%20House%2C%207b%20%C4%91.%20chu%20van%20an
2026-09-08 08:20:26,428 | INFO | Google Maps address search variant 10/12: Chichi House, tuy hoa
2026-09-08 08:20:26,428 | INFO | Navigation start | attempt=1/3 | timeout=15000ms | url=https://www.google.com/maps/search/?api=1&query=Chichi%20House%2C%20tuy%20hoa
2026-09-08 08:20:26,620 | INFO | Navigation success | attempt=1/3 | 0.19s | url=https://www.google.com/maps/search/?api=1&query=Chichi%20House%2C%20tuy%20hoa
2026-09-08 08:20:36,288 | INFO | Google Maps address search variant 11/12: Chichi House, đak lak
2026-09-08 08:20:36,288 | INFO | Navigation start | attempt=1/3 | timeout=15000ms | url=https://www.google.com/maps/search/?api=1&query=Chichi%20House%2C%20%C4%91ak%20lak
2026-09-08 08:20:36,530 | INFO | Navigation success | attempt=1/3 | 0.24s | url=https://www.google.com/maps/search/?api=1&query=Chichi%20House%2C%20%C4%91ak%20lak
2026-09-08 08:20:45,931 | WARNING | Google Maps NOT_FOUND / NO_VALID_PLACE_URL: Chichi House | 7B Đ. Chu Văn An, Tuy Hòa, Đắk Lắk, Việt Nam
2026-09-08 08:20:45,931 | INFO | EXCEL SEARCH RESULT | success=False | reason=NOT_FOUND | google_maps_url=None | url=None | cleaned_url=''
2026-09-08 08:20:47,408 | INFO | Existing URL check | maps_col=google_maps_url | url_col=URL | maps='' | url='' | reusable=''
2026-09-08 08:20:49,052 | WARNING | CURRENT MAPS PLACE TITLE/ADDRESS MISMATCH | input_title='Coconut Hotel' | actual_title='Chichi House' | input_address='294 ĐL Hùng Vương, Tuy Hòa, Đắk Lắk, Việt Nam' | actual_address='\ue0c8 7B Đ. Chu Văn An, Tuy Hòa, Đắk Lắk, Việt Nam' | url='https://www.google.com/maps/place/Chichi+House/@13.0887106,109.3116377,17z/data=!4m9!3m8!1s0x316fec3ebebd7887:0xf7da772bc20678fe!5m2!4m1!1i2!8m2!3d13.0887106!4d109.3116377!16s%2Fg%2F11h54zbcxp?entry=ttu&g_ep=EgoyMDI2MDkwMi4wIKXMDSoASAFQAw%3D%3D'
2026-09-08 08:20:49,053 | INFO | Google Maps title search variant 1/12: Coconut Hotel
2026-09-08 08:20:49,053 | INFO | Navigation start | attempt=1/3 | timeout=15000ms | url=https://www.google.com/maps/search/?api=1&query=Coconut%20Hotel
2026-09-08 08:20:49,313 | INFO | Navigation success | attempt=1/3 | 0.26s | url=https://www.google.com/maps/search/?api=1&query=Coconut%20Hotel
2026-09-08 08:21:02,546 | INFO | Google Maps address search variant 2/12: 294 ĐL Hùng Vương, Tuy Hòa, Đắk Lắk, Việt Nam
2026-09-08 08:21:02,546 | INFO | Navigation start | attempt=1/3 | timeout=15000ms | url=https://www.google.com/maps/search/?api=1&query=294%20%C4%90L%20H%C3%B9ng%20V%C6%B0%C6%A1ng%2C%20Tuy%20H%C3%B2a%2C%20%C4%90%E1%BA%AFk%20L%E1%BA%AFk%2C%20Vi%E1%BB%87t%20Nam
2026-09-08 08:21:02,792 | INFO | Navigation success | attempt=1/3 | 0.25s | url=https://www.google.com/maps/search/?api=1&query=294%20%C4%90L%20H%C3%B9ng%20V%C6%B0%C6%A1ng%2C%20Tuy%20H%C3%B2a%2C%20%C4%90%E1%BA%AFk%20L%E1%BA%AFk%2C%20Vi%E1%BB%87t%20Nam
2026-09-08 08:21:12,705 | INFO | Google Maps address search variant 3/12: 294 ĐL Hùng Vương, Tuy Hòa, Đắk Lắk, Việt Nam, Coconut Hotel
2026-09-08 08:21:12,705 | INFO | Navigation start | attempt=1/3 | timeout=15000ms | url=https://www.google.com/maps/search/?api=1&query=294%20%C4%90L%20H%C3%B9ng%20V%C6%B0%C6%A1ng%2C%20Tuy%20H%C3%B2a%2C%20%C4%90%E1%BA%AFk%20L%E1%BA%AFk%2C%20Vi%E1%BB%87t%20Nam%2C%20Coconut%20Hotel
2026-09-08 08:21:12,988 | INFO | Navigation success | attempt=1/3 | 0.28s | url=https://www.google.com/maps/search/?api=1&query=294%20%C4%90L%20H%C3%B9ng%20V%C6%B0%C6%A1ng%2C%20Tuy%20H%C3%B2a%2C%20%C4%90%E1%BA%AFk%20L%E1%BA%AFk%2C%20Vi%E1%BB%87t%20Nam%2C%20Coconut%20Hotel
2026-09-08 08:21:23,059 | INFO | Google Maps address search variant 4/12: Coconut Hotel, 294 ĐL Hùng Vương, Tuy Hòa, Đắk Lắk, Việt Nam
2026-09-08 08:21:23,059 | INFO | Navigation start | attempt=1/3 | timeout=15000ms | url=https://www.google.com/maps/search/?api=1&query=Coconut%20Hotel%2C%20294%20%C4%90L%20H%C3%B9ng%20V%C6%B0%C6%A1ng%2C%20Tuy%20H%C3%B2a%2C%20%C4%90%E1%BA%AFk%20L%E1%BA%AFk%2C%20Vi%E1%BB%87t%20Nam
2026-09-08 08:21:23,270 | INFO | Navigation success | attempt=1/3 | 0.21s | url=https://www.google.com/maps/search/?api=1&query=Coconut%20Hotel%2C%20294%20%C4%90L%20H%C3%B9ng%20V%C6%B0%C6%A1ng%2C%20Tuy%20H%C3%B2a%2C%20%C4%90%E1%BA%AFk%20L%E1%BA%AFk%2C%20Vi%E1%BB%87t%20Nam
2026-09-08 08:21:39,482 | INFO | Google Maps address search variant 5/12: 294 đl hung vuong, tuy hoa, đak lak
2026-09-08 08:21:39,487 | INFO | Navigation start | attempt=1/3 | timeout=15000ms | url=https://www.google.com/maps/search/?api=1&query=294%20%C4%91l%20hung%20vuong%2C%20tuy%20hoa%2C%20%C4%91ak%20lak
2026-09-08 08:21:39,748 | INFO | Navigation success | attempt=1/3 | 0.26s | url=https://www.google.com/maps/search/?api=1&query=294%20%C4%91l%20hung%20vuong%2C%20tuy%20hoa%2C%20%C4%91ak%20lak
2026-09-08 08:21:51,760 | INFO | Google Maps address search variant 6/12: tuy hoa, đak lak
2026-09-08 08:21:51,760 | INFO | Navigation start | attempt=1/3 | timeout=15000ms | url=https://www.google.com/maps/search/?api=1&query=tuy%20hoa%2C%20%C4%91ak%20lak
2026-09-08 08:21:51,990 | INFO | Navigation success | attempt=1/3 | 0.23s | url=https://www.google.com/maps/search/?api=1&query=tuy%20hoa%2C%20%C4%91ak%20lak
2026-09-08 08:22:02,493 | INFO | Google Maps address search variant 7/12: Coconut Hotel, 294 đl hung vuong, tuy hoa, đak lak
2026-09-08 08:22:02,493 | INFO | Navigation start | attempt=1/3 | timeout=15000ms | url=https://www.google.com/maps/search/?api=1&query=Coconut%20Hotel%2C%20294%20%C4%91l%20hung%20vuong%2C%20tuy%20hoa%2C%20%C4%91ak%20lak
2026-09-08 08:22:02,713 | INFO | Navigation success | attempt=1/3 | 0.22s | url=https://www.google.com/maps/search/?api=1&query=Coconut%20Hotel%2C%20294%20%C4%91l%20hung%20vuong%2C%20tuy%20hoa%2C%20%C4%91ak%20lak
2026-09-08 08:22:12,932 | INFO | Google Maps address search variant 8/12: Coconut Hotel, tuy hoa, đak lak
2026-09-08 08:22:12,932 | INFO | Navigation start | attempt=1/3 | timeout=15000ms | url=https://www.google.com/maps/search/?api=1&query=Coconut%20Hotel%2C%20tuy%20hoa%2C%20%C4%91ak%20lak
2026-09-08 08:22:13,111 | INFO | Navigation success | attempt=1/3 | 0.18s | url=https://www.google.com/maps/search/?api=1&query=Coconut%20Hotel%2C%20tuy%20hoa%2C%20%C4%91ak%20lak
2026-09-08 08:22:22,727 | INFO | Google Maps address search variant 9/12: Coconut Hotel, 294 đl hung vuong
2026-09-08 08:22:22,727 | INFO | Navigation start | attempt=1/3 | timeout=15000ms | url=https://www.google.com/maps/search/?api=1&query=Coconut%20Hotel%2C%20294%20%C4%91l%20hung%20vuong
2026-09-08 08:22:22,935 | INFO | Navigation success | attempt=1/3 | 0.21s | url=https://www.google.com/maps/search/?api=1&query=Coconut%20Hotel%2C%20294%20%C4%91l%20hung%20vuong
2026-09-08 08:22:31,450 | INFO | Google Maps address search variant 10/12: Coconut Hotel, tuy hoa
2026-09-08 08:22:31,450 | INFO | Navigation start | attempt=1/3 | timeout=15000ms | url=https://www.google.com/maps/search/?api=1&query=Coconut%20Hotel%2C%20tuy%20hoa
2026-09-08 08:22:31,660 | INFO | Navigation success | attempt=1/3 | 0.21s | url=https://www.google.com/maps/search/?api=1&query=Coconut%20Hotel%2C%20tuy%20hoa
2026-09-08 08:22:41,056 | INFO | Google Maps address search variant 11/12: Coconut Hotel, đak lak
2026-09-08 08:22:41,057 | INFO | Navigation start | attempt=1/3 | timeout=15000ms | url=https://www.google.com/maps/search/?api=1&query=Coconut%20Hotel%2C%20%C4%91ak%20lak
2026-09-08 08:22:41,340 | INFO | Navigation success | attempt=1/3 | 0.28s | url=https://www.google.com/maps/search/?api=1&query=Coconut%20Hotel%2C%20%C4%91ak%20lak
2026-09-08 08:22:50,999 | WARNING | Google Maps NOT_FOUND / NO_VALID_PLACE_URL: Coconut Hotel | 294 ĐL Hùng Vương, Tuy Hòa, Đắk Lắk, Việt Nam
2026-09-08 08:22:51,000 | INFO | EXCEL SEARCH RESULT | success=False | reason=NOT_FOUND | google_maps_url=None | url=None | cleaned_url=''
2026-09-08 08:22:52,606 | INFO | Existing URL check | maps_col=google_maps_url | url_col=URL | maps='' | url='' | reusable=''
2026-09-08 08:22:53,172 | WARNING | CURRENT MAPS PLACE TITLE/ADDRESS MISMATCH | input_title='Hương Giang Guesthouse' | actual_title='Coconut Hotel' | input_address='582 Y Wang, Ea Kao, Đắk Lắk, Việt Nam' | actual_address='294 ĐL Hùng Vương, Tuy Hòa, Đắk Lắk, Việt Nam' | url='https://www.google.com/maps/place/Coconut+Hotel/@13.0967396,109.3119076,17z/data=!3m1!4b1!4m9!3m8!1s0x316fede4034c708f:0x9f481c066327dcf!5m2!4m1!1i2!8m2!3d13.0967396!4d109.3119076!16s%2Fg%2F11j22sg04h?entry=ttu&g_ep=EgoyMDI2MDkwMi4wIKXMDSoASAFQAw%3D%3D'
2026-09-08 08:22:53,173 | INFO | Google Maps title search variant 1/12: Hương Giang Guesthouse
2026-09-08 08:22:53,174 | INFO | Navigation start | attempt=1/3 | timeout=15000ms | url=https://www.google.com/maps/search/?api=1&query=H%C6%B0%C6%A1ng%20Giang%20Guesthouse
2026-09-08 08:22:53,380 | INFO | Navigation success | attempt=1/3 | 0.21s | url=https://www.google.com/maps/search/?api=1&query=H%C6%B0%C6%A1ng%20Giang%20Guesthouse
2026-09-08 08:23:02,232 | INFO | Navigation start | attempt=1/3 | timeout=15000ms | url=https://www.google.com/maps/place/Hương+Giang+Guesthouse/data=!4m10!3m9!1s0x31721deb9834002f:0x9ed5f3e1b230fbbf!5m2!4m1!1i2!8m2!3d12.6530844!4d108.0293809!16s/g/11d_bk3s8t!19sChIJLwA0mOsdcjERv_swsuHz1Z4?authuser=0&hl=vi&g_ep=EgoyMDI2MDkwMi4wIJJjKgBIAVAD&rclk=1
2026-09-08 08:23:02,443 | INFO | Navigation success | attempt=1/3 | 0.21s | url=https://www.google.com/maps/place/Hương+Giang+Guesthouse/data=!4m10!3m9!1s0x31721deb9834002f:0x9ed5f3e1b230fbbf!5m2!4m1!1i2!8m2!3d12.6530844!4d108.0293809!16s/g/11d_bk3s8t!19sChIJLwA0mOsdcjERv_swsuHz1Z4?authuser=0&hl=vi&g_ep=EgoyMDI2MDkwMi4wIJJjKgBIAVAD&rclk=1
2026-09-08 08:23:04,033 | INFO | VERIFY CANDIDATE | input_title='Hương Giang Guesthouse' | actual_title='' | input_address='582 Y Wang, Ea Kao, Đắk Lắk, Việt Nam' | actual_address='\ue52e' | url='https://www.google.com/maps/place/H%C6%B0%C6%A1ng+Giang+Guesthouse/data=!4m10!3m9!1s0x31721deb9834002f:0x9ed5f3e1b230fbbf!5m2!4m1!1i2!8m2!3d12.6530844!4d108.0293809!16s/g/11d_bk3s8t!19sChIJLwA0mOsdcjERv_swsuHz1Z4?authuser=0&hl=vi&g_ep=EgoyMDI2MDkwMi4wIJJjKgBIAVAD&rclk=1' | coordinates=(12.6530844, 108.0)
2026-09-08 08:23:04,038 | INFO | VERIFY FINAL | success=False | reason=TITLE_UNAVAILABLE | title_ok=False | address_ok=False | input_title='Hương Giang Guesthouse' | maps_title='' | input_address='582 Y Wang, Ea Kao, Đắk Lắk, Việt Nam' | maps_address='\ue52e' | url='https://www.google.com/maps/place/H%C6%B0%C6%A1ng+Giang+Guesthouse/data=!4m10!3m9!1s0x31721deb9834002f:0x9ed5f3e1b230fbbf!5m2!4m1!1i2!8m2!3d12.6530844!4d108.0293809!16s/g/11d_bk3s8t!19sChIJLwA0mOsdcjERv_swsuHz1Z4?authuser=0&hl=vi&g_ep=EgoyMDI2MDkwMi4wIJJjKgBIAVAD&rclk=1'
2026-09-08 08:23:04,038 | INFO | Navigation start | attempt=1/3 | timeout=15000ms | url=https://www.google.com/maps/place/Hương+Giang/data=!4m7!3m6!1s0x31752b12944c1769:0xc31ee8a8ebd3b85f!8m2!3d10.8026885!4d106.6026239!16s/g/11lkglsk8y!19sChIJaRdMlBIrdTERX7jT66joHsM?authuser=0&hl=vi&g_ep=EgoyMDI2MDkwMi4wIJJjKgBIAVAD&rclk=1
2026-09-08 08:23:04,242 | INFO | Navigation success | attempt=1/3 | 0.20s | url=https://www.google.com/maps/place/Hương+Giang/data=!4m7!3m6!1s0x31752b12944c1769:0xc31ee8a8ebd3b85f!8m2!3d10.8026885!4d106.6026239!16s/g/11lkglsk8y!19sChIJaRdMlBIrdTERX7jT66joHsM?authuser=0&hl=vi&g_ep=EgoyMDI2MDkwMi4wIJJjKgBIAVAD&rclk=1
2026-09-08 08:23:05,507 | INFO | VERIFY CANDIDATE | input_title='Hương Giang Guesthouse' | actual_title='' | input_address='582 Y Wang, Ea Kao, Đắk Lắk, Việt Nam' | actual_address='\ue52e' | url='https://www.google.com/maps/place/H%C6%B0%C6%A1ng+Giang/data=!4m7!3m6!1s0x31752b12944c1769:0xc31ee8a8ebd3b85f!8m2!3d10.8026885!4d106.6026239!16s/g/11lkglsk8y!19sChIJaRdMlBIrdTERX7jT66joHsM?authuser=0&hl=vi&g_ep=EgoyMDI2MDkwMi4wIJJjKgBIAVAD&rclk=1' | coordinates=(10.8026885, 106.6)
2026-09-08 08:23:05,510 | INFO | VERIFY FINAL | success=False | reason=TITLE_UNAVAILABLE | title_ok=False | address_ok=False | input_title='Hương Giang Guesthouse' | maps_title='' | input_address='582 Y Wang, Ea Kao, Đắk Lắk, Việt Nam' | maps_address='\ue52e' | url='https://www.google.com/maps/place/H%C6%B0%C6%A1ng+Giang/data=!4m7!3m6!1s0x31752b12944c1769:0xc31ee8a8ebd3b85f!8m2!3d10.8026885!4d106.6026239!16s/g/11lkglsk8y!19sChIJaRdMlBIrdTERX7jT66joHsM?authuser=0&hl=vi&g_ep=EgoyMDI2MDkwMi4wIJJjKgBIAVAD&rclk=1'
2026-09-08 08:23:05,510 | INFO | Navigation start | attempt=1/3 | timeout=15000ms | url=https://www.google.com/maps/place/Huong+Giang+Hotel/data=!4m7!3m6!1s0x31752bf7426340b5:0x20358f9727d2f4e7!8m2!3d10.7983011!4d106.6164694!16s/g/1tjz0w0c!19sChIJtUBjQvcrdTER5_TSJ5ePNSA?authuser=0&hl=vi&g_ep=EgoyMDI2MDkwMi4wIJJjKgBIAVAD&rclk=1
2026-09-08 08:23:05,744 | INFO | Navigation success | attempt=1/3 | 0.23s | url=https://www.google.com/maps/place/Huong+Giang+Hotel/data=!4m7!3m6!1s0x31752bf7426340b5:0x20358f9727d2f4e7!8m2!3d10.7983011!4d106.6164694!16s/g/1tjz0w0c!19sChIJtUBjQvcrdTER5_TSJ5ePNSA?authuser=0&hl=vi&g_ep=EgoyMDI2MDkwMi4wIJJjKgBIAVAD&rclk=1
2026-09-08 08:23:07,149 | INFO | VERIFY CANDIDATE | input_title='Hương Giang Guesthouse' | actual_title='' | input_address='582 Y Wang, Ea Kao, Đắk Lắk, Việt Nam' | actual_address='\ue52e' | url='https://www.google.com/maps/place/Huong+Giang+Hotel/data=!4m7!3m6!1s0x31752bf7426340b5:0x20358f9727d2f4e7!8m2!3d10.7983011!4d106.6164694!16s/g/1tjz0w0c!19sChIJtUBjQvcrdTER5_TSJ5ePNSA?authuser=0&hl=vi&g_ep=EgoyMDI2MDkwMi4wIJJjKgBIAVAD&rclk=1' | coordinates=(10.7983011, 106.6)
2026-09-08 08:23:07,152 | INFO | VERIFY FINAL | success=False | reason=TITLE_UNAVAILABLE | title_ok=False | address_ok=False | input_title='Hương Giang Guesthouse' | maps_title='' | input_address='582 Y Wang, Ea Kao, Đắk Lắk, Việt Nam' | maps_address='\ue52e' | url='https://www.google.com/maps/place/Huong+Giang+Hotel/data=!4m7!3m6!1s0x31752bf7426340b5:0x20358f9727d2f4e7!8m2!3d10.7983011!4d106.6164694!16s/g/1tjz0w0c!19sChIJtUBjQvcrdTER5_TSJ5ePNSA?authuser=0&hl=vi&g_ep=EgoyMDI2MDkwMi4wIJJjKgBIAVAD&rclk=1'
2026-09-08 08:23:07,152 | INFO | Navigation start | attempt=1/3 | timeout=15000ms | url=https://www.google.com/maps/place/HƯƠNG+GIANG+HOTEL/data=!4m10!3m9!1s0x317565584ecbffff:0x4e251c7ba8149c43!5m2!4m1!1i2!8m2!3d10.3322849!4d107.0878254!16s/g/11ggsz40xp!19sChIJ___LTlhldTERQ5wUqHscJU4?authuser=0&hl=vi&g_ep=EgoyMDI2MDkwMi4wIJJjKgBIAVAD&rclk=1
2026-09-08 08:23:07,343 | INFO | Navigation success | attempt=1/3 | 0.19s | url=https://www.google.com/maps/place/HƯƠNG+GIANG+HOTEL/data=!4m10!3m9!1s0x317565584ecbffff:0x4e251c7ba8149c43!5m2!4m1!1i2!8m2!3d10.3322849!4d107.0878254!16s/g/11ggsz40xp!19sChIJ___LTlhldTERQ5wUqHscJU4?authuser=0&hl=vi&g_ep=EgoyMDI2MDkwMi4wIJJjKgBIAVAD&rclk=1
2026-09-08 08:23:08,258 | INFO | VERIFY CANDIDATE | input_title='Hương Giang Guesthouse' | actual_title='' | input_address='582 Y Wang, Ea Kao, Đắk Lắk, Việt Nam' | actual_address='\ue52e' | url='https://www.google.com/maps/place/H%C6%AF%C6%A0NG+GIANG+HOTEL/data=!4m10!3m9!1s0x317565584ecbffff:0x4e251c7ba8149c43!5m2!4m1!1i2!8m2!3d10.3322849!4d107.0878254!16s/g/11ggsz40xp!19sChIJ___LTlhldTERQ5wUqHscJU4?authuser=0&hl=vi&g_ep=EgoyMDI2MDkwMi4wIJJjKgBIAVAD&rclk=1' | coordinates=(10.3322849, 107.0)
2026-09-08 08:23:08,261 | INFO | VERIFY FINAL | success=False | reason=TITLE_UNAVAILABLE | title_ok=False | address_ok=False | input_title='Hương Giang Guesthouse' | maps_title='' | input_address='582 Y Wang, Ea Kao, Đắk Lắk, Việt Nam' | maps_address='\ue52e' | url='https://www.google.com/maps/place/H%C6%AF%C6%A0NG+GIANG+HOTEL/data=!4m10!3m9!1s0x317565584ecbffff:0x4e251c7ba8149c43!5m2!4m1!1i2!8m2!3d10.3322849!4d107.0878254!16s/g/11ggsz40xp!19sChIJ___LTlhldTERQ5wUqHscJU4?authuser=0&hl=vi&g_ep=EgoyMDI2MDkwMi4wIJJjKgBIAVAD&rclk=1'
2026-09-08 08:23:08,262 | INFO | Navigation start | attempt=1/3 | timeout=15000ms | url=https://www.google.com/maps/place/Huong+Giang+Hotel/data=!4m7!3m6!1s0x31752c348a1b0157:0x2318064c2e044cce!8m2!3d10.7534855!4d106.6109042!16s/g/11fxb65g4n!19sChIJVwEbijQsdTERzkwELkwGGCM?authuser=0&hl=vi&g_ep=EgoyMDI2MDkwMi4wIJJjKgBIAVAD&rclk=1
2026-09-08 08:23:08,469 | INFO | Navigation success | attempt=1/3 | 0.21s | url=https://www.google.com/maps/place/Huong+Giang+Hotel/data=!4m7!3m6!1s0x31752c348a1b0157:0x2318064c2e044cce!8m2!3d10.7534855!4d106.6109042!16s/g/11fxb65g4n!19sChIJVwEbijQsdTERzkwELkwGGCM?authuser=0&hl=vi&g_ep=EgoyMDI2MDkwMi4wIJJjKgBIAVAD&rclk=1
2026-09-08 08:23:09,745 | INFO | VERIFY CANDIDATE | input_title='Hương Giang Guesthouse' | actual_title='' | input_address='582 Y Wang, Ea Kao, Đắk Lắk, Việt Nam' | actual_address='\ue52e' | url='https://www.google.com/maps/place/Huong+Giang+Hotel/data=!4m7!3m6!1s0x31752c348a1b0157:0x2318064c2e044cce!8m2!3d10.7534855!4d106.6109042!16s/g/11fxb65g4n!19sChIJVwEbijQsdTERzkwELkwGGCM?authuser=0&hl=vi&g_ep=EgoyMDI2MDkwMi4wIJJjKgBIAVAD&rclk=1' | coordinates=(10.7534855, 106.6)
2026-09-08 08:23:09,750 | INFO | VERIFY FINAL | success=False | reason=TITLE_UNAVAILABLE | title_ok=False | address_ok=False | input_title='Hương Giang Guesthouse' | maps_title='' | input_address='582 Y Wang, Ea Kao, Đắk Lắk, Việt Nam' | maps_address='\ue52e' | url='https://www.google.com/maps/place/Huong+Giang+Hotel/data=!4m7!3m6!1s0x31752c348a1b0157:0x2318064c2e044cce!8m2!3d10.7534855!4d106.6109042!16s/g/11fxb65g4n!19sChIJVwEbijQsdTERzkwELkwGGCM?authuser=0&hl=vi&g_ep=EgoyMDI2MDkwMi4wIJJjKgBIAVAD&rclk=1'
2026-09-08 08:23:09,751 | INFO | Navigation start | attempt=1/3 | timeout=15000ms | url=https://www.google.com/maps/place/Nhà+nghỉ+Hương+Giang/data=!4m10!3m9!1s0x3174d14306ab3ac1:0x9b28776cde47ace4!5m2!4m1!1i2!8m2!3d10.9959043!4d106.6614794!16s/g/11rp47syr3!19sChIJwTqrBkPRdDER5KxH3mx3KJs?authuser=0&hl=vi&g_ep=EgoyMDI2MDkwMi4wIJJjKgBIAVAD&rclk=1
2026-09-08 08:23:09,972 | INFO | Navigation success | attempt=1/3 | 0.22s | url=https://www.google.com/maps/place/Nhà+nghỉ+Hương+Giang/data=!4m10!3m9!1s0x3174d14306ab3ac1:0x9b28776cde47ace4!5m2!4m1!1i2!8m2!3d10.9959043!4d106.6614794!16s/g/11rp47syr3!19sChIJwTqrBkPRdDER5KxH3mx3KJs?authuser=0&hl=vi&g_ep=EgoyMDI2MDkwMi4wIJJjKgBIAVAD&rclk=1
2026-09-08 08:23:12,232 | INFO | VERIFY CANDIDATE | input_title='Hương Giang Guesthouse' | actual_title='' | input_address='582 Y Wang, Ea Kao, Đắk Lắk, Việt Nam' | actual_address='\ue52e' | url='https://www.google.com/maps/place/Nh%C3%A0+ngh%E1%BB%89+H%C6%B0%C6%A1ng+Giang/data=!4m10!3m9!1s0x3174d14306ab3ac1:0x9b28776cde47ace4!5m2!4m1!1i2!8m2!3d10.9959043!4d106.6614794!16s/g/11rp47syr3!19sChIJwTqrBkPRdDER5KxH3mx3KJs?authuser=0&hl=vi&g_ep=EgoyMDI2MDkwMi4wIJJjKgBIAVAD&rclk=1' | coordinates=(10.9959043, 106.6)
2026-09-08 08:23:12,235 | INFO | VERIFY FINAL | success=False | reason=TITLE_UNAVAILABLE | title_ok=False | address_ok=False | input_title='Hương Giang Guesthouse' | maps_title='' | input_address='582 Y Wang, Ea Kao, Đắk Lắk, Việt Nam' | maps_address='\ue52e' | url='https://www.google.com/maps/place/Nh%C3%A0+ngh%E1%BB%89+H%C6%B0%C6%A1ng+Giang/data=!4m10!3m9!1s0x3174d14306ab3ac1:0x9b28776cde47ace4!5m2!4m1!1i2!8m2!3d10.9959043!4d106.6614794!16s/g/11rp47syr3!19sChIJwTqrBkPRdDER5KxH3mx3KJs?authuser=0&hl=vi&g_ep=EgoyMDI2MDkwMi4wIJJjKgBIAVAD&rclk=1'
2026-09-08 08:23:12,236 | INFO | Navigation start | attempt=1/3 | timeout=15000ms | url=https://www.google.com/maps/place/Công+ty+TNHH+THƯƠNG+MẠI+DỊCH+VỤ+KHÁCH+SẠN+HƯƠNG+GIANG/data=!4m7!3m6!1s0x317529a61f9c27d3:0xc84d6655b4438425!8m2!3d10.8388635!4d106.6643318!16s/g/11df8179cs!19sChIJ0yecH6YpdTERJYRDtFVmTcg?authuser=0&hl=vi&g_ep=EgoyMDI2MDkwMi4wIJJjKgBIAVAD&rclk=1
2026-09-08 08:23:12,435 | INFO | Navigation success | attempt=1/3 | 0.20s | url=https://www.google.com/maps/place/Công+ty+TNHH+THƯƠNG+MẠI+DỊCH+VỤ+KHÁCH+SẠN+HƯƠNG+GIANG/data=!4m7!3m6!1s0x317529a61f9c27d3:0xc84d6655b4438425!8m2!3d10.8388635!4d106.6643318!16s/g/11df8179cs!19sChIJ0yecH6YpdTERJYRDtFVmTcg?authuser=0&hl=vi&g_ep=EgoyMDI2MDkwMi4wIJJjKgBIAVAD&rclk=1
2026-09-08 08:23:14,190 | INFO | VERIFY CANDIDATE | input_title='Hương Giang Guesthouse' | actual_title='' | input_address='582 Y Wang, Ea Kao, Đắk Lắk, Việt Nam' | actual_address='\ue52e' | url='https://www.google.com/maps/place/C%C3%B4ng+ty+TNHH+TH%C6%AF%C6%A0NG+M%E1%BA%A0I+D%E1%BB%8ACH+V%E1%BB%A4+KH%C3%81CH+S%E1%BA%A0N+H%C6%AF%C6%A0NG+GIANG/data=!4m7!3m6!1s0x317529a61f9c27d3:0xc84d6655b4438425!8m2!3d10.8388635!4d106.6643318!16s/g/11df8179cs!19sChIJ0yecH6YpdTERJYRDtFVmTcg?authuser=0&hl=vi&g_ep=EgoyMDI2MDkwMi4wIJJjKgBIAVAD&rclk=1' | coordinates=(10.8388635, 106.6)
2026-09-08 08:23:14,193 | INFO | VERIFY FINAL | success=False | reason=TITLE_UNAVAILABLE | title_ok=False | address_ok=False | input_title='Hương Giang Guesthouse' | maps_title='' | input_address='582 Y Wang, Ea Kao, Đắk Lắk, Việt Nam' | maps_address='\ue52e' | url='https://www.google.com/maps/place/C%C3%B4ng+ty+TNHH+TH%C6%AF%C6%A0NG+M%E1%BA%A0I+D%E1%BB%8ACH+V%E1%BB%A4+KH%C3%81CH+S%E1%BA%A0N+H%C6%AF%C6%A0NG+GIANG/data=!4m7!3m6!1s0x317529a61f9c27d3:0xc84d6655b4438425!8m2!3d10.8388635!4d106.6643318!16s/g/11df8179cs!19sChIJ0yecH6YpdTERJYRDtFVmTcg?authuser=0&hl=vi&g_ep=EgoyMDI2MDkwMi4wIJJjKgBIAVAD&rclk=1'
2026-09-08 08:23:14,194 | INFO | Navigation start | attempt=1/3 | timeout=15000ms | url=https://www.google.com/maps/place/Khách+Sạn+Hương+Giang/data=!4m7!3m6!1s0x3174d7ddadf6ca1b:0xf7ad451e611f3347!8m2!3d10.8842984!4d106.6972513!16s/g/11c57clr0z!19sChIJG8r2rd3XdDERRzMfYR5Frfc?authuser=0&hl=vi&g_ep=EgoyMDI2MDkwMi4wIJJjKgBIAVAD&rclk=1
2026-09-08 08:23:14,389 | INFO | Navigation success | attempt=1/3 | 0.20s | url=https://www.google.com/maps/place/Khách+Sạn+Hương+Giang/data=!4m7!3m6!1s0x3174d7ddadf6ca1b:0xf7ad451e611f3347!8m2!3d10.8842984!4d106.6972513!16s/g/11c57clr0z!19sChIJG8r2rd3XdDERRzMfYR5Frfc?authuser=0&hl=vi&g_ep=EgoyMDI2MDkwMi4wIJJjKgBIAVAD&rclk=1
2026-09-08 08:23:17,340 | INFO | VERIFY CANDIDATE | input_title='Hương Giang Guesthouse' | actual_title='' | input_address='582 Y Wang, Ea Kao, Đắk Lắk, Việt Nam' | actual_address='\ue52e' | url='https://www.google.com/maps/place/Kh%C3%A1ch+S%E1%BA%A1n+H%C6%B0%C6%A1ng+Giang/data=!4m7!3m6!1s0x3174d7ddadf6ca1b:0xf7ad451e611f3347!8m2!3d10.8842984!4d106.6972513!16s/g/11c57clr0z!19sChIJG8r2rd3XdDERRzMfYR5Frfc?authuser=0&hl=vi&g_ep=EgoyMDI2MDkwMi4wIJJjKgBIAVAD&rclk=1' | coordinates=(10.8842984, 106.6)
2026-09-08 08:23:17,347 | INFO | VERIFY FINAL | success=False | reason=TITLE_UNAVAILABLE | title_ok=False | address_ok=False | input_title='Hương Giang Guesthouse' | maps_title='' | input_address='582 Y Wang, Ea Kao, Đắk Lắk, Việt Nam' | maps_address='\ue52e' | url='https://www.google.com/maps/place/Kh%C3%A1ch+S%E1%BA%A1n+H%C6%B0%C6%A1ng+Giang/data=!4m7!3m6!1s0x3174d7ddadf6ca1b:0xf7ad451e611f3347!8m2!3d10.8842984!4d106.6972513!16s/g/11c57clr0z!19sChIJG8r2rd3XdDERRzMfYR5Frfc?authuser=0&hl=vi&g_ep=EgoyMDI2MDkwMi4wIJJjKgBIAVAD&rclk=1'
2026-09-08 08:23:17,348 | INFO | Google Maps address search variant 2/12: 582 Y Wang, Ea Kao, Đắk Lắk, Việt Nam
2026-09-08 08:23:17,351 | INFO | Navigation start | attempt=1/3 | timeout=15000ms | url=https://www.google.com/maps/search/?api=1&query=582%20Y%20Wang%2C%20Ea%20Kao%2C%20%C4%90%E1%BA%AFk%20L%E1%BA%AFk%2C%20Vi%E1%BB%87t%20Nam
2026-09-08 08:23:17,548 | INFO | Navigation success | attempt=1/3 | 0.20s | url=https://www.google.com/maps/search/?api=1&query=582%20Y%20Wang%2C%20Ea%20Kao%2C%20%C4%90%E1%BA%AFk%20L%E1%BA%AFk%2C%20Vi%E1%BB%87t%20Nam
2026-09-08 08:23:28,457 | INFO | Google Maps address search variant 3/12: 582 Y Wang, Ea Kao, Đắk Lắk, Việt Nam, Hương Giang Guesthouse
2026-09-08 08:23:28,458 | INFO | Navigation start | attempt=1/3 | timeout=15000ms | url=https://www.google.com/maps/search/?api=1&query=582%20Y%20Wang%2C%20Ea%20Kao%2C%20%C4%90%E1%BA%AFk%20L%E1%BA%AFk%2C%20Vi%E1%BB%87t%20Nam%2C%20H%C6%B0%C6%A1ng%20Giang%20Guesthouse
2026-09-08 08:23:29,544 | INFO | Navigation success | attempt=1/3 | 1.09s | url=https://www.google.com/maps/search/?api=1&query=582%20Y%20Wang%2C%20Ea%20Kao%2C%20%C4%90%E1%BA%AFk%20L%E1%BA%AFk%2C%20Vi%E1%BB%87t%20Nam%2C%20H%C6%B0%C6%A1ng%20Giang%20Guesthouse
2026-09-08 08:23:40,118 | INFO | Google Maps address search variant 4/12: Hương Giang Guesthouse, 582 Y Wang, Ea Kao, Đắk Lắk, Việt Nam
2026-09-08 08:23:40,118 | INFO | Navigation start | attempt=1/3 | timeout=15000ms | url=https://www.google.com/maps/search/?api=1&query=H%C6%B0%C6%A1ng%20Giang%20Guesthouse%2C%20582%20Y%20Wang%2C%20Ea%20Kao%2C%20%C4%90%E1%BA%AFk%20L%E1%BA%AFk%2C%20Vi%E1%BB%87t%20Nam
2026-09-08 08:23:40,327 | INFO | Navigation success | attempt=1/3 | 0.21s | url=https://www.google.com/maps/search/?api=1&query=H%C6%B0%C6%A1ng%20Giang%20Guesthouse%2C%20582%20Y%20Wang%2C%20Ea%20Kao%2C%20%C4%90%E1%BA%AFk%20L%E1%BA%AFk%2C%20Vi%E1%BB%87t%20Nam
2026-09-08 08:23:49,748 | INFO | Google Maps address search variant 5/12: 582 y wang, ea kao, đak lak
2026-09-08 08:23:49,748 | INFO | Navigation start | attempt=1/3 | timeout=15000ms | url=https://www.google.com/maps/search/?api=1&query=582%20y%20wang%2C%20ea%20kao%2C%20%C4%91ak%20lak
2026-09-08 08:23:49,925 | INFO | Navigation success | attempt=1/3 | 0.18s | url=https://www.google.com/maps/search/?api=1&query=582%20y%20wang%2C%20ea%20kao%2C%20%C4%91ak%20lak
2026-09-08 08:23:58,002 | INFO | Google Maps address search variant 6/12: ea kao, đak lak
2026-09-08 08:23:58,003 | INFO | Navigation start | attempt=1/3 | timeout=15000ms | url=https://www.google.com/maps/search/?api=1&query=ea%20kao%2C%20%C4%91ak%20lak
2026-09-08 08:23:58,223 | INFO | Navigation success | attempt=1/3 | 0.22s | url=https://www.google.com/maps/search/?api=1&query=ea%20kao%2C%20%C4%91ak%20lak
2026-09-08 08:24:08,371 | INFO | Google Maps address search variant 7/12: Hương Giang Guesthouse, 582 y wang, ea kao, đak lak
2026-09-08 08:24:08,371 | INFO | Navigation start | attempt=1/3 | timeout=15000ms | url=https://www.google.com/maps/search/?api=1&query=H%C6%B0%C6%A1ng%20Giang%20Guesthouse%2C%20582%20y%20wang%2C%20ea%20kao%2C%20%C4%91ak%20lak
2026-09-08 08:24:08,584 | INFO | Navigation success | attempt=1/3 | 0.21s | url=https://www.google.com/maps/search/?api=1&query=H%C6%B0%C6%A1ng%20Giang%20Guesthouse%2C%20582%20y%20wang%2C%20ea%20kao%2C%20%C4%91ak%20lak
2026-09-08 08:24:19,463 | INFO | Google Maps address search variant 8/12: Hương Giang Guesthouse, ea kao, đak lak
2026-09-08 08:24:19,463 | INFO | Navigation start | attempt=1/3 | timeout=15000ms | url=https://www.google.com/maps/search/?api=1&query=H%C6%B0%C6%A1ng%20Giang%20Guesthouse%2C%20ea%20kao%2C%20%C4%91ak%20lak
2026-09-08 08:24:19,683 | INFO | Navigation success | attempt=1/3 | 0.22s | url=https://www.google.com/maps/search/?api=1&query=H%C6%B0%C6%A1ng%20Giang%20Guesthouse%2C%20ea%20kao%2C%20%C4%91ak%20lak
2026-09-08 08:24:30,152 | INFO | Google Maps address search variant 9/12: Hương Giang Guesthouse, 582 y wang
2026-09-08 08:24:30,152 | INFO | Navigation start | attempt=1/3 | timeout=15000ms | url=https://www.google.com/maps/search/?api=1&query=H%C6%B0%C6%A1ng%20Giang%20Guesthouse%2C%20582%20y%20wang
2026-09-08 08:24:30,425 | INFO | Navigation success | attempt=1/3 | 0.27s | url=https://www.google.com/maps/search/?api=1&query=H%C6%B0%C6%A1ng%20Giang%20Guesthouse%2C%20582%20y%20wang
2026-09-08 08:24:41,139 | INFO | Navigation start | attempt=1/3 | timeout=15000ms | url=https://www.google.com/maps/place/Huong+Giang+Hotel/data=!4m7!3m6!1s0x31752bf7426340b5:0x20358f9727d2f4e7!8m2!3d10.7983011!4d106.6164694!16s/g/1tjz0w0c!19sChIJtUBjQvcrdTER5_TSJ5ePNSA?authuser=0&hl=vi&g_ep=EgoyMDI2MDkwMi4wIJJjKgBIAVAD&rclk=1
2026-09-08 08:24:41,329 | INFO | Navigation success | attempt=1/3 | 0.19s | url=https://www.google.com/maps/place/Huong+Giang+Hotel/data=!4m7!3m6!1s0x31752bf7426340b5:0x20358f9727d2f4e7!8m2!3d10.7983011!4d106.6164694!16s/g/1tjz0w0c!19sChIJtUBjQvcrdTER5_TSJ5ePNSA?authuser=0&hl=vi&g_ep=EgoyMDI2MDkwMi4wIJJjKgBIAVAD&rclk=1
2026-09-08 08:24:42,092 | INFO | VERIFY CANDIDATE | input_title='Hương Giang Guesthouse' | actual_title='' | input_address='582 Y Wang, Ea Kao, Đắk Lắk, Việt Nam' | actual_address='\ue52e' | url='https://www.google.com/maps/place/Huong+Giang+Hotel/data=!4m7!3m6!1s0x31752bf7426340b5:0x20358f9727d2f4e7!8m2!3d10.7983011!4d106.6164694!16s/g/1tjz0w0c!19sChIJtUBjQvcrdTER5_TSJ5ePNSA?authuser=0&hl=vi&g_ep=EgoyMDI2MDkwMi4wIJJjKgBIAVAD&rclk=1' | coordinates=(10.7983011, 106.6)
2026-09-08 08:24:42,094 | INFO | VERIFY FINAL | success=False | reason=TITLE_UNAVAILABLE | title_ok=False | address_ok=False | input_title='Hương Giang Guesthouse' | maps_title='' | input_address='582 Y Wang, Ea Kao, Đắk Lắk, Việt Nam' | maps_address='\ue52e' | url='https://www.google.com/maps/place/Huong+Giang+Hotel/data=!4m7!3m6!1s0x31752bf7426340b5:0x20358f9727d2f4e7!8m2!3d10.7983011!4d106.6164694!16s/g/1tjz0w0c!19sChIJtUBjQvcrdTER5_TSJ5ePNSA?authuser=0&hl=vi&g_ep=EgoyMDI2MDkwMi4wIJJjKgBIAVAD&rclk=1'
2026-09-08 08:24:42,094 | INFO | Navigation start | attempt=1/3 | timeout=15000ms | url=https://www.google.com/maps/place/Nhà+Nghỉ+Hường+Giang/data=!4m7!3m6!1s0x3171f7e91a8c03f7:0xcb1a3045d5f03473!8m2!3d12.7040193!4d108.0631969!16s/g/11f4prlph5!19sChIJ9wOMGun3cTERczTw1UUwGss?authuser=0&hl=vi&g_ep=EgoyMDI2MDkwMi4wIJJjKgBIAVAD&rclk=1
2026-09-08 08:24:42,337 | INFO | Navigation success | attempt=1/3 | 0.24s | url=https://www.google.com/maps/place/Nhà+Nghỉ+Hường+Giang/data=!4m7!3m6!1s0x3171f7e91a8c03f7:0xcb1a3045d5f03473!8m2!3d12.7040193!4d108.0631969!16s/g/11f4prlph5!19sChIJ9wOMGun3cTERczTw1UUwGss?authuser=0&hl=vi&g_ep=EgoyMDI2MDkwMi4wIJJjKgBIAVAD&rclk=1
2026-09-08 08:24:43,713 | INFO | VERIFY CANDIDATE | input_title='Hương Giang Guesthouse' | actual_title='' | input_address='582 Y Wang, Ea Kao, Đắk Lắk, Việt Nam' | actual_address='\ue52e' | url='https://www.google.com/maps/place/Nh%C3%A0+Ngh%E1%BB%89+H%C6%B0%E1%BB%9Dng+Giang/data=!4m7!3m6!1s0x3171f7e91a8c03f7:0xcb1a3045d5f03473!8m2!3d12.7040193!4d108.0631969!16s/g/11f4prlph5!19sChIJ9wOMGun3cTERczTw1UUwGss?authuser=0&hl=vi&g_ep=EgoyMDI2MDkwMi4wIJJjKgBIAVAD&rclk=1' | coordinates=(12.7040193, 108.0)
2026-09-08 08:24:43,716 | INFO | VERIFY FINAL | success=False | reason=TITLE_UNAVAILABLE | title_ok=False | address_ok=False | input_title='Hương Giang Guesthouse' | maps_title='' | input_address='582 Y Wang, Ea Kao, Đắk Lắk, Việt Nam' | maps_address='\ue52e' | url='https://www.google.com/maps/place/Nh%C3%A0+Ngh%E1%BB%89+H%C6%B0%E1%BB%9Dng+Giang/data=!4m7!3m6!1s0x3171f7e91a8c03f7:0xcb1a3045d5f03473!8m2!3d12.7040193!4d108.0631969!16s/g/11f4prlph5!19sChIJ9wOMGun3cTERczTw1UUwGss?authuser=0&hl=vi&g_ep=EgoyMDI2MDkwMi4wIJJjKgBIAVAD&rclk=1'
2026-09-08 08:24:43,717 | INFO | Navigation start | attempt=1/3 | timeout=15000ms | url=https://www.google.com/maps/place/Nhà+nghỉ+Hương+Giang+(HUONG+GIANG+Motel)/data=!4m7!3m6!1s0x316a08684cec46c5:0x75c83456c5bbb12a!8m2!3d15.749393!4d107.8364673!16s/g/11b67npz7n!19sChIJxUbsTGgIajERKrG7xVY0yHU?authuser=0&hl=vi&g_ep=EgoyMDI2MDkwMi4wIJJjKgBIAVAD&rclk=1
2026-09-08 08:24:43,957 | INFO | Navigation success | attempt=1/3 | 0.24s | url=https://www.google.com/maps/place/Nhà+nghỉ+Hương+Giang+(HUONG+GIANG+Motel)/data=!4m7!3m6!1s0x316a08684cec46c5:0x75c83456c5bbb12a!8m2!3d15.749393!4d107.8364673!16s/g/11b67npz7n!19sChIJxUbsTGgIajERKrG7xVY0yHU?authuser=0&hl=vi&g_ep=EgoyMDI2MDkwMi4wIJJjKgBIAVAD&rclk=1
2026-09-08 08:24:45,200 | INFO | VERIFY CANDIDATE | input_title='Hương Giang Guesthouse' | actual_title='' | input_address='582 Y Wang, Ea Kao, Đắk Lắk, Việt Nam' | actual_address='\ue52e' | url='https://www.google.com/maps/place/Nh%C3%A0+ngh%E1%BB%89+H%C6%B0%C6%A1ng+Giang+(HUONG+GIANG+Motel)/data=!4m7!3m6!1s0x316a08684cec46c5:0x75c83456c5bbb12a!8m2!3d15.749393!4d107.8364673!16s/g/11b67npz7n!19sChIJxUbsTGgIajERKrG7xVY0yHU?authuser=0&hl=vi&g_ep=EgoyMDI2MDkwMi4wIJJjKgBIAVAD&rclk=1' | coordinates=(15.749393, 107.8)
2026-09-08 08:24:45,204 | INFO | VERIFY FINAL | success=False | reason=TITLE_UNAVAILABLE | title_ok=False | address_ok=False | input_title='Hương Giang Guesthouse' | maps_title='' | input_address='582 Y Wang, Ea Kao, Đắk Lắk, Việt Nam' | maps_address='\ue52e' | url='https://www.google.com/maps/place/Nh%C3%A0+ngh%E1%BB%89+H%C6%B0%C6%A1ng+Giang+(HUONG+GIANG+Motel)/data=!4m7!3m6!1s0x316a08684cec46c5:0x75c83456c5bbb12a!8m2!3d15.749393!4d107.8364673!16s/g/11b67npz7n!19sChIJxUbsTGgIajERKrG7xVY0yHU?authuser=0&hl=vi&g_ep=EgoyMDI2MDkwMi4wIJJjKgBIAVAD&rclk=1'
2026-09-08 08:24:45,204 | INFO | Navigation start | attempt=1/3 | timeout=15000ms | url=https://www.google.com/maps/place/Huong+Giang+Hotel+Resort+&+Spa/data=!4m10!3m9!1s0x3141a1231decaad3:0xf55c70a82152a487!5m2!4m1!1i2!8m2!3d16.471127!4d107.5945595!16s/g/12cpg08r_!19sChIJ06rsHSOhQTERh6RSIahwXPU?authuser=0&hl=vi&g_ep=EgoyMDI2MDkwMi4wIJJjKgBIAVAD&rclk=1
2026-09-08 08:24:45,398 | INFO | Navigation success | attempt=1/3 | 0.19s | url=https://www.google.com/maps/place/Huong+Giang+Hotel+Resort+&+Spa/data=!4m10!3m9!1s0x3141a1231decaad3:0xf55c70a82152a487!5m2!4m1!1i2!8m2!3d16.471127!4d107.5945595!16s/g/12cpg08r_!19sChIJ06rsHSOhQTERh6RSIahwXPU?authuser=0&hl=vi&g_ep=EgoyMDI2MDkwMi4wIJJjKgBIAVAD&rclk=1
2026-09-08 08:24:46,628 | INFO | VERIFY CANDIDATE | input_title='Hương Giang Guesthouse' | actual_title='' | input_address='582 Y Wang, Ea Kao, Đắk Lắk, Việt Nam' | actual_address='\ue52e' | url='https://www.google.com/maps/place/Huong+Giang+Hotel+Resort+&+Spa/data=!4m10!3m9!1s0x3141a1231decaad3:0xf55c70a82152a487!5m2!4m1!1i2!8m2!3d16.471127!4d107.5945595!16s/g/12cpg08r_!19sChIJ06rsHSOhQTERh6RSIahwXPU?authuser=0&hl=vi&g_ep=EgoyMDI2MDkwMi4wIJJjKgBIAVAD&rclk=1' | coordinates=(16.471127, 107.5)
2026-09-08 08:24:46,631 | INFO | VERIFY FINAL | success=False | reason=TITLE_UNAVAILABLE | title_ok=False | address_ok=False | input_title='Hương Giang Guesthouse' | maps_title='' | input_address='582 Y Wang, Ea Kao, Đắk Lắk, Việt Nam' | maps_address='\ue52e' | url='https://www.google.com/maps/place/Huong+Giang+Hotel+Resort+&+Spa/data=!4m10!3m9!1s0x3141a1231decaad3:0xf55c70a82152a487!5m2!4m1!1i2!8m2!3d16.471127!4d107.5945595!16s/g/12cpg08r_!19sChIJ06rsHSOhQTERh6RSIahwXPU?authuser=0&hl=vi&g_ep=EgoyMDI2MDkwMi4wIJJjKgBIAVAD&rclk=1'
2026-09-08 08:24:46,632 | INFO | Navigation start | attempt=1/3 | timeout=15000ms | url=https://www.google.com/maps/place/Nhà+nghỉ+Hương+Giang/data=!4m7!3m6!1s0x31421900228ead7b:0xcc69e09f0b558975!8m2!3d16.0364217!4d108.2166465!16s/g/11xmzfl2s6!19sChIJe62OIgAZQjERdYlVC5_gacw?authuser=0&hl=vi&g_ep=EgoyMDI2MDkwMi4wIJJjKgBIAVAD&rclk=1
2026-09-08 08:24:46,837 | INFO | Navigation success | attempt=1/3 | 0.21s | url=https://www.google.com/maps/place/Nhà+nghỉ+Hương+Giang/data=!4m7!3m6!1s0x31421900228ead7b:0xcc69e09f0b558975!8m2!3d16.0364217!4d108.2166465!16s/g/11xmzfl2s6!19sChIJe62OIgAZQjERdYlVC5_gacw?authuser=0&hl=vi&g_ep=EgoyMDI2MDkwMi4wIJJjKgBIAVAD&rclk=1
2026-09-08 08:24:48,342 | INFO | VERIFY CANDIDATE | input_title='Hương Giang Guesthouse' | actual_title='' | input_address='582 Y Wang, Ea Kao, Đắk Lắk, Việt Nam' | actual_address='\ue52e' | url='https://www.google.com/maps/place/Nh%C3%A0+ngh%E1%BB%89+H%C6%B0%C6%A1ng+Giang/data=!4m7!3m6!1s0x31421900228ead7b:0xcc69e09f0b558975!8m2!3d16.0364217!4d108.2166465!16s/g/11xmzfl2s6!19sChIJe62OIgAZQjERdYlVC5_gacw?authuser=0&hl=vi&g_ep=EgoyMDI2MDkwMi4wIJJjKgBIAVAD&rclk=1' | coordinates=(16.0364217, 108.2)
2026-09-08 08:24:48,344 | INFO | VERIFY FINAL | success=False | reason=TITLE_UNAVAILABLE | title_ok=False | address_ok=False | input_title='Hương Giang Guesthouse' | maps_title='' | input_address='582 Y Wang, Ea Kao, Đắk Lắk, Việt Nam' | maps_address='\ue52e' | url='https://www.google.com/maps/place/Nh%C3%A0+ngh%E1%BB%89+H%C6%B0%C6%A1ng+Giang/data=!4m7!3m6!1s0x31421900228ead7b:0xcc69e09f0b558975!8m2!3d16.0364217!4d108.2166465!16s/g/11xmzfl2s6!19sChIJe62OIgAZQjERdYlVC5_gacw?authuser=0&hl=vi&g_ep=EgoyMDI2MDkwMi4wIJJjKgBIAVAD&rclk=1'
2026-09-08 08:24:48,344 | INFO | Google Maps address search variant 10/12: Hương Giang Guesthouse, ea kao
2026-09-08 08:24:48,345 | INFO | Navigation start | attempt=1/3 | timeout=15000ms | url=https://www.google.com/maps/search/?api=1&query=H%C6%B0%C6%A1ng%20Giang%20Guesthouse%2C%20ea%20kao
2026-09-08 08:24:48,533 | INFO | Navigation success | attempt=1/3 | 0.19s | url=https://www.google.com/maps/search/?api=1&query=H%C6%B0%C6%A1ng%20Giang%20Guesthouse%2C%20ea%20kao
2026-09-08 08:24:59,182 | INFO | Google Maps address search variant 11/12: Hương Giang Guesthouse, đak lak
2026-09-08 08:24:59,182 | INFO | Navigation start | attempt=1/3 | timeout=15000ms | url=https://www.google.com/maps/search/?api=1&query=H%C6%B0%C6%A1ng%20Giang%20Guesthouse%2C%20%C4%91ak%20lak
2026-09-08 08:24:59,411 | INFO | Navigation success | attempt=1/3 | 0.23s | url=https://www.google.com/maps/search/?api=1&query=H%C6%B0%C6%A1ng%20Giang%20Guesthouse%2C%20%C4%91ak%20lak
2026-09-08 08:25:08,592 | INFO | Navigation start | attempt=1/3 | timeout=15000ms | url=https://www.google.com/maps/place/Hương+Giang+Guesthouse/data=!4m10!3m9!1s0x31721deb9834002f:0x9ed5f3e1b230fbbf!5m2!4m1!1i2!8m2!3d12.6530844!4d108.0293809!16s/g/11d_bk3s8t!19sChIJLwA0mOsdcjERv_swsuHz1Z4?authuser=0&hl=vi&g_ep=EgoyMDI2MDkwMi4wIJJjKgBIAVAD&rclk=1
2026-09-08 08:25:08,794 | INFO | Navigation success | attempt=1/3 | 0.20s | url=https://www.google.com/maps/place/Hương+Giang+Guesthouse/data=!4m10!3m9!1s0x31721deb9834002f:0x9ed5f3e1b230fbbf!5m2!4m1!1i2!8m2!3d12.6530844!4d108.0293809!16s/g/11d_bk3s8t!19sChIJLwA0mOsdcjERv_swsuHz1Z4?authuser=0&hl=vi&g_ep=EgoyMDI2MDkwMi4wIJJjKgBIAVAD&rclk=1
2026-09-08 08:25:09,895 | INFO | VERIFY CANDIDATE | input_title='Hương Giang Guesthouse' | actual_title='' | input_address='582 Y Wang, Ea Kao, Đắk Lắk, Việt Nam' | actual_address='\ue52e' | url='https://www.google.com/maps/place/H%C6%B0%C6%A1ng+Giang+Guesthouse/data=!4m10!3m9!1s0x31721deb9834002f:0x9ed5f3e1b230fbbf!5m2!4m1!1i2!8m2!3d12.6530844!4d108.0293809!16s/g/11d_bk3s8t!19sChIJLwA0mOsdcjERv_swsuHz1Z4?authuser=0&hl=vi&g_ep=EgoyMDI2MDkwMi4wIJJjKgBIAVAD&rclk=1' | coordinates=(12.6530844, 108.0)
2026-09-08 08:25:09,897 | INFO | VERIFY FINAL | success=False | reason=TITLE_UNAVAILABLE | title_ok=False | address_ok=False | input_title='Hương Giang Guesthouse' | maps_title='' | input_address='582 Y Wang, Ea Kao, Đắk Lắk, Việt Nam' | maps_address='\ue52e' | url='https://www.google.com/maps/place/H%C6%B0%C6%A1ng+Giang+Guesthouse/data=!4m10!3m9!1s0x31721deb9834002f:0x9ed5f3e1b230fbbf!5m2!4m1!1i2!8m2!3d12.6530844!4d108.0293809!16s/g/11d_bk3s8t!19sChIJLwA0mOsdcjERv_swsuHz1Z4?authuser=0&hl=vi&g_ep=EgoyMDI2MDkwMi4wIJJjKgBIAVAD&rclk=1'
2026-09-08 08:25:09,897 | INFO | Navigation start | attempt=1/3 | timeout=15000ms | url=https://www.google.com/maps/place/Huong+Giang+Guesthouse/data=!4m7!3m6!1s0x31721d797484d163:0xa80ae4fb814d255b!8m2!3d12.6841269!4d108.0394536!16s/g/11j00sss2n!19sChIJY9GEdHkdcjERWyVNgfvkCqg?authuser=0&hl=vi&g_ep=EgoyMDI2MDkwMi4wIJJjKgBIAVAD&rclk=1
2026-09-08 08:25:10,113 | INFO | Navigation success | attempt=1/3 | 0.22s | url=https://www.google.com/maps/place/Huong+Giang+Guesthouse/data=!4m7!3m6!1s0x31721d797484d163:0xa80ae4fb814d255b!8m2!3d12.6841269!4d108.0394536!16s/g/11j00sss2n!19sChIJY9GEdHkdcjERWyVNgfvkCqg?authuser=0&hl=vi&g_ep=EgoyMDI2MDkwMi4wIJJjKgBIAVAD&rclk=1
2026-09-08 08:25:10,699 | INFO | VERIFY CANDIDATE | input_title='Hương Giang Guesthouse' | actual_title='' | input_address='582 Y Wang, Ea Kao, Đắk Lắk, Việt Nam' | actual_address='\ue52e' | url='https://www.google.com/maps/place/Huong+Giang+Guesthouse/data=!4m7!3m6!1s0x31721d797484d163:0xa80ae4fb814d255b!8m2!3d12.6841269!4d108.0394536!16s/g/11j00sss2n!19sChIJY9GEdHkdcjERWyVNgfvkCqg?authuser=0&hl=vi&g_ep=EgoyMDI2MDkwMi4wIJJjKgBIAVAD&rclk=1' | coordinates=(12.6841269, 108.0)
2026-09-08 08:25:10,701 | INFO | VERIFY FINAL | success=False | reason=TITLE_UNAVAILABLE | title_ok=False | address_ok=False | input_title='Hương Giang Guesthouse' | maps_title='' | input_address='582 Y Wang, Ea Kao, Đắk Lắk, Việt Nam' | maps_address='\ue52e' | url='https://www.google.com/maps/place/Huong+Giang+Guesthouse/data=!4m7!3m6!1s0x31721d797484d163:0xa80ae4fb814d255b!8m2!3d12.6841269!4d108.0394536!16s/g/11j00sss2n!19sChIJY9GEdHkdcjERWyVNgfvkCqg?authuser=0&hl=vi&g_ep=EgoyMDI2MDkwMi4wIJJjKgBIAVAD&rclk=1'
2026-09-08 08:25:10,701 | INFO | Navigation start | attempt=1/3 | timeout=15000ms | url=https://www.google.com/maps/place/Nhà+Nghỉ+Hường+Giang/data=!4m7!3m6!1s0x3171f7e91a8c03f7:0xcb1a3045d5f03473!8m2!3d12.7040193!4d108.0631969!16s/g/11f4prlph5!19sChIJ9wOMGun3cTERczTw1UUwGss?authuser=0&hl=vi&g_ep=EgoyMDI2MDkwMi4wIJJjKgBIAVAD&rclk=1
2026-09-08 08:25:10,978 | INFO | Navigation success | attempt=1/3 | 0.28s | url=https://www.google.com/maps/place/Nhà+Nghỉ+Hường+Giang/data=!4m7!3m6!1s0x3171f7e91a8c03f7:0xcb1a3045d5f03473!8m2!3d12.7040193!4d108.0631969!16s/g/11f4prlph5!19sChIJ9wOMGun3cTERczTw1UUwGss?authuser=0&hl=vi&g_ep=EgoyMDI2MDkwMi4wIJJjKgBIAVAD&rclk=1
2026-09-08 08:25:11,740 | INFO | VERIFY CANDIDATE | input_title='Hương Giang Guesthouse' | actual_title='' | input_address='582 Y Wang, Ea Kao, Đắk Lắk, Việt Nam' | actual_address='\ue52e' | url='https://www.google.com/maps/place/Nh%C3%A0+Ngh%E1%BB%89+H%C6%B0%E1%BB%9Dng+Giang/data=!4m7!3m6!1s0x3171f7e91a8c03f7:0xcb1a3045d5f03473!8m2!3d12.7040193!4d108.0631969!16s/g/11f4prlph5!19sChIJ9wOMGun3cTERczTw1UUwGss?authuser=0&hl=vi&g_ep=EgoyMDI2MDkwMi4wIJJjKgBIAVAD&rclk=1' | coordinates=(12.7040193, 108.0)
2026-09-08 08:25:11,743 | INFO | VERIFY FINAL | success=False | reason=TITLE_UNAVAILABLE | title_ok=False | address_ok=False | input_title='Hương Giang Guesthouse' | maps_title='' | input_address='582 Y Wang, Ea Kao, Đắk Lắk, Việt Nam' | maps_address='\ue52e' | url='https://www.google.com/maps/place/Nh%C3%A0+Ngh%E1%BB%89+H%C6%B0%E1%BB%9Dng+Giang/data=!4m7!3m6!1s0x3171f7e91a8c03f7:0xcb1a3045d5f03473!8m2!3d12.7040193!4d108.0631969!16s/g/11f4prlph5!19sChIJ9wOMGun3cTERczTw1UUwGss?authuser=0&hl=vi&g_ep=EgoyMDI2MDkwMi4wIJJjKgBIAVAD&rclk=1'
2026-09-08 08:25:11,743 | INFO | Navigation start | attempt=1/3 | timeout=15000ms | url=https://www.google.com/maps/place/Khách+sạn+Mường+Thanh+Buôn+Ma+Thuột/data=!4m10!3m9!1s0x3171f7c45a11b76f:0xc38b3c93f77ac760!5m2!4m1!1i2!8m2!3d12.69268!4d108.063261!16s/g/11csp9h327!19sChIJb7cRWsT3cTERYMd695M8i8M?authuser=0&hl=vi&g_ep=EgoyMDI2MDkwMi4wIJJjKgBIAVAD&rclk=1
2026-09-08 08:25:11,958 | INFO | Navigation success | attempt=1/3 | 0.21s | url=https://www.google.com/maps/place/Khách+sạn+Mường+Thanh+Buôn+Ma+Thuột/data=!4m10!3m9!1s0x3171f7c45a11b76f:0xc38b3c93f77ac760!5m2!4m1!1i2!8m2!3d12.69268!4d108.063261!16s/g/11csp9h327!19sChIJb7cRWsT3cTERYMd695M8i8M?authuser=0&hl=vi&g_ep=EgoyMDI2MDkwMi4wIJJjKgBIAVAD&rclk=1
2026-09-08 08:25:12,664 | INFO | VERIFY CANDIDATE | input_title='Hương Giang Guesthouse' | actual_title='' | input_address='582 Y Wang, Ea Kao, Đắk Lắk, Việt Nam' | actual_address='\ue52e' | url='https://www.google.com/maps/place/Kh%C3%A1ch+s%E1%BA%A1n+M%C6%B0%E1%BB%9Dng+Thanh+Bu%C3%B4n+Ma+Thu%E1%BB%99t/data=!4m10!3m9!1s0x3171f7c45a11b76f:0xc38b3c93f77ac760!5m2!4m1!1i2!8m2!3d12.69268!4d108.063261!16s/g/11csp9h327!19sChIJb7cRWsT3cTERYMd695M8i8M?authuser=0&hl=vi&g_ep=EgoyMDI2MDkwMi4wIJJjKgBIAVAD&rclk=1' | coordinates=(12.69268, 108.0)
2026-09-08 08:25:12,665 | INFO | VERIFY FINAL | success=False | reason=TITLE_UNAVAILABLE | title_ok=False | address_ok=False | input_title='Hương Giang Guesthouse' | maps_title='' | input_address='582 Y Wang, Ea Kao, Đắk Lắk, Việt Nam' | maps_address='\ue52e' | url='https://www.google.com/maps/place/Kh%C3%A1ch+s%E1%BA%A1n+M%C6%B0%E1%BB%9Dng+Thanh+Bu%C3%B4n+Ma+Thu%E1%BB%99t/data=!4m10!3m9!1s0x3171f7c45a11b76f:0xc38b3c93f77ac760!5m2!4m1!1i2!8m2!3d12.69268!4d108.063261!16s/g/11csp9h327!19sChIJb7cRWsT3cTERYMd695M8i8M?authuser=0&hl=vi&g_ep=EgoyMDI2MDkwMi4wIJJjKgBIAVAD&rclk=1'
2026-09-08 08:25:12,666 | INFO | Navigation start | attempt=1/3 | timeout=15000ms | url=https://www.google.com/maps/place/Tru+by+Hilton/data=!4m10!3m9!1s0x3171f7d558a29875:0x45f379eb8fb52dc2!5m2!4m1!1i2!8m2!3d12.680159!4d108.048051!16s/g/11xdvstrwh!19sChIJdZiiWNX3cTERwi21j-t580U?authuser=0&hl=vi&g_ep=EgoyMDI2MDkwMi4wIJJjKgBIAVAD&rclk=1
2026-09-08 08:25:12,856 | INFO | Navigation success | attempt=1/3 | 0.19s | url=https://www.google.com/maps/place/Tru+by+Hilton/data=!4m10!3m9!1s0x3171f7d558a29875:0x45f379eb8fb52dc2!5m2!4m1!1i2!8m2!3d12.680159!4d108.048051!16s/g/11xdvstrwh!19sChIJdZiiWNX3cTERwi21j-t580U?authuser=0&hl=vi&g_ep=EgoyMDI2MDkwMi4wIJJjKgBIAVAD&rclk=1
2026-09-08 08:25:13,608 | INFO | VERIFY CANDIDATE | input_title='Hương Giang Guesthouse' | actual_title='' | input_address='582 Y Wang, Ea Kao, Đắk Lắk, Việt Nam' | actual_address='\ue52e' | url='https://www.google.com/maps/place/Tru+by+Hilton/data=!4m10!3m9!1s0x3171f7d558a29875:0x45f379eb8fb52dc2!5m2!4m1!1i2!8m2!3d12.680159!4d108.048051!16s/g/11xdvstrwh!19sChIJdZiiWNX3cTERwi21j-t580U?authuser=0&hl=vi&g_ep=EgoyMDI2MDkwMi4wIJJjKgBIAVAD&rclk=1' | coordinates=(12.680159, 108.0)
2026-09-08 08:25:13,611 | INFO | VERIFY FINAL | success=False | reason=TITLE_UNAVAILABLE | title_ok=False | address_ok=False | input_title='Hương Giang Guesthouse' | maps_title='' | input_address='582 Y Wang, Ea Kao, Đắk Lắk, Việt Nam' | maps_address='\ue52e' | url='https://www.google.com/maps/place/Tru+by+Hilton/data=!4m10!3m9!1s0x3171f7d558a29875:0x45f379eb8fb52dc2!5m2!4m1!1i2!8m2!3d12.680159!4d108.048051!16s/g/11xdvstrwh!19sChIJdZiiWNX3cTERwi21j-t580U?authuser=0&hl=vi&g_ep=EgoyMDI2MDkwMi4wIJJjKgBIAVAD&rclk=1'
2026-09-08 08:25:13,612 | WARNING | Google Maps NOT_FOUND / NO_VALID_PLACE_URL: Hương Giang Guesthouse | 582 Y Wang, Ea Kao, Đắk Lắk, Việt Nam
2026-09-08 08:25:13,612 | INFO | EXCEL SEARCH RESULT | success=False | reason=NOT_FOUND | google_maps_url=None | url=None | cleaned_url=''
2026-09-08 08:25:14,630 | INFO | Existing URL check | maps_col=google_maps_url | url_col=URL | maps='' | url='' | reusable=''
2026-09-08 08:25:14,718 | WARNING | CURRENT MAPS PLACE TITLE/ADDRESS MISMATCH | input_title='Ivory Hotel - Phú Yên' | actual_title='' | input_address='407 Lê Duẩn, Tuy Hòa, Đắk Lắk 56000, Việt Nam' | actual_address='\ue52e' | url='https://www.google.com/maps/place/Tru+by+Hilton/data=!4m10!3m9!1s0x3171f7d558a29875:0x45f379eb8fb52dc2!5m2!4m1!1i2!8m2!3d12.680159!4d108.048051!16s/g/11xdvstrwh!19sChIJdZiiWNX3cTERwi21j-t580U?authuser=0&hl=vi&g_ep=EgoyMDI2MDkwMi4wIJJjKgBIAVAD&rclk=1'
2026-09-08 08:25:14,719 | INFO | Google Maps title search variant 1/12: Ivory Hotel - Phú Yên
2026-09-08 08:25:14,719 | INFO | Navigation start | attempt=1/3 | timeout=15000ms | url=https://www.google.com/maps/search/?api=1&query=Ivory%20Hotel%20-%20Ph%C3%BA%20Y%C3%AAn
2026-09-08 08:25:14,930 | INFO | Navigation success | attempt=1/3 | 0.21s | url=https://www.google.com/maps/search/?api=1&query=Ivory%20Hotel%20-%20Ph%C3%BA%20Y%C3%AAn
2026-09-08 08:25:25,717 | INFO | Google Maps address search variant 2/12: 407 Lê Duẩn, Tuy Hòa, Đắk Lắk 56000, Việt Nam
2026-09-08 08:25:25,718 | INFO | Navigation start | attempt=1/3 | timeout=15000ms | url=https://www.google.com/maps/search/?api=1&query=407%20L%C3%AA%20Du%E1%BA%A9n%2C%20Tuy%20H%C3%B2a%2C%20%C4%90%E1%BA%AFk%20L%E1%BA%AFk%2056000%2C%20Vi%E1%BB%87t%20Nam
2026-09-08 08:25:25,926 | INFO | Navigation success | attempt=1/3 | 0.21s | url=https://www.google.com/maps/search/?api=1&query=407%20L%C3%AA%20Du%E1%BA%A9n%2C%20Tuy%20H%C3%B2a%2C%20%C4%90%E1%BA%AFk%20L%E1%BA%AFk%2056000%2C%20Vi%E1%BB%87t%20Nam
2026-09-08 08:25:36,333 | INFO | Google Maps address search variant 3/12: 407 Lê Duẩn, Tuy Hòa, Đắk Lắk 56000, Việt Nam, Ivory Hotel - Phú Yên
2026-09-08 08:25:36,334 | INFO | Navigation start | attempt=1/3 | timeout=15000ms | url=https://www.google.com/maps/search/?api=1&query=407%20L%C3%AA%20Du%E1%BA%A9n%2C%20Tuy%20H%C3%B2a%2C%20%C4%90%E1%BA%AFk%20L%E1%BA%AFk%2056000%2C%20Vi%E1%BB%87t%20Nam%2C%20Ivory%20Hotel%20-%20Ph%C3%BA%20Y%C3%AAn
2026-09-08 08:25:36,556 | INFO | Navigation success | attempt=1/3 | 0.22s | url=https://www.google.com/maps/search/?api=1&query=407%20L%C3%AA%20Du%E1%BA%A9n%2C%20Tuy%20H%C3%B2a%2C%20%C4%90%E1%BA%AFk%20L%E1%BA%AFk%2056000%2C%20Vi%E1%BB%87t%20Nam%2C%20Ivory%20Hotel%20-%20Ph%C3%BA%20Y%C3%AAn
2026-09-08 08:25:46,785 | INFO | Google Maps address search variant 4/12: Ivory Hotel - Phú Yên, 407 Lê Duẩn, Tuy Hòa, Đắk Lắk 56000, Việt Nam
2026-09-08 08:25:46,785 | INFO | Navigation start | attempt=1/3 | timeout=15000ms | url=https://www.google.com/maps/search/?api=1&query=Ivory%20Hotel%20-%20Ph%C3%BA%20Y%C3%AAn%2C%20407%20L%C3%AA%20Du%E1%BA%A9n%2C%20Tuy%20H%C3%B2a%2C%20%C4%90%E1%BA%AFk%20L%E1%BA%AFk%2056000%2C%20Vi%E1%BB%87t%20Nam
2026-09-08 08:25:47,329 | INFO | Navigation success | attempt=1/3 | 0.54s | url=https://www.google.com/maps/search/?api=1&query=Ivory%20Hotel%20-%20Ph%C3%BA%20Y%C3%AAn%2C%20407%20L%C3%AA%20Du%E1%BA%A9n%2C%20Tuy%20H%C3%B2a%2C%20%C4%90%E1%BA%AFk%20L%E1%BA%AFk%2056000%2C%20Vi%E1%BB%87t%20Nam
2026-09-08 08:25:57,895 | INFO | Google Maps address search variant 5/12: 407 le duan, tuy hoa, đak lak 56000
2026-09-08 08:25:57,896 | INFO | Navigation start | attempt=1/3 | timeout=15000ms | url=https://www.google.com/maps/search/?api=1&query=407%20le%20duan%2C%20tuy%20hoa%2C%20%C4%91ak%20lak%2056000
2026-09-08 08:25:58,077 | INFO | Navigation success | attempt=1/3 | 0.18s | url=https://www.google.com/maps/search/?api=1&query=407%20le%20duan%2C%20tuy%20hoa%2C%20%C4%91ak%20lak%2056000
2026-09-08 08:26:08,339 | INFO | Google Maps address search variant 6/12: tuy hoa, đak lak 56000
2026-09-08 08:26:08,339 | INFO | Navigation start | attempt=1/3 | timeout=15000ms | url=https://www.google.com/maps/search/?api=1&query=tuy%20hoa%2C%20%C4%91ak%20lak%2056000
2026-09-08 08:26:08,843 | INFO | Navigation success | attempt=1/3 | 0.50s | url=https://www.google.com/maps/search/?api=1&query=tuy%20hoa%2C%20%C4%91ak%20lak%2056000
2026-09-08 08:26:19,058 | INFO | Google Maps address search variant 7/12: Ivory Hotel - Phú Yên, 407 le duan, tuy hoa, đak lak 56000
2026-09-08 08:26:19,058 | INFO | Navigation start | attempt=1/3 | timeout=15000ms | url=https://www.google.com/maps/search/?api=1&query=Ivory%20Hotel%20-%20Ph%C3%BA%20Y%C3%AAn%2C%20407%20le%20duan%2C%20tuy%20hoa%2C%20%C4%91ak%20lak%2056000
2026-09-08 08:26:19,630 | INFO | Navigation success | attempt=1/3 | 0.57s | url=https://www.google.com/maps/search/?api=1&query=Ivory%20Hotel%20-%20Ph%C3%BA%20Y%C3%AAn%2C%20407%20le%20duan%2C%20tuy%20hoa%2C%20%C4%91ak%20lak%2056000
2026-09-08 08:26:30,042 | INFO | Google Maps address search variant 8/12: Ivory Hotel - Phú Yên, tuy hoa, đak lak 56000
2026-09-08 08:26:30,043 | INFO | Navigation start | attempt=1/3 | timeout=15000ms | url=https://www.google.com/maps/search/?api=1&query=Ivory%20Hotel%20-%20Ph%C3%BA%20Y%C3%AAn%2C%20tuy%20hoa%2C%20%C4%91ak%20lak%2056000
2026-09-08 08:26:30,286 | INFO | Navigation success | attempt=1/3 | 0.24s | url=https://www.google.com/maps/search/?api=1&query=Ivory%20Hotel%20-%20Ph%C3%BA%20Y%C3%AAn%2C%20tuy%20hoa%2C%20%C4%91ak%20lak%2056000
2026-09-08 08:26:39,736 | INFO | Google Maps address search variant 9/12: Ivory Hotel - Phú Yên, 407 le duan
2026-09-08 08:26:39,736 | INFO | Navigation start | attempt=1/3 | timeout=15000ms | url=https://www.google.com/maps/search/?api=1&query=Ivory%20Hotel%20-%20Ph%C3%BA%20Y%C3%AAn%2C%20407%20le%20duan
2026-09-08 08:26:39,966 | INFO | Navigation success | attempt=1/3 | 0.23s | url=https://www.google.com/maps/search/?api=1&query=Ivory%20Hotel%20-%20Ph%C3%BA%20Y%C3%AAn%2C%20407%20le%20duan
2026-09-08 08:26:49,868 | INFO | Google Maps address search variant 10/12: Ivory Hotel - Phú Yên, tuy hoa
2026-09-08 08:26:49,868 | INFO | Navigation start | attempt=1/3 | timeout=15000ms | url=https://www.google.com/maps/search/?api=1&query=Ivory%20Hotel%20-%20Ph%C3%BA%20Y%C3%AAn%2C%20tuy%20hoa
2026-09-08 08:26:50,117 | INFO | Navigation success | attempt=1/3 | 0.25s | url=https://www.google.com/maps/search/?api=1&query=Ivory%20Hotel%20-%20Ph%C3%BA%20Y%C3%AAn%2C%20tuy%20hoa
2026-09-08 08:27:01,088 | INFO | Google Maps address search variant 11/12: Ivory Hotel - Phú Yên, đak lak 56000
2026-09-08 08:27:01,088 | INFO | Navigation start | attempt=1/3 | timeout=15000ms | url=https://www.google.com/maps/search/?api=1&query=Ivory%20Hotel%20-%20Ph%C3%BA%20Y%C3%AAn%2C%20%C4%91ak%20lak%2056000
2026-09-08 08:27:01,292 | INFO | Navigation success | attempt=1/3 | 0.20s | url=https://www.google.com/maps/search/?api=1&query=Ivory%20Hotel%20-%20Ph%C3%BA%20Y%C3%AAn%2C%20%C4%91ak%20lak%2056000
2026-09-08 08:27:11,902 | WARNING | Google Maps NOT_FOUND / NO_VALID_PLACE_URL: Ivory Hotel - Phú Yên | 407 Lê Duẩn, Tuy Hòa, Đắk Lắk 56000, Việt Nam
2026-09-08 08:27:11,903 | INFO | EXCEL SEARCH RESULT | success=False | reason=NOT_FOUND | google_maps_url=None | url=None | cleaned_url=''
2026-09-08 08:27:13,409 | INFO | Existing URL check | maps_col=google_maps_url | url_col=URL | maps='' | url='' | reusable=''
2026-09-08 08:27:14,016 | WARNING | CURRENT MAPS PLACE TITLE/ADDRESS MISMATCH | input_title='Khách sạn Anh Phát' | actual_title='Ivory Hotel - Phú Yên' | input_address='24, 4 Bùi Thị Xuân, Buôn Ma Thuột, Đắk Lắk 63000, Việt Nam' | actual_address='407 Lê Duẩn, Tuy Hòa, Đắk Lắk 56000, Việt Nam' | url='https://www.google.com/maps/place/Ivory+Hotel+-+Ph%C3%BA+Y%C3%AAn/@13.1064633,109.3102181,17z/data=!3m1!4b1!4m9!3m8!1s0x316fedf27a80d60f:0xbe6dd3b2a6a51ba9!5m2!4m1!1i2!8m2!3d13.1064633!4d109.3102181!16s%2Fg%2F11fvvl72yw?entry=ttu&g_ep=EgoyMDI2MDkwMi4wIKXMDSoASAFQAw%3D%3D'
2026-09-08 08:27:14,016 | INFO | Google Maps title search variant 1/12: Khách sạn Anh Phát
2026-09-08 08:27:14,017 | INFO | Navigation start | attempt=1/3 | timeout=15000ms | url=https://www.google.com/maps/search/?api=1&query=Kh%C3%A1ch%20s%E1%BA%A1n%20Anh%20Ph%C3%A1t
2026-09-08 08:27:14,234 | INFO | Navigation success | attempt=1/3 | 0.22s | url=https://www.google.com/maps/search/?api=1&query=Kh%C3%A1ch%20s%E1%BA%A1n%20Anh%20Ph%C3%A1t
2026-09-08 08:27:26,012 | INFO | Navigation start | attempt=1/3 | timeout=15000ms | url=https://www.google.com/maps/place/Khách+Sạn+Anh+Thành+Phát/data=!4m7!3m6!1s0x317529e3d5d3f013:0x83caf79081a14e97!8m2!3d10.8641875!4d106.6374136!16s/g/11w_tg192s!19sChIJE_DT1eMpdTERl06hgZD3yoM?authuser=0&hl=vi&g_ep=EgoyMDI2MDkwMi4wIJJjKgBIAVAD&rclk=1
2026-09-08 08:27:26,231 | INFO | Navigation success | attempt=1/3 | 0.22s | url=https://www.google.com/maps/place/Khách+Sạn+Anh+Thành+Phát/data=!4m7!3m6!1s0x317529e3d5d3f013:0x83caf79081a14e97!8m2!3d10.8641875!4d106.6374136!16s/g/11w_tg192s!19sChIJE_DT1eMpdTERl06hgZD3yoM?authuser=0&hl=vi&g_ep=EgoyMDI2MDkwMi4wIJJjKgBIAVAD&rclk=1
2026-09-08 08:27:28,455 | INFO | VERIFY CANDIDATE | input_title='Khách sạn Anh Phát' | actual_title='' | input_address='24, 4 Bùi Thị Xuân, Buôn Ma Thuột, Đắk Lắk 63000, Việt Nam' | actual_address='\ue52e' | url='https://www.google.com/maps/place/Kh%C3%A1ch+S%E1%BA%A1n+Anh+Th%C3%A0nh+Ph%C3%A1t/data=!4m7!3m6!1s0x317529e3d5d3f013:0x83caf79081a14e97!8m2!3d10.8641875!4d106.6374136!16s/g/11w_tg192s!19sChIJE_DT1eMpdTERl06hgZD3yoM?authuser=0&hl=vi&g_ep=EgoyMDI2MDkwMi4wIJJjKgBIAVAD&rclk=1' | coordinates=(10.8641875, 106.6)
2026-09-08 08:27:28,459 | INFO | VERIFY FINAL | success=False | reason=TITLE_UNAVAILABLE | title_ok=False | address_ok=False | input_title='Khách sạn Anh Phát' | maps_title='' | input_address='24, 4 Bùi Thị Xuân, Buôn Ma Thuột, Đắk Lắk 63000, Việt Nam' | maps_address='\ue52e' | url='https://www.google.com/maps/place/Kh%C3%A1ch+S%E1%BA%A1n+Anh+Th%C3%A0nh+Ph%C3%A1t/data=!4m7!3m6!1s0x317529e3d5d3f013:0x83caf79081a14e97!8m2!3d10.8641875!4d106.6374136!16s/g/11w_tg192s!19sChIJE_DT1eMpdTERl06hgZD3yoM?authuser=0&hl=vi&g_ep=EgoyMDI2MDkwMi4wIJJjKgBIAVAD&rclk=1'
2026-09-08 08:27:28,461 | INFO | Navigation start | attempt=1/3 | timeout=15000ms | url=https://www.google.com/maps/place/Khách+sạn+Anh-Phát/data=!4m7!3m6!1s0x31754feb973ff03f:0xf8a519a8a95a8172!8m2!3d10.3947799!4d106.7166552!16s/g/11v0zxrlch!19sChIJP_A_l-tPdTERcoFaqagZpfg?authuser=0&hl=vi&g_ep=EgoyMDI2MDkwMi4wIJJjKgBIAVAD&rclk=1
2026-09-08 08:27:28,666 | INFO | Navigation success | attempt=1/3 | 0.21s | url=https://www.google.com/maps/place/Khách+sạn+Anh-Phát/data=!4m7!3m6!1s0x31754feb973ff03f:0xf8a519a8a95a8172!8m2!3d10.3947799!4d106.7166552!16s/g/11v0zxrlch!19sChIJP_A_l-tPdTERcoFaqagZpfg?authuser=0&hl=vi&g_ep=EgoyMDI2MDkwMi4wIJJjKgBIAVAD&rclk=1
2026-09-08 08:27:30,062 | INFO | VERIFY CANDIDATE | input_title='Khách sạn Anh Phát' | actual_title='' | input_address='24, 4 Bùi Thị Xuân, Buôn Ma Thuột, Đắk Lắk 63000, Việt Nam' | actual_address='\ue52e' | url='https://www.google.com/maps/place/Kh%C3%A1ch+s%E1%BA%A1n+Anh-Ph%C3%A1t/data=!4m7!3m6!1s0x31754feb973ff03f:0xf8a519a8a95a8172!8m2!3d10.3947799!4d106.7166552!16s/g/11v0zxrlch!19sChIJP_A_l-tPdTERcoFaqagZpfg?authuser=0&hl=vi&g_ep=EgoyMDI2MDkwMi4wIJJjKgBIAVAD&rclk=1' | coordinates=(10.3947799, 106.7)
2026-09-08 08:27:30,066 | INFO | VERIFY FINAL | success=False | reason=TITLE_UNAVAILABLE | title_ok=False | address_ok=False | input_title='Khách sạn Anh Phát' | maps_title='' | input_address='24, 4 Bùi Thị Xuân, Buôn Ma Thuột, Đắk Lắk 63000, Việt Nam' | maps_address='\ue52e' | url='https://www.google.com/maps/place/Kh%C3%A1ch+s%E1%BA%A1n+Anh-Ph%C3%A1t/data=!4m7!3m6!1s0x31754feb973ff03f:0xf8a519a8a95a8172!8m2!3d10.3947799!4d106.7166552!16s/g/11v0zxrlch!19sChIJP_A_l-tPdTERcoFaqagZpfg?authuser=0&hl=vi&g_ep=EgoyMDI2MDkwMi4wIJJjKgBIAVAD&rclk=1'
2026-09-08 08:27:30,066 | INFO | Navigation start | attempt=1/3 | timeout=15000ms | url=https://www.google.com/maps/place/khách+sạn+phát+lộc+phát(868)/data=!4m10!3m9!1s0x31752d640a65e675:0x3abff398cc94e371!5m2!4m1!1i2!8m2!3d10.768274!4d106.6226717!16s/g/11r7lfnjlf!19sChIJdeZlCmQtdTERceOUzJjzvzo?authuser=0&hl=vi&g_ep=EgoyMDI2MDkwMi4wIJJjKgBIAVAD&rclk=1
2026-09-08 08:27:30,266 | INFO | Navigation success | attempt=1/3 | 0.20s | url=https://www.google.com/maps/place/khách+sạn+phát+lộc+phát(868)/data=!4m10!3m9!1s0x31752d640a65e675:0x3abff398cc94e371!5m2!4m1!1i2!8m2!3d10.768274!4d106.6226717!16s/g/11r7lfnjlf!19sChIJdeZlCmQtdTERceOUzJjzvzo?authuser=0&hl=vi&g_ep=EgoyMDI2MDkwMi4wIJJjKgBIAVAD&rclk=1
2026-09-08 08:27:31,886 | INFO | VERIFY CANDIDATE | input_title='Khách sạn Anh Phát' | actual_title='' | input_address='24, 4 Bùi Thị Xuân, Buôn Ma Thuột, Đắk Lắk 63000, Việt Nam' | actual_address='\ue52e' | url='https://www.google.com/maps/place/kh%C3%A1ch+s%E1%BA%A1n+ph%C3%A1t+l%E1%BB%99c+ph%C3%A1t(868)/data=!4m10!3m9!1s0x31752d640a65e675:0x3abff398cc94e371!5m2!4m1!1i2!8m2!3d10.768274!4d106.6226717!16s/g/11r7lfnjlf!19sChIJdeZlCmQtdTERceOUzJjzvzo?authuser=0&hl=vi&g_ep=EgoyMDI2MDkwMi4wIJJjKgBIAVAD&rclk=1' | coordinates=(10.768274, 106.6)
2026-09-08 08:27:31,899 | INFO | VERIFY FINAL | success=False | reason=TITLE_UNAVAILABLE | title_ok=False | address_ok=False | input_title='Khách sạn Anh Phát' | maps_title='' | input_address='24, 4 Bùi Thị Xuân, Buôn Ma Thuột, Đắk Lắk 63000, Việt Nam' | maps_address='\ue52e' | url='https://www.google.com/maps/place/kh%C3%A1ch+s%E1%BA%A1n+ph%C3%A1t+l%E1%BB%99c+ph%C3%A1t(868)/data=!4m10!3m9!1s0x31752d640a65e675:0x3abff398cc94e371!5m2!4m1!1i2!8m2!3d10.768274!4d106.6226717!16s/g/11r7lfnjlf!19sChIJdeZlCmQtdTERceOUzJjzvzo?authuser=0&hl=vi&g_ep=EgoyMDI2MDkwMi4wIJJjKgBIAVAD&rclk=1'
2026-09-08 08:27:31,900 | INFO | Navigation start | attempt=1/3 | timeout=15000ms | url=https://www.google.com/maps/place/KS+Tú+Anh+Phát/data=!4m10!3m9!1s0x3175274e58e5647b:0x2b6d6b2d3bb9fe5d!5m2!4m1!1i2!8m2!3d10.8232131!4d106.7702276!16s/g/11kr7q3d5j!19sChIJe2TlWE4ndTERXf65Oy1rbSs?authuser=0&hl=vi&g_ep=EgoyMDI2MDkwMi4wIJJjKgBIAVAD&rclk=1
2026-09-08 08:27:32,159 | INFO | Navigation success | attempt=1/3 | 0.26s | url=https://www.google.com/maps/place/KS+Tú+Anh+Phát/data=!4m10!3m9!1s0x3175274e58e5647b:0x2b6d6b2d3bb9fe5d!5m2!4m1!1i2!8m2!3d10.8232131!4d106.7702276!16s/g/11kr7q3d5j!19sChIJe2TlWE4ndTERXf65Oy1rbSs?authuser=0&hl=vi&g_ep=EgoyMDI2MDkwMi4wIJJjKgBIAVAD&rclk=1
2026-09-08 08:27:33,706 | INFO | VERIFY CANDIDATE | input_title='Khách sạn Anh Phát' | actual_title='' | input_address='24, 4 Bùi Thị Xuân, Buôn Ma Thuột, Đắk Lắk 63000, Việt Nam' | actual_address='\ue52e' | url='https://www.google.com/maps/place/KS+T%C3%BA+Anh+Ph%C3%A1t/data=!4m10!3m9!1s0x3175274e58e5647b:0x2b6d6b2d3bb9fe5d!5m2!4m1!1i2!8m2!3d10.8232131!4d106.7702276!16s/g/11kr7q3d5j!19sChIJe2TlWE4ndTERXf65Oy1rbSs?authuser=0&hl=vi&g_ep=EgoyMDI2MDkwMi4wIJJjKgBIAVAD&rclk=1' | coordinates=(10.8232131, 106.7)
2026-09-08 08:27:33,711 | INFO | VERIFY FINAL | success=False | reason=TITLE_UNAVAILABLE | title_ok=False | address_ok=False | input_title='Khách sạn Anh Phát' | maps_title='' | input_address='24, 4 Bùi Thị Xuân, Buôn Ma Thuột, Đắk Lắk 63000, Việt Nam' | maps_address='\ue52e' | url='https://www.google.com/maps/place/KS+T%C3%BA+Anh+Ph%C3%A1t/data=!4m10!3m9!1s0x3175274e58e5647b:0x2b6d6b2d3bb9fe5d!5m2!4m1!1i2!8m2!3d10.8232131!4d106.7702276!16s/g/11kr7q3d5j!19sChIJe2TlWE4ndTERXf65Oy1rbSs?authuser=0&hl=vi&g_ep=EgoyMDI2MDkwMi4wIJJjKgBIAVAD&rclk=1'
2026-09-08 08:27:33,715 | INFO | Navigation start | attempt=1/3 | timeout=15000ms | url=https://www.google.com/maps/place/Hoang+Anh+Phat+hotel/data=!4m7!3m6!1s0x317527f8c5712223:0xff894922770d3f32!8m2!3d10.8257135!4d106.8096158!16s/g/11mv1mhzlm!19sChIJIyJxxfgndTERMj8NdyJJif8?authuser=0&hl=vi&g_ep=EgoyMDI2MDkwMi4wIJJjKgBIAVAD&rclk=1
2026-09-08 08:27:33,942 | INFO | Navigation success | attempt=1/3 | 0.23s | url=https://www.google.com/maps/place/Hoang+Anh+Phat+hotel/data=!4m7!3m6!1s0x317527f8c5712223:0xff894922770d3f32!8m2!3d10.8257135!4d106.8096158!16s/g/11mv1mhzlm!19sChIJIyJxxfgndTERMj8NdyJJif8?authuser=0&hl=vi&g_ep=EgoyMDI2MDkwMi4wIJJjKgBIAVAD&rclk=1
2026-09-08 08:27:35,760 | INFO | VERIFY CANDIDATE | input_title='Khách sạn Anh Phát' | actual_title='' | input_address='24, 4 Bùi Thị Xuân, Buôn Ma Thuột, Đắk Lắk 63000, Việt Nam' | actual_address='\ue52e' | url='https://www.google.com/maps/place/Hoang+Anh+Phat+hotel/data=!4m7!3m6!1s0x317527f8c5712223:0xff894922770d3f32!8m2!3d10.8257135!4d106.8096158!16s/g/11mv1mhzlm!19sChIJIyJxxfgndTERMj8NdyJJif8?authuser=0&hl=vi&g_ep=EgoyMDI2MDkwMi4wIJJjKgBIAVAD&rclk=1' | coordinates=(10.8257135, 106.8)
2026-09-08 08:27:35,763 | INFO | VERIFY FINAL | success=False | reason=TITLE_UNAVAILABLE | title_ok=False | address_ok=False | input_title='Khách sạn Anh Phát' | maps_title='' | input_address='24, 4 Bùi Thị Xuân, Buôn Ma Thuột, Đắk Lắk 63000, Việt Nam' | maps_address='\ue52e' | url='https://www.google.com/maps/place/Hoang+Anh+Phat+hotel/data=!4m7!3m6!1s0x317527f8c5712223:0xff894922770d3f32!8m2!3d10.8257135!4d106.8096158!16s/g/11mv1mhzlm!19sChIJIyJxxfgndTERMj8NdyJJif8?authuser=0&hl=vi&g_ep=EgoyMDI2MDkwMi4wIJJjKgBIAVAD&rclk=1'
2026-09-08 08:27:35,764 | INFO | Navigation start | attempt=1/3 | timeout=15000ms | url=https://www.google.com/maps/place/The+Glasshouse+Place/data=!4m10!3m9!1s0x304d8c36f5ab31cf:0x8b9cb206a63725d2!5m2!4m1!1i2!8m2!3d7.555402!4d99.614822!16s/g/11cllhqt_7!19sChIJzzGr9TaMTTAR0iU3pgaynIs?authuser=0&hl=vi&g_ep=EgoyMDI2MDkwMi4wIJJjKgBIAVAD&rclk=1
2026-09-08 08:27:35,977 | INFO | Navigation success | attempt=1/3 | 0.21s | url=https://www.google.com/maps/place/The+Glasshouse+Place/data=!4m10!3m9!1s0x304d8c36f5ab31cf:0x8b9cb206a63725d2!5m2!4m1!1i2!8m2!3d7.555402!4d99.614822!16s/g/11cllhqt_7!19sChIJzzGr9TaMTTAR0iU3pgaynIs?authuser=0&hl=vi&g_ep=EgoyMDI2MDkwMi4wIJJjKgBIAVAD&rclk=1
2026-09-08 08:27:38,490 | INFO | VERIFY CANDIDATE | input_title='Khách sạn Anh Phát' | actual_title='' | input_address='24, 4 Bùi Thị Xuân, Buôn Ma Thuột, Đắk Lắk 63000, Việt Nam' | actual_address='\ue52e' | url='https://www.google.com/maps/place/The+Glasshouse+Place/data=!4m10!3m9!1s0x304d8c36f5ab31cf:0x8b9cb206a63725d2!5m2!4m1!1i2!8m2!3d7.555402!4d99.614822!16s/g/11cllhqt_7!19sChIJzzGr9TaMTTAR0iU3pgaynIs?authuser=0&hl=vi&g_ep=EgoyMDI2MDkwMi4wIJJjKgBIAVAD&rclk=1' | coordinates=(7.555402, 99.6)
2026-09-08 08:27:38,494 | INFO | VERIFY FINAL | success=False | reason=TITLE_UNAVAILABLE | title_ok=False | address_ok=False | input_title='Khách sạn Anh Phát' | maps_title='' | input_address='24, 4 Bùi Thị Xuân, Buôn Ma Thuột, Đắk Lắk 63000, Việt Nam' | maps_address='\ue52e' | url='https://www.google.com/maps/place/The+Glasshouse+Place/data=!4m10!3m9!1s0x304d8c36f5ab31cf:0x8b9cb206a63725d2!5m2!4m1!1i2!8m2!3d7.555402!4d99.614822!16s/g/11cllhqt_7!19sChIJzzGr9TaMTTAR0iU3pgaynIs?authuser=0&hl=vi&g_ep=EgoyMDI2MDkwMi4wIJJjKgBIAVAD&rclk=1'
2026-09-08 08:27:38,495 | INFO | Navigation start | attempt=1/3 | timeout=15000ms | url=https://www.google.com/maps/place/Ban+Ao+Thong/data=!4m10!3m9!1s0x304d8c4c1f7f5b4f:0x63f016400b2a65b5!5m2!4m1!1i2!8m2!3d7.553932!4d99.604927!16s/g/11b73mqq57!19sChIJT1t_H0yMTTARtWUqC0AW8GM?authuser=0&hl=vi&g_ep=EgoyMDI2MDkwMi4wIJJjKgBIAVAD&rclk=1
2026-09-08 08:27:38,690 | INFO | Navigation success | attempt=1/3 | 0.19s | url=https://www.google.com/maps/place/Ban+Ao+Thong/data=!4m10!3m9!1s0x304d8c4c1f7f5b4f:0x63f016400b2a65b5!5m2!4m1!1i2!8m2!3d7.553932!4d99.604927!16s/g/11b73mqq57!19sChIJT1t_H0yMTTARtWUqC0AW8GM?authuser=0&hl=vi&g_ep=EgoyMDI2MDkwMi4wIJJjKgBIAVAD&rclk=1
2026-09-08 08:27:41,188 | INFO | VERIFY CANDIDATE | input_title='Khách sạn Anh Phát' | actual_title='' | input_address='24, 4 Bùi Thị Xuân, Buôn Ma Thuột, Đắk Lắk 63000, Việt Nam' | actual_address='\ue52e' | url='https://www.google.com/maps/place/Ban+Ao+Thong/data=!4m10!3m9!1s0x304d8c4c1f7f5b4f:0x63f016400b2a65b5!5m2!4m1!1i2!8m2!3d7.553932!4d99.604927!16s/g/11b73mqq57!19sChIJT1t_H0yMTTARtWUqC0AW8GM?authuser=0&hl=vi&g_ep=EgoyMDI2MDkwMi4wIJJjKgBIAVAD&rclk=1' | coordinates=(7.553932, 99.6)
2026-09-08 08:27:41,192 | INFO | VERIFY FINAL | success=False | reason=TITLE_UNAVAILABLE | title_ok=False | address_ok=False | input_title='Khách sạn Anh Phát' | maps_title='' | input_address='24, 4 Bùi Thị Xuân, Buôn Ma Thuột, Đắk Lắk 63000, Việt Nam' | maps_address='\ue52e' | url='https://www.google.com/maps/place/Ban+Ao+Thong/data=!4m10!3m9!1s0x304d8c4c1f7f5b4f:0x63f016400b2a65b5!5m2!4m1!1i2!8m2!3d7.553932!4d99.604927!16s/g/11b73mqq57!19sChIJT1t_H0yMTTARtWUqC0AW8GM?authuser=0&hl=vi&g_ep=EgoyMDI2MDkwMi4wIJJjKgBIAVAD&rclk=1'
2026-09-08 08:27:41,192 | INFO | Google Maps address search variant 2/12: 24, 4 Bùi Thị Xuân, Buôn Ma Thuột, Đắk Lắk 63000, Việt Nam
2026-09-08 08:27:41,193 | INFO | Navigation start | attempt=1/3 | timeout=15000ms | url=https://www.google.com/maps/search/?api=1&query=24%2C%204%20B%C3%B9i%20Th%E1%BB%8B%20Xu%C3%A2n%2C%20Bu%C3%B4n%20Ma%20Thu%E1%BB%99t%2C%20%C4%90%E1%BA%AFk%20L%E1%BA%AFk%2063000%2C%20Vi%E1%BB%87t%20Nam
2026-09-08 08:27:41,401 | INFO | Navigation success | attempt=1/3 | 0.21s | url=https://www.google.com/maps/search/?api=1&query=24%2C%204%20B%C3%B9i%20Th%E1%BB%8B%20Xu%C3%A2n%2C%20Bu%C3%B4n%20Ma%20Thu%E1%BB%99t%2C%20%C4%90%E1%BA%AFk%20L%E1%BA%AFk%2063000%2C%20Vi%E1%BB%87t%20Nam
2026-09-08 08:27:50,400 | INFO | Google Maps address search variant 3/12: 24, 4 Bùi Thị Xuân, Buôn Ma Thuột, Đắk Lắk 63000, Việt Nam, Khách sạn Anh Phát
2026-09-08 08:27:50,404 | INFO | Navigation start | attempt=1/3 | timeout=15000ms | url=https://www.google.com/maps/search/?api=1&query=24%2C%204%20B%C3%B9i%20Th%E1%BB%8B%20Xu%C3%A2n%2C%20Bu%C3%B4n%20Ma%20Thu%E1%BB%99t%2C%20%C4%90%E1%BA%AFk%20L%E1%BA%AFk%2063000%2C%20Vi%E1%BB%87t%20Nam%2C%20Kh%C3%A1ch%20s%E1%BA%A1n%20Anh%20Ph%C3%A1t
2026-09-08 08:27:50,645 | INFO | Navigation success | attempt=1/3 | 0.24s | url=https://www.google.com/maps/search/?api=1&query=24%2C%204%20B%C3%B9i%20Th%E1%BB%8B%20Xu%C3%A2n%2C%20Bu%C3%B4n%20Ma%20Thu%E1%BB%99t%2C%20%C4%90%E1%BA%AFk%20L%E1%BA%AFk%2063000%2C%20Vi%E1%BB%87t%20Nam%2C%20Kh%C3%A1ch%20s%E1%BA%A1n%20Anh%20Ph%C3%A1t
2026-09-08 08:28:02,588 | INFO | Google Maps address search variant 4/12: Khách sạn Anh Phát, 24, 4 Bùi Thị Xuân, Buôn Ma Thuột, Đắk Lắk 63000, Việt Nam
2026-09-08 08:28:02,588 | INFO | Navigation start | attempt=1/3 | timeout=15000ms | url=https://www.google.com/maps/search/?api=1&query=Kh%C3%A1ch%20s%E1%BA%A1n%20Anh%20Ph%C3%A1t%2C%2024%2C%204%20B%C3%B9i%20Th%E1%BB%8B%20Xu%C3%A2n%2C%20Bu%C3%B4n%20Ma%20Thu%E1%BB%99t%2C%20%C4%90%E1%BA%AFk%20L%E1%BA%AFk%2063000%2C%20Vi%E1%BB%87t%20Nam
2026-09-08 08:28:02,842 | INFO | Navigation success | attempt=1/3 | 0.25s | url=https://www.google.com/maps/search/?api=1&query=Kh%C3%A1ch%20s%E1%BA%A1n%20Anh%20Ph%C3%A1t%2C%2024%2C%204%20B%C3%B9i%20Th%E1%BB%8B%20Xu%C3%A2n%2C%20Bu%C3%B4n%20Ma%20Thu%E1%BB%99t%2C%20%C4%90%E1%BA%AFk%20L%E1%BA%AFk%2063000%2C%20Vi%E1%BB%87t%20Nam
2026-09-08 08:28:10,949 | INFO | Google Maps address search variant 5/12: 4 bui thi xuan, buon ma thuot, đak lak 63000
2026-09-08 08:28:10,949 | INFO | Navigation start | attempt=1/3 | timeout=15000ms | url=https://www.google.com/maps/search/?api=1&query=4%20bui%20thi%20xuan%2C%20buon%20ma%20thuot%2C%20%C4%91ak%20lak%2063000
2026-09-08 08:28:11,173 | INFO | Navigation success | attempt=1/3 | 0.22s | url=https://www.google.com/maps/search/?api=1&query=4%20bui%20thi%20xuan%2C%20buon%20ma%20thuot%2C%20%C4%91ak%20lak%2063000
2026-09-08 08:28:20,279 | INFO | Google Maps address search variant 6/12: buon ma thuot, đak lak 63000
2026-09-08 08:28:20,279 | INFO | Navigation start | attempt=1/3 | timeout=15000ms | url=https://www.google.com/maps/search/?api=1&query=buon%20ma%20thuot%2C%20%C4%91ak%20lak%2063000
2026-09-08 08:28:20,522 | INFO | Navigation success | attempt=1/3 | 0.24s | url=https://www.google.com/maps/search/?api=1&query=buon%20ma%20thuot%2C%20%C4%91ak%20lak%2063000
2026-09-08 08:28:30,712 | INFO | Google Maps address search variant 7/12: Khách sạn Anh Phát, 4 bui thi xuan, buon ma thuot, đak lak 63000
2026-09-08 08:28:30,712 | INFO | Navigation start | attempt=1/3 | timeout=15000ms | url=https://www.google.com/maps/search/?api=1&query=Kh%C3%A1ch%20s%E1%BA%A1n%20Anh%20Ph%C3%A1t%2C%204%20bui%20thi%20xuan%2C%20buon%20ma%20thuot%2C%20%C4%91ak%20lak%2063000
2026-09-08 08:28:30,928 | INFO | Navigation success | attempt=1/3 | 0.22s | url=https://www.google.com/maps/search/?api=1&query=Kh%C3%A1ch%20s%E1%BA%A1n%20Anh%20Ph%C3%A1t%2C%204%20bui%20thi%20xuan%2C%20buon%20ma%20thuot%2C%20%C4%91ak%20lak%2063000
2026-09-08 08:28:40,731 | INFO | Google Maps address search variant 8/12: Khách sạn Anh Phát, buon ma thuot, đak lak 63000
2026-09-08 08:28:40,733 | INFO | Navigation start | attempt=1/3 | timeout=15000ms | url=https://www.google.com/maps/search/?api=1&query=Kh%C3%A1ch%20s%E1%BA%A1n%20Anh%20Ph%C3%A1t%2C%20buon%20ma%20thuot%2C%20%C4%91ak%20lak%2063000
2026-09-08 08:28:41,234 | INFO | Navigation success | attempt=1/3 | 0.50s | url=https://www.google.com/maps/search/?api=1&query=Kh%C3%A1ch%20s%E1%BA%A1n%20Anh%20Ph%C3%A1t%2C%20buon%20ma%20thuot%2C%20%C4%91ak%20lak%2063000
2026-09-08 08:28:51,076 | INFO | Google Maps address search variant 9/12: Khách sạn Anh Phát, 4 bui thi xuan
2026-09-08 08:28:51,077 | INFO | Navigation start | attempt=1/3 | timeout=15000ms | url=https://www.google.com/maps/search/?api=1&query=Kh%C3%A1ch%20s%E1%BA%A1n%20Anh%20Ph%C3%A1t%2C%204%20bui%20thi%20xuan
2026-09-08 08:28:51,353 | INFO | Navigation success | attempt=1/3 | 0.28s | url=https://www.google.com/maps/search/?api=1&query=Kh%C3%A1ch%20s%E1%BA%A1n%20Anh%20Ph%C3%A1t%2C%204%20bui%20thi%20xuan
2026-09-08 08:29:02,170 | INFO | Google Maps address search variant 10/12: Khách sạn Anh Phát, buon ma thuot
2026-09-08 08:29:02,170 | INFO | Navigation start | attempt=1/3 | timeout=15000ms | url=https://www.google.com/maps/search/?api=1&query=Kh%C3%A1ch%20s%E1%BA%A1n%20Anh%20Ph%C3%A1t%2C%20buon%20ma%20thuot
2026-09-08 08:29:02,706 | INFO | Navigation success | attempt=1/3 | 0.54s | url=https://www.google.com/maps/search/?api=1&query=Kh%C3%A1ch%20s%E1%BA%A1n%20Anh%20Ph%C3%A1t%2C%20buon%20ma%20thuot
2026-09-08 08:29:12,364 | INFO | Google Maps address search variant 11/12: Khách sạn Anh Phát, đak lak 63000
2026-09-08 08:29:12,364 | INFO | Navigation start | attempt=1/3 | timeout=15000ms | url=https://www.google.com/maps/search/?api=1&query=Kh%C3%A1ch%20s%E1%BA%A1n%20Anh%20Ph%C3%A1t%2C%20%C4%91ak%20lak%2063000
2026-09-08 08:29:12,591 | INFO | Navigation success | attempt=1/3 | 0.23s | url=https://www.google.com/maps/search/?api=1&query=Kh%C3%A1ch%20s%E1%BA%A1n%20Anh%20Ph%C3%A1t%2C%20%C4%91ak%20lak%2063000
2026-09-08 08:29:22,058 | WARNING | Google Maps NOT_FOUND / NO_VALID_PLACE_URL: Khách sạn Anh Phát | 24, 4 Bùi Thị Xuân, Buôn Ma Thuột, Đắk Lắk 63000, Việt Nam
2026-09-08 08:29:22,059 | INFO | EXCEL SEARCH RESULT | success=False | reason=NOT_FOUND | google_maps_url=None | url=None | cleaned_url=''
2026-09-08 08:29:23,797 | INFO | Existing URL check | maps_col=google_maps_url | url_col=URL | maps='' | url='' | reusable=''
2026-09-08 08:29:23,956 | WARNING | CURRENT MAPS PLACE TITLE/ADDRESS MISMATCH | input_title='Khách sạn Đam San' | actual_title='Khách sạn Anh Phát' | input_address='212 Nguyễn Công Trứ, Buôn Ma Thuột, Đắk Lắk, Việt Nam' | actual_address='\ue0c8 2/4, 4 Bùi Thị Xuân, Buôn Ma Thuột, Đắk Lắk 63000, Việt Nam' | url='https://www.google.com/maps/place/Kh%C3%A1ch+s%E1%BA%A1n+Anh+Ph%C3%A1t/@12.6850084,108.0546294,17z/data=!3m1!4b1!4m9!3m8!1s0x3171f7d14fe31897:0x5eef7fcac0f2d07d!5m2!4m1!1i2!8m2!3d12.6850084!4d108.0546294!16s%2Fg%2F11f29y0dzy?entry=ttu&g_ep=EgoyMDI2MDkwMi4wIKXMDSoASAFQAw%3D%3D'
2026-09-08 08:29:23,956 | INFO | Google Maps title search variant 1/12: Khách sạn Đam San
2026-09-08 08:29:23,957 | INFO | Navigation start | attempt=1/3 | timeout=15000ms | url=https://www.google.com/maps/search/?api=1&query=Kh%C3%A1ch%20s%E1%BA%A1n%20%C4%90am%20San
2026-09-08 08:29:24,184 | INFO | Navigation success | attempt=1/3 | 0.23s | url=https://www.google.com/maps/search/?api=1&query=Kh%C3%A1ch%20s%E1%BA%A1n%20%C4%90am%20San
2026-09-08 08:29:34,588 | INFO | Google Maps address search variant 2/12: 212 Nguyễn Công Trứ, Buôn Ma Thuột, Đắk Lắk, Việt Nam
2026-09-08 08:29:34,588 | INFO | Navigation start | attempt=1/3 | timeout=15000ms | url=https://www.google.com/maps/search/?api=1&query=212%20Nguy%E1%BB%85n%20C%C3%B4ng%20Tr%E1%BB%A9%2C%20Bu%C3%B4n%20Ma%20Thu%E1%BB%99t%2C%20%C4%90%E1%BA%AFk%20L%E1%BA%AFk%2C%20Vi%E1%BB%87t%20Nam
2026-09-08 08:29:34,809 | INFO | Navigation success | attempt=1/3 | 0.22s | url=https://www.google.com/maps/search/?api=1&query=212%20Nguy%E1%BB%85n%20C%C3%B4ng%20Tr%E1%BB%A9%2C%20Bu%C3%B4n%20Ma%20Thu%E1%BB%99t%2C%20%C4%90%E1%BA%AFk%20L%E1%BA%AFk%2C%20Vi%E1%BB%87t%20Nam
2026-09-08 08:29:44,393 | INFO | Google Maps address search variant 3/12: 212 Nguyễn Công Trứ, Buôn Ma Thuột, Đắk Lắk, Việt Nam, Khách sạn Đam San
2026-09-08 08:29:44,394 | INFO | Navigation start | attempt=1/3 | timeout=15000ms | url=https://www.google.com/maps/search/?api=1&query=212%20Nguy%E1%BB%85n%20C%C3%B4ng%20Tr%E1%BB%A9%2C%20Bu%C3%B4n%20Ma%20Thu%E1%BB%99t%2C%20%C4%90%E1%BA%AFk%20L%E1%BA%AFk%2C%20Vi%E1%BB%87t%20Nam%2C%20Kh%C3%A1ch%20s%E1%BA%A1n%20%C4%90am%20San
2026-09-08 08:29:44,612 | INFO | Navigation success | attempt=1/3 | 0.22s | url=https://www.google.com/maps/search/?api=1&query=212%20Nguy%E1%BB%85n%20C%C3%B4ng%20Tr%E1%BB%A9%2C%20Bu%C3%B4n%20Ma%20Thu%E1%BB%99t%2C%20%C4%90%E1%BA%AFk%20L%E1%BA%AFk%2C%20Vi%E1%BB%87t%20Nam%2C%20Kh%C3%A1ch%20s%E1%BA%A1n%20%C4%90am%20San
2026-09-08 08:29:55,461 | INFO | Google Maps address search variant 4/12: Khách sạn Đam San, 212 Nguyễn Công Trứ, Buôn Ma Thuột, Đắk Lắk, Việt Nam
2026-09-08 08:29:55,461 | INFO | Navigation start | attempt=1/3 | timeout=15000ms | url=https://www.google.com/maps/search/?api=1&query=Kh%C3%A1ch%20s%E1%BA%A1n%20%C4%90am%20San%2C%20212%20Nguy%E1%BB%85n%20C%C3%B4ng%20Tr%E1%BB%A9%2C%20Bu%C3%B4n%20Ma%20Thu%E1%BB%99t%2C%20%C4%90%E1%BA%AFk%20L%E1%BA%AFk%2C%20Vi%E1%BB%87t%20Nam
2026-09-08 08:29:55,729 | INFO | Navigation success | attempt=1/3 | 0.27s | url=https://www.google.com/maps/search/?api=1&query=Kh%C3%A1ch%20s%E1%BA%A1n%20%C4%90am%20San%2C%20212%20Nguy%E1%BB%85n%20C%C3%B4ng%20Tr%E1%BB%A9%2C%20Bu%C3%B4n%20Ma%20Thu%E1%BB%99t%2C%20%C4%90%E1%BA%AFk%20L%E1%BA%AFk%2C%20Vi%E1%BB%87t%20Nam
2026-09-08 08:30:04,722 | INFO | Google Maps address search variant 5/12: 212 nguyen cong tru, buon ma thuot, đak lak
2026-09-08 08:30:04,723 | INFO | Navigation start | attempt=1/3 | timeout=15000ms | url=https://www.google.com/maps/search/?api=1&query=212%20nguyen%20cong%20tru%2C%20buon%20ma%20thuot%2C%20%C4%91ak%20lak
2026-09-08 08:30:04,942 | INFO | Navigation success | attempt=1/3 | 0.22s | url=https://www.google.com/maps/search/?api=1&query=212%20nguyen%20cong%20tru%2C%20buon%20ma%20thuot%2C%20%C4%91ak%20lak
2026-09-08 08:30:14,790 | INFO | Google Maps address search variant 6/12: buon ma thuot, đak lak
2026-09-08 08:30:14,791 | INFO | Navigation start | attempt=1/3 | timeout=15000ms | url=https://www.google.com/maps/search/?api=1&query=buon%20ma%20thuot%2C%20%C4%91ak%20lak
2026-09-08 08:30:15,296 | INFO | Navigation success | attempt=1/3 | 0.50s | url=https://www.google.com/maps/search/?api=1&query=buon%20ma%20thuot%2C%20%C4%91ak%20lak
2026-09-08 08:30:24,757 | INFO | Google Maps address search variant 7/12: Khách sạn Đam San, 212 nguyen cong tru, buon ma thuot, đak lak
2026-09-08 08:30:24,757 | INFO | Navigation start | attempt=1/3 | timeout=15000ms | url=https://www.google.com/maps/search/?api=1&query=Kh%C3%A1ch%20s%E1%BA%A1n%20%C4%90am%20San%2C%20212%20nguyen%20cong%20tru%2C%20buon%20ma%20thuot%2C%20%C4%91ak%20lak
2026-09-08 08:30:24,970 | INFO | Navigation success | attempt=1/3 | 0.21s | url=https://www.google.com/maps/search/?api=1&query=Kh%C3%A1ch%20s%E1%BA%A1n%20%C4%90am%20San%2C%20212%20nguyen%20cong%20tru%2C%20buon%20ma%20thuot%2C%20%C4%91ak%20lak
2026-09-08 08:30:35,968 | INFO | Google Maps address search variant 8/12: Khách sạn Đam San, buon ma thuot, đak lak
2026-09-08 08:30:35,968 | INFO | Navigation start | attempt=1/3 | timeout=15000ms | url=https://www.google.com/maps/search/?api=1&query=Kh%C3%A1ch%20s%E1%BA%A1n%20%C4%90am%20San%2C%20buon%20ma%20thuot%2C%20%C4%91ak%20lak
2026-09-08 08:30:36,262 | INFO | Navigation success | attempt=1/3 | 0.29s | url=https://www.google.com/maps/search/?api=1&query=Kh%C3%A1ch%20s%E1%BA%A1n%20%C4%90am%20San%2C%20buon%20ma%20thuot%2C%20%C4%91ak%20lak
2026-09-08 08:30:46,217 | INFO | Google Maps address search variant 9/12: Khách sạn Đam San, 212 nguyen cong tru
2026-09-08 08:30:46,217 | INFO | Navigation start | attempt=1/3 | timeout=15000ms | url=https://www.google.com/maps/search/?api=1&query=Kh%C3%A1ch%20s%E1%BA%A1n%20%C4%90am%20San%2C%20212%20nguyen%20cong%20tru
2026-09-08 08:30:46,451 | INFO | Navigation success | attempt=1/3 | 0.23s | url=https://www.google.com/maps/search/?api=1&query=Kh%C3%A1ch%20s%E1%BA%A1n%20%C4%90am%20San%2C%20212%20nguyen%20cong%20tru
2026-09-08 08:30:56,993 | INFO | Google Maps address search variant 10/12: Khách sạn Đam San, buon ma thuot
2026-09-08 08:30:56,993 | INFO | Navigation start | attempt=1/3 | timeout=15000ms | url=https://www.google.com/maps/search/?api=1&query=Kh%C3%A1ch%20s%E1%BA%A1n%20%C4%90am%20San%2C%20buon%20ma%20thuot
2026-09-08 08:30:57,212 | INFO | Navigation success | attempt=1/3 | 0.22s | url=https://www.google.com/maps/search/?api=1&query=Kh%C3%A1ch%20s%E1%BA%A1n%20%C4%90am%20San%2C%20buon%20ma%20thuot
2026-09-08 08:31:06,973 | INFO | Google Maps address search variant 11/12: Khách sạn Đam San, đak lak
2026-09-08 08:31:06,974 | INFO | Navigation start | attempt=1/3 | timeout=15000ms | url=https://www.google.com/maps/search/?api=1&query=Kh%C3%A1ch%20s%E1%BA%A1n%20%C4%90am%20San%2C%20%C4%91ak%20lak
2026-09-08 08:31:07,185 | INFO | Navigation success | attempt=1/3 | 0.21s | url=https://www.google.com/maps/search/?api=1&query=Kh%C3%A1ch%20s%E1%BA%A1n%20%C4%90am%20San%2C%20%C4%91ak%20lak
2026-09-08 08:31:18,015 | WARNING | Google Maps NOT_FOUND / NO_VALID_PLACE_URL: Khách sạn Đam San | 212 Nguyễn Công Trứ, Buôn Ma Thuột, Đắk Lắk, Việt Nam
2026-09-08 08:31:18,015 | INFO | EXCEL SEARCH RESULT | success=False | reason=NOT_FOUND | google_maps_url=None | url=None | cleaned_url=''
2026-09-08 08:31:19,466 | INFO | Existing URL check | maps_col=google_maps_url | url_col=URL | maps='' | url='' | reusable=''
2026-09-08 08:31:19,830 | WARNING | CURRENT MAPS PLACE TITLE/ADDRESS MISMATCH | input_title='Khách sạn Hoàng Lộc' | actual_title='Khách sạn Đam San' | input_address='07 - 09 Y Bih Alêô, P, Buôn Ma Thuột, Đắk Lắk 63000, Việt Nam' | actual_address='\ue0c8 212 Nguyễn Công Trứ, Buôn Ma Thuột, Đắk Lắk, Việt Nam' | url='https://www.google.com/maps/place/Kh%C3%A1ch+s%E1%BA%A1n+%C4%90am+San/@12.6803817,108.05331,17z/data=!4m9!3m8!1s0x3171f62ad2148855:0x399b775fcb9e697c!5m2!4m1!1i2!8m2!3d12.6803817!4d108.05331!16s%2Fg%2F1tdpjkzp?entry=ttu&g_ep=EgoyMDI2MDkwMi4wIKXMDSoASAFQAw%3D%3D'
2026-09-08 08:31:19,831 | INFO | Google Maps title search variant 1/12: Khách sạn Hoàng Lộc
2026-09-08 08:31:19,831 | INFO | Navigation start | attempt=1/3 | timeout=15000ms | url=https://www.google.com/maps/search/?api=1&query=Kh%C3%A1ch%20s%E1%BA%A1n%20Ho%C3%A0ng%20L%E1%BB%99c
2026-09-08 08:31:20,072 | INFO | Navigation success | attempt=1/3 | 0.24s | url=https://www.google.com/maps/search/?api=1&query=Kh%C3%A1ch%20s%E1%BA%A1n%20Ho%C3%A0ng%20L%E1%BB%99c
2026-09-08 08:31:31,742 | INFO | Navigation start | attempt=1/3 | timeout=15000ms | url=https://www.google.com/maps/place/Khách+Sạn+Hoàng+Thiên+Lộc/data=!4m10!3m9!1s0x31752946bde53981:0x95926a2126c1d221!5m2!4m1!1i2!8m2!3d10.8070942!4d106.6477966!16s/g/1hc8npb5y!19sChIJgTnlvUYpdTERIdLBJiFqkpU?authuser=0&hl=vi&g_ep=EgoyMDI2MDkwMi4wIJJjKgBIAVAD&rclk=1
2026-09-08 08:31:32,166 | INFO | Navigation success | attempt=1/3 | 0.42s | url=https://www.google.com/maps/place/Khách+Sạn+Hoàng+Thiên+Lộc/data=!4m10!3m9!1s0x31752946bde53981:0x95926a2126c1d221!5m2!4m1!1i2!8m2!3d10.8070942!4d106.6477966!16s/g/1hc8npb5y!19sChIJgTnlvUYpdTERIdLBJiFqkpU?authuser=0&hl=vi&g_ep=EgoyMDI2MDkwMi4wIJJjKgBIAVAD&rclk=1
2026-09-08 08:31:33,038 | INFO | VERIFY CANDIDATE | input_title='Khách sạn Hoàng Lộc' | actual_title='' | input_address='07 - 09 Y Bih Alêô, P, Buôn Ma Thuột, Đắk Lắk 63000, Việt Nam' | actual_address='\ue52e' | url='https://www.google.com/maps/place/Kh%C3%A1ch+S%E1%BA%A1n+Ho%C3%A0ng+Thi%C3%AAn+L%E1%BB%99c/data=!4m10!3m9!1s0x31752946bde53981:0x95926a2126c1d221!5m2!4m1!1i2!8m2!3d10.8070942!4d106.6477966!16s/g/1hc8npb5y!19sChIJgTnlvUYpdTERIdLBJiFqkpU?authuser=0&hl=vi&g_ep=EgoyMDI2MDkwMi4wIJJjKgBIAVAD&rclk=1' | coordinates=(10.8070942, 106.6)
2026-09-08 08:31:33,042 | INFO | VERIFY FINAL | success=False | reason=TITLE_UNAVAILABLE | title_ok=False | address_ok=False | input_title='Khách sạn Hoàng Lộc' | maps_title='' | input_address='07 - 09 Y Bih Alêô, P, Buôn Ma Thuột, Đắk Lắk 63000, Việt Nam' | maps_address='\ue52e' | url='https://www.google.com/maps/place/Kh%C3%A1ch+S%E1%BA%A1n+Ho%C3%A0ng+Thi%C3%AAn+L%E1%BB%99c/data=!4m10!3m9!1s0x31752946bde53981:0x95926a2126c1d221!5m2!4m1!1i2!8m2!3d10.8070942!4d106.6477966!16s/g/1hc8npb5y!19sChIJgTnlvUYpdTERIdLBJiFqkpU?authuser=0&hl=vi&g_ep=EgoyMDI2MDkwMi4wIJJjKgBIAVAD&rclk=1'
2026-09-08 08:31:33,043 | INFO | Navigation start | attempt=1/3 | timeout=15000ms | url=https://www.google.com/maps/place/Khách+sạn+Hoàng+Lộc/data=!4m10!3m9!1s0x3171f7d6e3b6444b:0xe11804224d89e039!5m2!4m1!1i2!8m2!3d12.6872329!4d108.0519091!16s/g/1vh_5wgq!19sChIJS0S249b3cTEROeCJTSIEGOE?authuser=0&hl=vi&g_ep=EgoyMDI2MDkwMi4wIJJjKgBIAVAD&rclk=1
2026-09-08 08:31:33,237 | INFO | Navigation success | attempt=1/3 | 0.19s | url=https://www.google.com/maps/place/Khách+sạn+Hoàng+Lộc/data=!4m10!3m9!1s0x3171f7d6e3b6444b:0xe11804224d89e039!5m2!4m1!1i2!8m2!3d12.6872329!4d108.0519091!16s/g/1vh_5wgq!19sChIJS0S249b3cTEROeCJTSIEGOE?authuser=0&hl=vi&g_ep=EgoyMDI2MDkwMi4wIJJjKgBIAVAD&rclk=1
2026-09-08 08:31:34,006 | INFO | VERIFY CANDIDATE | input_title='Khách sạn Hoàng Lộc' | actual_title='' | input_address='07 - 09 Y Bih Alêô, P, Buôn Ma Thuột, Đắk Lắk 63000, Việt Nam' | actual_address='\ue52e' | url='https://www.google.com/maps/place/Kh%C3%A1ch+s%E1%BA%A1n+Ho%C3%A0ng+L%E1%BB%99c/data=!4m10!3m9!1s0x3171f7d6e3b6444b:0xe11804224d89e039!5m2!4m1!1i2!8m2!3d12.6872329!4d108.0519091!16s/g/1vh_5wgq!19sChIJS0S249b3cTEROeCJTSIEGOE?authuser=0&hl=vi&g_ep=EgoyMDI2MDkwMi4wIJJjKgBIAVAD&rclk=1' | coordinates=(12.6872329, 108.0)
2026-09-08 08:31:34,009 | INFO | VERIFY FINAL | success=False | reason=TITLE_UNAVAILABLE | title_ok=False | address_ok=False | input_title='Khách sạn Hoàng Lộc' | maps_title='' | input_address='07 - 09 Y Bih Alêô, P, Buôn Ma Thuột, Đắk Lắk 63000, Việt Nam' | maps_address='\ue52e' | url='https://www.google.com/maps/place/Kh%C3%A1ch+s%E1%BA%A1n+Ho%C3%A0ng+L%E1%BB%99c/data=!4m10!3m9!1s0x3171f7d6e3b6444b:0xe11804224d89e039!5m2!4m1!1i2!8m2!3d12.6872329!4d108.0519091!16s/g/1vh_5wgq!19sChIJS0S249b3cTEROeCJTSIEGOE?authuser=0&hl=vi&g_ep=EgoyMDI2MDkwMi4wIJJjKgBIAVAD&rclk=1'
2026-09-08 08:31:34,009 | INFO | Navigation start | attempt=1/3 | timeout=15000ms | url=https://www.google.com/maps/place/Hoàng+Lộc/data=!4m7!3m6!1s0x3174c52244f72267:0x5879dd4a8a4fbeb!8m2!3d11.0739797!4d106.7961541!16s/g/11lr1qpfn5!19sChIJZyL3RCLFdDER6_ukqNSdhwU?authuser=0&hl=vi&g_ep=EgoyMDI2MDkwMi4wIJJjKgBIAVAD&rclk=1
2026-09-08 08:31:34,202 | INFO | Navigation success | attempt=1/3 | 0.19s | url=https://www.google.com/maps/place/Hoàng+Lộc/data=!4m7!3m6!1s0x3174c52244f72267:0x5879dd4a8a4fbeb!8m2!3d11.0739797!4d106.7961541!16s/g/11lr1qpfn5!19sChIJZyL3RCLFdDER6_ukqNSdhwU?authuser=0&hl=vi&g_ep=EgoyMDI2MDkwMi4wIJJjKgBIAVAD&rclk=1
2026-09-08 08:31:35,318 | INFO | VERIFY CANDIDATE | input_title='Khách sạn Hoàng Lộc' | actual_title='Hoằng Lộc' | input_address='07 - 09 Y Bih Alêô, P, Buôn Ma Thuột, Đắk Lắk 63000, Việt Nam' | actual_address='Hoằng Lộc' | url='https://www.google.com/maps/place/Ho%C3%A0ng+L%E1%BB%99c/data=!4m7!3m6!1s0x3174c52244f72267:0x5879dd4a8a4fbeb!8m2!3d11.0739797!4d106.7961541!16s/g/11lr1qpfn5!19sChIJZyL3RCLFdDER6_ukqNSdhwU?authuser=0&hl=vi&g_ep=EgoyMDI2MDkwMi4wIJJjKgBIAVAD&rclk=1' | coordinates=(11.0739797, 106.7)
2026-09-08 08:31:35,325 | INFO | VERIFY FINAL | success=True | reason=TITLE_VERIFIED_ADDRESS_REPAIRED | title_ok=True | address_ok=False | input_title='Khách sạn Hoàng Lộc' | maps_title='Hoằng Lộc' | input_address='07 - 09 Y Bih Alêô, P, Buôn Ma Thuột, Đắk Lắk 63000, Việt Nam' | maps_address='Hoằng Lộc' | url='https://www.google.com/maps/place/Ho%C3%A0ng+L%E1%BB%99c/data=!4m7!3m6!1s0x3174c52244f72267:0x5879dd4a8a4fbeb!8m2!3d11.0739797!4d106.7961541!16s/g/11lr1qpfn5!19sChIJZyL3RCLFdDER6_ukqNSdhwU?authuser=0&hl=vi&g_ep=EgoyMDI2MDkwMi4wIJJjKgBIAVAD&rclk=1'
2026-09-08 08:31:35,326 | INFO | Google Maps SUCCESS: Khách sạn Hoàng Lộc | Hoằng Lộc | url=https://www.google.com/maps/place/Ho%C3%A0ng+L%E1%BB%99c/data=!4m7!3m6!1s0x3174c52244f72267:0x5879dd4a8a4fbeb!8m2!3d11.0739797!4d106.7961541!16s/g/11lr1qpfn5!19sChIJZyL3RCLFdDER6_ukqNSdhwU?authuser=0&hl=vi&g_ep=EgoyMDI2MDkwMi4wIJJjKgBIAVAD&rclk=1 | reason=TITLE_VERIFIED_ADDRESS_REPAIRED
2026-09-08 08:31:35,326 | INFO | EXCEL SEARCH RESULT | success=True | reason=TITLE_VERIFIED_ADDRESS_REPAIRED | google_maps_url='https://www.google.com/maps/place/Ho%C3%A0ng+L%E1%BB%99c/data=!4m7!3m6!1s0x3174c52244f72267:0x5879dd4a8a4fbeb!8m2!3d11.0739797!4d106.7961541!16s/g/11lr1qpfn5!19sChIJZyL3RCLFdDER6_ukqNSdhwU?authuser=0&hl=vi&g_ep=EgoyMDI2MDkwMi4wIJJjKgBIAVAD&rclk=1' | url='https://www.google.com/maps/place/Ho%C3%A0ng+L%E1%BB%99c/data=!4m7!3m6!1s0x3174c52244f72267:0x5879dd4a8a4fbeb!8m2!3d11.0739797!4d106.7961541!16s/g/11lr1qpfn5!19sChIJZyL3RCLFdDER6_ukqNSdhwU?authuser=0&hl=vi&g_ep=EgoyMDI2MDkwMi4wIJJjKgBIAVAD&rclk=1' | cleaned_url='https://www.google.com/maps/place/Ho%C3%A0ng+L%E1%BB%99c/data=!4m7!3m6!1s0x3174c52244f72267:0x5879dd4a8a4fbeb!8m2!3d11.0739797!4d106.7961541!16s/g/11lr1qpfn5!19sChIJZyL3RCLFdDER6_ukqNSdhwU?authuser=0&hl=vi&g_ep=EgoyMDI2MDkwMi4wIJJjKgBIAVAD&rclk=1'
2026-09-08 08:31:35,372 | INFO | PROMOTE VERIFIED MAPS METADATA | title_verified=True | address_verified=False | maps_title='Hoằng Lộc' | maps_address='Hoằng Lộc'
2026-09-08 08:31:36,062 | INFO | Existing URL check | maps_col=google_maps_url | url_col=URL | maps='' | url='' | reusable=''
2026-09-08 08:31:36,218 | WARNING | CURRENT MAPS PLACE TITLE/ADDRESS MISMATCH | input_title='KHÁCH SẠN MỸ NGỌC' | actual_title='Hoằng Lộc' | input_address='20 Ngô Gia Tự, Tân An, Đắk Lắk 630000, Việt Nam' | actual_address='Hoằng Lộc' | url='https://www.google.com/maps/place/Ho%C3%A0ng+L%E1%BB%99c/data=!4m7!3m6!1s0x3174c52244f72267:0x5879dd4a8a4fbeb!8m2!3d11.0739797!4d106.7961541!16s/g/11lr1qpfn5!19sChIJZyL3RCLFdDER6_ukqNSdhwU?authuser=0&hl=vi&g_ep=EgoyMDI2MDkwMi4wIJJjKgBIAVAD&rclk=1'
2026-09-08 08:31:36,219 | INFO | Google Maps title search variant 1/12: KHÁCH SẠN MỸ NGỌC
2026-09-08 08:31:36,219 | INFO | Navigation start | attempt=1/3 | timeout=15000ms | url=https://www.google.com/maps/search/?api=1&query=KH%C3%81CH%20S%E1%BA%A0N%20M%E1%BB%B8%20NG%E1%BB%8CC
2026-09-08 08:31:36,460 | INFO | Navigation success | attempt=1/3 | 0.24s | url=https://www.google.com/maps/search/?api=1&query=KH%C3%81CH%20S%E1%BA%A0N%20M%E1%BB%B8%20NG%E1%BB%8CC
2026-09-08 08:31:46,280 | INFO | Navigation start | attempt=1/3 | timeout=15000ms | url=https://www.google.com/maps/place/Khách+Sạn+Mỹ+Ngọc/data=!4m7!3m6!1s0x31752a0c2272e23f:0x120c077aa76f3777!8m2!3d10.874421!4d106.6109794!16s/g/1hc53szhv!19sChIJP-JyIgwqdTERdzdvp3oHDBI?authuser=0&hl=vi&g_ep=EgoyMDI2MDkwMi4wIJJjKgBIAVAD&rclk=1
2026-09-08 08:31:46,526 | INFO | Navigation success | attempt=1/3 | 0.25s | url=https://www.google.com/maps/place/Khách+Sạn+Mỹ+Ngọc/data=!4m7!3m6!1s0x31752a0c2272e23f:0x120c077aa76f3777!8m2!3d10.874421!4d106.6109794!16s/g/1hc53szhv!19sChIJP-JyIgwqdTERdzdvp3oHDBI?authuser=0&hl=vi&g_ep=EgoyMDI2MDkwMi4wIJJjKgBIAVAD&rclk=1
2026-09-08 08:31:47,823 | INFO | VERIFY CANDIDATE | input_title='KHÁCH SẠN MỸ NGỌC' | actual_title='' | input_address='20 Ngô Gia Tự, Tân An, Đắk Lắk 630000, Việt Nam' | actual_address='\ue52e' | url='https://www.google.com/maps/place/Kh%C3%A1ch+S%E1%BA%A1n+M%E1%BB%B9+Ng%E1%BB%8Dc/data=!4m7!3m6!1s0x31752a0c2272e23f:0x120c077aa76f3777!8m2!3d10.874421!4d106.6109794!16s/g/1hc53szhv!19sChIJP-JyIgwqdTERdzdvp3oHDBI?authuser=0&hl=vi&g_ep=EgoyMDI2MDkwMi4wIJJjKgBIAVAD&rclk=1' | coordinates=(10.874421, 106.6)
2026-09-08 08:31:47,826 | INFO | VERIFY FINAL | success=False | reason=TITLE_UNAVAILABLE | title_ok=False | address_ok=False | input_title='KHÁCH SẠN MỸ NGỌC' | maps_title='' | input_address='20 Ngô Gia Tự, Tân An, Đắk Lắk 630000, Việt Nam' | maps_address='\ue52e' | url='https://www.google.com/maps/place/Kh%C3%A1ch+S%E1%BA%A1n+M%E1%BB%B9+Ng%E1%BB%8Dc/data=!4m7!3m6!1s0x31752a0c2272e23f:0x120c077aa76f3777!8m2!3d10.874421!4d106.6109794!16s/g/1hc53szhv!19sChIJP-JyIgwqdTERdzdvp3oHDBI?authuser=0&hl=vi&g_ep=EgoyMDI2MDkwMi4wIJJjKgBIAVAD&rclk=1'
2026-09-08 08:31:47,827 | INFO | Navigation start | attempt=1/3 | timeout=15000ms | url=https://www.google.com/maps/place/KHÁCH+SẠN+MỸ+NGỌC/data=!4m10!3m9!1s0x3171f7c457a96501:0x413e76435538e32!5m2!4m1!1i2!8m2!3d12.6926211!4d108.0625434!16s/g/11fklg60qt!19sChIJAWWpV8T3cTERMo5TNWTnEwQ?authuser=0&hl=vi&g_ep=EgoyMDI2MDkwMi4wIJJjKgBIAVAD&rclk=1
2026-09-08 08:31:48,028 | INFO | Navigation success | attempt=1/3 | 0.20s | url=https://www.google.com/maps/place/KHÁCH+SẠN+MỸ+NGỌC/data=!4m10!3m9!1s0x3171f7c457a96501:0x413e76435538e32!5m2!4m1!1i2!8m2!3d12.6926211!4d108.0625434!16s/g/11fklg60qt!19sChIJAWWpV8T3cTERMo5TNWTnEwQ?authuser=0&hl=vi&g_ep=EgoyMDI2MDkwMi4wIJJjKgBIAVAD&rclk=1
2026-09-08 08:31:49,325 | INFO | VERIFY CANDIDATE | input_title='KHÁCH SẠN MỸ NGỌC' | actual_title='' | input_address='20 Ngô Gia Tự, Tân An, Đắk Lắk 630000, Việt Nam' | actual_address='\ue52e' | url='https://www.google.com/maps/place/KH%C3%81CH+S%E1%BA%A0N+M%E1%BB%B8+NG%E1%BB%8CC/data=!4m10!3m9!1s0x3171f7c457a96501:0x413e76435538e32!5m2!4m1!1i2!8m2!3d12.6926211!4d108.0625434!16s/g/11fklg60qt!19sChIJAWWpV8T3cTERMo5TNWTnEwQ?authuser=0&hl=vi&g_ep=EgoyMDI2MDkwMi4wIJJjKgBIAVAD&rclk=1' | coordinates=(12.6926211, 108.0)
2026-09-08 08:31:49,336 | INFO | VERIFY FINAL | success=False | reason=TITLE_UNAVAILABLE | title_ok=False | address_ok=False | input_title='KHÁCH SẠN MỸ NGỌC' | maps_title='' | input_address='20 Ngô Gia Tự, Tân An, Đắk Lắk 630000, Việt Nam' | maps_address='\ue52e' | url='https://www.google.com/maps/place/KH%C3%81CH+S%E1%BA%A0N+M%E1%BB%B8+NG%E1%BB%8CC/data=!4m10!3m9!1s0x3171f7c457a96501:0x413e76435538e32!5m2!4m1!1i2!8m2!3d12.6926211!4d108.0625434!16s/g/11fklg60qt!19sChIJAWWpV8T3cTERMo5TNWTnEwQ?authuser=0&hl=vi&g_ep=EgoyMDI2MDkwMi4wIJJjKgBIAVAD&rclk=1'
2026-09-08 08:31:49,337 | INFO | Navigation start | attempt=1/3 | timeout=15000ms | url=https://www.google.com/maps/place/Khách+Sạn+Hoàng+Ngọc/data=!4m7!3m6!1s0x31752fa52b5a07e9:0xb92d1467c0101941!8m2!3d10.7350342!4d106.6907661!16s/g/1hc74mvyy!19sChIJ6QdaK6UvdTERQRkQwGcULbk?authuser=0&hl=vi&g_ep=EgoyMDI2MDkwMi4wIJJjKgBIAVAD&rclk=1
2026-09-08 08:31:49,542 | INFO | Navigation success | attempt=1/3 | 0.20s | url=https://www.google.com/maps/place/Khách+Sạn+Hoàng+Ngọc/data=!4m7!3m6!1s0x31752fa52b5a07e9:0xb92d1467c0101941!8m2!3d10.7350342!4d106.6907661!16s/g/1hc74mvyy!19sChIJ6QdaK6UvdTERQRkQwGcULbk?authuser=0&hl=vi&g_ep=EgoyMDI2MDkwMi4wIJJjKgBIAVAD&rclk=1
2026-09-08 08:31:50,885 | INFO | VERIFY CANDIDATE | input_title='KHÁCH SẠN MỸ NGỌC' | actual_title='' | input_address='20 Ngô Gia Tự, Tân An, Đắk Lắk 630000, Việt Nam' | actual_address='\ue52e' | url='https://www.google.com/maps/place/Kh%C3%A1ch+S%E1%BA%A1n+Ho%C3%A0ng+Ng%E1%BB%8Dc/data=!4m7!3m6!1s0x31752fa52b5a07e9:0xb92d1467c0101941!8m2!3d10.7350342!4d106.6907661!16s/g/1hc74mvyy!19sChIJ6QdaK6UvdTERQRkQwGcULbk?authuser=0&hl=vi&g_ep=EgoyMDI2MDkwMi4wIJJjKgBIAVAD&rclk=1' | coordinates=(10.7350342, 106.6)
2026-09-08 08:31:50,888 | INFO | VERIFY FINAL | success=False | reason=TITLE_UNAVAILABLE | title_ok=False | address_ok=False | input_title='KHÁCH SẠN MỸ NGỌC' | maps_title='' | input_address='20 Ngô Gia Tự, Tân An, Đắk Lắk 630000, Việt Nam' | maps_address='\ue52e' | url='https://www.google.com/maps/place/Kh%C3%A1ch+S%E1%BA%A1n+Ho%C3%A0ng+Ng%E1%BB%8Dc/data=!4m7!3m6!1s0x31752fa52b5a07e9:0xb92d1467c0101941!8m2!3d10.7350342!4d106.6907661!16s/g/1hc74mvyy!19sChIJ6QdaK6UvdTERQRkQwGcULbk?authuser=0&hl=vi&g_ep=EgoyMDI2MDkwMi4wIJJjKgBIAVAD&rclk=1'
2026-09-08 08:31:50,888 | INFO | Navigation start | attempt=1/3 | timeout=15000ms | url=https://www.google.com/maps/place/Khách+Sạn+Ngọc+Mỹ+Hương/data=!4m7!3m6!1s0x310b2b899413c489:0x8b64f582da2e42f6!8m2!3d10.9746897!4d106.4711937!16s/g/11k2vlt3lq!19sChIJicQTlIkrCzER9kIu2oL1ZIs?authuser=0&hl=vi&g_ep=EgoyMDI2MDkwMi4wIJJjKgBIAVAD&rclk=1
2026-09-08 08:31:51,164 | INFO | Navigation success | attempt=1/3 | 0.28s | url=https://www.google.com/maps/place/Khách+Sạn+Ngọc+Mỹ+Hương/data=!4m7!3m6!1s0x310b2b899413c489:0x8b64f582da2e42f6!8m2!3d10.9746897!4d106.4711937!16s/g/11k2vlt3lq!19sChIJicQTlIkrCzER9kIu2oL1ZIs?authuser=0&hl=vi&g_ep=EgoyMDI2MDkwMi4wIJJjKgBIAVAD&rclk=1
2026-09-08 08:31:52,334 | INFO | VERIFY CANDIDATE | input_title='KHÁCH SẠN MỸ NGỌC' | actual_title='' | input_address='20 Ngô Gia Tự, Tân An, Đắk Lắk 630000, Việt Nam' | actual_address='\ue52e' | url='https://www.google.com/maps/place/Kh%C3%A1ch+S%E1%BA%A1n+Ng%E1%BB%8Dc+M%E1%BB%B9+H%C6%B0%C6%A1ng/data=!4m7!3m6!1s0x310b2b899413c489:0x8b64f582da2e42f6!8m2!3d10.9746897!4d106.4711937!16s/g/11k2vlt3lq!19sChIJicQTlIkrCzER9kIu2oL1ZIs?authuser=0&hl=vi&g_ep=EgoyMDI2MDkwMi4wIJJjKgBIAVAD&rclk=1' | coordinates=(10.9746897, 106.4)
2026-09-08 08:31:52,337 | INFO | VERIFY FINAL | success=False | reason=TITLE_UNAVAILABLE | title_ok=False | address_ok=False | input_title='KHÁCH SẠN MỸ NGỌC' | maps_title='' | input_address='20 Ngô Gia Tự, Tân An, Đắk Lắk 630000, Việt Nam' | maps_address='\ue52e' | url='https://www.google.com/maps/place/Kh%C3%A1ch+S%E1%BA%A1n+Ng%E1%BB%8Dc+M%E1%BB%B9+H%C6%B0%C6%A1ng/data=!4m7!3m6!1s0x310b2b899413c489:0x8b64f582da2e42f6!8m2!3d10.9746897!4d106.4711937!16s/g/11k2vlt3lq!19sChIJicQTlIkrCzER9kIu2oL1ZIs?authuser=0&hl=vi&g_ep=EgoyMDI2MDkwMi4wIJJjKgBIAVAD&rclk=1'
2026-09-08 08:31:52,337 | INFO | Navigation start | attempt=1/3 | timeout=15000ms | url=https://www.google.com/maps/place/Khách+Sạn+Ngọc+Chiến/data=!4m7!3m6!1s0x31752a3b36c89fa3:0x1a5a70e2d4f1cf4f!8m2!3d10.8521686!4d106.6168072!16s/g/11c57dd9lp!19sChIJo5_INjsqdTERT8_x1OJwWho?authuser=0&hl=vi&g_ep=EgoyMDI2MDkwMi4wIJJjKgBIAVAD&rclk=1
2026-09-08 08:31:52,549 | INFO | Navigation success | attempt=1/3 | 0.21s | url=https://www.google.com/maps/place/Khách+Sạn+Ngọc+Chiến/data=!4m7!3m6!1s0x31752a3b36c89fa3:0x1a5a70e2d4f1cf4f!8m2!3d10.8521686!4d106.6168072!16s/g/11c57dd9lp!19sChIJo5_INjsqdTERT8_x1OJwWho?authuser=0&hl=vi&g_ep=EgoyMDI2MDkwMi4wIJJjKgBIAVAD&rclk=1
2026-09-08 08:31:53,559 | INFO | VERIFY CANDIDATE | input_title='KHÁCH SẠN MỸ NGỌC' | actual_title='' | input_address='20 Ngô Gia Tự, Tân An, Đắk Lắk 630000, Việt Nam' | actual_address='\ue52e' | url='https://www.google.com/maps/place/Kh%C3%A1ch+S%E1%BA%A1n+Ng%E1%BB%8Dc+Chi%E1%BA%BFn/data=!4m7!3m6!1s0x31752a3b36c89fa3:0x1a5a70e2d4f1cf4f!8m2!3d10.8521686!4d106.6168072!16s/g/11c57dd9lp!19sChIJo5_INjsqdTERT8_x1OJwWho?authuser=0&hl=vi&g_ep=EgoyMDI2MDkwMi4wIJJjKgBIAVAD&rclk=1' | coordinates=(10.8521686, 106.6)
2026-09-08 08:31:53,563 | INFO | VERIFY FINAL | success=False | reason=TITLE_UNAVAILABLE | title_ok=False | address_ok=False | input_title='KHÁCH SẠN MỸ NGỌC' | maps_title='' | input_address='20 Ngô Gia Tự, Tân An, Đắk Lắk 630000, Việt Nam' | maps_address='\ue52e' | url='https://www.google.com/maps/place/Kh%C3%A1ch+S%E1%BA%A1n+Ng%E1%BB%8Dc+Chi%E1%BA%BFn/data=!4m7!3m6!1s0x31752a3b36c89fa3:0x1a5a70e2d4f1cf4f!8m2!3d10.8521686!4d106.6168072!16s/g/11c57dd9lp!19sChIJo5_INjsqdTERT8_x1OJwWho?authuser=0&hl=vi&g_ep=EgoyMDI2MDkwMi4wIJJjKgBIAVAD&rclk=1'
2026-09-08 08:31:53,564 | INFO | Navigation start | attempt=1/3 | timeout=15000ms | url=https://www.google.com/maps/place/Nhà+Nghỉ+Mỹ+Ngọc/data=!4m7!3m6!1s0x31751234cf8e70cd:0x541fe4ae12446309!8m2!3d10.5774031!4d107.0546381!16s/g/11b67xbwnx!19sChIJzXCOzzQSdTERCWNEEq7kH1Q?authuser=0&hl=vi&g_ep=EgoyMDI2MDkwMi4wIJJjKgBIAVAD&rclk=1
2026-09-08 08:31:53,763 | INFO | Navigation success | attempt=1/3 | 0.20s | url=https://www.google.com/maps/place/Nhà+Nghỉ+Mỹ+Ngọc/data=!4m7!3m6!1s0x31751234cf8e70cd:0x541fe4ae12446309!8m2!3d10.5774031!4d107.0546381!16s/g/11b67xbwnx!19sChIJzXCOzzQSdTERCWNEEq7kH1Q?authuser=0&hl=vi&g_ep=EgoyMDI2MDkwMi4wIJJjKgBIAVAD&rclk=1
2026-09-08 08:31:54,776 | INFO | VERIFY CANDIDATE | input_title='KHÁCH SẠN MỸ NGỌC' | actual_title='' | input_address='20 Ngô Gia Tự, Tân An, Đắk Lắk 630000, Việt Nam' | actual_address='\ue52e' | url='https://www.google.com/maps/place/Nh%C3%A0+Ngh%E1%BB%89+M%E1%BB%B9+Ng%E1%BB%8Dc/data=!4m7!3m6!1s0x31751234cf8e70cd:0x541fe4ae12446309!8m2!3d10.5774031!4d107.0546381!16s/g/11b67xbwnx!19sChIJzXCOzzQSdTERCWNEEq7kH1Q?authuser=0&hl=vi&g_ep=EgoyMDI2MDkwMi4wIJJjKgBIAVAD&rclk=1' | coordinates=(10.5774031, 107.0)
2026-09-08 08:31:54,779 | INFO | VERIFY FINAL | success=False | reason=TITLE_UNAVAILABLE | title_ok=False | address_ok=False | input_title='KHÁCH SẠN MỸ NGỌC' | maps_title='' | input_address='20 Ngô Gia Tự, Tân An, Đắk Lắk 630000, Việt Nam' | maps_address='\ue52e' | url='https://www.google.com/maps/place/Nh%C3%A0+Ngh%E1%BB%89+M%E1%BB%B9+Ng%E1%BB%8Dc/data=!4m7!3m6!1s0x31751234cf8e70cd:0x541fe4ae12446309!8m2!3d10.5774031!4d107.0546381!16s/g/11b67xbwnx!19sChIJzXCOzzQSdTERCWNEEq7kH1Q?authuser=0&hl=vi&g_ep=EgoyMDI2MDkwMi4wIJJjKgBIAVAD&rclk=1'
2026-09-08 08:31:54,780 | INFO | Navigation start | attempt=1/3 | timeout=15000ms | url=https://www.google.com/maps/place/Khách+Sạn+Ngọc+Khuê/data=!4m7!3m6!1s0x31752a212b98f833:0x913e4689c2d11db2!8m2!3d10.8614592!4d106.6174486!16s/g/1tcv3tdt!19sChIJM_iYKyEqdTERsh3RwolGPpE?authuser=0&hl=vi&g_ep=EgoyMDI2MDkwMi4wIJJjKgBIAVAD&rclk=1
2026-09-08 08:31:54,973 | INFO | Navigation success | attempt=1/3 | 0.19s | url=https://www.google.com/maps/place/Khách+Sạn+Ngọc+Khuê/data=!4m7!3m6!1s0x31752a212b98f833:0x913e4689c2d11db2!8m2!3d10.8614592!4d106.6174486!16s/g/1tcv3tdt!19sChIJM_iYKyEqdTERsh3RwolGPpE?authuser=0&hl=vi&g_ep=EgoyMDI2MDkwMi4wIJJjKgBIAVAD&rclk=1
2026-09-08 08:31:55,870 | INFO | VERIFY CANDIDATE | input_title='KHÁCH SẠN MỸ NGỌC' | actual_title='' | input_address='20 Ngô Gia Tự, Tân An, Đắk Lắk 630000, Việt Nam' | actual_address='\ue52e' | url='https://www.google.com/maps/place/Kh%C3%A1ch+S%E1%BA%A1n+Ng%E1%BB%8Dc+Khu%C3%AA/data=!4m7!3m6!1s0x31752a212b98f833:0x913e4689c2d11db2!8m2!3d10.8614592!4d106.6174486!16s/g/1tcv3tdt!19sChIJM_iYKyEqdTERsh3RwolGPpE?authuser=0&hl=vi&g_ep=EgoyMDI2MDkwMi4wIJJjKgBIAVAD&rclk=1' | coordinates=(10.8614592, 106.6)
2026-09-08 08:31:55,874 | INFO | VERIFY FINAL | success=False | reason=TITLE_UNAVAILABLE | title_ok=False | address_ok=False | input_title='KHÁCH SẠN MỸ NGỌC' | maps_title='' | input_address='20 Ngô Gia Tự, Tân An, Đắk Lắk 630000, Việt Nam' | maps_address='\ue52e' | url='https://www.google.com/maps/place/Kh%C3%A1ch+S%E1%BA%A1n+Ng%E1%BB%8Dc+Khu%C3%AA/data=!4m7!3m6!1s0x31752a212b98f833:0x913e4689c2d11db2!8m2!3d10.8614592!4d106.6174486!16s/g/1tcv3tdt!19sChIJM_iYKyEqdTERsh3RwolGPpE?authuser=0&hl=vi&g_ep=EgoyMDI2MDkwMi4wIJJjKgBIAVAD&rclk=1'
2026-09-08 08:31:55,874 | INFO | Navigation start | attempt=1/3 | timeout=15000ms | url=https://www.google.com/maps/place/Khách+sạn+Mỹ+Ngọc/data=!4m10!3m9!1s0x31a0629f39c0cff5:0xd117183338d3be77!5m2!4m1!1i2!8m2!3d10.0307424!4d105.7872112!16s/g/11f4qdfgt3!19sChIJ9c_AOZ9ioDERd77TODMYF9E?authuser=0&hl=vi&g_ep=EgoyMDI2MDkwMi4wIJJjKgBIAVAD&rclk=1
2026-09-08 08:31:56,084 | INFO | Navigation success | attempt=1/3 | 0.21s | url=https://www.google.com/maps/place/Khách+sạn+Mỹ+Ngọc/data=!4m10!3m9!1s0x31a0629f39c0cff5:0xd117183338d3be77!5m2!4m1!1i2!8m2!3d10.0307424!4d105.7872112!16s/g/11f4qdfgt3!19sChIJ9c_AOZ9ioDERd77TODMYF9E?authuser=0&hl=vi&g_ep=EgoyMDI2MDkwMi4wIJJjKgBIAVAD&rclk=1
2026-09-08 08:31:57,214 | INFO | VERIFY CANDIDATE | input_title='KHÁCH SẠN MỸ NGỌC' | actual_title='' | input_address='20 Ngô Gia Tự, Tân An, Đắk Lắk 630000, Việt Nam' | actual_address='\ue52e' | url='https://www.google.com/maps/place/Kh%C3%A1ch+s%E1%BA%A1n+M%E1%BB%B9+Ng%E1%BB%8Dc/data=!4m10!3m9!1s0x31a0629f39c0cff5:0xd117183338d3be77!5m2!4m1!1i2!8m2!3d10.0307424!4d105.7872112!16s/g/11f4qdfgt3!19sChIJ9c_AOZ9ioDERd77TODMYF9E?authuser=0&hl=vi&g_ep=EgoyMDI2MDkwMi4wIJJjKgBIAVAD&rclk=1' | coordinates=(10.0307424, 105.7)
2026-09-08 08:31:57,217 | INFO | VERIFY FINAL | success=False | reason=TITLE_UNAVAILABLE | title_ok=False | address_ok=False | input_title='KHÁCH SẠN MỸ NGỌC' | maps_title='' | input_address='20 Ngô Gia Tự, Tân An, Đắk Lắk 630000, Việt Nam' | maps_address='\ue52e' | url='https://www.google.com/maps/place/Kh%C3%A1ch+s%E1%BA%A1n+M%E1%BB%B9+Ng%E1%BB%8Dc/data=!4m10!3m9!1s0x31a0629f39c0cff5:0xd117183338d3be77!5m2!4m1!1i2!8m2!3d10.0307424!4d105.7872112!16s/g/11f4qdfgt3!19sChIJ9c_AOZ9ioDERd77TODMYF9E?authuser=0&hl=vi&g_ep=EgoyMDI2MDkwMi4wIJJjKgBIAVAD&rclk=1'
2026-09-08 08:31:57,218 | INFO | Navigation start | attempt=1/3 | timeout=15000ms | url=https://www.google.com/maps/place/Nhà+Nghỉ+Mỹ+Ngọc/data=!4m7!3m6!1s0x3174d7a18bd9653f:0x9e8b7c5d4b1833b2!8m2!3d10.9149189!4d106.6979933!16s/g/11h0wjw5h!19sChIJP2XZi6HXdDERsjMYS118i54?authuser=0&hl=vi&g_ep=EgoyMDI2MDkwMi4wIJJjKgBIAVAD&rclk=1
2026-09-08 08:31:57,468 | INFO | Navigation success | attempt=1/3 | 0.25s | url=https://www.google.com/maps/place/Nhà+Nghỉ+Mỹ+Ngọc/data=!4m7!3m6!1s0x3174d7a18bd9653f:0x9e8b7c5d4b1833b2!8m2!3d10.9149189!4d106.6979933!16s/g/11h0wjw5h!19sChIJP2XZi6HXdDERsjMYS118i54?authuser=0&hl=vi&g_ep=EgoyMDI2MDkwMi4wIJJjKgBIAVAD&rclk=1
2026-09-08 08:31:58,461 | INFO | VERIFY CANDIDATE | input_title='KHÁCH SẠN MỸ NGỌC' | actual_title='' | input_address='20 Ngô Gia Tự, Tân An, Đắk Lắk 630000, Việt Nam' | actual_address='\ue52e' | url='https://www.google.com/maps/place/Nh%C3%A0+Ngh%E1%BB%89+M%E1%BB%B9+Ng%E1%BB%8Dc/data=!4m7!3m6!1s0x3174d7a18bd9653f:0x9e8b7c5d4b1833b2!8m2!3d10.9149189!4d106.6979933!16s/g/11h0wjw5h!19sChIJP2XZi6HXdDERsjMYS118i54?authuser=0&hl=vi&g_ep=EgoyMDI2MDkwMi4wIJJjKgBIAVAD&rclk=1' | coordinates=(10.9149189, 106.6)
2026-09-08 08:31:58,465 | INFO | VERIFY FINAL | success=False | reason=TITLE_UNAVAILABLE | title_ok=False | address_ok=False | input_title='KHÁCH SẠN MỸ NGỌC' | maps_title='' | input_address='20 Ngô Gia Tự, Tân An, Đắk Lắk 630000, Việt Nam' | maps_address='\ue52e' | url='https://www.google.com/maps/place/Nh%C3%A0+Ngh%E1%BB%89+M%E1%BB%B9+Ng%E1%BB%8Dc/data=!4m7!3m6!1s0x3174d7a18bd9653f:0x9e8b7c5d4b1833b2!8m2!3d10.9149189!4d106.6979933!16s/g/11h0wjw5h!19sChIJP2XZi6HXdDERsjMYS118i54?authuser=0&hl=vi&g_ep=EgoyMDI2MDkwMi4wIJJjKgBIAVAD&rclk=1'
2026-09-08 08:31:58,466 | INFO | Google Maps address search variant 2/12: 20 Ngô Gia Tự, Tân An, Đắk Lắk 630000, Việt Nam
2026-09-08 08:31:58,466 | INFO | Navigation start | attempt=1/3 | timeout=15000ms | url=https://www.google.com/maps/search/?api=1&query=20%20Ng%C3%B4%20Gia%20T%E1%BB%B1%2C%20T%C3%A2n%20An%2C%20%C4%90%E1%BA%AFk%20L%E1%BA%AFk%20630000%2C%20Vi%E1%BB%87t%20Nam
2026-09-08 08:31:58,677 | INFO | Navigation success | attempt=1/3 | 0.21s | url=https://www.google.com/maps/search/?api=1&query=20%20Ng%C3%B4%20Gia%20T%E1%BB%B1%2C%20T%C3%A2n%20An%2C%20%C4%90%E1%BA%AFk%20L%E1%BA%AFk%20630000%2C%20Vi%E1%BB%87t%20Nam
2026-09-08 08:32:08,265 | INFO | Google Maps address search variant 3/12: 20 Ngô Gia Tự, Tân An, Đắk Lắk 630000, Việt Nam, KHÁCH SẠN MỸ NGỌC
2026-09-08 08:32:08,265 | INFO | Navigation start | attempt=1/3 | timeout=15000ms | url=https://www.google.com/maps/search/?api=1&query=20%20Ng%C3%B4%20Gia%20T%E1%BB%B1%2C%20T%C3%A2n%20An%2C%20%C4%90%E1%BA%AFk%20L%E1%BA%AFk%20630000%2C%20Vi%E1%BB%87t%20Nam%2C%20KH%C3%81CH%20S%E1%BA%A0N%20M%E1%BB%B8%20NG%E1%BB%8CC
2026-09-08 08:32:08,494 | INFO | Navigation success | attempt=1/3 | 0.23s | url=https://www.google.com/maps/search/?api=1&query=20%20Ng%C3%B4%20Gia%20T%E1%BB%B1%2C%20T%C3%A2n%20An%2C%20%C4%90%E1%BA%AFk%20L%E1%BA%AFk%20630000%2C%20Vi%E1%BB%87t%20Nam%2C%20KH%C3%81CH%20S%E1%BA%A0N%20M%E1%BB%B8%20NG%E1%BB%8CC
2026-09-08 08:32:18,082 | INFO | Google Maps address search variant 4/12: KHÁCH SẠN MỸ NGỌC, 20 Ngô Gia Tự, Tân An, Đắk Lắk 630000, Việt Nam
2026-09-08 08:32:18,083 | INFO | Navigation start | attempt=1/3 | timeout=15000ms | url=https://www.google.com/maps/search/?api=1&query=KH%C3%81CH%20S%E1%BA%A0N%20M%E1%BB%B8%20NG%E1%BB%8CC%2C%2020%20Ng%C3%B4%20Gia%20T%E1%BB%B1%2C%20T%C3%A2n%20An%2C%20%C4%90%E1%BA%AFk%20L%E1%BA%AFk%20630000%2C%20Vi%E1%BB%87t%20Nam
2026-09-08 08:32:18,299 | INFO | Navigation success | attempt=1/3 | 0.22s | url=https://www.google.com/maps/search/?api=1&query=KH%C3%81CH%20S%E1%BA%A0N%20M%E1%BB%B8%20NG%E1%BB%8CC%2C%2020%20Ng%C3%B4%20Gia%20T%E1%BB%B1%2C%20T%C3%A2n%20An%2C%20%C4%90%E1%BA%AFk%20L%E1%BA%AFk%20630000%2C%20Vi%E1%BB%87t%20Nam
2026-09-08 08:32:27,860 | INFO | Google Maps address search variant 5/12: 20 ngo gia tu, tan an, đak lak 630000
2026-09-08 08:32:27,861 | INFO | Navigation start | attempt=1/3 | timeout=15000ms | url=https://www.google.com/maps/search/?api=1&query=20%20ngo%20gia%20tu%2C%20tan%20an%2C%20%C4%91ak%20lak%20630000
2026-09-08 08:32:28,116 | INFO | Navigation success | attempt=1/3 | 0.26s | url=https://www.google.com/maps/search/?api=1&query=20%20ngo%20gia%20tu%2C%20tan%20an%2C%20%C4%91ak%20lak%20630000
2026-09-08 08:32:37,283 | INFO | Google Maps address search variant 6/12: tan an, đak lak 630000
2026-09-08 08:32:37,284 | INFO | Navigation start | attempt=1/3 | timeout=15000ms | url=https://www.google.com/maps/search/?api=1&query=tan%20an%2C%20%C4%91ak%20lak%20630000
2026-09-08 08:32:37,498 | INFO | Navigation success | attempt=1/3 | 0.21s | url=https://www.google.com/maps/search/?api=1&query=tan%20an%2C%20%C4%91ak%20lak%20630000
2026-09-08 08:32:46,554 | INFO | Google Maps address search variant 7/12: KHÁCH SẠN MỸ NGỌC, 20 ngo gia tu, tan an, đak lak 630000
2026-09-08 08:32:46,555 | INFO | Navigation start | attempt=1/3 | timeout=15000ms | url=https://www.google.com/maps/search/?api=1&query=KH%C3%81CH%20S%E1%BA%A0N%20M%E1%BB%B8%20NG%E1%BB%8CC%2C%2020%20ngo%20gia%20tu%2C%20tan%20an%2C%20%C4%91ak%20lak%20630000
2026-09-08 08:32:46,757 | INFO | Navigation success | attempt=1/3 | 0.20s | url=https://www.google.com/maps/search/?api=1&query=KH%C3%81CH%20S%E1%BA%A0N%20M%E1%BB%B8%20NG%E1%BB%8CC%2C%2020%20ngo%20gia%20tu%2C%20tan%20an%2C%20%C4%91ak%20lak%20630000
2026-09-08 08:32:56,068 | INFO | Google Maps address search variant 8/12: KHÁCH SẠN MỸ NGỌC, tan an, đak lak 630000
2026-09-08 08:32:56,070 | INFO | Navigation start | attempt=1/3 | timeout=15000ms | url=https://www.google.com/maps/search/?api=1&query=KH%C3%81CH%20S%E1%BA%A0N%20M%E1%BB%B8%20NG%E1%BB%8CC%2C%20tan%20an%2C%20%C4%91ak%20lak%20630000
2026-09-08 08:32:56,313 | INFO | Navigation success | attempt=1/3 | 0.24s | url=https://www.google.com/maps/search/?api=1&query=KH%C3%81CH%20S%E1%BA%A0N%20M%E1%BB%B8%20NG%E1%BB%8CC%2C%20tan%20an%2C%20%C4%91ak%20lak%20630000
2026-09-08 08:33:06,746 | INFO | Google Maps address search variant 9/12: KHÁCH SẠN MỸ NGỌC, 20 ngo gia tu
2026-09-08 08:33:06,746 | INFO | Navigation start | attempt=1/3 | timeout=15000ms | url=https://www.google.com/maps/search/?api=1&query=KH%C3%81CH%20S%E1%BA%A0N%20M%E1%BB%B8%20NG%E1%BB%8CC%2C%2020%20ngo%20gia%20tu
2026-09-08 08:33:07,259 | INFO | Navigation success | attempt=1/3 | 0.51s | url=https://www.google.com/maps/search/?api=1&query=KH%C3%81CH%20S%E1%BA%A0N%20M%E1%BB%B8%20NG%E1%BB%8CC%2C%2020%20ngo%20gia%20tu
2026-09-08 08:33:16,755 | INFO | Google Maps address search variant 10/12: KHÁCH SẠN MỸ NGỌC, tan an
2026-09-08 08:33:16,755 | INFO | Navigation start | attempt=1/3 | timeout=15000ms | url=https://www.google.com/maps/search/?api=1&query=KH%C3%81CH%20S%E1%BA%A0N%20M%E1%BB%B8%20NG%E1%BB%8CC%2C%20tan%20an
2026-09-08 08:33:16,982 | INFO | Navigation success | attempt=1/3 | 0.23s | url=https://www.google.com/maps/search/?api=1&query=KH%C3%81CH%20S%E1%BA%A0N%20M%E1%BB%B8%20NG%E1%BB%8CC%2C%20tan%20an
2026-09-08 08:33:25,679 | INFO | Google Maps address search variant 11/12: KHÁCH SẠN MỸ NGỌC, đak lak 630000
2026-09-08 08:33:25,680 | INFO | Navigation start | attempt=1/3 | timeout=15000ms | url=https://www.google.com/maps/search/?api=1&query=KH%C3%81CH%20S%E1%BA%A0N%20M%E1%BB%B8%20NG%E1%BB%8CC%2C%20%C4%91ak%20lak%20630000
2026-09-08 08:33:25,879 | INFO | Navigation success | attempt=1/3 | 0.20s | url=https://www.google.com/maps/search/?api=1&query=KH%C3%81CH%20S%E1%BA%A0N%20M%E1%BB%B8%20NG%E1%BB%8CC%2C%20%C4%91ak%20lak%20630000
2026-09-08 08:33:35,552 | WARNING | Google Maps NOT_FOUND / NO_VALID_PLACE_URL: KHÁCH SẠN MỸ NGỌC | 20 Ngô Gia Tự, Tân An, Đắk Lắk 630000, Việt Nam
2026-09-08 08:33:35,553 | INFO | EXCEL SEARCH RESULT | success=False | reason=NOT_FOUND | google_maps_url=None | url=None | cleaned_url=''
2026-09-08 08:33:36,745 | INFO | Existing URL check | maps_col=google_maps_url | url_col=URL | maps='' | url='' | reusable=''
2026-09-08 08:33:36,944 | WARNING | CURRENT MAPS PLACE TITLE/ADDRESS MISMATCH | input_title='Khách sạn Phú Hải' | actual_title='KHÁCH SẠN MỸ NGỌC' | input_address='22 Lý Tự Trọng, Tân An, Đắk Lắk, Việt Nam' | actual_address='\ue0c8 20 Ngô Gia Tự, Tân An, Đắk Lắk 630000, Việt Nam' | url='https://www.google.com/maps/place/KH%C3%81CH+S%E1%BA%A0N+M%E1%BB%B8+NG%E1%BB%8CC/@12.6926211,108.0625434,17z/data=!3m1!4b1!4m9!3m8!1s0x3171f7c457a96501:0x413e76435538e32!5m2!4m1!1i2!8m2!3d12.6926211!4d108.0625434!16s%2Fg%2F11fklg60qt?entry=ttu&g_ep=EgoyMDI2MDkwMi4wIKXMDSoASAFQAw%3D%3D'
2026-09-08 08:33:36,945 | INFO | Google Maps title search variant 1/12: Khách sạn Phú Hải
2026-09-08 08:33:36,945 | INFO | Navigation start | attempt=1/3 | timeout=15000ms | url=https://www.google.com/maps/search/?api=1&query=Kh%C3%A1ch%20s%E1%BA%A1n%20Ph%C3%BA%20H%E1%BA%A3i
2026-09-08 08:33:37,161 | INFO | Navigation success | attempt=1/3 | 0.22s | url=https://www.google.com/maps/search/?api=1&query=Kh%C3%A1ch%20s%E1%BA%A1n%20Ph%C3%BA%20H%E1%BA%A3i
2026-09-08 08:33:47,423 | INFO | Navigation start | attempt=1/3 | timeout=15000ms | url=https://www.google.com/maps/place/Khách+Sạn+Phú+Hải/data=!4m7!3m6!1s0x31752dd24f007187:0xa8bb08ce7874fde1!8m2!3d10.7465218!4d106.6198098!16s/g/1hc667kml!19sChIJh3EAT9ItdTER4f10eM4Iu6g?authuser=0&hl=vi&g_ep=EgoyMDI2MDkwMi4wIJJjKgBIAVAD&rclk=1
2026-09-08 08:33:47,628 | INFO | Navigation success | attempt=1/3 | 0.20s | url=https://www.google.com/maps/place/Khách+Sạn+Phú+Hải/data=!4m7!3m6!1s0x31752dd24f007187:0xa8bb08ce7874fde1!8m2!3d10.7465218!4d106.6198098!16s/g/1hc667kml!19sChIJh3EAT9ItdTER4f10eM4Iu6g?authuser=0&hl=vi&g_ep=EgoyMDI2MDkwMi4wIJJjKgBIAVAD&rclk=1
2026-09-08 08:33:48,454 | INFO | VERIFY CANDIDATE | input_title='Khách sạn Phú Hải' | actual_title='' | input_address='22 Lý Tự Trọng, Tân An, Đắk Lắk, Việt Nam' | actual_address='\ue52e' | url='https://www.google.com/maps/place/Kh%C3%A1ch+S%E1%BA%A1n+Ph%C3%BA+H%E1%BA%A3i/data=!4m7!3m6!1s0x31752dd24f007187:0xa8bb08ce7874fde1!8m2!3d10.7465218!4d106.6198098!16s/g/1hc667kml!19sChIJh3EAT9ItdTER4f10eM4Iu6g?authuser=0&hl=vi&g_ep=EgoyMDI2MDkwMi4wIJJjKgBIAVAD&rclk=1' | coordinates=(10.7465218, 106.6)
2026-09-08 08:33:48,457 | INFO | VERIFY FINAL | success=False | reason=TITLE_UNAVAILABLE | title_ok=False | address_ok=False | input_title='Khách sạn Phú Hải' | maps_title='' | input_address='22 Lý Tự Trọng, Tân An, Đắk Lắk, Việt Nam' | maps_address='\ue52e' | url='https://www.google.com/maps/place/Kh%C3%A1ch+S%E1%BA%A1n+Ph%C3%BA+H%E1%BA%A3i/data=!4m7!3m6!1s0x31752dd24f007187:0xa8bb08ce7874fde1!8m2!3d10.7465218!4d106.6198098!16s/g/1hc667kml!19sChIJh3EAT9ItdTER4f10eM4Iu6g?authuser=0&hl=vi&g_ep=EgoyMDI2MDkwMi4wIJJjKgBIAVAD&rclk=1'
2026-09-08 08:33:48,457 | INFO | Navigation start | attempt=1/3 | timeout=15000ms | url=https://www.google.com/maps/place/Khách+Sạn+Phú+Hải/data=!4m7!3m6!1s0x31752a2d354a8a3b:0xdc40a5aa70b36ec5!8m2!3d10.8370949!4d106.6191631!16s/g/1thwxyq5!19sChIJO4pKNS0qdTERxW6zcKqlQNw?authuser=0&hl=vi&g_ep=EgoyMDI2MDkwMi4wIJJjKgBIAVAD&rclk=1
2026-09-08 08:33:48,677 | INFO | Navigation success | attempt=1/3 | 0.22s | url=https://www.google.com/maps/place/Khách+Sạn+Phú+Hải/data=!4m7!3m6!1s0x31752a2d354a8a3b:0xdc40a5aa70b36ec5!8m2!3d10.8370949!4d106.6191631!16s/g/1thwxyq5!19sChIJO4pKNS0qdTERxW6zcKqlQNw?authuser=0&hl=vi&g_ep=EgoyMDI2MDkwMi4wIJJjKgBIAVAD&rclk=1
2026-09-08 08:33:49,302 | INFO | VERIFY CANDIDATE | input_title='Khách sạn Phú Hải' | actual_title='' | input_address='22 Lý Tự Trọng, Tân An, Đắk Lắk, Việt Nam' | actual_address='\ue52e' | url='https://www.google.com/maps/place/Kh%C3%A1ch+S%E1%BA%A1n+Ph%C3%BA+H%E1%BA%A3i/data=!4m7!3m6!1s0x31752a2d354a8a3b:0xdc40a5aa70b36ec5!8m2!3d10.8370949!4d106.6191631!16s/g/1thwxyq5!19sChIJO4pKNS0qdTERxW6zcKqlQNw?authuser=0&hl=vi&g_ep=EgoyMDI2MDkwMi4wIJJjKgBIAVAD&rclk=1' | coordinates=(10.8370949, 106.6)
2026-09-08 08:33:49,305 | INFO | VERIFY FINAL | success=False | reason=TITLE_UNAVAILABLE | title_ok=False | address_ok=False | input_title='Khách sạn Phú Hải' | maps_title='' | input_address='22 Lý Tự Trọng, Tân An, Đắk Lắk, Việt Nam' | maps_address='\ue52e' | url='https://www.google.com/maps/place/Kh%C3%A1ch+S%E1%BA%A1n+Ph%C3%BA+H%E1%BA%A3i/data=!4m7!3m6!1s0x31752a2d354a8a3b:0xdc40a5aa70b36ec5!8m2!3d10.8370949!4d106.6191631!16s/g/1thwxyq5!19sChIJO4pKNS0qdTERxW6zcKqlQNw?authuser=0&hl=vi&g_ep=EgoyMDI2MDkwMi4wIJJjKgBIAVAD&rclk=1'
2026-09-08 08:33:49,305 | INFO | Google Maps address search variant 2/12: 22 Lý Tự Trọng, Tân An, Đắk Lắk, Việt Nam
2026-09-08 08:33:49,305 | INFO | Navigation start | attempt=1/3 | timeout=15000ms | url=https://www.google.com/maps/search/?api=1&query=22%20L%C3%BD%20T%E1%BB%B1%20Tr%E1%BB%8Dng%2C%20T%C3%A2n%20An%2C%20%C4%90%E1%BA%AFk%20L%E1%BA%AFk%2C%20Vi%E1%BB%87t%20Nam
2026-09-08 08:33:49,507 | INFO | Navigation success | attempt=1/3 | 0.20s | url=https://www.google.com/maps/search/?api=1&query=22%20L%C3%BD%20T%E1%BB%B1%20Tr%E1%BB%8Dng%2C%20T%C3%A2n%20An%2C%20%C4%90%E1%BA%AFk%20L%E1%BA%AFk%2C%20Vi%E1%BB%87t%20Nam
2026-09-08 08:33:59,701 | INFO | Google Maps address search variant 3/12: 22 Lý Tự Trọng, Tân An, Đắk Lắk, Việt Nam, Khách sạn Phú Hải
2026-09-08 08:33:59,702 | INFO | Navigation start | attempt=1/3 | timeout=15000ms | url=https://www.google.com/maps/search/?api=1&query=22%20L%C3%BD%20T%E1%BB%B1%20Tr%E1%BB%8Dng%2C%20T%C3%A2n%20An%2C%20%C4%90%E1%BA%AFk%20L%E1%BA%AFk%2C%20Vi%E1%BB%87t%20Nam%2C%20Kh%C3%A1ch%20s%E1%BA%A1n%20Ph%C3%BA%20H%E1%BA%A3i
2026-09-08 08:33:59,951 | INFO | Navigation success | attempt=1/3 | 0.25s | url=https://www.google.com/maps/search/?api=1&query=22%20L%C3%BD%20T%E1%BB%B1%20Tr%E1%BB%8Dng%2C%20T%C3%A2n%20An%2C%20%C4%90%E1%BA%AFk%20L%E1%BA%AFk%2C%20Vi%E1%BB%87t%20Nam%2C%20Kh%C3%A1ch%20s%E1%BA%A1n%20Ph%C3%BA%20H%E1%BA%A3i
2026-09-08 08:34:10,911 | INFO | Google Maps address search variant 4/12: Khách sạn Phú Hải, 22 Lý Tự Trọng, Tân An, Đắk Lắk, Việt Nam
2026-09-08 08:34:10,911 | INFO | Navigation start | attempt=1/3 | timeout=15000ms | url=https://www.google.com/maps/search/?api=1&query=Kh%C3%A1ch%20s%E1%BA%A1n%20Ph%C3%BA%20H%E1%BA%A3i%2C%2022%20L%C3%BD%20T%E1%BB%B1%20Tr%E1%BB%8Dng%2C%20T%C3%A2n%20An%2C%20%C4%90%E1%BA%AFk%20L%E1%BA%AFk%2C%20Vi%E1%BB%87t%20Nam
2026-09-08 08:34:11,251 | INFO | Navigation success | attempt=1/3 | 0.34s | url=https://www.google.com/maps/search/?api=1&query=Kh%C3%A1ch%20s%E1%BA%A1n%20Ph%C3%BA%20H%E1%BA%A3i%2C%2022%20L%C3%BD%20T%E1%BB%B1%20Tr%E1%BB%8Dng%2C%20T%C3%A2n%20An%2C%20%C4%90%E1%BA%AFk%20L%E1%BA%AFk%2C%20Vi%E1%BB%87t%20Nam
2026-09-08 08:34:20,600 | INFO | Google Maps address search variant 5/12: 22 ly tu trong, tan an, đak lak
2026-09-08 08:34:20,600 | INFO | Navigation start | attempt=1/3 | timeout=15000ms | url=https://www.google.com/maps/search/?api=1&query=22%20ly%20tu%20trong%2C%20tan%20an%2C%20%C4%91ak%20lak
2026-09-08 08:34:20,826 | INFO | Navigation success | attempt=1/3 | 0.23s | url=https://www.google.com/maps/search/?api=1&query=22%20ly%20tu%20trong%2C%20tan%20an%2C%20%C4%91ak%20lak
2026-09-08 08:34:31,246 | INFO | Google Maps address search variant 6/12: tan an, đak lak
2026-09-08 08:34:31,246 | INFO | Navigation start | attempt=1/3 | timeout=15000ms | url=https://www.google.com/maps/search/?api=1&query=tan%20an%2C%20%C4%91ak%20lak
2026-09-08 08:34:31,777 | INFO | Navigation success | attempt=1/3 | 0.53s | url=https://www.google.com/maps/search/?api=1&query=tan%20an%2C%20%C4%91ak%20lak
2026-09-08 08:34:40,274 | INFO | Google Maps address search variant 7/12: Khách sạn Phú Hải, 22 ly tu trong, tan an, đak lak
2026-09-08 08:34:40,274 | INFO | Navigation start | attempt=1/3 | timeout=15000ms | url=https://www.google.com/maps/search/?api=1&query=Kh%C3%A1ch%20s%E1%BA%A1n%20Ph%C3%BA%20H%E1%BA%A3i%2C%2022%20ly%20tu%20trong%2C%20tan%20an%2C%20%C4%91ak%20lak
2026-09-08 08:34:40,466 | INFO | Navigation success | attempt=1/3 | 0.19s | url=https://www.google.com/maps/search/?api=1&query=Kh%C3%A1ch%20s%E1%BA%A1n%20Ph%C3%BA%20H%E1%BA%A3i%2C%2022%20ly%20tu%20trong%2C%20tan%20an%2C%20%C4%91ak%20lak
2026-09-08 08:34:50,925 | INFO | Google Maps address search variant 8/12: Khách sạn Phú Hải, tan an, đak lak
2026-09-08 08:34:50,926 | INFO | Navigation start | attempt=1/3 | timeout=15000ms | url=https://www.google.com/maps/search/?api=1&query=Kh%C3%A1ch%20s%E1%BA%A1n%20Ph%C3%BA%20H%E1%BA%A3i%2C%20tan%20an%2C%20%C4%91ak%20lak
2026-09-08 08:34:51,360 | INFO | Navigation success | attempt=1/3 | 0.43s | url=https://www.google.com/maps/search/?api=1&query=Kh%C3%A1ch%20s%E1%BA%A1n%20Ph%C3%BA%20H%E1%BA%A3i%2C%20tan%20an%2C%20%C4%91ak%20lak
2026-09-08 08:35:01,643 | INFO | Google Maps address search variant 9/12: Khách sạn Phú Hải, 22 ly tu trong
2026-09-08 08:35:01,643 | INFO | Navigation start | attempt=1/3 | timeout=15000ms | url=https://www.google.com/maps/search/?api=1&query=Kh%C3%A1ch%20s%E1%BA%A1n%20Ph%C3%BA%20H%E1%BA%A3i%2C%2022%20ly%20tu%20trong
2026-09-08 08:35:01,874 | INFO | Navigation success | attempt=1/3 | 0.23s | url=https://www.google.com/maps/search/?api=1&query=Kh%C3%A1ch%20s%E1%BA%A1n%20Ph%C3%BA%20H%E1%BA%A3i%2C%2022%20ly%20tu%20trong
2026-09-08 08:35:12,512 | INFO | Navigation start | attempt=1/3 | timeout=15000ms | url=https://www.google.com/maps/place/Khách+sạn+Phú+Hải/data=!4m10!3m9!1s0x3171f7db6eced5dd:0x46d2ed74461d8064!5m2!4m1!1i2!8m2!3d12.6942496!4d108.0580183!16s/g/11b6bqt5jm!19sChIJ3dXObtv3cTERZIAdRnTt0kY?authuser=0&hl=vi&g_ep=EgoyMDI2MDkwMi4wIJJjKgBIAVAD&rclk=1
2026-09-08 08:35:12,738 | INFO | Navigation success | attempt=1/3 | 0.23s | url=https://www.google.com/maps/place/Khách+sạn+Phú+Hải/data=!4m10!3m9!1s0x3171f7db6eced5dd:0x46d2ed74461d8064!5m2!4m1!1i2!8m2!3d12.6942496!4d108.0580183!16s/g/11b6bqt5jm!19sChIJ3dXObtv3cTERZIAdRnTt0kY?authuser=0&hl=vi&g_ep=EgoyMDI2MDkwMi4wIJJjKgBIAVAD&rclk=1
2026-09-08 08:35:14,259 | INFO | VERIFY CANDIDATE | input_title='Khách sạn Phú Hải' | actual_title='' | input_address='22 Lý Tự Trọng, Tân An, Đắk Lắk, Việt Nam' | actual_address='\ue52e' | url='https://www.google.com/maps/place/Kh%C3%A1ch+s%E1%BA%A1n+Ph%C3%BA+H%E1%BA%A3i/data=!4m10!3m9!1s0x3171f7db6eced5dd:0x46d2ed74461d8064!5m2!4m1!1i2!8m2!3d12.6942496!4d108.0580183!16s/g/11b6bqt5jm!19sChIJ3dXObtv3cTERZIAdRnTt0kY?authuser=0&hl=vi&g_ep=EgoyMDI2MDkwMi4wIJJjKgBIAVAD&rclk=1' | coordinates=(12.6942496, 108.0)
2026-09-08 08:35:14,262 | INFO | VERIFY FINAL | success=False | reason=TITLE_UNAVAILABLE | title_ok=False | address_ok=False | input_title='Khách sạn Phú Hải' | maps_title='' | input_address='22 Lý Tự Trọng, Tân An, Đắk Lắk, Việt Nam' | maps_address='\ue52e' | url='https://www.google.com/maps/place/Kh%C3%A1ch+s%E1%BA%A1n+Ph%C3%BA+H%E1%BA%A3i/data=!4m10!3m9!1s0x3171f7db6eced5dd:0x46d2ed74461d8064!5m2!4m1!1i2!8m2!3d12.6942496!4d108.0580183!16s/g/11b6bqt5jm!19sChIJ3dXObtv3cTERZIAdRnTt0kY?authuser=0&hl=vi&g_ep=EgoyMDI2MDkwMi4wIJJjKgBIAVAD&rclk=1'
2026-09-08 08:35:14,263 | INFO | Navigation start | attempt=1/3 | timeout=15000ms | url=https://www.google.com/maps/place/Khách+Sạn+Phú+Hải/data=!4m7!3m6!1s0x31752dd24f007187:0xa8bb08ce7874fde1!8m2!3d10.7465218!4d106.6198098!16s/g/1hc667kml!19sChIJh3EAT9ItdTER4f10eM4Iu6g?authuser=0&hl=vi&g_ep=EgoyMDI2MDkwMi4wIJJjKgBIAVAD&rclk=1
2026-09-08 08:35:14,506 | INFO | Navigation success | attempt=1/3 | 0.24s | url=https://www.google.com/maps/place/Khách+Sạn+Phú+Hải/data=!4m7!3m6!1s0x31752dd24f007187:0xa8bb08ce7874fde1!8m2!3d10.7465218!4d106.6198098!16s/g/1hc667kml!19sChIJh3EAT9ItdTER4f10eM4Iu6g?authuser=0&hl=vi&g_ep=EgoyMDI2MDkwMi4wIJJjKgBIAVAD&rclk=1
2026-09-08 08:35:15,497 | INFO | VERIFY CANDIDATE | input_title='Khách sạn Phú Hải' | actual_title='' | input_address='22 Lý Tự Trọng, Tân An, Đắk Lắk, Việt Nam' | actual_address='\ue52e' | url='https://www.google.com/maps/place/Kh%C3%A1ch+S%E1%BA%A1n+Ph%C3%BA+H%E1%BA%A3i/data=!4m7!3m6!1s0x31752dd24f007187:0xa8bb08ce7874fde1!8m2!3d10.7465218!4d106.6198098!16s/g/1hc667kml!19sChIJh3EAT9ItdTER4f10eM4Iu6g?authuser=0&hl=vi&g_ep=EgoyMDI2MDkwMi4wIJJjKgBIAVAD&rclk=1' | coordinates=(10.7465218, 106.6)
2026-09-08 08:35:15,511 | INFO | VERIFY FINAL | success=False | reason=TITLE_UNAVAILABLE | title_ok=False | address_ok=False | input_title='Khách sạn Phú Hải' | maps_title='' | input_address='22 Lý Tự Trọng, Tân An, Đắk Lắk, Việt Nam' | maps_address='\ue52e' | url='https://www.google.com/maps/place/Kh%C3%A1ch+S%E1%BA%A1n+Ph%C3%BA+H%E1%BA%A3i/data=!4m7!3m6!1s0x31752dd24f007187:0xa8bb08ce7874fde1!8m2!3d10.7465218!4d106.6198098!16s/g/1hc667kml!19sChIJh3EAT9ItdTER4f10eM4Iu6g?authuser=0&hl=vi&g_ep=EgoyMDI2MDkwMi4wIJJjKgBIAVAD&rclk=1'
2026-09-08 08:35:15,516 | INFO | Navigation start | attempt=1/3 | timeout=15000ms | url=https://www.google.com/maps/place/Paradise+Saigon+Boutique+Hotel+&+Spa/data=!4m10!3m9!1s0x31752f3e96fb82ef:0x463d632470e1271d!5m2!4m1!1i2!8m2!3d10.771538!4d106.694927!16s/g/1ygbb8fkz!19sChIJ74L7lj4vdTERHSfhcCRjPUY?authuser=0&hl=vi&g_ep=EgoyMDI2MDkwMi4wIJJjKgBIAVAD&rclk=1
2026-09-08 08:35:15,735 | INFO | Navigation success | attempt=1/3 | 0.22s | url=https://www.google.com/maps/place/Paradise+Saigon+Boutique+Hotel+&+Spa/data=!4m10!3m9!1s0x31752f3e96fb82ef:0x463d632470e1271d!5m2!4m1!1i2!8m2!3d10.771538!4d106.694927!16s/g/1ygbb8fkz!19sChIJ74L7lj4vdTERHSfhcCRjPUY?authuser=0&hl=vi&g_ep=EgoyMDI2MDkwMi4wIJJjKgBIAVAD&rclk=1
2026-09-08 08:35:16,450 | INFO | VERIFY CANDIDATE | input_title='Khách sạn Phú Hải' | actual_title='' | input_address='22 Lý Tự Trọng, Tân An, Đắk Lắk, Việt Nam' | actual_address='\ue52e' | url='https://www.google.com/maps/place/Paradise+Saigon+Boutique+Hotel+&+Spa/data=!4m10!3m9!1s0x31752f3e96fb82ef:0x463d632470e1271d!5m2!4m1!1i2!8m2!3d10.771538!4d106.694927!16s/g/1ygbb8fkz!19sChIJ74L7lj4vdTERHSfhcCRjPUY?authuser=0&hl=vi&g_ep=EgoyMDI2MDkwMi4wIJJjKgBIAVAD&rclk=1' | coordinates=(10.771538, 106.6)
2026-09-08 08:35:16,453 | INFO | VERIFY FINAL | success=False | reason=TITLE_UNAVAILABLE | title_ok=False | address_ok=False | input_title='Khách sạn Phú Hải' | maps_title='' | input_address='22 Lý Tự Trọng, Tân An, Đắk Lắk, Việt Nam' | maps_address='\ue52e' | url='https://www.google.com/maps/place/Paradise+Saigon+Boutique+Hotel+&+Spa/data=!4m10!3m9!1s0x31752f3e96fb82ef:0x463d632470e1271d!5m2!4m1!1i2!8m2!3d10.771538!4d106.694927!16s/g/1ygbb8fkz!19sChIJ74L7lj4vdTERHSfhcCRjPUY?authuser=0&hl=vi&g_ep=EgoyMDI2MDkwMi4wIJJjKgBIAVAD&rclk=1'
2026-09-08 08:35:16,454 | INFO | Navigation start | attempt=1/3 | timeout=15000ms | url=https://www.google.com/maps/place/Saigon+Kiko+Hotel/data=!4m10!3m9!1s0x31752f3df1be8c7d:0x5ebaefb442d70a59!5m2!4m1!1i2!8m2!3d10.768342!4d106.69298!16s/g/11wp6zdx1z!19sChIJfYy-8T0vdTERWQrXQrTvul4?authuser=0&hl=vi&g_ep=EgoyMDI2MDkwMi4wIJJjKgBIAVAD&rclk=1
2026-09-08 08:35:16,654 | INFO | Navigation success | attempt=1/3 | 0.20s | url=https://www.google.com/maps/place/Saigon+Kiko+Hotel/data=!4m10!3m9!1s0x31752f3df1be8c7d:0x5ebaefb442d70a59!5m2!4m1!1i2!8m2!3d10.768342!4d106.69298!16s/g/11wp6zdx1z!19sChIJfYy-8T0vdTERWQrXQrTvul4?authuser=0&hl=vi&g_ep=EgoyMDI2MDkwMi4wIJJjKgBIAVAD&rclk=1
2026-09-08 08:35:17,774 | INFO | VERIFY CANDIDATE | input_title='Khách sạn Phú Hải' | actual_title='' | input_address='22 Lý Tự Trọng, Tân An, Đắk Lắk, Việt Nam' | actual_address='\ue52e' | url='https://www.google.com/maps/place/Saigon+Kiko+Hotel/data=!4m10!3m9!1s0x31752f3df1be8c7d:0x5ebaefb442d70a59!5m2!4m1!1i2!8m2!3d10.768342!4d106.69298!16s/g/11wp6zdx1z!19sChIJfYy-8T0vdTERWQrXQrTvul4?authuser=0&hl=vi&g_ep=EgoyMDI2MDkwMi4wIJJjKgBIAVAD&rclk=1' | coordinates=(10.768342, 106.6)
2026-09-08 08:35:17,777 | INFO | VERIFY FINAL | success=False | reason=TITLE_UNAVAILABLE | title_ok=False | address_ok=False | input_title='Khách sạn Phú Hải' | maps_title='' | input_address='22 Lý Tự Trọng, Tân An, Đắk Lắk, Việt Nam' | maps_address='\ue52e' | url='https://www.google.com/maps/place/Saigon+Kiko+Hotel/data=!4m10!3m9!1s0x31752f3df1be8c7d:0x5ebaefb442d70a59!5m2!4m1!1i2!8m2!3d10.768342!4d106.69298!16s/g/11wp6zdx1z!19sChIJfYy-8T0vdTERWQrXQrTvul4?authuser=0&hl=vi&g_ep=EgoyMDI2MDkwMi4wIJJjKgBIAVAD&rclk=1'
2026-09-08 08:35:17,778 | INFO | Google Maps address search variant 10/12: Khách sạn Phú Hải, tan an
2026-09-08 08:35:17,778 | INFO | Navigation start | attempt=1/3 | timeout=15000ms | url=https://www.google.com/maps/search/?api=1&query=Kh%C3%A1ch%20s%E1%BA%A1n%20Ph%C3%BA%20H%E1%BA%A3i%2C%20tan%20an
2026-09-08 08:35:18,004 | INFO | Navigation success | attempt=1/3 | 0.23s | url=https://www.google.com/maps/search/?api=1&query=Kh%C3%A1ch%20s%E1%BA%A1n%20Ph%C3%BA%20H%E1%BA%A3i%2C%20tan%20an
2026-09-08 08:35:28,341 | INFO | Google Maps address search variant 11/12: Khách sạn Phú Hải, đak lak
2026-09-08 08:35:28,341 | INFO | Navigation start | attempt=1/3 | timeout=15000ms | url=https://www.google.com/maps/search/?api=1&query=Kh%C3%A1ch%20s%E1%BA%A1n%20Ph%C3%BA%20H%E1%BA%A3i%2C%20%C4%91ak%20lak
2026-09-08 08:35:28,572 | INFO | Navigation success | attempt=1/3 | 0.23s | url=https://www.google.com/maps/search/?api=1&query=Kh%C3%A1ch%20s%E1%BA%A1n%20Ph%C3%BA%20H%E1%BA%A3i%2C%20%C4%91ak%20lak
2026-09-08 08:35:39,043 | WARNING | Google Maps NOT_FOUND / NO_VALID_PLACE_URL: Khách sạn Phú Hải | 22 Lý Tự Trọng, Tân An, Đắk Lắk, Việt Nam
2026-09-08 08:35:39,044 | INFO | EXCEL SEARCH RESULT | success=False | reason=NOT_FOUND | google_maps_url=None | url=None | cleaned_url=''
2026-09-08 08:35:40,150 | INFO | Existing URL check | maps_col=google_maps_url | url_col=URL | maps='' | url='' | reusable=''
2026-09-08 08:35:40,320 | WARNING | CURRENT MAPS PLACE TITLE/ADDRESS MISMATCH | input_title='Khách Sạn Phương Huy' | actual_title='Khách sạn Phú Hải' | input_address='P32GQ42, Tân An, Đắk Lắk, Việt Nam' | actual_address='\ue0c8 22 Lý Tự Trọng, Tân An, Đắk Lắk, Việt Nam' | url='https://www.google.com/maps/place/Kh%C3%A1ch+s%E1%BA%A1n+Ph%C3%BA+H%E1%BA%A3i/@12.6942496,108.0580183,17z/data=!4m9!3m8!1s0x3171f7db6eced5dd:0x46d2ed74461d8064!5m2!4m1!1i2!8m2!3d12.6942496!4d108.0580183!16s%2Fg%2F11b6bqt5jm?entry=ttu&g_ep=EgoyMDI2MDkwMi4wIKXMDSoASAFQAw%3D%3D'
2026-09-08 08:35:40,321 | INFO | Google Maps title search variant 1/12: Khách Sạn Phương Huy
2026-09-08 08:35:40,322 | INFO | Navigation start | attempt=1/3 | timeout=15000ms | url=https://www.google.com/maps/search/?api=1&query=Kh%C3%A1ch%20S%E1%BA%A1n%20Ph%C6%B0%C6%A1ng%20Huy
2026-09-08 08:35:40,574 | INFO | Navigation success | attempt=1/3 | 0.25s | url=https://www.google.com/maps/search/?api=1&query=Kh%C3%A1ch%20S%E1%BA%A1n%20Ph%C6%B0%C6%A1ng%20Huy
2026-09-08 08:35:51,532 | INFO | Navigation start | attempt=1/3 | timeout=15000ms | url=https://www.google.com/maps/place/Huy+Phương+Hotel/data=!4m10!3m9!1s0x31752b87412725a3:0x3c98f7ec71273af2!5m2!4m1!1i2!8m2!3d10.8593654!4d106.5629018!16s/g/11pty9nv36!19sChIJoyUnQYcrdTER8joncez3mDw?authuser=0&hl=vi&g_ep=EgoyMDI2MDkwMi4wIJJjKgBIAVAD&rclk=1
2026-09-08 08:35:51,995 | INFO | Navigation success | attempt=1/3 | 0.46s | url=https://www.google.com/maps/place/Huy+Phương+Hotel/data=!4m10!3m9!1s0x31752b87412725a3:0x3c98f7ec71273af2!5m2!4m1!1i2!8m2!3d10.8593654!4d106.5629018!16s/g/11pty9nv36!19sChIJoyUnQYcrdTER8joncez3mDw?authuser=0&hl=vi&g_ep=EgoyMDI2MDkwMi4wIJJjKgBIAVAD&rclk=1
2026-09-08 08:35:52,630 | INFO | VERIFY CANDIDATE | input_title='Khách Sạn Phương Huy' | actual_title='' | input_address='P32GQ42, Tân An, Đắk Lắk, Việt Nam' | actual_address='\ue52e' | url='https://www.google.com/maps/place/Huy+Ph%C6%B0%C6%A1ng+Hotel/data=!4m10!3m9!1s0x31752b87412725a3:0x3c98f7ec71273af2!5m2!4m1!1i2!8m2!3d10.8593654!4d106.5629018!16s/g/11pty9nv36!19sChIJoyUnQYcrdTER8joncez3mDw?authuser=0&hl=vi&g_ep=EgoyMDI2MDkwMi4wIJJjKgBIAVAD&rclk=1' | coordinates=(10.8593654, 106.5)
2026-09-08 08:35:52,633 | INFO | VERIFY FINAL | success=False | reason=TITLE_UNAVAILABLE | title_ok=False | address_ok=False | input_title='Khách Sạn Phương Huy' | maps_title='' | input_address='P32GQ42, Tân An, Đắk Lắk, Việt Nam' | maps_address='\ue52e' | url='https://www.google.com/maps/place/Huy+Ph%C6%B0%C6%A1ng+Hotel/data=!4m10!3m9!1s0x31752b87412725a3:0x3c98f7ec71273af2!5m2!4m1!1i2!8m2!3d10.8593654!4d106.5629018!16s/g/11pty9nv36!19sChIJoyUnQYcrdTER8joncez3mDw?authuser=0&hl=vi&g_ep=EgoyMDI2MDkwMi4wIJJjKgBIAVAD&rclk=1'
2026-09-08 08:35:52,633 | INFO | Navigation start | attempt=1/3 | timeout=15000ms | url=https://www.google.com/maps/place/Khách+Sạn+Phương+Huy/data=!4m7!3m6!1s0x317528bff082458d:0xd5fae8634b0c3b16!8m2!3d10.8102702!4d106.7003582!16s/g/12vschr3q!19sChIJjUWC8L8odTERFjsMS2Po-tU?authuser=0&hl=vi&g_ep=EgoyMDI2MDkwMi4wIJJjKgBIAVAD&rclk=1
2026-09-08 08:35:52,847 | INFO | Navigation success | attempt=1/3 | 0.21s | url=https://www.google.com/maps/place/Khách+Sạn+Phương+Huy/data=!4m7!3m6!1s0x317528bff082458d:0xd5fae8634b0c3b16!8m2!3d10.8102702!4d106.7003582!16s/g/12vschr3q!19sChIJjUWC8L8odTERFjsMS2Po-tU?authuser=0&hl=vi&g_ep=EgoyMDI2MDkwMi4wIJJjKgBIAVAD&rclk=1
2026-09-08 08:35:53,786 | INFO | VERIFY CANDIDATE | input_title='Khách Sạn Phương Huy' | actual_title='' | input_address='P32GQ42, Tân An, Đắk Lắk, Việt Nam' | actual_address='\ue52e' | url='https://www.google.com/maps/place/Kh%C3%A1ch+S%E1%BA%A1n+Ph%C6%B0%C6%A1ng+Huy/data=!4m7!3m6!1s0x317528bff082458d:0xd5fae8634b0c3b16!8m2!3d10.8102702!4d106.7003582!16s/g/12vschr3q!19sChIJjUWC8L8odTERFjsMS2Po-tU?authuser=0&hl=vi&g_ep=EgoyMDI2MDkwMi4wIJJjKgBIAVAD&rclk=1' | coordinates=(10.8102702, 106.7)
2026-09-08 08:35:53,789 | INFO | VERIFY FINAL | success=False | reason=TITLE_UNAVAILABLE | title_ok=False | address_ok=False | input_title='Khách Sạn Phương Huy' | maps_title='' | input_address='P32GQ42, Tân An, Đắk Lắk, Việt Nam' | maps_address='\ue52e' | url='https://www.google.com/maps/place/Kh%C3%A1ch+S%E1%BA%A1n+Ph%C6%B0%C6%A1ng+Huy/data=!4m7!3m6!1s0x317528bff082458d:0xd5fae8634b0c3b16!8m2!3d10.8102702!4d106.7003582!16s/g/12vschr3q!19sChIJjUWC8L8odTERFjsMS2Po-tU?authuser=0&hl=vi&g_ep=EgoyMDI2MDkwMi4wIJJjKgBIAVAD&rclk=1'
2026-09-08 08:35:53,789 | INFO | Navigation start | attempt=1/3 | timeout=15000ms | url=https://www.google.com/maps/place/Hoa+Phượng+Hotel/data=!4m7!3m6!1s0x3175298256cc8f23:0xdd2640b3b94893e4!8m2!3d10.8384588!4d106.6376137!16s/g/11b7sx_wt8!19sChIJI4_MVoIpdTER5JNIubNAJt0?authuser=0&hl=vi&g_ep=EgoyMDI2MDkwMi4wIJJjKgBIAVAD&rclk=1
2026-09-08 08:35:54,016 | INFO | Navigation success | attempt=1/3 | 0.23s | url=https://www.google.com/maps/place/Hoa+Phượng+Hotel/data=!4m7!3m6!1s0x3175298256cc8f23:0xdd2640b3b94893e4!8m2!3d10.8384588!4d106.6376137!16s/g/11b7sx_wt8!19sChIJI4_MVoIpdTER5JNIubNAJt0?authuser=0&hl=vi&g_ep=EgoyMDI2MDkwMi4wIJJjKgBIAVAD&rclk=1
2026-09-08 08:35:54,699 | INFO | VERIFY CANDIDATE | input_title='Khách Sạn Phương Huy' | actual_title='' | input_address='P32GQ42, Tân An, Đắk Lắk, Việt Nam' | actual_address='\ue52e' | url='https://www.google.com/maps/place/Hoa+Ph%C6%B0%E1%BB%A3ng+Hotel/data=!4m7!3m6!1s0x3175298256cc8f23:0xdd2640b3b94893e4!8m2!3d10.8384588!4d106.6376137!16s/g/11b7sx_wt8!19sChIJI4_MVoIpdTER5JNIubNAJt0?authuser=0&hl=vi&g_ep=EgoyMDI2MDkwMi4wIJJjKgBIAVAD&rclk=1' | coordinates=(10.8384588, 106.6)
2026-09-08 08:35:54,702 | INFO | VERIFY FINAL | success=False | reason=TITLE_UNAVAILABLE | title_ok=False | address_ok=False | input_title='Khách Sạn Phương Huy' | maps_title='' | input_address='P32GQ42, Tân An, Đắk Lắk, Việt Nam' | maps_address='\ue52e' | url='https://www.google.com/maps/place/Hoa+Ph%C6%B0%E1%BB%A3ng+Hotel/data=!4m7!3m6!1s0x3175298256cc8f23:0xdd2640b3b94893e4!8m2!3d10.8384588!4d106.6376137!16s/g/11b7sx_wt8!19sChIJI4_MVoIpdTER5JNIubNAJt0?authuser=0&hl=vi&g_ep=EgoyMDI2MDkwMi4wIJJjKgBIAVAD&rclk=1'
2026-09-08 08:35:54,702 | INFO | Navigation start | attempt=1/3 | timeout=15000ms | url=https://www.google.com/maps/place/Novotel+Saigon+Centre/data=!4m10!3m9!1s0x31752f34241af509:0xc2246536c365c477!5m2!4m1!1i2!8m2!3d10.784316!4d106.69588!16s/g/1v4k3_w_!19sChIJCfUaJDQvdTERd8RlwzZlJMI?authuser=0&hl=vi&g_ep=EgoyMDI2MDkwMi4wIJJjKgBIAVAD&rclk=1
2026-09-08 08:35:54,931 | INFO | Navigation success | attempt=1/3 | 0.23s | url=https://www.google.com/maps/place/Novotel+Saigon+Centre/data=!4m10!3m9!1s0x31752f34241af509:0xc2246536c365c477!5m2!4m1!1i2!8m2!3d10.784316!4d106.69588!16s/g/1v4k3_w_!19sChIJCfUaJDQvdTERd8RlwzZlJMI?authuser=0&hl=vi&g_ep=EgoyMDI2MDkwMi4wIJJjKgBIAVAD&rclk=1
2026-09-08 08:35:56,244 | INFO | VERIFY CANDIDATE | input_title='Khách Sạn Phương Huy' | actual_title='' | input_address='P32GQ42, Tân An, Đắk Lắk, Việt Nam' | actual_address='\ue52e' | url='https://www.google.com/maps/place/Novotel+Saigon+Centre/data=!4m10!3m9!1s0x31752f34241af509:0xc2246536c365c477!5m2!4m1!1i2!8m2!3d10.784316!4d106.69588!16s/g/1v4k3_w_!19sChIJCfUaJDQvdTERd8RlwzZlJMI?authuser=0&hl=vi&g_ep=EgoyMDI2MDkwMi4wIJJjKgBIAVAD&rclk=1' | coordinates=(10.784316, 106.6)
2026-09-08 08:35:56,249 | INFO | VERIFY FINAL | success=False | reason=TITLE_UNAVAILABLE | title_ok=False | address_ok=False | input_title='Khách Sạn Phương Huy' | maps_title='' | input_address='P32GQ42, Tân An, Đắk Lắk, Việt Nam' | maps_address='\ue52e' | url='https://www.google.com/maps/place/Novotel+Saigon+Centre/data=!4m10!3m9!1s0x31752f34241af509:0xc2246536c365c477!5m2!4m1!1i2!8m2!3d10.784316!4d106.69588!16s/g/1v4k3_w_!19sChIJCfUaJDQvdTERd8RlwzZlJMI?authuser=0&hl=vi&g_ep=EgoyMDI2MDkwMi4wIJJjKgBIAVAD&rclk=1'
2026-09-08 08:35:56,249 | INFO | Navigation start | attempt=1/3 | timeout=15000ms | url=https://www.google.com/maps/place/PINhome+-PIN+Boutique+Stays/data=!4m10!3m9!1s0x31752f33a01064bd:0x7fe6f5a903aab879!5m2!4m1!1i2!8m2!3d10.786799!4d106.692457!16s/g/11xzhqxkxq!19sChIJvWQQoDMvdTERebiqA6n15n8?authuser=0&hl=vi&g_ep=EgoyMDI2MDkwMi4wIJJjKgBIAVAD&rclk=1
2026-09-08 08:35:56,465 | INFO | Navigation success | attempt=1/3 | 0.22s | url=https://www.google.com/maps/place/PINhome+-PIN+Boutique+Stays/data=!4m10!3m9!1s0x31752f33a01064bd:0x7fe6f5a903aab879!5m2!4m1!1i2!8m2!3d10.786799!4d106.692457!16s/g/11xzhqxkxq!19sChIJvWQQoDMvdTERebiqA6n15n8?authuser=0&hl=vi&g_ep=EgoyMDI2MDkwMi4wIJJjKgBIAVAD&rclk=1
2026-09-08 08:35:57,852 | INFO | VERIFY CANDIDATE | input_title='Khách Sạn Phương Huy' | actual_title='' | input_address='P32GQ42, Tân An, Đắk Lắk, Việt Nam' | actual_address='\ue52e' | url='https://www.google.com/maps/place/PINhome+-PIN+Boutique+Stays/data=!4m10!3m9!1s0x31752f33a01064bd:0x7fe6f5a903aab879!5m2!4m1!1i2!8m2!3d10.786799!4d106.692457!16s/g/11xzhqxkxq!19sChIJvWQQoDMvdTERebiqA6n15n8?authuser=0&hl=vi&g_ep=EgoyMDI2MDkwMi4wIJJjKgBIAVAD&rclk=1' | coordinates=(10.786799, 106.6)
2026-09-08 08:35:57,856 | INFO | VERIFY FINAL | success=False | reason=TITLE_UNAVAILABLE | title_ok=False | address_ok=False | input_title='Khách Sạn Phương Huy' | maps_title='' | input_address='P32GQ42, Tân An, Đắk Lắk, Việt Nam' | maps_address='\ue52e' | url='https://www.google.com/maps/place/PINhome+-PIN+Boutique+Stays/data=!4m10!3m9!1s0x31752f33a01064bd:0x7fe6f5a903aab879!5m2!4m1!1i2!8m2!3d10.786799!4d106.692457!16s/g/11xzhqxkxq!19sChIJvWQQoDMvdTERebiqA6n15n8?authuser=0&hl=vi&g_ep=EgoyMDI2MDkwMi4wIJJjKgBIAVAD&rclk=1'
2026-09-08 08:35:57,856 | INFO | Google Maps address search variant 2/12: P32GQ42, Tân An, Đắk Lắk, Việt Nam
2026-09-08 08:35:57,857 | INFO | Navigation start | attempt=1/3 | timeout=15000ms | url=https://www.google.com/maps/search/?api=1&query=P32GQ42%2C%20T%C3%A2n%20An%2C%20%C4%90%E1%BA%AFk%20L%E1%BA%AFk%2C%20Vi%E1%BB%87t%20Nam
2026-09-08 08:35:58,081 | INFO | Navigation success | attempt=1/3 | 0.22s | url=https://www.google.com/maps/search/?api=1&query=P32GQ42%2C%20T%C3%A2n%20An%2C%20%C4%90%E1%BA%AFk%20L%E1%BA%AFk%2C%20Vi%E1%BB%87t%20Nam
2026-09-08 08:36:07,947 | INFO | Navigation start | attempt=1/3 | timeout=15000ms | url=https://www.google.com/maps/place/UBND+phường+Tân+An/data=!4m7!3m6!1s0x3171f70058c33a23:0xc22f950408c2221!8m2!3d12.7098541!4d108.1087435!16s/g/11xktfb_qw!19sChIJIzrDWAD3cTERISKMQFD5Igw?authuser=0&hl=vi&g_ep=EgoyMDI2MDkwMi4wIJJjKgBIAVAD&rclk=1
2026-09-08 08:36:08,172 | INFO | Navigation success | attempt=1/3 | 0.22s | url=https://www.google.com/maps/place/UBND+phường+Tân+An/data=!4m7!3m6!1s0x3171f70058c33a23:0xc22f950408c2221!8m2!3d12.7098541!4d108.1087435!16s/g/11xktfb_qw!19sChIJIzrDWAD3cTERISKMQFD5Igw?authuser=0&hl=vi&g_ep=EgoyMDI2MDkwMi4wIJJjKgBIAVAD&rclk=1
2026-09-08 08:36:09,704 | INFO | VERIFY CANDIDATE | input_title='Khách Sạn Phương Huy' | actual_title='' | input_address='P32GQ42, Tân An, Đắk Lắk, Việt Nam' | actual_address='\ue52e' | url='https://www.google.com/maps/place/UBND+ph%C6%B0%E1%BB%9Dng+T%C3%A2n+An/data=!4m7!3m6!1s0x3171f70058c33a23:0xc22f950408c2221!8m2!3d12.7098541!4d108.1087435!16s/g/11xktfb_qw!19sChIJIzrDWAD3cTERISKMQFD5Igw?authuser=0&hl=vi&g_ep=EgoyMDI2MDkwMi4wIJJjKgBIAVAD&rclk=1' | coordinates=(12.7098541, 108.1)
2026-09-08 08:36:09,715 | INFO | VERIFY FINAL | success=False | reason=TITLE_UNAVAILABLE | title_ok=False | address_ok=False | input_title='Khách Sạn Phương Huy' | maps_title='' | input_address='P32GQ42, Tân An, Đắk Lắk, Việt Nam' | maps_address='\ue52e' | url='https://www.google.com/maps/place/UBND+ph%C6%B0%E1%BB%9Dng+T%C3%A2n+An/data=!4m7!3m6!1s0x3171f70058c33a23:0xc22f950408c2221!8m2!3d12.7098541!4d108.1087435!16s/g/11xktfb_qw!19sChIJIzrDWAD3cTERISKMQFD5Igw?authuser=0&hl=vi&g_ep=EgoyMDI2MDkwMi4wIJJjKgBIAVAD&rclk=1'
2026-09-08 08:36:09,715 | INFO | Navigation start | attempt=1/3 | timeout=15000ms | url=https://www.google.com/maps/place/Chợ+Tân+An/data=!4m7!3m6!1s0x3171f7a3fa199a93:0x484d48df45c0e287!8m2!3d12.6933012!4d108.0606557!16s/g/11shxlg3_j!19sChIJk5oZ-qP3cTERh-LARd9ITUg?authuser=0&hl=vi&g_ep=EgoyMDI2MDkwMi4wIJJjKgBIAVAD&rclk=1
2026-09-08 08:36:10,077 | INFO | Navigation success | attempt=1/3 | 0.36s | url=https://www.google.com/maps/place/Chợ+Tân+An/data=!4m7!3m6!1s0x3171f7a3fa199a93:0x484d48df45c0e287!8m2!3d12.6933012!4d108.0606557!16s/g/11shxlg3_j!19sChIJk5oZ-qP3cTERh-LARd9ITUg?authuser=0&hl=vi&g_ep=EgoyMDI2MDkwMi4wIJJjKgBIAVAD&rclk=1
2026-09-08 08:36:12,446 | INFO | VERIFY CANDIDATE | input_title='Khách Sạn Phương Huy' | actual_title='' | input_address='P32GQ42, Tân An, Đắk Lắk, Việt Nam' | actual_address='\ue52e' | url='https://www.google.com/maps/place/Ch%E1%BB%A3+T%C3%A2n+An/data=!4m7!3m6!1s0x3171f7a3fa199a93:0x484d48df45c0e287!8m2!3d12.6933012!4d108.0606557!16s/g/11shxlg3_j!19sChIJk5oZ-qP3cTERh-LARd9ITUg?authuser=0&hl=vi&g_ep=EgoyMDI2MDkwMi4wIJJjKgBIAVAD&rclk=1' | coordinates=(12.6933012, 108.0)
2026-09-08 08:36:12,456 | INFO | VERIFY FINAL | success=False | reason=TITLE_UNAVAILABLE | title_ok=False | address_ok=False | input_title='Khách Sạn Phương Huy' | maps_title='' | input_address='P32GQ42, Tân An, Đắk Lắk, Việt Nam' | maps_address='\ue52e' | url='https://www.google.com/maps/place/Ch%E1%BB%A3+T%C3%A2n+An/data=!4m7!3m6!1s0x3171f7a3fa199a93:0x484d48df45c0e287!8m2!3d12.6933012!4d108.0606557!16s/g/11shxlg3_j!19sChIJk5oZ-qP3cTERh-LARd9ITUg?authuser=0&hl=vi&g_ep=EgoyMDI2MDkwMi4wIJJjKgBIAVAD&rclk=1'
2026-09-08 08:36:12,457 | INFO | Navigation start | attempt=1/3 | timeout=15000ms | url=https://www.google.com/maps/place/Cụm+Công+nghiệp+Tân+An/data=!4m7!3m6!1s0x3171f83a42ed359d:0xa5cc9314d0aaf0e6!8m2!3d12.7335665!4d108.0815553!16s/g/12hz23y31!19sChIJnTXtQjr4cTER5vCq0BSTzKU?authuser=0&hl=vi&g_ep=EgoyMDI2MDkwMi4wIJJjKgBIAVAD&rclk=1
2026-09-08 08:36:12,686 | INFO | Navigation success | attempt=1/3 | 0.23s | url=https://www.google.com/maps/place/Cụm+Công+nghiệp+Tân+An/data=!4m7!3m6!1s0x3171f83a42ed359d:0xa5cc9314d0aaf0e6!8m2!3d12.7335665!4d108.0815553!16s/g/12hz23y31!19sChIJnTXtQjr4cTER5vCq0BSTzKU?authuser=0&hl=vi&g_ep=EgoyMDI2MDkwMi4wIJJjKgBIAVAD&rclk=1
2026-09-08 08:36:14,016 | INFO | VERIFY CANDIDATE | input_title='Khách Sạn Phương Huy' | actual_title='' | input_address='P32GQ42, Tân An, Đắk Lắk, Việt Nam' | actual_address='\ue52e' | url='https://www.google.com/maps/place/C%E1%BB%A5m+C%C3%B4ng+nghi%E1%BB%87p+T%C3%A2n+An/data=!4m7!3m6!1s0x3171f83a42ed359d:0xa5cc9314d0aaf0e6!8m2!3d12.7335665!4d108.0815553!16s/g/12hz23y31!19sChIJnTXtQjr4cTER5vCq0BSTzKU?authuser=0&hl=vi&g_ep=EgoyMDI2MDkwMi4wIJJjKgBIAVAD&rclk=1' | coordinates=(12.7335665, 108.0)
2026-09-08 08:36:14,020 | INFO | VERIFY FINAL | success=False | reason=TITLE_UNAVAILABLE | title_ok=False | address_ok=False | input_title='Khách Sạn Phương Huy' | maps_title='' | input_address='P32GQ42, Tân An, Đắk Lắk, Việt Nam' | maps_address='\ue52e' | url='https://www.google.com/maps/place/C%E1%BB%A5m+C%C3%B4ng+nghi%E1%BB%87p+T%C3%A2n+An/data=!4m7!3m6!1s0x3171f83a42ed359d:0xa5cc9314d0aaf0e6!8m2!3d12.7335665!4d108.0815553!16s/g/12hz23y31!19sChIJnTXtQjr4cTER5vCq0BSTzKU?authuser=0&hl=vi&g_ep=EgoyMDI2MDkwMi4wIJJjKgBIAVAD&rclk=1'
2026-09-08 08:36:14,020 | INFO | Navigation start | attempt=1/3 | timeout=15000ms | url=https://www.google.com/maps/place/ACC+Group+Vietnam+-+Đắk+Lắk/data=!4m7!3m6!1s0x31721d1c44d41b13:0xe762e0eca3feef45!8m2!3d12.6800358!4d108.0248633!16s/g/11x7bh19f2!19sChIJExvURBwdcjERRe_-o-zgYuc?authuser=0&hl=vi&g_ep=EgoyMDI2MDkwMi4wIJJjKgBIAVAD&rclk=1
2026-09-08 08:36:14,239 | INFO | Navigation success | attempt=1/3 | 0.22s | url=https://www.google.com/maps/place/ACC+Group+Vietnam+-+Đắk+Lắk/data=!4m7!3m6!1s0x31721d1c44d41b13:0xe762e0eca3feef45!8m2!3d12.6800358!4d108.0248633!16s/g/11x7bh19f2!19sChIJExvURBwdcjERRe_-o-zgYuc?authuser=0&hl=vi&g_ep=EgoyMDI2MDkwMi4wIJJjKgBIAVAD&rclk=1
2026-09-08 08:36:15,703 | INFO | VERIFY CANDIDATE | input_title='Khách Sạn Phương Huy' | actual_title='' | input_address='P32GQ42, Tân An, Đắk Lắk, Việt Nam' | actual_address='\ue52e' | url='https://www.google.com/maps/place/ACC+Group+Vietnam+-+%C4%90%E1%BA%AFk+L%E1%BA%AFk/data=!4m7!3m6!1s0x31721d1c44d41b13:0xe762e0eca3feef45!8m2!3d12.6800358!4d108.0248633!16s/g/11x7bh19f2!19sChIJExvURBwdcjERRe_-o-zgYuc?authuser=0&hl=vi&g_ep=EgoyMDI2MDkwMi4wIJJjKgBIAVAD&rclk=1' | coordinates=(12.6800358, 108.0)
2026-09-08 08:36:15,706 | INFO | VERIFY FINAL | success=False | reason=TITLE_UNAVAILABLE | title_ok=False | address_ok=False | input_title='Khách Sạn Phương Huy' | maps_title='' | input_address='P32GQ42, Tân An, Đắk Lắk, Việt Nam' | maps_address='\ue52e' | url='https://www.google.com/maps/place/ACC+Group+Vietnam+-+%C4%90%E1%BA%AFk+L%E1%BA%AFk/data=!4m7!3m6!1s0x31721d1c44d41b13:0xe762e0eca3feef45!8m2!3d12.6800358!4d108.0248633!16s/g/11x7bh19f2!19sChIJExvURBwdcjERRe_-o-zgYuc?authuser=0&hl=vi&g_ep=EgoyMDI2MDkwMi4wIJJjKgBIAVAD&rclk=1'
2026-09-08 08:36:15,706 | INFO | Navigation start | attempt=1/3 | timeout=15000ms | url=https://www.google.com/maps/place/Khu+đô+thị+Đông+Bắc+Buôn+Ma+Thuột/data=!4m7!3m6!1s0x3171f900577aa3d9:0x9e176ce8633ba75c!8m2!3d12.7296459!4d108.0903816!16s/g/11ntn8r_sz!19sChIJ2aN6VwD5cTERXKc7Y-hsF54?authuser=0&hl=vi&g_ep=EgoyMDI2MDkwMi4wIJJjKgBIAVAD&rclk=1
2026-09-08 08:36:15,925 | INFO | Navigation success | attempt=1/3 | 0.22s | url=https://www.google.com/maps/place/Khu+đô+thị+Đông+Bắc+Buôn+Ma+Thuột/data=!4m7!3m6!1s0x3171f900577aa3d9:0x9e176ce8633ba75c!8m2!3d12.7296459!4d108.0903816!16s/g/11ntn8r_sz!19sChIJ2aN6VwD5cTERXKc7Y-hsF54?authuser=0&hl=vi&g_ep=EgoyMDI2MDkwMi4wIJJjKgBIAVAD&rclk=1
2026-09-08 08:36:17,631 | INFO | VERIFY CANDIDATE | input_title='Khách Sạn Phương Huy' | actual_title='' | input_address='P32GQ42, Tân An, Đắk Lắk, Việt Nam' | actual_address='\ue52e' | url='https://www.google.com/maps/place/Khu+%C4%91%C3%B4+th%E1%BB%8B+%C4%90%C3%B4ng+B%E1%BA%AFc+Bu%C3%B4n+Ma+Thu%E1%BB%99t/data=!4m7!3m6!1s0x3171f900577aa3d9:0x9e176ce8633ba75c!8m2!3d12.7296459!4d108.0903816!16s/g/11ntn8r_sz!19sChIJ2aN6VwD5cTERXKc7Y-hsF54?authuser=0&hl=vi&g_ep=EgoyMDI2MDkwMi4wIJJjKgBIAVAD&rclk=1' | coordinates=(12.7296459, 108.0)
2026-09-08 08:36:17,635 | INFO | VERIFY FINAL | success=False | reason=TITLE_UNAVAILABLE | title_ok=False | address_ok=False | input_title='Khách Sạn Phương Huy' | maps_title='' | input_address='P32GQ42, Tân An, Đắk Lắk, Việt Nam' | maps_address='\ue52e' | url='https://www.google.com/maps/place/Khu+%C4%91%C3%B4+th%E1%BB%8B+%C4%90%C3%B4ng+B%E1%BA%AFc+Bu%C3%B4n+Ma+Thu%E1%BB%99t/data=!4m7!3m6!1s0x3171f900577aa3d9:0x9e176ce8633ba75c!8m2!3d12.7296459!4d108.0903816!16s/g/11ntn8r_sz!19sChIJ2aN6VwD5cTERXKc7Y-hsF54?authuser=0&hl=vi&g_ep=EgoyMDI2MDkwMi4wIJJjKgBIAVAD&rclk=1'
2026-09-08 08:36:17,635 | INFO | Navigation start | attempt=1/3 | timeout=15000ms | url=https://www.google.com/maps/place/Trường+Mầm+Non+Ea+Tu/data=!4m7!3m6!1s0x3171f94ac171f8ab:0x5d2ac9490d8be71e!8m2!3d12.727782!4d108.1064938!16s/g/11j4hs7s9b!19sChIJq_hxwUr5cTERHueLDUnJKl0?authuser=0&hl=vi&g_ep=EgoyMDI2MDkwMi4wIJJjKgBIAVAD&rclk=1
2026-09-08 08:36:17,838 | INFO | Navigation success | attempt=1/3 | 0.20s | url=https://www.google.com/maps/place/Trường+Mầm+Non+Ea+Tu/data=!4m7!3m6!1s0x3171f94ac171f8ab:0x5d2ac9490d8be71e!8m2!3d12.727782!4d108.1064938!16s/g/11j4hs7s9b!19sChIJq_hxwUr5cTERHueLDUnJKl0?authuser=0&hl=vi&g_ep=EgoyMDI2MDkwMi4wIJJjKgBIAVAD&rclk=1
2026-09-08 08:36:19,211 | INFO | VERIFY CANDIDATE | input_title='Khách Sạn Phương Huy' | actual_title='' | input_address='P32GQ42, Tân An, Đắk Lắk, Việt Nam' | actual_address='\ue52e' | url='https://www.google.com/maps/place/Tr%C6%B0%E1%BB%9Dng+M%E1%BA%A7m+Non+Ea+Tu/data=!4m7!3m6!1s0x3171f94ac171f8ab:0x5d2ac9490d8be71e!8m2!3d12.727782!4d108.1064938!16s/g/11j4hs7s9b!19sChIJq_hxwUr5cTERHueLDUnJKl0?authuser=0&hl=vi&g_ep=EgoyMDI2MDkwMi4wIJJjKgBIAVAD&rclk=1' | coordinates=(12.727782, 108.1)
2026-09-08 08:36:19,215 | INFO | VERIFY FINAL | success=False | reason=TITLE_UNAVAILABLE | title_ok=False | address_ok=False | input_title='Khách Sạn Phương Huy' | maps_title='' | input_address='P32GQ42, Tân An, Đắk Lắk, Việt Nam' | maps_address='\ue52e' | url='https://www.google.com/maps/place/Tr%C6%B0%E1%BB%9Dng+M%E1%BA%A7m+Non+Ea+Tu/data=!4m7!3m6!1s0x3171f94ac171f8ab:0x5d2ac9490d8be71e!8m2!3d12.727782!4d108.1064938!16s/g/11j4hs7s9b!19sChIJq_hxwUr5cTERHueLDUnJKl0?authuser=0&hl=vi&g_ep=EgoyMDI2MDkwMi4wIJJjKgBIAVAD&rclk=1'
2026-09-08 08:36:19,216 | INFO | Google Maps address search variant 3/12: P32GQ42, Tân An, Đắk Lắk, Việt Nam, Khách Sạn Phương Huy
2026-09-08 08:36:19,216 | INFO | Navigation start | attempt=1/3 | timeout=15000ms | url=https://www.google.com/maps/search/?api=1&query=P32GQ42%2C%20T%C3%A2n%20An%2C%20%C4%90%E1%BA%AFk%20L%E1%BA%AFk%2C%20Vi%E1%BB%87t%20Nam%2C%20Kh%C3%A1ch%20S%E1%BA%A1n%20Ph%C6%B0%C6%A1ng%20Huy
2026-09-08 08:36:19,447 | INFO | Navigation success | attempt=1/3 | 0.23s | url=https://www.google.com/maps/search/?api=1&query=P32GQ42%2C%20T%C3%A2n%20An%2C%20%C4%90%E1%BA%AFk%20L%E1%BA%AFk%2C%20Vi%E1%BB%87t%20Nam%2C%20Kh%C3%A1ch%20S%E1%BA%A1n%20Ph%C6%B0%C6%A1ng%20Huy
2026-09-08 08:36:30,153 | INFO | Google Maps address search variant 4/12: Khách Sạn Phương Huy, P32GQ42, Tân An, Đắk Lắk, Việt Nam
2026-09-08 08:36:30,153 | INFO | Navigation start | attempt=1/3 | timeout=15000ms | url=https://www.google.com/maps/search/?api=1&query=Kh%C3%A1ch%20S%E1%BA%A1n%20Ph%C6%B0%C6%A1ng%20Huy%2C%20P32GQ42%2C%20T%C3%A2n%20An%2C%20%C4%90%E1%BA%AFk%20L%E1%BA%AFk%2C%20Vi%E1%BB%87t%20Nam
2026-09-08 08:36:30,370 | INFO | Navigation success | attempt=1/3 | 0.22s | url=https://www.google.com/maps/search/?api=1&query=Kh%C3%A1ch%20S%E1%BA%A1n%20Ph%C6%B0%C6%A1ng%20Huy%2C%20P32GQ42%2C%20T%C3%A2n%20An%2C%20%C4%90%E1%BA%AFk%20L%E1%BA%AFk%2C%20Vi%E1%BB%87t%20Nam
2026-09-08 08:36:41,063 | INFO | Google Maps address search variant 5/12: p32gq42, tan an, đak lak
2026-09-08 08:36:41,064 | INFO | Navigation start | attempt=1/3 | timeout=15000ms | url=https://www.google.com/maps/search/?api=1&query=p32gq42%2C%20tan%20an%2C%20%C4%91ak%20lak
2026-09-08 08:36:41,285 | INFO | Navigation success | attempt=1/3 | 0.22s | url=https://www.google.com/maps/search/?api=1&query=p32gq42%2C%20tan%20an%2C%20%C4%91ak%20lak
2026-09-08 08:36:51,140 | INFO | Navigation start | attempt=1/3 | timeout=15000ms | url=https://www.google.com/maps/place/UBND+phường+Tân+An/data=!4m7!3m6!1s0x3171f70058c33a23:0xc22f950408c2221!8m2!3d12.7098541!4d108.1087435!16s/g/11xktfb_qw!19sChIJIzrDWAD3cTERISKMQFD5Igw?authuser=0&hl=vi&g_ep=EgoyMDI2MDkwMi4wIJJjKgBIAVAD&rclk=1
2026-09-08 08:36:51,365 | INFO | Navigation success | attempt=1/3 | 0.22s | url=https://www.google.com/maps/place/UBND+phường+Tân+An/data=!4m7!3m6!1s0x3171f70058c33a23:0xc22f950408c2221!8m2!3d12.7098541!4d108.1087435!16s/g/11xktfb_qw!19sChIJIzrDWAD3cTERISKMQFD5Igw?authuser=0&hl=vi&g_ep=EgoyMDI2MDkwMi4wIJJjKgBIAVAD&rclk=1
2026-09-08 08:36:52,449 | INFO | VERIFY CANDIDATE | input_title='Khách Sạn Phương Huy' | actual_title='' | input_address='P32GQ42, Tân An, Đắk Lắk, Việt Nam' | actual_address='\ue52e' | url='https://www.google.com/maps/place/UBND+ph%C6%B0%E1%BB%9Dng+T%C3%A2n+An/data=!4m7!3m6!1s0x3171f70058c33a23:0xc22f950408c2221!8m2!3d12.7098541!4d108.1087435!16s/g/11xktfb_qw!19sChIJIzrDWAD3cTERISKMQFD5Igw?authuser=0&hl=vi&g_ep=EgoyMDI2MDkwMi4wIJJjKgBIAVAD&rclk=1' | coordinates=(12.7098541, 108.1)
2026-09-08 08:36:52,452 | INFO | VERIFY FINAL | success=False | reason=TITLE_UNAVAILABLE | title_ok=False | address_ok=False | input_title='Khách Sạn Phương Huy' | maps_title='' | input_address='P32GQ42, Tân An, Đắk Lắk, Việt Nam' | maps_address='\ue52e' | url='https://www.google.com/maps/place/UBND+ph%C6%B0%E1%BB%9Dng+T%C3%A2n+An/data=!4m7!3m6!1s0x3171f70058c33a23:0xc22f950408c2221!8m2!3d12.7098541!4d108.1087435!16s/g/11xktfb_qw!19sChIJIzrDWAD3cTERISKMQFD5Igw?authuser=0&hl=vi&g_ep=EgoyMDI2MDkwMi4wIJJjKgBIAVAD&rclk=1'
2026-09-08 08:36:52,452 | INFO | Navigation start | attempt=1/3 | timeout=15000ms | url=https://www.google.com/maps/place/Chợ+Tân+An/data=!4m7!3m6!1s0x3171f7a3fa199a93:0x484d48df45c0e287!8m2!3d12.6933012!4d108.0606557!16s/g/11shxlg3_j!19sChIJk5oZ-qP3cTERh-LARd9ITUg?authuser=0&hl=vi&g_ep=EgoyMDI2MDkwMi4wIJJjKgBIAVAD&rclk=1
2026-09-08 08:36:52,692 | INFO | Navigation success | attempt=1/3 | 0.24s | url=https://www.google.com/maps/place/Chợ+Tân+An/data=!4m7!3m6!1s0x3171f7a3fa199a93:0x484d48df45c0e287!8m2!3d12.6933012!4d108.0606557!16s/g/11shxlg3_j!19sChIJk5oZ-qP3cTERh-LARd9ITUg?authuser=0&hl=vi&g_ep=EgoyMDI2MDkwMi4wIJJjKgBIAVAD&rclk=1
2026-09-08 08:36:54,059 | INFO | VERIFY CANDIDATE | input_title='Khách Sạn Phương Huy' | actual_title='' | input_address='P32GQ42, Tân An, Đắk Lắk, Việt Nam' | actual_address='\ue52e' | url='https://www.google.com/maps/place/Ch%E1%BB%A3+T%C3%A2n+An/data=!4m7!3m6!1s0x3171f7a3fa199a93:0x484d48df45c0e287!8m2!3d12.6933012!4d108.0606557!16s/g/11shxlg3_j!19sChIJk5oZ-qP3cTERh-LARd9ITUg?authuser=0&hl=vi&g_ep=EgoyMDI2MDkwMi4wIJJjKgBIAVAD&rclk=1' | coordinates=(12.6933012, 108.0)
2026-09-08 08:36:54,066 | INFO | VERIFY FINAL | success=False | reason=TITLE_UNAVAILABLE | title_ok=False | address_ok=False | input_title='Khách Sạn Phương Huy' | maps_title='' | input_address='P32GQ42, Tân An, Đắk Lắk, Việt Nam' | maps_address='\ue52e' | url='https://www.google.com/maps/place/Ch%E1%BB%A3+T%C3%A2n+An/data=!4m7!3m6!1s0x3171f7a3fa199a93:0x484d48df45c0e287!8m2!3d12.6933012!4d108.0606557!16s/g/11shxlg3_j!19sChIJk5oZ-qP3cTERh-LARd9ITUg?authuser=0&hl=vi&g_ep=EgoyMDI2MDkwMi4wIJJjKgBIAVAD&rclk=1'
2026-09-08 08:36:54,066 | INFO | Navigation start | attempt=1/3 | timeout=15000ms | url=https://www.google.com/maps/place/Cụm+Công+nghiệp+Tân+An/data=!4m7!3m6!1s0x3171f83a42ed359d:0xa5cc9314d0aaf0e6!8m2!3d12.7335665!4d108.0815553!16s/g/12hz23y31!19sChIJnTXtQjr4cTER5vCq0BSTzKU?authuser=0&hl=vi&g_ep=EgoyMDI2MDkwMi4wIJJjKgBIAVAD&rclk=1
2026-09-08 08:36:54,288 | INFO | Navigation success | attempt=1/3 | 0.22s | url=https://www.google.com/maps/place/Cụm+Công+nghiệp+Tân+An/data=!4m7!3m6!1s0x3171f83a42ed359d:0xa5cc9314d0aaf0e6!8m2!3d12.7335665!4d108.0815553!16s/g/12hz23y31!19sChIJnTXtQjr4cTER5vCq0BSTzKU?authuser=0&hl=vi&g_ep=EgoyMDI2MDkwMi4wIJJjKgBIAVAD&rclk=1
2026-09-08 08:36:55,715 | INFO | VERIFY CANDIDATE | input_title='Khách Sạn Phương Huy' | actual_title='' | input_address='P32GQ42, Tân An, Đắk Lắk, Việt Nam' | actual_address='\ue52e' | url='https://www.google.com/maps/place/C%E1%BB%A5m+C%C3%B4ng+nghi%E1%BB%87p+T%C3%A2n+An/data=!4m7!3m6!1s0x3171f83a42ed359d:0xa5cc9314d0aaf0e6!8m2!3d12.7335665!4d108.0815553!16s/g/12hz23y31!19sChIJnTXtQjr4cTER5vCq0BSTzKU?authuser=0&hl=vi&g_ep=EgoyMDI2MDkwMi4wIJJjKgBIAVAD&rclk=1' | coordinates=(12.7335665, 108.0)
2026-09-08 08:36:55,718 | INFO | VERIFY FINAL | success=False | reason=TITLE_UNAVAILABLE | title_ok=False | address_ok=False | input_title='Khách Sạn Phương Huy' | maps_title='' | input_address='P32GQ42, Tân An, Đắk Lắk, Việt Nam' | maps_address='\ue52e' | url='https://www.google.com/maps/place/C%E1%BB%A5m+C%C3%B4ng+nghi%E1%BB%87p+T%C3%A2n+An/data=!4m7!3m6!1s0x3171f83a42ed359d:0xa5cc9314d0aaf0e6!8m2!3d12.7335665!4d108.0815553!16s/g/12hz23y31!19sChIJnTXtQjr4cTER5vCq0BSTzKU?authuser=0&hl=vi&g_ep=EgoyMDI2MDkwMi4wIJJjKgBIAVAD&rclk=1'
2026-09-08 08:36:55,718 | INFO | Navigation start | attempt=1/3 | timeout=15000ms | url=https://www.google.com/maps/place/ACC+Group+Vietnam+-+Đắk+Lắk/data=!4m7!3m6!1s0x31721d1c44d41b13:0xe762e0eca3feef45!8m2!3d12.6800358!4d108.0248633!16s/g/11x7bh19f2!19sChIJExvURBwdcjERRe_-o-zgYuc?authuser=0&hl=vi&g_ep=EgoyMDI2MDkwMi4wIJJjKgBIAVAD&rclk=1
2026-09-08 08:36:55,961 | INFO | Navigation success | attempt=1/3 | 0.24s | url=https://www.google.com/maps/place/ACC+Group+Vietnam+-+Đắk+Lắk/data=!4m7!3m6!1s0x31721d1c44d41b13:0xe762e0eca3feef45!8m2!3d12.6800358!4d108.0248633!16s/g/11x7bh19f2!19sChIJExvURBwdcjERRe_-o-zgYuc?authuser=0&hl=vi&g_ep=EgoyMDI2MDkwMi4wIJJjKgBIAVAD&rclk=1
2026-09-08 08:36:57,391 | INFO | VERIFY CANDIDATE | input_title='Khách Sạn Phương Huy' | actual_title='' | input_address='P32GQ42, Tân An, Đắk Lắk, Việt Nam' | actual_address='\ue52e' | url='https://www.google.com/maps/place/ACC+Group+Vietnam+-+%C4%90%E1%BA%AFk+L%E1%BA%AFk/data=!4m7!3m6!1s0x31721d1c44d41b13:0xe762e0eca3feef45!8m2!3d12.6800358!4d108.0248633!16s/g/11x7bh19f2!19sChIJExvURBwdcjERRe_-o-zgYuc?authuser=0&hl=vi&g_ep=EgoyMDI2MDkwMi4wIJJjKgBIAVAD&rclk=1' | coordinates=(12.6800358, 108.0)
2026-09-08 08:36:57,394 | INFO | VERIFY FINAL | success=False | reason=TITLE_UNAVAILABLE | title_ok=False | address_ok=False | input_title='Khách Sạn Phương Huy' | maps_title='' | input_address='P32GQ42, Tân An, Đắk Lắk, Việt Nam' | maps_address='\ue52e' | url='https://www.google.com/maps/place/ACC+Group+Vietnam+-+%C4%90%E1%BA%AFk+L%E1%BA%AFk/data=!4m7!3m6!1s0x31721d1c44d41b13:0xe762e0eca3feef45!8m2!3d12.6800358!4d108.0248633!16s/g/11x7bh19f2!19sChIJExvURBwdcjERRe_-o-zgYuc?authuser=0&hl=vi&g_ep=EgoyMDI2MDkwMi4wIJJjKgBIAVAD&rclk=1'
2026-09-08 08:36:57,394 | INFO | Navigation start | attempt=1/3 | timeout=15000ms | url=https://www.google.com/maps/place/Bưu+điện+tỉnh+Đắk+Lắk/data=!4m7!3m6!1s0x31721d77993a15d9:0xeb8ca956c4181c58!8m2!3d12.6826647!4d108.0351972!16s/g/1tgdl178!19sChIJ2RU6mXcdcjERWBwYxFapjOs?authuser=0&hl=vi&g_ep=EgoyMDI2MDkwMi4wIJJjKgBIAVAD&rclk=1
2026-09-08 08:36:57,627 | INFO | Navigation success | attempt=1/3 | 0.23s | url=https://www.google.com/maps/place/Bưu+điện+tỉnh+Đắk+Lắk/data=!4m7!3m6!1s0x31721d77993a15d9:0xeb8ca956c4181c58!8m2!3d12.6826647!4d108.0351972!16s/g/1tgdl178!19sChIJ2RU6mXcdcjERWBwYxFapjOs?authuser=0&hl=vi&g_ep=EgoyMDI2MDkwMi4wIJJjKgBIAVAD&rclk=1
2026-09-08 08:36:58,473 | INFO | VERIFY CANDIDATE | input_title='Khách Sạn Phương Huy' | actual_title='' | input_address='P32GQ42, Tân An, Đắk Lắk, Việt Nam' | actual_address='\ue52e' | url='https://www.google.com/maps/place/B%C6%B0u+%C4%91i%E1%BB%87n+t%E1%BB%89nh+%C4%90%E1%BA%AFk+L%E1%BA%AFk/data=!4m7!3m6!1s0x31721d77993a15d9:0xeb8ca956c4181c58!8m2!3d12.6826647!4d108.0351972!16s/g/1tgdl178!19sChIJ2RU6mXcdcjERWBwYxFapjOs?authuser=0&hl=vi&g_ep=EgoyMDI2MDkwMi4wIJJjKgBIAVAD&rclk=1' | coordinates=(12.6826647, 108.0)
2026-09-08 08:36:58,478 | INFO | VERIFY FINAL | success=False | reason=TITLE_UNAVAILABLE | title_ok=False | address_ok=False | input_title='Khách Sạn Phương Huy' | maps_title='' | input_address='P32GQ42, Tân An, Đắk Lắk, Việt Nam' | maps_address='\ue52e' | url='https://www.google.com/maps/place/B%C6%B0u+%C4%91i%E1%BB%87n+t%E1%BB%89nh+%C4%90%E1%BA%AFk+L%E1%BA%AFk/data=!4m7!3m6!1s0x31721d77993a15d9:0xeb8ca956c4181c58!8m2!3d12.6826647!4d108.0351972!16s/g/1tgdl178!19sChIJ2RU6mXcdcjERWBwYxFapjOs?authuser=0&hl=vi&g_ep=EgoyMDI2MDkwMi4wIJJjKgBIAVAD&rclk=1'
2026-09-08 08:36:58,478 | INFO | Navigation start | attempt=1/3 | timeout=15000ms | url=https://www.google.com/maps/place/Khu+đô+thị+Đông+Bắc+Buôn+Ma+Thuột/data=!4m7!3m6!1s0x3171f900577aa3d9:0x9e176ce8633ba75c!8m2!3d12.7296459!4d108.0903816!16s/g/11ntn8r_sz!19sChIJ2aN6VwD5cTERXKc7Y-hsF54?authuser=0&hl=vi&g_ep=EgoyMDI2MDkwMi4wIJJjKgBIAVAD&rclk=1
2026-09-08 08:36:58,698 | INFO | Navigation success | attempt=1/3 | 0.22s | url=https://www.google.com/maps/place/Khu+đô+thị+Đông+Bắc+Buôn+Ma+Thuột/data=!4m7!3m6!1s0x3171f900577aa3d9:0x9e176ce8633ba75c!8m2!3d12.7296459!4d108.0903816!16s/g/11ntn8r_sz!19sChIJ2aN6VwD5cTERXKc7Y-hsF54?authuser=0&hl=vi&g_ep=EgoyMDI2MDkwMi4wIJJjKgBIAVAD&rclk=1
2026-09-08 08:36:59,676 | INFO | VERIFY CANDIDATE | input_title='Khách Sạn Phương Huy' | actual_title='' | input_address='P32GQ42, Tân An, Đắk Lắk, Việt Nam' | actual_address='\ue52e' | url='https://www.google.com/maps/place/Khu+%C4%91%C3%B4+th%E1%BB%8B+%C4%90%C3%B4ng+B%E1%BA%AFc+Bu%C3%B4n+Ma+Thu%E1%BB%99t/data=!4m7!3m6!1s0x3171f900577aa3d9:0x9e176ce8633ba75c!8m2!3d12.7296459!4d108.0903816!16s/g/11ntn8r_sz!19sChIJ2aN6VwD5cTERXKc7Y-hsF54?authuser=0&hl=vi&g_ep=EgoyMDI2MDkwMi4wIJJjKgBIAVAD&rclk=1' | coordinates=(12.7296459, 108.0)
2026-09-08 08:36:59,682 | INFO | VERIFY FINAL | success=False | reason=TITLE_UNAVAILABLE | title_ok=False | address_ok=False | input_title='Khách Sạn Phương Huy' | maps_title='' | input_address='P32GQ42, Tân An, Đắk Lắk, Việt Nam' | maps_address='\ue52e' | url='https://www.google.com/maps/place/Khu+%C4%91%C3%B4+th%E1%BB%8B+%C4%90%C3%B4ng+B%E1%BA%AFc+Bu%C3%B4n+Ma+Thu%E1%BB%99t/data=!4m7!3m6!1s0x3171f900577aa3d9:0x9e176ce8633ba75c!8m2!3d12.7296459!4d108.0903816!16s/g/11ntn8r_sz!19sChIJ2aN6VwD5cTERXKc7Y-hsF54?authuser=0&hl=vi&g_ep=EgoyMDI2MDkwMi4wIJJjKgBIAVAD&rclk=1'
2026-09-08 08:36:59,683 | INFO | Navigation start | attempt=1/3 | timeout=15000ms | url=https://www.google.com/maps/place/Trường+Mầm+Non+Ea+Tu/data=!4m7!3m6!1s0x3171f94ac171f8ab:0x5d2ac9490d8be71e!8m2!3d12.727782!4d108.1064938!16s/g/11j4hs7s9b!19sChIJq_hxwUr5cTERHueLDUnJKl0?authuser=0&hl=vi&g_ep=EgoyMDI2MDkwMi4wIJJjKgBIAVAD&rclk=1
2026-09-08 08:37:00,125 | INFO | Navigation success | attempt=1/3 | 0.44s | url=https://www.google.com/maps/place/Trường+Mầm+Non+Ea+Tu/data=!4m7!3m6!1s0x3171f94ac171f8ab:0x5d2ac9490d8be71e!8m2!3d12.727782!4d108.1064938!16s/g/11j4hs7s9b!19sChIJq_hxwUr5cTERHueLDUnJKl0?authuser=0&hl=vi&g_ep=EgoyMDI2MDkwMi4wIJJjKgBIAVAD&rclk=1
2026-09-08 08:37:01,415 | INFO | VERIFY CANDIDATE | input_title='Khách Sạn Phương Huy' | actual_title='' | input_address='P32GQ42, Tân An, Đắk Lắk, Việt Nam' | actual_address='\ue52e' | url='https://www.google.com/maps/place/Tr%C6%B0%E1%BB%9Dng+M%E1%BA%A7m+Non+Ea+Tu/data=!4m7!3m6!1s0x3171f94ac171f8ab:0x5d2ac9490d8be71e!8m2!3d12.727782!4d108.1064938!16s/g/11j4hs7s9b!19sChIJq_hxwUr5cTERHueLDUnJKl0?authuser=0&hl=vi&g_ep=EgoyMDI2MDkwMi4wIJJjKgBIAVAD&rclk=1' | coordinates=(12.727782, 108.1)
2026-09-08 08:37:01,433 | INFO | VERIFY FINAL | success=False | reason=TITLE_UNAVAILABLE | title_ok=False | address_ok=False | input_title='Khách Sạn Phương Huy' | maps_title='' | input_address='P32GQ42, Tân An, Đắk Lắk, Việt Nam' | maps_address='\ue52e' | url='https://www.google.com/maps/place/Tr%C6%B0%E1%BB%9Dng+M%E1%BA%A7m+Non+Ea+Tu/data=!4m7!3m6!1s0x3171f94ac171f8ab:0x5d2ac9490d8be71e!8m2!3d12.727782!4d108.1064938!16s/g/11j4hs7s9b!19sChIJq_hxwUr5cTERHueLDUnJKl0?authuser=0&hl=vi&g_ep=EgoyMDI2MDkwMi4wIJJjKgBIAVAD&rclk=1'
2026-09-08 08:37:01,433 | INFO | Google Maps address search variant 6/12: tan an, đak lak
2026-09-08 08:37:01,434 | INFO | Navigation start | attempt=1/3 | timeout=15000ms | url=https://www.google.com/maps/search/?api=1&query=tan%20an%2C%20%C4%91ak%20lak
2026-09-08 08:37:01,676 | INFO | Navigation success | attempt=1/3 | 0.24s | url=https://www.google.com/maps/search/?api=1&query=tan%20an%2C%20%C4%91ak%20lak
2026-09-08 08:37:11,906 | INFO | Google Maps address search variant 7/12: Khách Sạn Phương Huy, p32gq42, tan an, đak lak
2026-09-08 08:37:11,906 | INFO | Navigation start | attempt=1/3 | timeout=15000ms | url=https://www.google.com/maps/search/?api=1&query=Kh%C3%A1ch%20S%E1%BA%A1n%20Ph%C6%B0%C6%A1ng%20Huy%2C%20p32gq42%2C%20tan%20an%2C%20%C4%91ak%20lak
2026-09-08 08:37:12,451 | INFO | Navigation success | attempt=1/3 | 0.54s | url=https://www.google.com/maps/search/?api=1&query=Kh%C3%A1ch%20S%E1%BA%A1n%20Ph%C6%B0%C6%A1ng%20Huy%2C%20p32gq42%2C%20tan%20an%2C%20%C4%91ak%20lak
2026-09-08 08:37:22,710 | INFO | Google Maps address search variant 8/12: Khách Sạn Phương Huy, tan an, đak lak
2026-09-08 08:37:22,710 | INFO | Navigation start | attempt=1/3 | timeout=15000ms | url=https://www.google.com/maps/search/?api=1&query=Kh%C3%A1ch%20S%E1%BA%A1n%20Ph%C6%B0%C6%A1ng%20Huy%2C%20tan%20an%2C%20%C4%91ak%20lak
2026-09-08 08:37:22,894 | INFO | Navigation success | attempt=1/3 | 0.18s | url=https://www.google.com/maps/search/?api=1&query=Kh%C3%A1ch%20S%E1%BA%A1n%20Ph%C6%B0%C6%A1ng%20Huy%2C%20tan%20an%2C%20%C4%91ak%20lak
2026-09-08 08:37:33,226 | INFO | Google Maps address search variant 9/12: Khách Sạn Phương Huy, p32gq42
2026-09-08 08:37:33,227 | INFO | Navigation start | attempt=1/3 | timeout=15000ms | url=https://www.google.com/maps/search/?api=1&query=Kh%C3%A1ch%20S%E1%BA%A1n%20Ph%C6%B0%C6%A1ng%20Huy%2C%20p32gq42
2026-09-08 08:37:33,447 | INFO | Navigation success | attempt=1/3 | 0.22s | url=https://www.google.com/maps/search/?api=1&query=Kh%C3%A1ch%20S%E1%BA%A1n%20Ph%C6%B0%C6%A1ng%20Huy%2C%20p32gq42
2026-09-08 08:37:44,324 | INFO | Navigation start | attempt=1/3 | timeout=15000ms | url=https://www.google.com/maps/place/Huy+Phương+Hotel/data=!4m10!3m9!1s0x31752b87412725a3:0x3c98f7ec71273af2!5m2!4m1!1i2!8m2!3d10.8593654!4d106.5629018!16s/g/11pty9nv36!19sChIJoyUnQYcrdTER8joncez3mDw?authuser=0&hl=vi&g_ep=EgoyMDI2MDkwMi4wIJJjKgBIAVAD&rclk=1
2026-09-08 08:37:44,794 | INFO | Navigation success | attempt=1/3 | 0.47s | url=https://www.google.com/maps/place/Huy+Phương+Hotel/data=!4m10!3m9!1s0x31752b87412725a3:0x3c98f7ec71273af2!5m2!4m1!1i2!8m2!3d10.8593654!4d106.5629018!16s/g/11pty9nv36!19sChIJoyUnQYcrdTER8joncez3mDw?authuser=0&hl=vi&g_ep=EgoyMDI2MDkwMi4wIJJjKgBIAVAD&rclk=1
2026-09-08 08:37:46,197 | INFO | VERIFY CANDIDATE | input_title='Khách Sạn Phương Huy' | actual_title='' | input_address='P32GQ42, Tân An, Đắk Lắk, Việt Nam' | actual_address='\ue52e' | url='https://www.google.com/maps/place/Huy+Ph%C6%B0%C6%A1ng+Hotel/data=!4m10!3m9!1s0x31752b87412725a3:0x3c98f7ec71273af2!5m2!4m1!1i2!8m2!3d10.8593654!4d106.5629018!16s/g/11pty9nv36!19sChIJoyUnQYcrdTER8joncez3mDw?authuser=0&hl=vi&g_ep=EgoyMDI2MDkwMi4wIJJjKgBIAVAD&rclk=1' | coordinates=(10.8593654, 106.5)
2026-09-08 08:37:46,200 | INFO | VERIFY FINAL | success=False | reason=TITLE_UNAVAILABLE | title_ok=False | address_ok=False | input_title='Khách Sạn Phương Huy' | maps_title='' | input_address='P32GQ42, Tân An, Đắk Lắk, Việt Nam' | maps_address='\ue52e' | url='https://www.google.com/maps/place/Huy+Ph%C6%B0%C6%A1ng+Hotel/data=!4m10!3m9!1s0x31752b87412725a3:0x3c98f7ec71273af2!5m2!4m1!1i2!8m2!3d10.8593654!4d106.5629018!16s/g/11pty9nv36!19sChIJoyUnQYcrdTER8joncez3mDw?authuser=0&hl=vi&g_ep=EgoyMDI2MDkwMi4wIJJjKgBIAVAD&rclk=1'
2026-09-08 08:37:46,200 | INFO | Navigation start | attempt=1/3 | timeout=15000ms | url=https://www.google.com/maps/place/Khách+Sạn+Phương+Huy/data=!4m7!3m6!1s0x317528bff082458d:0xd5fae8634b0c3b16!8m2!3d10.8102702!4d106.7003582!16s/g/12vschr3q!19sChIJjUWC8L8odTERFjsMS2Po-tU?authuser=0&hl=vi&g_ep=EgoyMDI2MDkwMi4wIJJjKgBIAVAD&rclk=1
2026-09-08 08:37:46,829 | INFO | Navigation success | attempt=1/3 | 0.63s | url=https://www.google.com/maps/place/Khách+Sạn+Phương+Huy/data=!4m7!3m6!1s0x317528bff082458d:0xd5fae8634b0c3b16!8m2!3d10.8102702!4d106.7003582!16s/g/12vschr3q!19sChIJjUWC8L8odTERFjsMS2Po-tU?authuser=0&hl=vi&g_ep=EgoyMDI2MDkwMi4wIJJjKgBIAVAD&rclk=1
2026-09-08 08:37:47,794 | INFO | VERIFY CANDIDATE | input_title='Khách Sạn Phương Huy' | actual_title='' | input_address='P32GQ42, Tân An, Đắk Lắk, Việt Nam' | actual_address='\ue52e' | url='https://www.google.com/maps/place/Kh%C3%A1ch+S%E1%BA%A1n+Ph%C6%B0%C6%A1ng+Huy/data=!4m7!3m6!1s0x317528bff082458d:0xd5fae8634b0c3b16!8m2!3d10.8102702!4d106.7003582!16s/g/12vschr3q!19sChIJjUWC8L8odTERFjsMS2Po-tU?authuser=0&hl=vi&g_ep=EgoyMDI2MDkwMi4wIJJjKgBIAVAD&rclk=1' | coordinates=(10.8102702, 106.7)
2026-09-08 08:37:47,797 | INFO | VERIFY FINAL | success=False | reason=TITLE_UNAVAILABLE | title_ok=False | address_ok=False | input_title='Khách Sạn Phương Huy' | maps_title='' | input_address='P32GQ42, Tân An, Đắk Lắk, Việt Nam' | maps_address='\ue52e' | url='https://www.google.com/maps/place/Kh%C3%A1ch+S%E1%BA%A1n+Ph%C6%B0%C6%A1ng+Huy/data=!4m7!3m6!1s0x317528bff082458d:0xd5fae8634b0c3b16!8m2!3d10.8102702!4d106.7003582!16s/g/12vschr3q!19sChIJjUWC8L8odTERFjsMS2Po-tU?authuser=0&hl=vi&g_ep=EgoyMDI2MDkwMi4wIJJjKgBIAVAD&rclk=1'
2026-09-08 08:37:47,798 | INFO | Navigation start | attempt=1/3 | timeout=15000ms | url=https://www.google.com/maps/place/Hotel+Phượng+Anh/data=!4m10!3m9!1s0x317528c6cd3aeaab:0x74fa40c58a563f0a!5m2!4m1!1i2!8m2!3d10.8059866!4d106.695928!16s/g/11hzhyn3jx!19sChIJq-o6zcYodTERCj9WisVA-nQ?authuser=0&hl=vi&g_ep=EgoyMDI2MDkwMi4wIJJjKgBIAVAD&rclk=1
2026-09-08 08:37:48,014 | INFO | Navigation success | attempt=1/3 | 0.22s | url=https://www.google.com/maps/place/Hotel+Phượng+Anh/data=!4m10!3m9!1s0x317528c6cd3aeaab:0x74fa40c58a563f0a!5m2!4m1!1i2!8m2!3d10.8059866!4d106.695928!16s/g/11hzhyn3jx!19sChIJq-o6zcYodTERCj9WisVA-nQ?authuser=0&hl=vi&g_ep=EgoyMDI2MDkwMi4wIJJjKgBIAVAD&rclk=1
2026-09-08 08:37:48,868 | INFO | VERIFY CANDIDATE | input_title='Khách Sạn Phương Huy' | actual_title='' | input_address='P32GQ42, Tân An, Đắk Lắk, Việt Nam' | actual_address='\ue52e' | url='https://www.google.com/maps/place/Hotel+Ph%C6%B0%E1%BB%A3ng+Anh/data=!4m10!3m9!1s0x317528c6cd3aeaab:0x74fa40c58a563f0a!5m2!4m1!1i2!8m2!3d10.8059866!4d106.695928!16s/g/11hzhyn3jx!19sChIJq-o6zcYodTERCj9WisVA-nQ?authuser=0&hl=vi&g_ep=EgoyMDI2MDkwMi4wIJJjKgBIAVAD&rclk=1' | coordinates=(10.8059866, 106.6)
2026-09-08 08:37:48,871 | INFO | VERIFY FINAL | success=False | reason=TITLE_UNAVAILABLE | title_ok=False | address_ok=False | input_title='Khách Sạn Phương Huy' | maps_title='' | input_address='P32GQ42, Tân An, Đắk Lắk, Việt Nam' | maps_address='\ue52e' | url='https://www.google.com/maps/place/Hotel+Ph%C6%B0%E1%BB%A3ng+Anh/data=!4m10!3m9!1s0x317528c6cd3aeaab:0x74fa40c58a563f0a!5m2!4m1!1i2!8m2!3d10.8059866!4d106.695928!16s/g/11hzhyn3jx!19sChIJq-o6zcYodTERCj9WisVA-nQ?authuser=0&hl=vi&g_ep=EgoyMDI2MDkwMi4wIJJjKgBIAVAD&rclk=1'
2026-09-08 08:37:48,872 | INFO | Navigation start | attempt=1/3 | timeout=15000ms | url=https://www.google.com/maps/place/Khách+Sạn+Bình+Dung/data=!4m10!3m9!1s0x317528cfb67e4e13:0xd9dc3d07bdfb992a!5m2!4m1!1i2!8m2!3d10.798246!4d106.689734!16s/g/12vqpclyx!19sChIJE05-ts8odTERKpn7vQc93Nk?authuser=0&hl=vi&g_ep=EgoyMDI2MDkwMi4wIJJjKgBIAVAD&rclk=1
2026-09-08 08:37:49,128 | INFO | Navigation success | attempt=1/3 | 0.26s | url=https://www.google.com/maps/place/Khách+Sạn+Bình+Dung/data=!4m10!3m9!1s0x317528cfb67e4e13:0xd9dc3d07bdfb992a!5m2!4m1!1i2!8m2!3d10.798246!4d106.689734!16s/g/12vqpclyx!19sChIJE05-ts8odTERKpn7vQc93Nk?authuser=0&hl=vi&g_ep=EgoyMDI2MDkwMi4wIJJjKgBIAVAD&rclk=1
2026-09-08 08:37:49,897 | INFO | VERIFY CANDIDATE | input_title='Khách Sạn Phương Huy' | actual_title='' | input_address='P32GQ42, Tân An, Đắk Lắk, Việt Nam' | actual_address='\ue52e' | url='https://www.google.com/maps/place/Kh%C3%A1ch+S%E1%BA%A1n+B%C3%ACnh+Dung/data=!4m10!3m9!1s0x317528cfb67e4e13:0xd9dc3d07bdfb992a!5m2!4m1!1i2!8m2!3d10.798246!4d106.689734!16s/g/12vqpclyx!19sChIJE05-ts8odTERKpn7vQc93Nk?authuser=0&hl=vi&g_ep=EgoyMDI2MDkwMi4wIJJjKgBIAVAD&rclk=1' | coordinates=(10.798246, 106.6)
2026-09-08 08:37:49,900 | INFO | VERIFY FINAL | success=False | reason=TITLE_UNAVAILABLE | title_ok=False | address_ok=False | input_title='Khách Sạn Phương Huy' | maps_title='' | input_address='P32GQ42, Tân An, Đắk Lắk, Việt Nam' | maps_address='\ue52e' | url='https://www.google.com/maps/place/Kh%C3%A1ch+S%E1%BA%A1n+B%C3%ACnh+Dung/data=!4m10!3m9!1s0x317528cfb67e4e13:0xd9dc3d07bdfb992a!5m2!4m1!1i2!8m2!3d10.798246!4d106.689734!16s/g/12vqpclyx!19sChIJE05-ts8odTERKpn7vQc93Nk?authuser=0&hl=vi&g_ep=EgoyMDI2MDkwMi4wIJJjKgBIAVAD&rclk=1'
2026-09-08 08:37:49,900 | INFO | Navigation start | attempt=1/3 | timeout=15000ms | url=https://www.google.com/maps/place/Khách+sạn+AMINI/data=!4m10!3m9!1s0x317528d7446bf4ab:0xcc6c3ba3938f6b57!5m2!4m1!1i2!8m2!3d10.80017!4d106.681153!16s/g/11zcslhs0f!19sChIJq_RrRNcodTERV2uPk6M7bMw?authuser=0&hl=vi&g_ep=EgoyMDI2MDkwMi4wIJJjKgBIAVAD&rclk=1
2026-09-08 08:37:50,120 | INFO | Navigation success | attempt=1/3 | 0.22s | url=https://www.google.com/maps/place/Khách+sạn+AMINI/data=!4m10!3m9!1s0x317528d7446bf4ab:0xcc6c3ba3938f6b57!5m2!4m1!1i2!8m2!3d10.80017!4d106.681153!16s/g/11zcslhs0f!19sChIJq_RrRNcodTERV2uPk6M7bMw?authuser=0&hl=vi&g_ep=EgoyMDI2MDkwMi4wIJJjKgBIAVAD&rclk=1
2026-09-08 08:37:51,828 | INFO | VERIFY CANDIDATE | input_title='Khách Sạn Phương Huy' | actual_title='' | input_address='P32GQ42, Tân An, Đắk Lắk, Việt Nam' | actual_address='\ue52e' | url='https://www.google.com/maps/place/Kh%C3%A1ch+s%E1%BA%A1n+AMINI/data=!4m10!3m9!1s0x317528d7446bf4ab:0xcc6c3ba3938f6b57!5m2!4m1!1i2!8m2!3d10.80017!4d106.681153!16s/g/11zcslhs0f!19sChIJq_RrRNcodTERV2uPk6M7bMw?authuser=0&hl=vi&g_ep=EgoyMDI2MDkwMi4wIJJjKgBIAVAD&rclk=1' | coordinates=(10.80017, 106.6)
2026-09-08 08:37:51,831 | INFO | VERIFY FINAL | success=False | reason=TITLE_UNAVAILABLE | title_ok=False | address_ok=False | input_title='Khách Sạn Phương Huy' | maps_title='' | input_address='P32GQ42, Tân An, Đắk Lắk, Việt Nam' | maps_address='\ue52e' | url='https://www.google.com/maps/place/Kh%C3%A1ch+s%E1%BA%A1n+AMINI/data=!4m10!3m9!1s0x317528d7446bf4ab:0xcc6c3ba3938f6b57!5m2!4m1!1i2!8m2!3d10.80017!4d106.681153!16s/g/11zcslhs0f!19sChIJq_RrRNcodTERV2uPk6M7bMw?authuser=0&hl=vi&g_ep=EgoyMDI2MDkwMi4wIJJjKgBIAVAD&rclk=1'
2026-09-08 08:37:51,831 | INFO | Google Maps address search variant 10/12: Khách Sạn Phương Huy, tan an
2026-09-08 08:37:51,832 | INFO | Navigation start | attempt=1/3 | timeout=15000ms | url=https://www.google.com/maps/search/?api=1&query=Kh%C3%A1ch%20S%E1%BA%A1n%20Ph%C6%B0%C6%A1ng%20Huy%2C%20tan%20an
2026-09-08 08:37:52,456 | INFO | Navigation success | attempt=1/3 | 0.62s | url=https://www.google.com/maps/search/?api=1&query=Kh%C3%A1ch%20S%E1%BA%A1n%20Ph%C6%B0%C6%A1ng%20Huy%2C%20tan%20an
2026-09-08 08:38:02,727 | INFO | Navigation start | attempt=1/3 | timeout=15000ms | url=https://www.google.com/maps/place/Khách+Sạn+Cúc+Phương/data=!4m10!3m9!1s0x3174d88bcecb1b91:0x2f2f530fb6581d83!5m2!4m1!1i2!8m2!3d10.889571!4d106.774069!16s/g/11fylpf06k!19sChIJkRvLzovYdDERgx1Ytg9TLy8?authuser=0&hl=vi&g_ep=EgoyMDI2MDkwMi4wIJJjKgBIAVAD&rclk=1
2026-09-08 08:38:02,953 | INFO | Navigation success | attempt=1/3 | 0.23s | url=https://www.google.com/maps/place/Khách+Sạn+Cúc+Phương/data=!4m10!3m9!1s0x3174d88bcecb1b91:0x2f2f530fb6581d83!5m2!4m1!1i2!8m2!3d10.889571!4d106.774069!16s/g/11fylpf06k!19sChIJkRvLzovYdDERgx1Ytg9TLy8?authuser=0&hl=vi&g_ep=EgoyMDI2MDkwMi4wIJJjKgBIAVAD&rclk=1
2026-09-08 08:38:03,908 | INFO | VERIFY CANDIDATE | input_title='Khách Sạn Phương Huy' | actual_title='' | input_address='P32GQ42, Tân An, Đắk Lắk, Việt Nam' | actual_address='\ue52e' | url='https://www.google.com/maps/place/Kh%C3%A1ch+S%E1%BA%A1n+C%C3%BAc+Ph%C6%B0%C6%A1ng/data=!4m10!3m9!1s0x3174d88bcecb1b91:0x2f2f530fb6581d83!5m2!4m1!1i2!8m2!3d10.889571!4d106.774069!16s/g/11fylpf06k!19sChIJkRvLzovYdDERgx1Ytg9TLy8?authuser=0&hl=vi&g_ep=EgoyMDI2MDkwMi4wIJJjKgBIAVAD&rclk=1' | coordinates=(10.889571, 106.7)
2026-09-08 08:38:03,911 | INFO | VERIFY FINAL | success=False | reason=TITLE_UNAVAILABLE | title_ok=False | address_ok=False | input_title='Khách Sạn Phương Huy' | maps_title='' | input_address='P32GQ42, Tân An, Đắk Lắk, Việt Nam' | maps_address='\ue52e' | url='https://www.google.com/maps/place/Kh%C3%A1ch+S%E1%BA%A1n+C%C3%BAc+Ph%C6%B0%C6%A1ng/data=!4m10!3m9!1s0x3174d88bcecb1b91:0x2f2f530fb6581d83!5m2!4m1!1i2!8m2!3d10.889571!4d106.774069!16s/g/11fylpf06k!19sChIJkRvLzovYdDERgx1Ytg9TLy8?authuser=0&hl=vi&g_ep=EgoyMDI2MDkwMi4wIJJjKgBIAVAD&rclk=1'
2026-09-08 08:38:03,911 | INFO | Navigation start | attempt=1/3 | timeout=15000ms | url=https://www.google.com/maps/place/Huy+Phương+Hotel/data=!4m10!3m9!1s0x31752b87412725a3:0x3c98f7ec71273af2!5m2!4m1!1i2!8m2!3d10.8593654!4d106.5629018!16s/g/11pty9nv36!19sChIJoyUnQYcrdTER8joncez3mDw?authuser=0&hl=vi&g_ep=EgoyMDI2MDkwMi4wIJJjKgBIAVAD&rclk=1
2026-09-08 08:38:04,104 | INFO | Navigation success | attempt=1/3 | 0.19s | url=https://www.google.com/maps/place/Huy+Phương+Hotel/data=!4m10!3m9!1s0x31752b87412725a3:0x3c98f7ec71273af2!5m2!4m1!1i2!8m2!3d10.8593654!4d106.5629018!16s/g/11pty9nv36!19sChIJoyUnQYcrdTER8joncez3mDw?authuser=0&hl=vi&g_ep=EgoyMDI2MDkwMi4wIJJjKgBIAVAD&rclk=1
2026-09-08 08:38:04,970 | INFO | VERIFY CANDIDATE | input_title='Khách Sạn Phương Huy' | actual_title='' | input_address='P32GQ42, Tân An, Đắk Lắk, Việt Nam' | actual_address='\ue52e' | url='https://www.google.com/maps/place/Huy+Ph%C6%B0%C6%A1ng+Hotel/data=!4m10!3m9!1s0x31752b87412725a3:0x3c98f7ec71273af2!5m2!4m1!1i2!8m2!3d10.8593654!4d106.5629018!16s/g/11pty9nv36!19sChIJoyUnQYcrdTER8joncez3mDw?authuser=0&hl=vi&g_ep=EgoyMDI2MDkwMi4wIJJjKgBIAVAD&rclk=1' | coordinates=(10.8593654, 106.5)
2026-09-08 08:38:04,973 | INFO | VERIFY FINAL | success=False | reason=TITLE_UNAVAILABLE | title_ok=False | address_ok=False | input_title='Khách Sạn Phương Huy' | maps_title='' | input_address='P32GQ42, Tân An, Đắk Lắk, Việt Nam' | maps_address='\ue52e' | url='https://www.google.com/maps/place/Huy+Ph%C6%B0%C6%A1ng+Hotel/data=!4m10!3m9!1s0x31752b87412725a3:0x3c98f7ec71273af2!5m2!4m1!1i2!8m2!3d10.8593654!4d106.5629018!16s/g/11pty9nv36!19sChIJoyUnQYcrdTER8joncez3mDw?authuser=0&hl=vi&g_ep=EgoyMDI2MDkwMi4wIJJjKgBIAVAD&rclk=1'
2026-09-08 08:38:04,974 | INFO | Navigation start | attempt=1/3 | timeout=15000ms | url=https://www.google.com/maps/place/Khách+Sạn+Phương+Huy/data=!4m10!3m9!1s0x3171f795ad6dfa7b:0xda97e9e67ac159e5!5m2!4m1!1i2!8m2!3d12.7018832!4d108.0752731!16s/g/11g891xjx_!19sChIJe_ptrZX3cTER5VnBeubpl9o?authuser=0&hl=vi&g_ep=EgoyMDI2MDkwMi4wIJJjKgBIAVAD&rclk=1
2026-09-08 08:38:05,177 | INFO | Navigation success | attempt=1/3 | 0.20s | url=https://www.google.com/maps/place/Khách+Sạn+Phương+Huy/data=!4m10!3m9!1s0x3171f795ad6dfa7b:0xda97e9e67ac159e5!5m2!4m1!1i2!8m2!3d12.7018832!4d108.0752731!16s/g/11g891xjx_!19sChIJe_ptrZX3cTER5VnBeubpl9o?authuser=0&hl=vi&g_ep=EgoyMDI2MDkwMi4wIJJjKgBIAVAD&rclk=1
2026-09-08 08:38:06,097 | INFO | VERIFY CANDIDATE | input_title='Khách Sạn Phương Huy' | actual_title='' | input_address='P32GQ42, Tân An, Đắk Lắk, Việt Nam' | actual_address='\ue52e' | url='https://www.google.com/maps/place/Kh%C3%A1ch+S%E1%BA%A1n+Ph%C6%B0%C6%A1ng+Huy/data=!4m10!3m9!1s0x3171f795ad6dfa7b:0xda97e9e67ac159e5!5m2!4m1!1i2!8m2!3d12.7018832!4d108.0752731!16s/g/11g891xjx_!19sChIJe_ptrZX3cTER5VnBeubpl9o?authuser=0&hl=vi&g_ep=EgoyMDI2MDkwMi4wIJJjKgBIAVAD&rclk=1' | coordinates=(12.7018832, 108.0)
2026-09-08 08:38:06,110 | INFO | VERIFY FINAL | success=False | reason=TITLE_UNAVAILABLE | title_ok=False | address_ok=False | input_title='Khách Sạn Phương Huy' | maps_title='' | input_address='P32GQ42, Tân An, Đắk Lắk, Việt Nam' | maps_address='\ue52e' | url='https://www.google.com/maps/place/Kh%C3%A1ch+S%E1%BA%A1n+Ph%C6%B0%C6%A1ng+Huy/data=!4m10!3m9!1s0x3171f795ad6dfa7b:0xda97e9e67ac159e5!5m2!4m1!1i2!8m2!3d12.7018832!4d108.0752731!16s/g/11g891xjx_!19sChIJe_ptrZX3cTER5VnBeubpl9o?authuser=0&hl=vi&g_ep=EgoyMDI2MDkwMi4wIJJjKgBIAVAD&rclk=1'
2026-09-08 08:38:06,111 | INFO | Navigation start | attempt=1/3 | timeout=15000ms | url=https://www.google.com/maps/place/Khách+Sạn+Hoàng+Huy/data=!4m7!3m6!1s0x310ab61809f1558f:0xf530ce7c527d432b!8m2!3d10.5333743!4d106.4170853!16s/g/11f657h095!19sChIJj1XxCRi2CjERK0N9UnzOMPU?authuser=0&hl=vi&g_ep=EgoyMDI2MDkwMi4wIJJjKgBIAVAD&rclk=1
2026-09-08 08:38:06,365 | INFO | Navigation success | attempt=1/3 | 0.25s | url=https://www.google.com/maps/place/Khách+Sạn+Hoàng+Huy/data=!4m7!3m6!1s0x310ab61809f1558f:0xf530ce7c527d432b!8m2!3d10.5333743!4d106.4170853!16s/g/11f657h095!19sChIJj1XxCRi2CjERK0N9UnzOMPU?authuser=0&hl=vi&g_ep=EgoyMDI2MDkwMi4wIJJjKgBIAVAD&rclk=1
2026-09-08 08:38:07,213 | INFO | VERIFY CANDIDATE | input_title='Khách Sạn Phương Huy' | actual_title='' | input_address='P32GQ42, Tân An, Đắk Lắk, Việt Nam' | actual_address='\ue52e' | url='https://www.google.com/maps/place/Kh%C3%A1ch+S%E1%BA%A1n+Ho%C3%A0ng+Huy/data=!4m7!3m6!1s0x310ab61809f1558f:0xf530ce7c527d432b!8m2!3d10.5333743!4d106.4170853!16s/g/11f657h095!19sChIJj1XxCRi2CjERK0N9UnzOMPU?authuser=0&hl=vi&g_ep=EgoyMDI2MDkwMi4wIJJjKgBIAVAD&rclk=1' | coordinates=(10.5333743, 106.4)
2026-09-08 08:38:07,221 | INFO | VERIFY FINAL | success=False | reason=TITLE_UNAVAILABLE | title_ok=False | address_ok=False | input_title='Khách Sạn Phương Huy' | maps_title='' | input_address='P32GQ42, Tân An, Đắk Lắk, Việt Nam' | maps_address='\ue52e' | url='https://www.google.com/maps/place/Kh%C3%A1ch+S%E1%BA%A1n+Ho%C3%A0ng+Huy/data=!4m7!3m6!1s0x310ab61809f1558f:0xf530ce7c527d432b!8m2!3d10.5333743!4d106.4170853!16s/g/11f657h095!19sChIJj1XxCRi2CjERK0N9UnzOMPU?authuser=0&hl=vi&g_ep=EgoyMDI2MDkwMi4wIJJjKgBIAVAD&rclk=1'
2026-09-08 08:38:07,228 | INFO | Navigation start | attempt=1/3 | timeout=15000ms | url=https://www.google.com/maps/place/Khách+sạn+Hoàng+Hùng/data=!4m10!3m9!1s0x3174d867c00495bf:0xe9a6931ffaf11cb5!5m2!4m1!1i2!8m2!3d10.893389!4d106.760284!16s/g/11mvlnwfnz!19sChIJv5UEwGfYdDERtRzx-h-Tpuk?authuser=0&hl=vi&g_ep=EgoyMDI2MDkwMi4wIJJjKgBIAVAD&rclk=1
2026-09-08 08:38:07,563 | INFO | Navigation success | attempt=1/3 | 0.34s | url=https://www.google.com/maps/place/Khách+sạn+Hoàng+Hùng/data=!4m10!3m9!1s0x3174d867c00495bf:0xe9a6931ffaf11cb5!5m2!4m1!1i2!8m2!3d10.893389!4d106.760284!16s/g/11mvlnwfnz!19sChIJv5UEwGfYdDERtRzx-h-Tpuk?authuser=0&hl=vi&g_ep=EgoyMDI2MDkwMi4wIJJjKgBIAVAD&rclk=1
2026-09-08 08:38:08,526 | INFO | VERIFY CANDIDATE | input_title='Khách Sạn Phương Huy' | actual_title='' | input_address='P32GQ42, Tân An, Đắk Lắk, Việt Nam' | actual_address='\ue52e' | url='https://www.google.com/maps/place/Kh%C3%A1ch+s%E1%BA%A1n+Ho%C3%A0ng+H%C3%B9ng/data=!4m10!3m9!1s0x3174d867c00495bf:0xe9a6931ffaf11cb5!5m2!4m1!1i2!8m2!3d10.893389!4d106.760284!16s/g/11mvlnwfnz!19sChIJv5UEwGfYdDERtRzx-h-Tpuk?authuser=0&hl=vi&g_ep=EgoyMDI2MDkwMi4wIJJjKgBIAVAD&rclk=1' | coordinates=(10.893389, 106.7)
2026-09-08 08:38:08,529 | INFO | VERIFY FINAL | success=False | reason=TITLE_UNAVAILABLE | title_ok=False | address_ok=False | input_title='Khách Sạn Phương Huy' | maps_title='' | input_address='P32GQ42, Tân An, Đắk Lắk, Việt Nam' | maps_address='\ue52e' | url='https://www.google.com/maps/place/Kh%C3%A1ch+s%E1%BA%A1n+Ho%C3%A0ng+H%C3%B9ng/data=!4m10!3m9!1s0x3174d867c00495bf:0xe9a6931ffaf11cb5!5m2!4m1!1i2!8m2!3d10.893389!4d106.760284!16s/g/11mvlnwfnz!19sChIJv5UEwGfYdDERtRzx-h-Tpuk?authuser=0&hl=vi&g_ep=EgoyMDI2MDkwMi4wIJJjKgBIAVAD&rclk=1'
2026-09-08 08:38:08,530 | INFO | Google Maps address search variant 11/12: Khách Sạn Phương Huy, đak lak
2026-09-08 08:38:08,530 | INFO | Navigation start | attempt=1/3 | timeout=15000ms | url=https://www.google.com/maps/search/?api=1&query=Kh%C3%A1ch%20S%E1%BA%A1n%20Ph%C6%B0%C6%A1ng%20Huy%2C%20%C4%91ak%20lak
2026-09-08 08:38:08,788 | INFO | Navigation success | attempt=1/3 | 0.26s | url=https://www.google.com/maps/search/?api=1&query=Kh%C3%A1ch%20S%E1%BA%A1n%20Ph%C6%B0%C6%A1ng%20Huy%2C%20%C4%91ak%20lak
2026-09-08 08:38:18,555 | WARNING | Google Maps NOT_FOUND / NO_VALID_PLACE_URL: Khách Sạn Phương Huy | P32GQ42, Tân An, Đắk Lắk, Việt Nam
2026-09-08 08:38:18,555 | INFO | EXCEL SEARCH RESULT | success=False | reason=NOT_FOUND | google_maps_url=None | url=None | cleaned_url=''
2026-09-08 08:38:20,311 | INFO | Existing URL check | maps_col=google_maps_url | url_col=URL | maps='' | url='' | reusable=''
2026-09-08 08:38:20,530 | WARNING | CURRENT MAPS PLACE TITLE/ADDRESS MISMATCH | input_title='Khách sạn Royal Khanh' | actual_title='Khách Sạn Phương Huy' | input_address='68 Nguyễn Huệ, Tuy Hòa, Đắk Lắk 620000, Việt Nam' | actual_address='\ue413' | url='https://www.google.com/maps/place/Kh%C3%A1ch+S%E1%BA%A1n+Ph%C6%B0%C6%A1ng+Huy/@12.7018832,108.0752731,17z/data=!4m9!3m8!1s0x3171f795ad6dfa7b:0xda97e9e67ac159e5!5m2!4m1!1i2!8m2!3d12.7018832!4d108.0752731!16s%2Fg%2F11g891xjx_?entry=ttu&g_ep=EgoyMDI2MDkwMi4wIKXMDSoASAFQAw%3D%3D'
2026-09-08 08:38:20,530 | INFO | Google Maps title search variant 1/12: Khách sạn Royal Khanh
2026-09-08 08:38:20,530 | INFO | Navigation start | attempt=1/3 | timeout=15000ms | url=https://www.google.com/maps/search/?api=1&query=Kh%C3%A1ch%20s%E1%BA%A1n%20Royal%20Khanh
2026-09-08 08:38:20,736 | INFO | Navigation success | attempt=1/3 | 0.21s | url=https://www.google.com/maps/search/?api=1&query=Kh%C3%A1ch%20s%E1%BA%A1n%20Royal%20Khanh
2026-09-08 08:38:31,283 | INFO | Navigation start | attempt=1/3 | timeout=15000ms | url=https://www.google.com/maps/place/Khách+sạn+Royal+Khanh/data=!4m10!3m9!1s0x316fec15629d7e11:0x37bb2034ba363293!5m2!4m1!1i2!8m2!3d13.091829!4d109.306943!16s/g/11fwm787jv!19sChIJEX6dYhXsbzERkzI2ujQguzc?authuser=0&hl=vi&g_ep=EgoyMDI2MDkwMi4wIJJjKgBIAVAD&rclk=1
2026-09-08 08:38:31,531 | INFO | Navigation success | attempt=1/3 | 0.25s | url=https://www.google.com/maps/place/Khách+sạn+Royal+Khanh/data=!4m10!3m9!1s0x316fec15629d7e11:0x37bb2034ba363293!5m2!4m1!1i2!8m2!3d13.091829!4d109.306943!16s/g/11fwm787jv!19sChIJEX6dYhXsbzERkzI2ujQguzc?authuser=0&hl=vi&g_ep=EgoyMDI2MDkwMi4wIJJjKgBIAVAD&rclk=1
2026-09-08 08:38:32,322 | INFO | VERIFY CANDIDATE | input_title='Khách sạn Royal Khanh' | actual_title='' | input_address='68 Nguyễn Huệ, Tuy Hòa, Đắk Lắk 620000, Việt Nam' | actual_address='\ue52e' | url='https://www.google.com/maps/place/Kh%C3%A1ch+s%E1%BA%A1n+Royal+Khanh/data=!4m10!3m9!1s0x316fec15629d7e11:0x37bb2034ba363293!5m2!4m1!1i2!8m2!3d13.091829!4d109.306943!16s/g/11fwm787jv!19sChIJEX6dYhXsbzERkzI2ujQguzc?authuser=0&hl=vi&g_ep=EgoyMDI2MDkwMi4wIJJjKgBIAVAD&rclk=1' | coordinates=(13.091829, 109.3)
2026-09-08 08:38:32,324 | INFO | VERIFY FINAL | success=False | reason=TITLE_UNAVAILABLE | title_ok=False | address_ok=False | input_title='Khách sạn Royal Khanh' | maps_title='' | input_address='68 Nguyễn Huệ, Tuy Hòa, Đắk Lắk 620000, Việt Nam' | maps_address='\ue52e' | url='https://www.google.com/maps/place/Kh%C3%A1ch+s%E1%BA%A1n+Royal+Khanh/data=!4m10!3m9!1s0x316fec15629d7e11:0x37bb2034ba363293!5m2!4m1!1i2!8m2!3d13.091829!4d109.306943!16s/g/11fwm787jv!19sChIJEX6dYhXsbzERkzI2ujQguzc?authuser=0&hl=vi&g_ep=EgoyMDI2MDkwMi4wIJJjKgBIAVAD&rclk=1'
2026-09-08 08:38:32,324 | INFO | Navigation start | attempt=1/3 | timeout=15000ms | url=https://www.google.com/maps/place/Khách+sạn+Royal+Khanh/data=!4m10!3m9!1s0x316fedef8c5701fd:0x37bb2034ba363293!5m2!4m1!1i2!8m2!3d13.0918291!4d109.3069429!16s/g/11fwm787jv!19sChIJ_QFXjO_tbzERkzI2ujQguzc?authuser=0&hl=vi&g_ep=EgoyMDI2MDkwMi4wIJJjKgBIAVAD&rclk=1
2026-09-08 08:38:32,526 | INFO | Navigation success | attempt=1/3 | 0.20s | url=https://www.google.com/maps/place/Khách+sạn+Royal+Khanh/data=!4m10!3m9!1s0x316fedef8c5701fd:0x37bb2034ba363293!5m2!4m1!1i2!8m2!3d13.0918291!4d109.3069429!16s/g/11fwm787jv!19sChIJ_QFXjO_tbzERkzI2ujQguzc?authuser=0&hl=vi&g_ep=EgoyMDI2MDkwMi4wIJJjKgBIAVAD&rclk=1
2026-09-08 08:38:33,354 | INFO | VERIFY CANDIDATE | input_title='Khách sạn Royal Khanh' | actual_title='' | input_address='68 Nguyễn Huệ, Tuy Hòa, Đắk Lắk 620000, Việt Nam' | actual_address='\ue52e' | url='https://www.google.com/maps/place/Kh%C3%A1ch+s%E1%BA%A1n+Royal+Khanh/data=!4m10!3m9!1s0x316fedef8c5701fd:0x37bb2034ba363293!5m2!4m1!1i2!8m2!3d13.0918291!4d109.3069429!16s/g/11fwm787jv!19sChIJ_QFXjO_tbzERkzI2ujQguzc?authuser=0&hl=vi&g_ep=EgoyMDI2MDkwMi4wIJJjKgBIAVAD&rclk=1' | coordinates=(13.0918291, 109.3)
2026-09-08 08:38:33,357 | INFO | VERIFY FINAL | success=False | reason=TITLE_UNAVAILABLE | title_ok=False | address_ok=False | input_title='Khách sạn Royal Khanh' | maps_title='' | input_address='68 Nguyễn Huệ, Tuy Hòa, Đắk Lắk 620000, Việt Nam' | maps_address='\ue52e' | url='https://www.google.com/maps/place/Kh%C3%A1ch+s%E1%BA%A1n+Royal+Khanh/data=!4m10!3m9!1s0x316fedef8c5701fd:0x37bb2034ba363293!5m2!4m1!1i2!8m2!3d13.0918291!4d109.3069429!16s/g/11fwm787jv!19sChIJ_QFXjO_tbzERkzI2ujQguzc?authuser=0&hl=vi&g_ep=EgoyMDI2MDkwMi4wIJJjKgBIAVAD&rclk=1'
2026-09-08 08:38:33,357 | INFO | Navigation start | attempt=1/3 | timeout=15000ms | url=https://www.google.com/maps/place/Royal+Hotel/data=!4m10!3m9!1s0x317527041e7cddcd:0xafbde016403d5179!5m2!4m1!1i2!8m2!3d10.7909037!4d106.7298902!16s/g/11h11dv_4_!19sChIJzd18HgQndTEReVE9QBbgva8?authuser=0&hl=vi&g_ep=EgoyMDI2MDkwMi4wIJJjKgBIAVAD&rclk=1
2026-09-08 08:38:33,569 | INFO | Navigation success | attempt=1/3 | 0.21s | url=https://www.google.com/maps/place/Royal+Hotel/data=!4m10!3m9!1s0x317527041e7cddcd:0xafbde016403d5179!5m2!4m1!1i2!8m2!3d10.7909037!4d106.7298902!16s/g/11h11dv_4_!19sChIJzd18HgQndTEReVE9QBbgva8?authuser=0&hl=vi&g_ep=EgoyMDI2MDkwMi4wIJJjKgBIAVAD&rclk=1
2026-09-08 08:38:34,185 | INFO | VERIFY CANDIDATE | input_title='Khách sạn Royal Khanh' | actual_title='' | input_address='68 Nguyễn Huệ, Tuy Hòa, Đắk Lắk 620000, Việt Nam' | actual_address='\ue52e' | url='https://www.google.com/maps/place/Royal+Hotel/data=!4m10!3m9!1s0x317527041e7cddcd:0xafbde016403d5179!5m2!4m1!1i2!8m2!3d10.7909037!4d106.7298902!16s/g/11h11dv_4_!19sChIJzd18HgQndTEReVE9QBbgva8?authuser=0&hl=vi&g_ep=EgoyMDI2MDkwMi4wIJJjKgBIAVAD&rclk=1' | coordinates=(10.7909037, 106.7)
2026-09-08 08:38:34,188 | INFO | VERIFY FINAL | success=False | reason=TITLE_UNAVAILABLE | title_ok=False | address_ok=False | input_title='Khách sạn Royal Khanh' | maps_title='' | input_address='68 Nguyễn Huệ, Tuy Hòa, Đắk Lắk 620000, Việt Nam' | maps_address='\ue52e' | url='https://www.google.com/maps/place/Royal+Hotel/data=!4m10!3m9!1s0x317527041e7cddcd:0xafbde016403d5179!5m2!4m1!1i2!8m2!3d10.7909037!4d106.7298902!16s/g/11h11dv_4_!19sChIJzd18HgQndTEReVE9QBbgva8?authuser=0&hl=vi&g_ep=EgoyMDI2MDkwMi4wIJJjKgBIAVAD&rclk=1'
2026-09-08 08:38:34,188 | INFO | Navigation start | attempt=1/3 | timeout=15000ms | url=https://www.google.com/maps/place/Khách+sạn+Kaya/data=!4m10!3m9!1s0x316fec40cbbb6e07:0xe5486ba247d6af98!5m2!4m1!1i2!8m2!3d13.094942!4d109.31265!16s/g/1x5qq8jx!19sChIJB267y0DsbzERmK_WR6JrSOU?authuser=0&hl=vi&g_ep=EgoyMDI2MDkwMi4wIJJjKgBIAVAD&rclk=1
2026-09-08 08:38:34,403 | INFO | Navigation success | attempt=1/3 | 0.21s | url=https://www.google.com/maps/place/Khách+sạn+Kaya/data=!4m10!3m9!1s0x316fec40cbbb6e07:0xe5486ba247d6af98!5m2!4m1!1i2!8m2!3d13.094942!4d109.31265!16s/g/1x5qq8jx!19sChIJB267y0DsbzERmK_WR6JrSOU?authuser=0&hl=vi&g_ep=EgoyMDI2MDkwMi4wIJJjKgBIAVAD&rclk=1
2026-09-08 08:38:35,390 | INFO | VERIFY CANDIDATE | input_title='Khách sạn Royal Khanh' | actual_title='' | input_address='68 Nguyễn Huệ, Tuy Hòa, Đắk Lắk 620000, Việt Nam' | actual_address='\ue52e' | url='https://www.google.com/maps/place/Kh%C3%A1ch+s%E1%BA%A1n+Kaya/data=!4m10!3m9!1s0x316fec40cbbb6e07:0xe5486ba247d6af98!5m2!4m1!1i2!8m2!3d13.094942!4d109.31265!16s/g/1x5qq8jx!19sChIJB267y0DsbzERmK_WR6JrSOU?authuser=0&hl=vi&g_ep=EgoyMDI2MDkwMi4wIJJjKgBIAVAD&rclk=1' | coordinates=(13.094942, 109.3)
2026-09-08 08:38:35,393 | INFO | VERIFY FINAL | success=False | reason=TITLE_UNAVAILABLE | title_ok=False | address_ok=False | input_title='Khách sạn Royal Khanh' | maps_title='' | input_address='68 Nguyễn Huệ, Tuy Hòa, Đắk Lắk 620000, Việt Nam' | maps_address='\ue52e' | url='https://www.google.com/maps/place/Kh%C3%A1ch+s%E1%BA%A1n+Kaya/data=!4m10!3m9!1s0x316fec40cbbb6e07:0xe5486ba247d6af98!5m2!4m1!1i2!8m2!3d13.094942!4d109.31265!16s/g/1x5qq8jx!19sChIJB267y0DsbzERmK_WR6JrSOU?authuser=0&hl=vi&g_ep=EgoyMDI2MDkwMi4wIJJjKgBIAVAD&rclk=1'
2026-09-08 08:38:35,394 | INFO | Google Maps address search variant 2/12: 68 Nguyễn Huệ, Tuy Hòa, Đắk Lắk 620000, Việt Nam
2026-09-08 08:38:35,394 | INFO | Navigation start | attempt=1/3 | timeout=15000ms | url=https://www.google.com/maps/search/?api=1&query=68%20Nguy%E1%BB%85n%20Hu%E1%BB%87%2C%20Tuy%20H%C3%B2a%2C%20%C4%90%E1%BA%AFk%20L%E1%BA%AFk%20620000%2C%20Vi%E1%BB%87t%20Nam
2026-09-08 08:38:35,602 | INFO | Navigation success | attempt=1/3 | 0.21s | url=https://www.google.com/maps/search/?api=1&query=68%20Nguy%E1%BB%85n%20Hu%E1%BB%87%2C%20Tuy%20H%C3%B2a%2C%20%C4%90%E1%BA%AFk%20L%E1%BA%AFk%20620000%2C%20Vi%E1%BB%87t%20Nam
2026-09-08 08:38:45,634 | INFO | Navigation start | attempt=1/3 | timeout=15000ms | url=https://www.google.com/maps/place/Royal+Hotel/data=!4m10!3m9!1s0x316fec68478e0ba7:0x7664038052069925!5m2!4m1!1i2!8m2!3d13.102944!4d109.3055427!16s/g/11f3s63z7p!19sChIJpwuOR2jsbzERJZkGUoADZHY?authuser=0&hl=vi&g_ep=EgoyMDI2MDkwMi4wIJJjKgBIAVAD&rclk=1
2026-09-08 08:38:45,848 | INFO | Navigation success | attempt=1/3 | 0.21s | url=https://www.google.com/maps/place/Royal+Hotel/data=!4m10!3m9!1s0x316fec68478e0ba7:0x7664038052069925!5m2!4m1!1i2!8m2!3d13.102944!4d109.3055427!16s/g/11f3s63z7p!19sChIJpwuOR2jsbzERJZkGUoADZHY?authuser=0&hl=vi&g_ep=EgoyMDI2MDkwMi4wIJJjKgBIAVAD&rclk=1
2026-09-08 08:38:47,099 | INFO | VERIFY CANDIDATE | input_title='Khách sạn Royal Khanh' | actual_title='' | input_address='68 Nguyễn Huệ, Tuy Hòa, Đắk Lắk 620000, Việt Nam' | actual_address='\ue52e' | url='https://www.google.com/maps/place/Royal+Hotel/data=!4m10!3m9!1s0x316fec68478e0ba7:0x7664038052069925!5m2!4m1!1i2!8m2!3d13.102944!4d109.3055427!16s/g/11f3s63z7p!19sChIJpwuOR2jsbzERJZkGUoADZHY?authuser=0&hl=vi&g_ep=EgoyMDI2MDkwMi4wIJJjKgBIAVAD&rclk=1' | coordinates=(13.102944, 109.3)
2026-09-08 08:38:47,102 | INFO | VERIFY FINAL | success=False | reason=TITLE_UNAVAILABLE | title_ok=False | address_ok=False | input_title='Khách sạn Royal Khanh' | maps_title='' | input_address='68 Nguyễn Huệ, Tuy Hòa, Đắk Lắk 620000, Việt Nam' | maps_address='\ue52e' | url='https://www.google.com/maps/place/Royal+Hotel/data=!4m10!3m9!1s0x316fec68478e0ba7:0x7664038052069925!5m2!4m1!1i2!8m2!3d13.102944!4d109.3055427!16s/g/11f3s63z7p!19sChIJpwuOR2jsbzERJZkGUoADZHY?authuser=0&hl=vi&g_ep=EgoyMDI2MDkwMi4wIJJjKgBIAVAD&rclk=1'
2026-09-08 08:38:47,113 | INFO | Navigation start | attempt=1/3 | timeout=15000ms | url=https://www.google.com/maps/place/Khách+sạn+Royal+Khanh/data=!4m10!3m9!1s0x316fedef8c5701fd:0x37bb2034ba363293!5m2!4m1!1i2!8m2!3d13.0918291!4d109.3069429!16s/g/11fwm787jv!19sChIJ_QFXjO_tbzERkzI2ujQguzc?authuser=0&hl=vi&g_ep=EgoyMDI2MDkwMi4wIJJjKgBIAVAD&rclk=1
2026-09-08 08:38:47,329 | INFO | Navigation success | attempt=1/3 | 0.22s | url=https://www.google.com/maps/place/Khách+sạn+Royal+Khanh/data=!4m10!3m9!1s0x316fedef8c5701fd:0x37bb2034ba363293!5m2!4m1!1i2!8m2!3d13.0918291!4d109.3069429!16s/g/11fwm787jv!19sChIJ_QFXjO_tbzERkzI2ujQguzc?authuser=0&hl=vi&g_ep=EgoyMDI2MDkwMi4wIJJjKgBIAVAD&rclk=1
2026-09-08 08:38:47,992 | INFO | VERIFY CANDIDATE | input_title='Khách sạn Royal Khanh' | actual_title='' | input_address='68 Nguyễn Huệ, Tuy Hòa, Đắk Lắk 620000, Việt Nam' | actual_address='\ue52e' | url='https://www.google.com/maps/place/Kh%C3%A1ch+s%E1%BA%A1n+Royal+Khanh/data=!4m10!3m9!1s0x316fedef8c5701fd:0x37bb2034ba363293!5m2!4m1!1i2!8m2!3d13.0918291!4d109.3069429!16s/g/11fwm787jv!19sChIJ_QFXjO_tbzERkzI2ujQguzc?authuser=0&hl=vi&g_ep=EgoyMDI2MDkwMi4wIJJjKgBIAVAD&rclk=1' | coordinates=(13.0918291, 109.3)
2026-09-08 08:38:47,995 | INFO | VERIFY FINAL | success=False | reason=TITLE_UNAVAILABLE | title_ok=False | address_ok=False | input_title='Khách sạn Royal Khanh' | maps_title='' | input_address='68 Nguyễn Huệ, Tuy Hòa, Đắk Lắk 620000, Việt Nam' | maps_address='\ue52e' | url='https://www.google.com/maps/place/Kh%C3%A1ch+s%E1%BA%A1n+Royal+Khanh/data=!4m10!3m9!1s0x316fedef8c5701fd:0x37bb2034ba363293!5m2!4m1!1i2!8m2!3d13.0918291!4d109.3069429!16s/g/11fwm787jv!19sChIJ_QFXjO_tbzERkzI2ujQguzc?authuser=0&hl=vi&g_ep=EgoyMDI2MDkwMi4wIJJjKgBIAVAD&rclk=1'
2026-09-08 08:38:47,996 | INFO | Navigation start | attempt=1/3 | timeout=15000ms | url=https://www.google.com/maps/place/Sunflower+Hotel+Tuy+Hòa/data=!4m10!3m9!1s0x316fec44f3b11a13:0x56377af4c6bc164!5m2!4m1!1i2!8m2!3d13.1017933!4d109.314633!16s/g/11r89d8gm8!19sChIJExqx80TsbzERZMFrTK93YwU?authuser=0&hl=vi&g_ep=EgoyMDI2MDkwMi4wIJJjKgBIAVAD&rclk=1
2026-09-08 08:38:48,207 | INFO | Navigation success | attempt=1/3 | 0.21s | url=https://www.google.com/maps/place/Sunflower+Hotel+Tuy+Hòa/data=!4m10!3m9!1s0x316fec44f3b11a13:0x56377af4c6bc164!5m2!4m1!1i2!8m2!3d13.1017933!4d109.314633!16s/g/11r89d8gm8!19sChIJExqx80TsbzERZMFrTK93YwU?authuser=0&hl=vi&g_ep=EgoyMDI2MDkwMi4wIJJjKgBIAVAD&rclk=1
2026-09-08 08:38:49,367 | INFO | VERIFY CANDIDATE | input_title='Khách sạn Royal Khanh' | actual_title='' | input_address='68 Nguyễn Huệ, Tuy Hòa, Đắk Lắk 620000, Việt Nam' | actual_address='\ue52e' | url='https://www.google.com/maps/place/Sunflower+Hotel+Tuy+H%C3%B2a/data=!4m10!3m9!1s0x316fec44f3b11a13:0x56377af4c6bc164!5m2!4m1!1i2!8m2!3d13.1017933!4d109.314633!16s/g/11r89d8gm8!19sChIJExqx80TsbzERZMFrTK93YwU?authuser=0&hl=vi&g_ep=EgoyMDI2MDkwMi4wIJJjKgBIAVAD&rclk=1' | coordinates=(13.1017933, 109.3)
2026-09-08 08:38:49,369 | INFO | VERIFY FINAL | success=False | reason=TITLE_UNAVAILABLE | title_ok=False | address_ok=False | input_title='Khách sạn Royal Khanh' | maps_title='' | input_address='68 Nguyễn Huệ, Tuy Hòa, Đắk Lắk 620000, Việt Nam' | maps_address='\ue52e' | url='https://www.google.com/maps/place/Sunflower+Hotel+Tuy+H%C3%B2a/data=!4m10!3m9!1s0x316fec44f3b11a13:0x56377af4c6bc164!5m2!4m1!1i2!8m2!3d13.1017933!4d109.314633!16s/g/11r89d8gm8!19sChIJExqx80TsbzERZMFrTK93YwU?authuser=0&hl=vi&g_ep=EgoyMDI2MDkwMi4wIJJjKgBIAVAD&rclk=1'
2026-09-08 08:38:49,370 | INFO | Navigation start | attempt=1/3 | timeout=15000ms | url=https://www.google.com/maps/place/Sala+Grand+TuyHoa+Hotel/data=!4m10!3m9!1s0x316fedde71a8ded9:0x3fbfffd8ff5ec1f6!5m2!4m1!1i2!8m2!3d13.0961952!4d109.3215514!16s/g/11tmrw8br5!19sChIJ2d6ocd7tbzER9sFe_9j_vz8?authuser=0&hl=vi&g_ep=EgoyMDI2MDkwMi4wIJJjKgBIAVAD&rclk=1
2026-09-08 08:38:49,578 | INFO | Navigation success | attempt=1/3 | 0.21s | url=https://www.google.com/maps/place/Sala+Grand+TuyHoa+Hotel/data=!4m10!3m9!1s0x316fedde71a8ded9:0x3fbfffd8ff5ec1f6!5m2!4m1!1i2!8m2!3d13.0961952!4d109.3215514!16s/g/11tmrw8br5!19sChIJ2d6ocd7tbzER9sFe_9j_vz8?authuser=0&hl=vi&g_ep=EgoyMDI2MDkwMi4wIJJjKgBIAVAD&rclk=1
2026-09-08 08:38:50,577 | INFO | VERIFY CANDIDATE | input_title='Khách sạn Royal Khanh' | actual_title='' | input_address='68 Nguyễn Huệ, Tuy Hòa, Đắk Lắk 620000, Việt Nam' | actual_address='\ue52e' | url='https://www.google.com/maps/place/Sala+Grand+TuyHoa+Hotel/data=!4m10!3m9!1s0x316fedde71a8ded9:0x3fbfffd8ff5ec1f6!5m2!4m1!1i2!8m2!3d13.0961952!4d109.3215514!16s/g/11tmrw8br5!19sChIJ2d6ocd7tbzER9sFe_9j_vz8?authuser=0&hl=vi&g_ep=EgoyMDI2MDkwMi4wIJJjKgBIAVAD&rclk=1' | coordinates=(13.0961952, 109.3)
2026-09-08 08:38:50,579 | INFO | VERIFY FINAL | success=False | reason=TITLE_UNAVAILABLE | title_ok=False | address_ok=False | input_title='Khách sạn Royal Khanh' | maps_title='' | input_address='68 Nguyễn Huệ, Tuy Hòa, Đắk Lắk 620000, Việt Nam' | maps_address='\ue52e' | url='https://www.google.com/maps/place/Sala+Grand+TuyHoa+Hotel/data=!4m10!3m9!1s0x316fedde71a8ded9:0x3fbfffd8ff5ec1f6!5m2!4m1!1i2!8m2!3d13.0961952!4d109.3215514!16s/g/11tmrw8br5!19sChIJ2d6ocd7tbzER9sFe_9j_vz8?authuser=0&hl=vi&g_ep=EgoyMDI2MDkwMi4wIJJjKgBIAVAD&rclk=1'
2026-09-08 08:38:50,580 | INFO | Navigation start | attempt=1/3 | timeout=15000ms | url=https://www.google.com/maps/place/Jollibee+Nguyễn+Huệ+-+Tuy+Hòa/data=!4m7!3m6!1s0x316fed944003bc21:0x73738c21f627743b!8m2!3d13.0934034!4d109.3110438!16s/g/11v9k7nwt9!19sChIJIbwDQJTtbzERO3Qn9iGMc3M?authuser=0&hl=vi&g_ep=EgoyMDI2MDkwMi4wIJJjKgBIAVAD&rclk=1
2026-09-08 08:38:50,789 | INFO | Navigation success | attempt=1/3 | 0.21s | url=https://www.google.com/maps/place/Jollibee+Nguyễn+Huệ+-+Tuy+Hòa/data=!4m7!3m6!1s0x316fed944003bc21:0x73738c21f627743b!8m2!3d13.0934034!4d109.3110438!16s/g/11v9k7nwt9!19sChIJIbwDQJTtbzERO3Qn9iGMc3M?authuser=0&hl=vi&g_ep=EgoyMDI2MDkwMi4wIJJjKgBIAVAD&rclk=1
2026-09-08 08:38:51,921 | INFO | VERIFY CANDIDATE | input_title='Khách sạn Royal Khanh' | actual_title='' | input_address='68 Nguyễn Huệ, Tuy Hòa, Đắk Lắk 620000, Việt Nam' | actual_address='\ue52e' | url='https://www.google.com/maps/place/Jollibee+Nguy%E1%BB%85n+Hu%E1%BB%87+-+Tuy+H%C3%B2a/data=!4m7!3m6!1s0x316fed944003bc21:0x73738c21f627743b!8m2!3d13.0934034!4d109.3110438!16s/g/11v9k7nwt9!19sChIJIbwDQJTtbzERO3Qn9iGMc3M?authuser=0&hl=vi&g_ep=EgoyMDI2MDkwMi4wIJJjKgBIAVAD&rclk=1' | coordinates=(13.0934034, 109.3)
2026-09-08 08:38:51,923 | INFO | VERIFY FINAL | success=False | reason=TITLE_UNAVAILABLE | title_ok=False | address_ok=False | input_title='Khách sạn Royal Khanh' | maps_title='' | input_address='68 Nguyễn Huệ, Tuy Hòa, Đắk Lắk 620000, Việt Nam' | maps_address='\ue52e' | url='https://www.google.com/maps/place/Jollibee+Nguy%E1%BB%85n+Hu%E1%BB%87+-+Tuy+H%C3%B2a/data=!4m7!3m6!1s0x316fed944003bc21:0x73738c21f627743b!8m2!3d13.0934034!4d109.3110438!16s/g/11v9k7nwt9!19sChIJIbwDQJTtbzERO3Qn9iGMc3M?authuser=0&hl=vi&g_ep=EgoyMDI2MDkwMi4wIJJjKgBIAVAD&rclk=1'
2026-09-08 08:38:51,924 | INFO | Navigation start | attempt=1/3 | timeout=15000ms | url=https://www.google.com/maps/place/Nhà+Văn+Hóa+Lao+Động/data=!4m7!3m6!1s0x316fec3ad4867be5:0x6ed1844223060a96!8m2!3d13.0963889!4d109.3197222!16s/g/1tfcqqnz!19sChIJ5XuG1DrsbzERlgoGI0KE0W4?authuser=0&hl=vi&g_ep=EgoyMDI2MDkwMi4wIJJjKgBIAVAD&rclk=1
2026-09-08 08:38:52,125 | INFO | Navigation success | attempt=1/3 | 0.20s | url=https://www.google.com/maps/place/Nhà+Văn+Hóa+Lao+Động/data=!4m7!3m6!1s0x316fec3ad4867be5:0x6ed1844223060a96!8m2!3d13.0963889!4d109.3197222!16s/g/1tfcqqnz!19sChIJ5XuG1DrsbzERlgoGI0KE0W4?authuser=0&hl=vi&g_ep=EgoyMDI2MDkwMi4wIJJjKgBIAVAD&rclk=1
2026-09-08 08:38:53,437 | INFO | VERIFY CANDIDATE | input_title='Khách sạn Royal Khanh' | actual_title='' | input_address='68 Nguyễn Huệ, Tuy Hòa, Đắk Lắk 620000, Việt Nam' | actual_address='\ue52e' | url='https://www.google.com/maps/place/Nh%C3%A0+V%C4%83n+H%C3%B3a+Lao+%C4%90%E1%BB%99ng/data=!4m7!3m6!1s0x316fec3ad4867be5:0x6ed1844223060a96!8m2!3d13.0963889!4d109.3197222!16s/g/1tfcqqnz!19sChIJ5XuG1DrsbzERlgoGI0KE0W4?authuser=0&hl=vi&g_ep=EgoyMDI2MDkwMi4wIJJjKgBIAVAD&rclk=1' | coordinates=(13.0963889, 109.3)
2026-09-08 08:38:53,441 | INFO | VERIFY FINAL | success=False | reason=TITLE_UNAVAILABLE | title_ok=False | address_ok=False | input_title='Khách sạn Royal Khanh' | maps_title='' | input_address='68 Nguyễn Huệ, Tuy Hòa, Đắk Lắk 620000, Việt Nam' | maps_address='\ue52e' | url='https://www.google.com/maps/place/Nh%C3%A0+V%C4%83n+H%C3%B3a+Lao+%C4%90%E1%BB%99ng/data=!4m7!3m6!1s0x316fec3ad4867be5:0x6ed1844223060a96!8m2!3d13.0963889!4d109.3197222!16s/g/1tfcqqnz!19sChIJ5XuG1DrsbzERlgoGI0KE0W4?authuser=0&hl=vi&g_ep=EgoyMDI2MDkwMi4wIJJjKgBIAVAD&rclk=1'
2026-09-08 08:38:53,442 | INFO | Navigation start | attempt=1/3 | timeout=15000ms | url=https://www.google.com/maps/place/Chợ+Tuy+Hòa/data=!4m7!3m6!1s0x316fec3de80065d3:0xd462ddb551ac6ed3!8m2!3d13.0874701!4d109.3084129!16s/g/1ttyt6_g!19sChIJ02UA6D3sbzER026sUbXdYtQ?authuser=0&hl=vi&g_ep=EgoyMDI2MDkwMi4wIJJjKgBIAVAD&rclk=1
2026-09-08 08:38:53,684 | INFO | Navigation success | attempt=1/3 | 0.24s | url=https://www.google.com/maps/place/Chợ+Tuy+Hòa/data=!4m7!3m6!1s0x316fec3de80065d3:0xd462ddb551ac6ed3!8m2!3d13.0874701!4d109.3084129!16s/g/1ttyt6_g!19sChIJ02UA6D3sbzER026sUbXdYtQ?authuser=0&hl=vi&g_ep=EgoyMDI2MDkwMi4wIJJjKgBIAVAD&rclk=1
2026-09-08 08:38:54,706 | INFO | VERIFY CANDIDATE | input_title='Khách sạn Royal Khanh' | actual_title='' | input_address='68 Nguyễn Huệ, Tuy Hòa, Đắk Lắk 620000, Việt Nam' | actual_address='\ue52e' | url='https://www.google.com/maps/place/Ch%E1%BB%A3+Tuy+H%C3%B2a/data=!4m7!3m6!1s0x316fec3de80065d3:0xd462ddb551ac6ed3!8m2!3d13.0874701!4d109.3084129!16s/g/1ttyt6_g!19sChIJ02UA6D3sbzER026sUbXdYtQ?authuser=0&hl=vi&g_ep=EgoyMDI2MDkwMi4wIJJjKgBIAVAD&rclk=1' | coordinates=(13.0874701, 109.3)
2026-09-08 08:38:54,709 | INFO | VERIFY FINAL | success=False | reason=TITLE_UNAVAILABLE | title_ok=False | address_ok=False | input_title='Khách sạn Royal Khanh' | maps_title='' | input_address='68 Nguyễn Huệ, Tuy Hòa, Đắk Lắk 620000, Việt Nam' | maps_address='\ue52e' | url='https://www.google.com/maps/place/Ch%E1%BB%A3+Tuy+H%C3%B2a/data=!4m7!3m6!1s0x316fec3de80065d3:0xd462ddb551ac6ed3!8m2!3d13.0874701!4d109.3084129!16s/g/1ttyt6_g!19sChIJ02UA6D3sbzER026sUbXdYtQ?authuser=0&hl=vi&g_ep=EgoyMDI2MDkwMi4wIJJjKgBIAVAD&rclk=1'
2026-09-08 08:38:54,710 | INFO | Navigation start | attempt=1/3 | timeout=15000ms | url=https://www.google.com/maps/place/Mandala+Hotel+&+Spa+Phú+Yên/data=!4m10!3m9!1s0x316fed3ea3aa4225:0xf45372d2822adcdc!5m2!4m1!1i2!8m2!3d13.1032986!4d109.3073475!16s/g/11qbcghq4t!19sChIJJUKqoz7tbzER3NwqgtJyU_Q?authuser=0&hl=vi&g_ep=EgoyMDI2MDkwMi4wIJJjKgBIAVAD&rclk=1
2026-09-08 08:38:55,000 | INFO | Navigation success | attempt=1/3 | 0.29s | url=https://www.google.com/maps/place/Mandala+Hotel+&+Spa+Phú+Yên/data=!4m10!3m9!1s0x316fed3ea3aa4225:0xf45372d2822adcdc!5m2!4m1!1i2!8m2!3d13.1032986!4d109.3073475!16s/g/11qbcghq4t!19sChIJJUKqoz7tbzER3NwqgtJyU_Q?authuser=0&hl=vi&g_ep=EgoyMDI2MDkwMi4wIJJjKgBIAVAD&rclk=1
2026-09-08 08:38:55,907 | INFO | VERIFY CANDIDATE | input_title='Khách sạn Royal Khanh' | actual_title='' | input_address='68 Nguyễn Huệ, Tuy Hòa, Đắk Lắk 620000, Việt Nam' | actual_address='\ue52e' | url='https://www.google.com/maps/place/Mandala+Hotel+&+Spa+Ph%C3%BA+Y%C3%AAn/data=!4m10!3m9!1s0x316fed3ea3aa4225:0xf45372d2822adcdc!5m2!4m1!1i2!8m2!3d13.1032986!4d109.3073475!16s/g/11qbcghq4t!19sChIJJUKqoz7tbzER3NwqgtJyU_Q?authuser=0&hl=vi&g_ep=EgoyMDI2MDkwMi4wIJJjKgBIAVAD&rclk=1' | coordinates=(13.1032986, 109.3)
2026-09-08 08:38:55,909 | INFO | VERIFY FINAL | success=False | reason=TITLE_UNAVAILABLE | title_ok=False | address_ok=False | input_title='Khách sạn Royal Khanh' | maps_title='' | input_address='68 Nguyễn Huệ, Tuy Hòa, Đắk Lắk 620000, Việt Nam' | maps_address='\ue52e' | url='https://www.google.com/maps/place/Mandala+Hotel+&+Spa+Ph%C3%BA+Y%C3%AAn/data=!4m10!3m9!1s0x316fed3ea3aa4225:0xf45372d2822adcdc!5m2!4m1!1i2!8m2!3d13.1032986!4d109.3073475!16s/g/11qbcghq4t!19sChIJJUKqoz7tbzER3NwqgtJyU_Q?authuser=0&hl=vi&g_ep=EgoyMDI2MDkwMi4wIJJjKgBIAVAD&rclk=1'
2026-09-08 08:38:55,909 | INFO | Navigation start | attempt=1/3 | timeout=15000ms | url=https://www.google.com/maps/place/Công+Ty+TNHH+Luân+VT/data=!4m7!3m6!1s0x316fec3f94cc6245:0x94cc7c0e6a68ba4e!8m2!3d13.0926079!4d109.3082412!16s/g/11c5svt1cf!19sChIJRWLMlD_sbzERTrpoag58zJQ?authuser=0&hl=vi&g_ep=EgoyMDI2MDkwMi4wIJJjKgBIAVAD&rclk=1
2026-09-08 08:38:56,137 | INFO | Navigation success | attempt=1/3 | 0.23s | url=https://www.google.com/maps/place/Công+Ty+TNHH+Luân+VT/data=!4m7!3m6!1s0x316fec3f94cc6245:0x94cc7c0e6a68ba4e!8m2!3d13.0926079!4d109.3082412!16s/g/11c5svt1cf!19sChIJRWLMlD_sbzERTrpoag58zJQ?authuser=0&hl=vi&g_ep=EgoyMDI2MDkwMi4wIJJjKgBIAVAD&rclk=1
2026-09-08 08:38:56,751 | INFO | VERIFY CANDIDATE | input_title='Khách sạn Royal Khanh' | actual_title='' | input_address='68 Nguyễn Huệ, Tuy Hòa, Đắk Lắk 620000, Việt Nam' | actual_address='\ue52e' | url='https://www.google.com/maps/place/C%C3%B4ng+Ty+TNHH+Lu%C3%A2n+VT/data=!4m7!3m6!1s0x316fec3f94cc6245:0x94cc7c0e6a68ba4e!8m2!3d13.0926079!4d109.3082412!16s/g/11c5svt1cf!19sChIJRWLMlD_sbzERTrpoag58zJQ?authuser=0&hl=vi&g_ep=EgoyMDI2MDkwMi4wIJJjKgBIAVAD&rclk=1' | coordinates=(13.0926079, 109.3)
2026-09-08 08:38:56,753 | INFO | VERIFY FINAL | success=False | reason=TITLE_UNAVAILABLE | title_ok=False | address_ok=False | input_title='Khách sạn Royal Khanh' | maps_title='' | input_address='68 Nguyễn Huệ, Tuy Hòa, Đắk Lắk 620000, Việt Nam' | maps_address='\ue52e' | url='https://www.google.com/maps/place/C%C3%B4ng+Ty+TNHH+Lu%C3%A2n+VT/data=!4m7!3m6!1s0x316fec3f94cc6245:0x94cc7c0e6a68ba4e!8m2!3d13.0926079!4d109.3082412!16s/g/11c5svt1cf!19sChIJRWLMlD_sbzERTrpoag58zJQ?authuser=0&hl=vi&g_ep=EgoyMDI2MDkwMi4wIJJjKgBIAVAD&rclk=1'
2026-09-08 08:38:56,753 | INFO | Navigation start | attempt=1/3 | timeout=15000ms | url=https://www.google.com/maps/place/Trường+THPT+Nguyễn+Huệ/data=!4m7!3m6!1s0x316fec3ed01a4a01:0xac87274f72a2c30c!8m2!3d13.0896674!4d109.3124959!16s/g/1tkb_lsj!19sChIJAUoa0D7sbzERDMOick8nh6w?authuser=0&hl=vi&g_ep=EgoyMDI2MDkwMi4wIJJjKgBIAVAD&rclk=1
2026-09-08 08:38:56,979 | INFO | Navigation success | attempt=1/3 | 0.23s | url=https://www.google.com/maps/place/Trường+THPT+Nguyễn+Huệ/data=!4m7!3m6!1s0x316fec3ed01a4a01:0xac87274f72a2c30c!8m2!3d13.0896674!4d109.3124959!16s/g/1tkb_lsj!19sChIJAUoa0D7sbzERDMOick8nh6w?authuser=0&hl=vi&g_ep=EgoyMDI2MDkwMi4wIJJjKgBIAVAD&rclk=1
2026-09-08 08:38:57,955 | INFO | VERIFY CANDIDATE | input_title='Khách sạn Royal Khanh' | actual_title='' | input_address='68 Nguyễn Huệ, Tuy Hòa, Đắk Lắk 620000, Việt Nam' | actual_address='\ue52e' | url='https://www.google.com/maps/place/Tr%C6%B0%E1%BB%9Dng+THPT+Nguy%E1%BB%85n+Hu%E1%BB%87/data=!4m7!3m6!1s0x316fec3ed01a4a01:0xac87274f72a2c30c!8m2!3d13.0896674!4d109.3124959!16s/g/1tkb_lsj!19sChIJAUoa0D7sbzERDMOick8nh6w?authuser=0&hl=vi&g_ep=EgoyMDI2MDkwMi4wIJJjKgBIAVAD&rclk=1' | coordinates=(13.0896674, 109.3)
2026-09-08 08:38:57,958 | INFO | VERIFY FINAL | success=False | reason=TITLE_UNAVAILABLE | title_ok=False | address_ok=False | input_title='Khách sạn Royal Khanh' | maps_title='' | input_address='68 Nguyễn Huệ, Tuy Hòa, Đắk Lắk 620000, Việt Nam' | maps_address='\ue52e' | url='https://www.google.com/maps/place/Tr%C6%B0%E1%BB%9Dng+THPT+Nguy%E1%BB%85n+Hu%E1%BB%87/data=!4m7!3m6!1s0x316fec3ed01a4a01:0xac87274f72a2c30c!8m2!3d13.0896674!4d109.3124959!16s/g/1tkb_lsj!19sChIJAUoa0D7sbzERDMOick8nh6w?authuser=0&hl=vi&g_ep=EgoyMDI2MDkwMi4wIJJjKgBIAVAD&rclk=1'
2026-09-08 08:38:57,959 | INFO | Google Maps address search variant 3/12: 68 Nguyễn Huệ, Tuy Hòa, Đắk Lắk 620000, Việt Nam, Khách sạn Royal Khanh
2026-09-08 08:38:57,960 | INFO | Navigation start | attempt=1/3 | timeout=15000ms | url=https://www.google.com/maps/search/?api=1&query=68%20Nguy%E1%BB%85n%20Hu%E1%BB%87%2C%20Tuy%20H%C3%B2a%2C%20%C4%90%E1%BA%AFk%20L%E1%BA%AFk%20620000%2C%20Vi%E1%BB%87t%20Nam%2C%20Kh%C3%A1ch%20s%E1%BA%A1n%20Royal%20Khanh
2026-09-08 08:38:58,171 | INFO | Navigation success | attempt=1/3 | 0.21s | url=https://www.google.com/maps/search/?api=1&query=68%20Nguy%E1%BB%85n%20Hu%E1%BB%87%2C%20Tuy%20H%C3%B2a%2C%20%C4%90%E1%BA%AFk%20L%E1%BA%AFk%20620000%2C%20Vi%E1%BB%87t%20Nam%2C%20Kh%C3%A1ch%20s%E1%BA%A1n%20Royal%20Khanh
2026-09-08 08:39:11,088 | INFO | Google Maps address search variant 4/12: Khách sạn Royal Khanh, 68 Nguyễn Huệ, Tuy Hòa, Đắk Lắk 620000, Việt Nam
2026-09-08 08:39:11,088 | INFO | Navigation start | attempt=1/3 | timeout=15000ms | url=https://www.google.com/maps/search/?api=1&query=Kh%C3%A1ch%20s%E1%BA%A1n%20Royal%20Khanh%2C%2068%20Nguy%E1%BB%85n%20Hu%E1%BB%87%2C%20Tuy%20H%C3%B2a%2C%20%C4%90%E1%BA%AFk%20L%E1%BA%AFk%20620000%2C%20Vi%E1%BB%87t%20Nam
2026-09-08 08:39:11,602 | INFO | Navigation success | attempt=1/3 | 0.51s | url=https://www.google.com/maps/search/?api=1&query=Kh%C3%A1ch%20s%E1%BA%A1n%20Royal%20Khanh%2C%2068%20Nguy%E1%BB%85n%20Hu%E1%BB%87%2C%20Tuy%20H%C3%B2a%2C%20%C4%90%E1%BA%AFk%20L%E1%BA%AFk%20620000%2C%20Vi%E1%BB%87t%20Nam
2026-09-08 08:39:21,890 | INFO | Google Maps address search variant 5/12: 68 nguyen hue, tuy hoa, đak lak 620000
2026-09-08 08:39:21,891 | INFO | Navigation start | attempt=1/3 | timeout=15000ms | url=https://www.google.com/maps/search/?api=1&query=68%20nguyen%20hue%2C%20tuy%20hoa%2C%20%C4%91ak%20lak%20620000
2026-09-08 08:39:22,102 | INFO | Navigation success | attempt=1/3 | 0.21s | url=https://www.google.com/maps/search/?api=1&query=68%20nguyen%20hue%2C%20tuy%20hoa%2C%20%C4%91ak%20lak%20620000
2026-09-08 08:39:29,605 | INFO | Google Maps address search variant 6/12: tuy hoa, đak lak 620000
2026-09-08 08:39:29,606 | INFO | Navigation start | attempt=1/3 | timeout=15000ms | url=https://www.google.com/maps/search/?api=1&query=tuy%20hoa%2C%20%C4%91ak%20lak%20620000
2026-09-08 08:39:29,838 | INFO | Navigation success | attempt=1/3 | 0.23s | url=https://www.google.com/maps/search/?api=1&query=tuy%20hoa%2C%20%C4%91ak%20lak%20620000
2026-09-08 08:39:39,420 | INFO | Navigation start | attempt=1/3 | timeout=15000ms | url=https://www.google.com/maps/place/Tuy+Hòa/data=!4m7!3m6!1s0x316fec06a039f411:0x149d53af85103ade!8m2!3d13.0836818!4d109.295048!16s/g/11z42h2d8z!19sChIJEfQ5oAbsbzER3joQha9TnRQ?authuser=0&hl=vi&g_ep=EgoyMDI2MDkwMi4wIJJjKgBIAVAD&rclk=1
2026-09-08 08:39:39,656 | INFO | Navigation success | attempt=1/3 | 0.24s | url=https://www.google.com/maps/place/Tuy+Hòa/data=!4m7!3m6!1s0x316fec06a039f411:0x149d53af85103ade!8m2!3d13.0836818!4d109.295048!16s/g/11z42h2d8z!19sChIJEfQ5oAbsbzER3joQha9TnRQ?authuser=0&hl=vi&g_ep=EgoyMDI2MDkwMi4wIJJjKgBIAVAD&rclk=1
2026-09-08 08:39:41,132 | INFO | VERIFY CANDIDATE | input_title='Khách sạn Royal Khanh' | actual_title='Tuy Hòa' | input_address='68 Nguyễn Huệ, Tuy Hòa, Đắk Lắk 620000, Việt Nam' | actual_address='Tuy Hòa' | url='https://www.google.com/maps/place/Tuy+H%C3%B2a/data=!4m7!3m6!1s0x316fec06a039f411:0x149d53af85103ade!8m2!3d13.0836818!4d109.295048!16s/g/11z42h2d8z!19sChIJEfQ5oAbsbzER3joQha9TnRQ?authuser=0&hl=vi&g_ep=EgoyMDI2MDkwMi4wIJJjKgBIAVAD&rclk=1' | coordinates=(13.0836818, 109.2)
2026-09-08 08:39:41,135 | INFO | VERIFY FINAL | success=False | reason=TITLE_MISMATCH | title_ok=False | address_ok=False | input_title='Khách sạn Royal Khanh' | maps_title='Tuy Hòa' | input_address='68 Nguyễn Huệ, Tuy Hòa, Đắk Lắk 620000, Việt Nam' | maps_address='Tuy Hòa' | url='https://www.google.com/maps/place/Tuy+H%C3%B2a/data=!4m7!3m6!1s0x316fec06a039f411:0x149d53af85103ade!8m2!3d13.0836818!4d109.295048!16s/g/11z42h2d8z!19sChIJEfQ5oAbsbzER3joQha9TnRQ?authuser=0&hl=vi&g_ep=EgoyMDI2MDkwMi4wIJJjKgBIAVAD&rclk=1'
2026-09-08 08:39:41,135 | INFO | Navigation start | attempt=1/3 | timeout=15000ms | url=https://www.google.com/maps/place/Tuy+Hòa/data=!4m7!3m6!1s0x316fec01d4cb2fef:0xe0a852a243e46c21!8m2!3d13.0836818!4d109.295048!16s/g/11yzw2193b!19sChIJ7y_L1AHsbzERIWzkQ6JSqOA?authuser=0&hl=vi&g_ep=EgoyMDI2MDkwMi4wIJJjKgBIAVAD&rclk=1
2026-09-08 08:39:41,352 | INFO | Navigation success | attempt=1/3 | 0.22s | url=https://www.google.com/maps/place/Tuy+Hòa/data=!4m7!3m6!1s0x316fec01d4cb2fef:0xe0a852a243e46c21!8m2!3d13.0836818!4d109.295048!16s/g/11yzw2193b!19sChIJ7y_L1AHsbzERIWzkQ6JSqOA?authuser=0&hl=vi&g_ep=EgoyMDI2MDkwMi4wIJJjKgBIAVAD&rclk=1
2026-09-08 08:39:43,053 | INFO | VERIFY CANDIDATE | input_title='Khách sạn Royal Khanh' | actual_title='Tuy Hòa' | input_address='68 Nguyễn Huệ, Tuy Hòa, Đắk Lắk 620000, Việt Nam' | actual_address='Tuy Hòa' | url='https://www.google.com/maps/place/Tuy+H%C3%B2a/data=!4m7!3m6!1s0x316fec01d4cb2fef:0xe0a852a243e46c21!8m2!3d13.0836818!4d109.295048!16s/g/11yzw2193b!19sChIJ7y_L1AHsbzERIWzkQ6JSqOA?authuser=0&hl=vi&g_ep=EgoyMDI2MDkwMi4wIJJjKgBIAVAD&rclk=1' | coordinates=(13.0836818, 109.2)
2026-09-08 08:39:43,057 | INFO | VERIFY FINAL | success=False | reason=TITLE_MISMATCH | title_ok=False | address_ok=False | input_title='Khách sạn Royal Khanh' | maps_title='Tuy Hòa' | input_address='68 Nguyễn Huệ, Tuy Hòa, Đắk Lắk 620000, Việt Nam' | maps_address='Tuy Hòa' | url='https://www.google.com/maps/place/Tuy+H%C3%B2a/data=!4m7!3m6!1s0x316fec01d4cb2fef:0xe0a852a243e46c21!8m2!3d13.0836818!4d109.295048!16s/g/11yzw2193b!19sChIJ7y_L1AHsbzERIWzkQ6JSqOA?authuser=0&hl=vi&g_ep=EgoyMDI2MDkwMi4wIJJjKgBIAVAD&rclk=1'
2026-09-08 08:39:43,057 | INFO | Google Maps address search variant 7/12: Khách sạn Royal Khanh, 68 nguyen hue, tuy hoa, đak lak 620000
2026-09-08 08:39:43,058 | INFO | Navigation start | attempt=1/3 | timeout=15000ms | url=https://www.google.com/maps/search/?api=1&query=Kh%C3%A1ch%20s%E1%BA%A1n%20Royal%20Khanh%2C%2068%20nguyen%20hue%2C%20tuy%20hoa%2C%20%C4%91ak%20lak%20620000
2026-09-08 08:39:43,477 | INFO | Navigation success | attempt=1/3 | 0.42s | url=https://www.google.com/maps/search/?api=1&query=Kh%C3%A1ch%20s%E1%BA%A1n%20Royal%20Khanh%2C%2068%20nguyen%20hue%2C%20tuy%20hoa%2C%20%C4%91ak%20lak%20620000
2026-09-08 08:39:53,910 | INFO | Google Maps address search variant 8/12: Khách sạn Royal Khanh, tuy hoa, đak lak 620000
2026-09-08 08:39:53,911 | INFO | Navigation start | attempt=1/3 | timeout=15000ms | url=https://www.google.com/maps/search/?api=1&query=Kh%C3%A1ch%20s%E1%BA%A1n%20Royal%20Khanh%2C%20tuy%20hoa%2C%20%C4%91ak%20lak%20620000
2026-09-08 08:39:54,218 | INFO | Navigation success | attempt=1/3 | 0.31s | url=https://www.google.com/maps/search/?api=1&query=Kh%C3%A1ch%20s%E1%BA%A1n%20Royal%20Khanh%2C%20tuy%20hoa%2C%20%C4%91ak%20lak%20620000
2026-09-08 08:40:03,582 | INFO | Google Maps address search variant 9/12: Khách sạn Royal Khanh, 68 nguyen hue
2026-09-08 08:40:03,583 | INFO | Navigation start | attempt=1/3 | timeout=15000ms | url=https://www.google.com/maps/search/?api=1&query=Kh%C3%A1ch%20s%E1%BA%A1n%20Royal%20Khanh%2C%2068%20nguyen%20hue
2026-09-08 08:40:03,815 | INFO | Navigation success | attempt=1/3 | 0.23s | url=https://www.google.com/maps/search/?api=1&query=Kh%C3%A1ch%20s%E1%BA%A1n%20Royal%20Khanh%2C%2068%20nguyen%20hue
2026-09-08 08:40:15,091 | INFO | Google Maps address search variant 10/12: Khách sạn Royal Khanh, tuy hoa
2026-09-08 08:40:15,091 | INFO | Navigation start | attempt=1/3 | timeout=15000ms | url=https://www.google.com/maps/search/?api=1&query=Kh%C3%A1ch%20s%E1%BA%A1n%20Royal%20Khanh%2C%20tuy%20hoa
2026-09-08 08:40:15,314 | INFO | Navigation success | attempt=1/3 | 0.22s | url=https://www.google.com/maps/search/?api=1&query=Kh%C3%A1ch%20s%E1%BA%A1n%20Royal%20Khanh%2C%20tuy%20hoa
2026-09-08 08:40:26,128 | INFO | Google Maps address search variant 11/12: Khách sạn Royal Khanh, đak lak 620000
2026-09-08 08:40:26,128 | INFO | Navigation start | attempt=1/3 | timeout=15000ms | url=https://www.google.com/maps/search/?api=1&query=Kh%C3%A1ch%20s%E1%BA%A1n%20Royal%20Khanh%2C%20%C4%91ak%20lak%20620000
2026-09-08 08:40:26,405 | INFO | Navigation success | attempt=1/3 | 0.28s | url=https://www.google.com/maps/search/?api=1&query=Kh%C3%A1ch%20s%E1%BA%A1n%20Royal%20Khanh%2C%20%C4%91ak%20lak%20620000
2026-09-08 08:40:36,402 | WARNING | Google Maps NOT_FOUND / NO_VALID_PLACE_URL: Khách sạn Royal Khanh | 68 Nguyễn Huệ, Tuy Hòa, Đắk Lắk 620000, Việt Nam
2026-09-08 08:40:36,403 | INFO | EXCEL SEARCH RESULT | success=False | reason=NOT_FOUND | google_maps_url=None | url=None | cleaned_url=''
2026-09-08 08:40:38,045 | INFO | Existing URL check | maps_col=google_maps_url | url_col=URL | maps='' | url='' | reusable=''
2026-09-08 08:40:38,600 | WARNING | CURRENT MAPS PLACE TITLE/ADDRESS MISMATCH | input_title='Khách sạn Tuấn Vũ' | actual_title='Khách sạn Royal Khanh' | input_address='1351 Ngô Quyền, Buôn Ma Thuột, Đắk Lắk, Việt Nam' | actual_address='68 Nguyễn Huệ, Tuy Hòa, Đắk Lắk 620000, Việt Nam' | url='https://www.google.com/maps/place/Kh%C3%A1ch+s%E1%BA%A1n+Royal+Khanh/@13.0918291,109.3069429,17z/data=!3m1!4b1!4m9!3m8!1s0x316fedef8c5701fd:0x37bb2034ba363293!5m2!4m1!1i2!8m2!3d13.0918291!4d109.3069429!16s%2Fg%2F11fwm787jv?entry=ttu&g_ep=EgoyMDI2MDkwMi4wIKXMDSoASAFQAw%3D%3D'
2026-09-08 08:40:38,601 | INFO | Google Maps title search variant 1/12: Khách sạn Tuấn Vũ
2026-09-08 08:40:38,601 | INFO | Navigation start | attempt=1/3 | timeout=15000ms | url=https://www.google.com/maps/search/?api=1&query=Kh%C3%A1ch%20s%E1%BA%A1n%20Tu%E1%BA%A5n%20V%C5%A9
2026-09-08 08:40:38,832 | INFO | Navigation success | attempt=1/3 | 0.23s | url=https://www.google.com/maps/search/?api=1&query=Kh%C3%A1ch%20s%E1%BA%A1n%20Tu%E1%BA%A5n%20V%C5%A9
