2026-09-08 08:15:35,032 | INFO | JSON lookup loaded: 0 Maps URLs
2026-09-08 08:15:41,331 | INFO | Existing URL check | maps_col=google_maps_url | url_col=URL | maps='' | url='' | reusable=''
2026-09-08 08:15:41,348 | INFO | Google Maps title search variant 1/9: Cherry homestay phong đoi lon
2026-09-08 08:15:41,422 | INFO | Navigation start | attempt=1/3 | timeout=15000ms | url=https://www.google.com/maps/search/?api=1&query=Cherry%20homestay%20phong%20%C4%91oi%20lon
2026-09-08 08:15:44,796 | INFO | Navigation success | attempt=1/3 | 3.37s | url=https://www.google.com/maps/search/?api=1&query=Cherry%20homestay%20phong%20%C4%91oi%20lon
2026-09-08 08:16:00,660 | INFO | Navigation start | attempt=1/3 | timeout=15000ms | url=https://www.google.com/maps/place/Cherry+homestay/data=!4m10!3m9!1s0x31756f58bfa5ca2b:0x1907da3f6fe7ea10!5m2!4m1!1i2!8m2!3d10.3376301!4d107.0834039!16s/g/11t7hyrp6y!19sChIJK8qlv1hvdTEREOrnbz_aBxk?authuser=0&hl=vi&g_ep=EgoyMDI2MDkwMi4wIJJjKgBIAVAD&rclk=1
2026-09-08 08:16:01,240 | INFO | Navigation success | attempt=1/3 | 0.58s | url=https://www.google.com/maps/place/Cherry+homestay/data=!4m10!3m9!1s0x31756f58bfa5ca2b:0x1907da3f6fe7ea10!5m2!4m1!1i2!8m2!3d10.3376301!4d107.0834039!16s/g/11t7hyrp6y!19sChIJK8qlv1hvdTEREOrnbz_aBxk?authuser=0&hl=vi&g_ep=EgoyMDI2MDkwMi4wIJJjKgBIAVAD&rclk=1
2026-09-08 08:16:06,711 | INFO | VERIFY CANDIDATE | input_title='Cherry homestay phong đoi lon' | actual_title='' | input_address='Buôn Ma Thuột, Đắk Lắk, Việt Nam' | actual_address='\ue52e' | url='https://www.google.com/maps/place/Cherry+homestay/data=!4m10!3m9!1s0x31756f58bfa5ca2b:0x1907da3f6fe7ea10!5m2!4m1!1i2!8m2!3d10.3376301!4d107.0834039!16s/g/11t7hyrp6y!19sChIJK8qlv1hvdTEREOrnbz_aBxk?authuser=0&hl=vi&g_ep=EgoyMDI2MDkwMi4wIJJjKgBIAVAD&rclk=1' | coordinates=(10.3376301, 107.0)
2026-09-08 08:16:06,790 | INFO | VERIFY FINAL | success=False | reason=TITLE_UNAVAILABLE | title_ok=False | address_ok=False | input_title='Cherry homestay phong đoi lon' | maps_title='' | input_address='Buôn Ma Thuột, Đắk Lắk, Việt Nam' | maps_address='\ue52e' | url='https://www.google.com/maps/place/Cherry+homestay/data=!4m10!3m9!1s0x31756f58bfa5ca2b:0x1907da3f6fe7ea10!5m2!4m1!1i2!8m2!3d10.3376301!4d107.0834039!16s/g/11t7hyrp6y!19sChIJK8qlv1hvdTEREOrnbz_aBxk?authuser=0&hl=vi&g_ep=EgoyMDI2MDkwMi4wIJJjKgBIAVAD&rclk=1'
2026-09-08 08:16:06,879 | INFO | Navigation start | attempt=1/3 | timeout=15000ms | url=https://www.google.com/maps/place/Cherry+homestay/data=!4m7!3m6!1s0x31752f0010a2188b:0xcdacc71865965f3f!8m2!3d10.7901191!4d106.6632399!16s/g/11ythmr2d0!19sChIJixiiEAAvdTERP1-WZRjHrM0?authuser=0&hl=vi&g_ep=EgoyMDI2MDkwMi4wIJJjKgBIAVAD&rclk=1
2026-09-08 08:16:07,313 | INFO | Navigation success | attempt=1/3 | 0.43s | url=https://www.google.com/maps/place/Cherry+homestay/data=!4m7!3m6!1s0x31752f0010a2188b:0xcdacc71865965f3f!8m2!3d10.7901191!4d106.6632399!16s/g/11ythmr2d0!19sChIJixiiEAAvdTERP1-WZRjHrM0?authuser=0&hl=vi&g_ep=EgoyMDI2MDkwMi4wIJJjKgBIAVAD&rclk=1
2026-09-08 08:16:11,663 | INFO | VERIFY CANDIDATE | input_title='Cherry homestay phong đoi lon' | actual_title='' | input_address='Buôn Ma Thuột, Đắk Lắk, Việt Nam' | actual_address='\ue52e' | url='https://www.google.com/maps/place/Cherry+homestay/data=!4m7!3m6!1s0x31752f0010a2188b:0xcdacc71865965f3f!8m2!3d10.7901191!4d106.6632399!16s/g/11ythmr2d0!19sChIJixiiEAAvdTERP1-WZRjHrM0?authuser=0&hl=vi&g_ep=EgoyMDI2MDkwMi4wIJJjKgBIAVAD&rclk=1' | coordinates=(10.7901191, 106.6)
2026-09-08 08:16:11,916 | INFO | VERIFY FINAL | success=False | reason=TITLE_UNAVAILABLE | title_ok=False | address_ok=False | input_title='Cherry homestay phong đoi lon' | maps_title='' | input_address='Buôn Ma Thuột, Đắk Lắk, Việt Nam' | maps_address='\ue52e' | url='https://www.google.com/maps/place/Cherry+homestay/data=!4m7!3m6!1s0x31752f0010a2188b:0xcdacc71865965f3f!8m2!3d10.7901191!4d106.6632399!16s/g/11ythmr2d0!19sChIJixiiEAAvdTERP1-WZRjHrM0?authuser=0&hl=vi&g_ep=EgoyMDI2MDkwMi4wIJJjKgBIAVAD&rclk=1'
2026-09-08 08:16:11,917 | INFO | Navigation start | attempt=1/3 | timeout=15000ms | url=https://www.google.com/maps/place/Cherry+Home/data=!4m7!3m6!1s0x317529cbba65b4a7:0x967d07f636cb116f!8m2!3d10.8417008!4d106.7129702!16s/g/11z5q3l33n!19sChIJp7RlusspdTERbxHLNvYHfZY?authuser=0&hl=vi&g_ep=EgoyMDI2MDkwMi4wIJJjKgBIAVAD&rclk=1
2026-09-08 08:16:12,825 | INFO | Navigation success | attempt=1/3 | 0.91s | url=https://www.google.com/maps/place/Cherry+Home/data=!4m7!3m6!1s0x317529cbba65b4a7:0x967d07f636cb116f!8m2!3d10.8417008!4d106.7129702!16s/g/11z5q3l33n!19sChIJp7RlusspdTERbxHLNvYHfZY?authuser=0&hl=vi&g_ep=EgoyMDI2MDkwMi4wIJJjKgBIAVAD&rclk=1
2026-09-08 08:16:13,786 | INFO | VERIFY CANDIDATE | input_title='Cherry homestay phong đoi lon' | actual_title='' | input_address='Buôn Ma Thuột, Đắk Lắk, Việt Nam' | actual_address='\ue52e' | url='https://www.google.com/maps/place/Cherry+Home/data=!4m7!3m6!1s0x317529cbba65b4a7:0x967d07f636cb116f!8m2!3d10.8417008!4d106.7129702!16s/g/11z5q3l33n!19sChIJp7RlusspdTERbxHLNvYHfZY?authuser=0&hl=vi&g_ep=EgoyMDI2MDkwMi4wIJJjKgBIAVAD&rclk=1' | coordinates=(10.8417008, 106.7)
2026-09-08 08:16:13,893 | INFO | VERIFY FINAL | success=False | reason=TITLE_UNAVAILABLE | title_ok=False | address_ok=False | input_title='Cherry homestay phong đoi lon' | maps_title='' | input_address='Buôn Ma Thuột, Đắk Lắk, Việt Nam' | maps_address='\ue52e' | url='https://www.google.com/maps/place/Cherry+Home/data=!4m7!3m6!1s0x317529cbba65b4a7:0x967d07f636cb116f!8m2!3d10.8417008!4d106.7129702!16s/g/11z5q3l33n!19sChIJp7RlusspdTERbxHLNvYHfZY?authuser=0&hl=vi&g_ep=EgoyMDI2MDkwMi4wIJJjKgBIAVAD&rclk=1'
2026-09-08 08:16:14,176 | INFO | Navigation start | attempt=1/3 | timeout=15000ms | url=https://www.google.com/maps/place/Cherry+Villa/data=!4m7!3m6!1s0x317571aa3b3b708b:0x7fe78435674a0b33!8m2!3d10.3734539!4d107.1228553!16s/g/11vc8_yg3v!19sChIJi3A7O6pxdTERMwtKZzWE538?authuser=0&hl=vi&g_ep=EgoyMDI2MDkwMi4wIJJjKgBIAVAD&rclk=1
2026-09-08 08:16:15,215 | INFO | Navigation success | attempt=1/3 | 1.04s | url=https://www.google.com/maps/place/Cherry+Villa/data=!4m7!3m6!1s0x317571aa3b3b708b:0x7fe78435674a0b33!8m2!3d10.3734539!4d107.1228553!16s/g/11vc8_yg3v!19sChIJi3A7O6pxdTERMwtKZzWE538?authuser=0&hl=vi&g_ep=EgoyMDI2MDkwMi4wIJJjKgBIAVAD&rclk=1
2026-09-08 08:16:18,702 | INFO | VERIFY CANDIDATE | input_title='Cherry homestay phong đoi lon' | actual_title='' | input_address='Buôn Ma Thuột, Đắk Lắk, Việt Nam' | actual_address='\ue52e' | url='https://www.google.com/maps/place/Cherry+Villa/data=!4m7!3m6!1s0x317571aa3b3b708b:0x7fe78435674a0b33!8m2!3d10.3734539!4d107.1228553!16s/g/11vc8_yg3v!19sChIJi3A7O6pxdTERMwtKZzWE538?authuser=0&hl=vi&g_ep=EgoyMDI2MDkwMi4wIJJjKgBIAVAD&rclk=1' | coordinates=(10.3734539, 107.1)
2026-09-08 08:16:18,770 | INFO | VERIFY FINAL | success=False | reason=TITLE_UNAVAILABLE | title_ok=False | address_ok=False | input_title='Cherry homestay phong đoi lon' | maps_title='' | input_address='Buôn Ma Thuột, Đắk Lắk, Việt Nam' | maps_address='\ue52e' | url='https://www.google.com/maps/place/Cherry+Villa/data=!4m7!3m6!1s0x317571aa3b3b708b:0x7fe78435674a0b33!8m2!3d10.3734539!4d107.1228553!16s/g/11vc8_yg3v!19sChIJi3A7O6pxdTERMwtKZzWE538?authuser=0&hl=vi&g_ep=EgoyMDI2MDkwMi4wIJJjKgBIAVAD&rclk=1'
2026-09-08 08:16:19,001 | INFO | Navigation start | attempt=1/3 | timeout=15000ms | url=https://www.google.com/maps/place/The+Ship+Hostel/data=!4m10!3m9!1s0x3054fcbaf3bbaa65:0xefe2d49f2d22b213!5m2!4m1!1i2!8m2!3d9.677551!4d100.067908!16s/g/1thm5z6h!19sChIJZaq787r8VDARE7IiLZ_U4u8?authuser=0&hl=vi&g_ep=EgoyMDI2MDkwMi4wIJJjKgBIAVAD&rclk=1
2026-09-08 08:16:19,358 | INFO | Navigation success | attempt=1/3 | 0.36s | url=https://www.google.com/maps/place/The+Ship+Hostel/data=!4m10!3m9!1s0x3054fcbaf3bbaa65:0xefe2d49f2d22b213!5m2!4m1!1i2!8m2!3d9.677551!4d100.067908!16s/g/1thm5z6h!19sChIJZaq787r8VDARE7IiLZ_U4u8?authuser=0&hl=vi&g_ep=EgoyMDI2MDkwMi4wIJJjKgBIAVAD&rclk=1
2026-09-08 08:16:21,299 | INFO | VERIFY CANDIDATE | input_title='Cherry homestay phong đoi lon' | actual_title='' | input_address='Buôn Ma Thuột, Đắk Lắk, Việt Nam' | actual_address='\ue52e' | url='https://www.google.com/maps/place/The+Ship+Hostel/data=!4m10!3m9!1s0x3054fcbaf3bbaa65:0xefe2d49f2d22b213!5m2!4m1!1i2!8m2!3d9.677551!4d100.067908!16s/g/1thm5z6h!19sChIJZaq787r8VDARE7IiLZ_U4u8?authuser=0&hl=vi&g_ep=EgoyMDI2MDkwMi4wIJJjKgBIAVAD&rclk=1' | coordinates=(9.677551, 100.0)
2026-09-08 08:16:21,430 | INFO | VERIFY FINAL | success=False | reason=TITLE_UNAVAILABLE | title_ok=False | address_ok=False | input_title='Cherry homestay phong đoi lon' | maps_title='' | input_address='Buôn Ma Thuột, Đắk Lắk, Việt Nam' | maps_address='\ue52e' | url='https://www.google.com/maps/place/The+Ship+Hostel/data=!4m10!3m9!1s0x3054fcbaf3bbaa65:0xefe2d49f2d22b213!5m2!4m1!1i2!8m2!3d9.677551!4d100.067908!16s/g/1thm5z6h!19sChIJZaq787r8VDARE7IiLZ_U4u8?authuser=0&hl=vi&g_ep=EgoyMDI2MDkwMi4wIJJjKgBIAVAD&rclk=1'
2026-09-08 08:16:21,572 | INFO | Navigation start | attempt=1/3 | timeout=15000ms | url=https://www.google.com/maps/place/SeaEsta+Beach+Resort+-+Bar+&+resto/data=!4m10!3m9!1s0x3054fc5a46faefd7:0xd6b61e7a6248ff30!5m2!4m1!1i2!8m2!3d9.696558!4d100.028763!16s/g/11g8c__25j!19sChIJ1-_6Rlr8VDARMP9IYnoettY?authuser=0&hl=vi&g_ep=EgoyMDI2MDkwMi4wIJJjKgBIAVAD&rclk=1
2026-09-08 08:16:22,010 | INFO | Navigation success | attempt=1/3 | 0.44s | url=https://www.google.com/maps/place/SeaEsta+Beach+Resort+-+Bar+&+resto/data=!4m10!3m9!1s0x3054fc5a46faefd7:0xd6b61e7a6248ff30!5m2!4m1!1i2!8m2!3d9.696558!4d100.028763!16s/g/11g8c__25j!19sChIJ1-_6Rlr8VDARMP9IYnoettY?authuser=0&hl=vi&g_ep=EgoyMDI2MDkwMi4wIJJjKgBIAVAD&rclk=1
2026-09-08 08:16:26,159 | INFO | VERIFY CANDIDATE | input_title='Cherry homestay phong đoi lon' | actual_title='' | input_address='Buôn Ma Thuột, Đắk Lắk, Việt Nam' | actual_address='\ue52e' | url='https://www.google.com/maps/place/SeaEsta+Beach+Resort+-+Bar+&+resto/data=!4m10!3m9!1s0x3054fc5a46faefd7:0xd6b61e7a6248ff30!5m2!4m1!1i2!8m2!3d9.696558!4d100.028763!16s/g/11g8c__25j!19sChIJ1-_6Rlr8VDARMP9IYnoettY?authuser=0&hl=vi&g_ep=EgoyMDI2MDkwMi4wIJJjKgBIAVAD&rclk=1' | coordinates=(10.8265472, 106.6)
2026-09-08 08:16:26,209 | INFO | VERIFY FINAL | success=False | reason=TITLE_UNAVAILABLE | title_ok=False | address_ok=False | input_title='Cherry homestay phong đoi lon' | maps_title='' | input_address='Buôn Ma Thuột, Đắk Lắk, Việt Nam' | maps_address='\ue52e' | url='https://www.google.com/maps/place/SeaEsta+Beach+Resort+-+Bar+&+resto/data=!4m10!3m9!1s0x3054fc5a46faefd7:0xd6b61e7a6248ff30!5m2!4m1!1i2!8m2!3d9.696558!4d100.028763!16s/g/11g8c__25j!19sChIJ1-_6Rlr8VDARMP9IYnoettY?authuser=0&hl=vi&g_ep=EgoyMDI2MDkwMi4wIJJjKgBIAVAD&rclk=1'
2026-09-08 08:16:26,231 | INFO | Navigation start | attempt=1/3 | timeout=15000ms | url=https://www.google.com/maps/place/Villa+Cherry/data=!4m10!3m9!1s0x31756f2490a58ae3:0xb5113b3b81f8183c!5m2!4m1!1i2!8m2!3d10.3476331!4d107.0965841!16s/g/11w2khmxs9!19sChIJ44qlkCRvdTERPBj4gTs7EbU?authuser=0&hl=vi&g_ep=EgoyMDI2MDkwMi4wIJJjKgBIAVAD&rclk=1
2026-09-08 08:16:26,606 | INFO | Navigation success | attempt=1/3 | 0.38s | url=https://www.google.com/maps/place/Villa+Cherry/data=!4m10!3m9!1s0x31756f2490a58ae3:0xb5113b3b81f8183c!5m2!4m1!1i2!8m2!3d10.3476331!4d107.0965841!16s/g/11w2khmxs9!19sChIJ44qlkCRvdTERPBj4gTs7EbU?authuser=0&hl=vi&g_ep=EgoyMDI2MDkwMi4wIJJjKgBIAVAD&rclk=1
2026-09-08 08:16:30,590 | INFO | VERIFY CANDIDATE | input_title='Cherry homestay phong đoi lon' | actual_title='' | input_address='Buôn Ma Thuột, Đắk Lắk, Việt Nam' | actual_address='\ue52e' | url='https://www.google.com/maps/place//@10.8265472,106.6500096,9z/data=!3m1!4b1?authuser=0&hl=vi&entry=ttu&g_ep=EgoyMDI2MDkwMi4wIKXMDSoASAFQAw%3D%3D' | coordinates=(10.8265472, 106.6)
2026-09-08 08:16:30,685 | INFO | VERIFY FINAL | success=False | reason=TITLE_UNAVAILABLE | title_ok=False | address_ok=False | input_title='Cherry homestay phong đoi lon' | maps_title='' | input_address='Buôn Ma Thuột, Đắk Lắk, Việt Nam' | maps_address='\ue52e' | url='https://www.google.com/maps/place//@10.8265472,106.6500096,9z/data=!3m1!4b1?authuser=0&hl=vi&entry=ttu&g_ep=EgoyMDI2MDkwMi4wIKXMDSoASAFQAw%3D%3D'
2026-09-08 08:16:30,716 | INFO | Google Maps address search variant 2/9: Buôn Ma Thuột, Đắk Lắk, Việt Nam
2026-09-08 08:16:30,826 | INFO | Navigation start | attempt=1/3 | timeout=15000ms | url=https://www.google.com/maps/search/?api=1&query=Bu%C3%B4n%20Ma%20Thu%E1%BB%99t%2C%20%C4%90%E1%BA%AFk%20L%E1%BA%AFk%2C%20Vi%E1%BB%87t%20Nam
2026-09-08 08:16:31,195 | INFO | Navigation success | attempt=1/3 | 0.37s | url=https://www.google.com/maps/search/?api=1&query=Bu%C3%B4n%20Ma%20Thu%E1%BB%99t%2C%20%C4%90%E1%BA%AFk%20L%E1%BA%AFk%2C%20Vi%E1%BB%87t%20Nam
2026-09-08 08:16:34,757 | INFO | Google Maps address search variant 3/9: Buôn Ma Thuột, Đắk Lắk, Việt Nam, Cherry homestay phong đoi lon
2026-09-08 08:16:34,821 | INFO | Navigation start | attempt=1/3 | timeout=15000ms | url=https://www.google.com/maps/search/?api=1&query=Bu%C3%B4n%20Ma%20Thu%E1%BB%99t%2C%20%C4%90%E1%BA%AFk%20L%E1%BA%AFk%2C%20Vi%E1%BB%87t%20Nam%2C%20Cherry%20homestay%20phong%20%C4%91oi%20lon
2026-09-08 08:16:35,549 | INFO | Navigation success | attempt=1/3 | 0.73s | url=https://www.google.com/maps/search/?api=1&query=Bu%C3%B4n%20Ma%20Thu%E1%BB%99t%2C%20%C4%90%E1%BA%AFk%20L%E1%BA%AFk%2C%20Vi%E1%BB%87t%20Nam%2C%20Cherry%20homestay%20phong%20%C4%91oi%20lon
2026-09-08 08:16:39,656 | INFO | Google Maps address search variant 4/9: Cherry homestay phong đoi lon, Buôn Ma Thuột, Đắk Lắk, Việt Nam
2026-09-08 08:16:39,708 | INFO | Navigation start | attempt=1/3 | timeout=15000ms | url=https://www.google.com/maps/search/?api=1&query=Cherry%20homestay%20phong%20%C4%91oi%20lon%2C%20Bu%C3%B4n%20Ma%20Thu%E1%BB%99t%2C%20%C4%90%E1%BA%AFk%20L%E1%BA%AFk%2C%20Vi%E1%BB%87t%20Nam
2026-09-08 08:16:40,091 | INFO | Navigation success | attempt=1/3 | 0.38s | url=https://www.google.com/maps/search/?api=1&query=Cherry%20homestay%20phong%20%C4%91oi%20lon%2C%20Bu%C3%B4n%20Ma%20Thu%E1%BB%99t%2C%20%C4%90%E1%BA%AFk%20L%E1%BA%AFk%2C%20Vi%E1%BB%87t%20Nam
2026-09-08 08:16:44,435 | INFO | Google Maps address search variant 5/9: buon ma thuot, đak lak
2026-09-08 08:16:44,436 | INFO | Navigation start | attempt=1/3 | timeout=15000ms | url=https://www.google.com/maps/search/?api=1&query=buon%20ma%20thuot%2C%20%C4%91ak%20lak
2026-09-08 08:16:44,913 | INFO | Navigation success | attempt=1/3 | 0.48s | url=https://www.google.com/maps/search/?api=1&query=buon%20ma%20thuot%2C%20%C4%91ak%20lak
2026-09-08 08:16:49,484 | INFO | Google Maps address search variant 6/9: Cherry homestay phong đoi lon, buon ma thuot, đak lak
2026-09-08 08:16:49,484 | INFO | Navigation start | attempt=1/3 | timeout=15000ms | url=https://www.google.com/maps/search/?api=1&query=Cherry%20homestay%20phong%20%C4%91oi%20lon%2C%20buon%20ma%20thuot%2C%20%C4%91ak%20lak
2026-09-08 08:16:49,823 | INFO | Navigation success | attempt=1/3 | 0.34s | url=https://www.google.com/maps/search/?api=1&query=Cherry%20homestay%20phong%20%C4%91oi%20lon%2C%20buon%20ma%20thuot%2C%20%C4%91ak%20lak
2026-09-08 08:16:53,082 | INFO | Google Maps address search variant 7/9: Cherry homestay phong đoi lon, buon ma thuot
2026-09-08 08:16:53,082 | INFO | Navigation start | attempt=1/3 | timeout=15000ms | url=https://www.google.com/maps/search/?api=1&query=Cherry%20homestay%20phong%20%C4%91oi%20lon%2C%20buon%20ma%20thuot
2026-09-08 08:16:53,417 | INFO | Navigation success | attempt=1/3 | 0.33s | url=https://www.google.com/maps/search/?api=1&query=Cherry%20homestay%20phong%20%C4%91oi%20lon%2C%20buon%20ma%20thuot
2026-09-08 08:16:57,178 | INFO | Google Maps address search variant 8/9: Cherry homestay phong đoi lon, đak lak
2026-09-08 08:16:57,178 | INFO | Navigation start | attempt=1/3 | timeout=15000ms | url=https://www.google.com/maps/search/?api=1&query=Cherry%20homestay%20phong%20%C4%91oi%20lon%2C%20%C4%91ak%20lak
2026-09-08 08:16:57,658 | INFO | Navigation success | attempt=1/3 | 0.48s | url=https://www.google.com/maps/search/?api=1&query=Cherry%20homestay%20phong%20%C4%91oi%20lon%2C%20%C4%91ak%20lak
2026-09-08 08:17:00,855 | WARNING | Google Maps NOT_FOUND / NO_VALID_PLACE_URL: Cherry homestay phong đoi lon | Buôn Ma Thuột, Đắk Lắk, Việt Nam
2026-09-08 08:17:00,855 | INFO | EXCEL SEARCH RESULT | success=False | reason=NOT_FOUND | google_maps_url=None | url=None | cleaned_url=''
2026-09-08 08:17:02,420 | INFO | Existing URL check | maps_col=google_maps_url | url_col=URL | maps='' | url='' | reusable=''
2026-09-08 08:17:02,426 | INFO | Google Maps title search variant 1/9: Chí Phèo Homestay
2026-09-08 08:17:02,785 | INFO | Navigation start | attempt=1/3 | timeout=15000ms | url=https://www.google.com/maps/search/?api=1&query=Ch%C3%AD%20Ph%C3%A8o%20Homestay
2026-09-08 08:17:03,680 | INFO | Navigation success | attempt=1/3 | 0.90s | url=https://www.google.com/maps/search/?api=1&query=Ch%C3%AD%20Ph%C3%A8o%20Homestay
2026-09-08 08:17:08,095 | INFO | Google Maps address search variant 2/9: Ea Wer, Đắk Lắk, Việt Nam
2026-09-08 08:17:08,096 | INFO | Navigation start | attempt=1/3 | timeout=15000ms | url=https://www.google.com/maps/search/?api=1&query=Ea%20Wer%2C%20%C4%90%E1%BA%AFk%20L%E1%BA%AFk%2C%20Vi%E1%BB%87t%20Nam
2026-09-08 08:17:08,309 | INFO | Navigation success | attempt=1/3 | 0.21s | url=https://www.google.com/maps/search/?api=1&query=Ea%20Wer%2C%20%C4%90%E1%BA%AFk%20L%E1%BA%AFk%2C%20Vi%E1%BB%87t%20Nam
2026-09-08 08:17:12,958 | INFO | Google Maps address search variant 3/9: Ea Wer, Đắk Lắk, Việt Nam, Chí Phèo Homestay
2026-09-08 08:17:12,959 | INFO | Navigation start | attempt=1/3 | timeout=15000ms | url=https://www.google.com/maps/search/?api=1&query=Ea%20Wer%2C%20%C4%90%E1%BA%AFk%20L%E1%BA%AFk%2C%20Vi%E1%BB%87t%20Nam%2C%20Ch%C3%AD%20Ph%C3%A8o%20Homestay
2026-09-08 08:17:13,250 | INFO | Navigation success | attempt=1/3 | 0.29s | url=https://www.google.com/maps/search/?api=1&query=Ea%20Wer%2C%20%C4%90%E1%BA%AFk%20L%E1%BA%AFk%2C%20Vi%E1%BB%87t%20Nam%2C%20Ch%C3%AD%20Ph%C3%A8o%20Homestay
2026-09-08 08:17:17,025 | INFO | Google Maps address search variant 4/9: Chí Phèo Homestay, Ea Wer, Đắk Lắk, Việt Nam
2026-09-08 08:17:17,025 | INFO | Navigation start | attempt=1/3 | timeout=15000ms | url=https://www.google.com/maps/search/?api=1&query=Ch%C3%AD%20Ph%C3%A8o%20Homestay%2C%20Ea%20Wer%2C%20%C4%90%E1%BA%AFk%20L%E1%BA%AFk%2C%20Vi%E1%BB%87t%20Nam
2026-09-08 08:17:18,781 | INFO | Navigation success | attempt=1/3 | 1.76s | url=https://www.google.com/maps/search/?api=1&query=Ch%C3%AD%20Ph%C3%A8o%20Homestay%2C%20Ea%20Wer%2C%20%C4%90%E1%BA%AFk%20L%E1%BA%AFk%2C%20Vi%E1%BB%87t%20Nam
2026-09-08 08:17:22,640 | INFO | Google Maps address search variant 5/9: ea wer, đak lak
2026-09-08 08:17:22,640 | INFO | Navigation start | attempt=1/3 | timeout=15000ms | url=https://www.google.com/maps/search/?api=1&query=ea%20wer%2C%20%C4%91ak%20lak
2026-09-08 08:17:22,915 | INFO | Navigation success | attempt=1/3 | 0.28s | url=https://www.google.com/maps/search/?api=1&query=ea%20wer%2C%20%C4%91ak%20lak
2026-09-08 08:17:26,281 | INFO | Google Maps address search variant 6/9: Chí Phèo Homestay, ea wer, đak lak
2026-09-08 08:17:26,281 | INFO | Navigation start | attempt=1/3 | timeout=15000ms | url=https://www.google.com/maps/search/?api=1&query=Ch%C3%AD%20Ph%C3%A8o%20Homestay%2C%20ea%20wer%2C%20%C4%91ak%20lak
2026-09-08 08:17:26,539 | INFO | Navigation success | attempt=1/3 | 0.26s | url=https://www.google.com/maps/search/?api=1&query=Ch%C3%AD%20Ph%C3%A8o%20Homestay%2C%20ea%20wer%2C%20%C4%91ak%20lak
2026-09-08 08:17:29,523 | INFO | Google Maps address search variant 7/9: Chí Phèo Homestay, ea wer
2026-09-08 08:17:29,524 | INFO | Navigation start | attempt=1/3 | timeout=15000ms | url=https://www.google.com/maps/search/?api=1&query=Ch%C3%AD%20Ph%C3%A8o%20Homestay%2C%20ea%20wer
2026-09-08 08:17:29,917 | INFO | Navigation success | attempt=1/3 | 0.39s | url=https://www.google.com/maps/search/?api=1&query=Ch%C3%AD%20Ph%C3%A8o%20Homestay%2C%20ea%20wer
2026-09-08 08:17:34,101 | INFO | Google Maps address search variant 8/9: Chí Phèo Homestay, đak lak
2026-09-08 08:17:34,102 | INFO | Navigation start | attempt=1/3 | timeout=15000ms | url=https://www.google.com/maps/search/?api=1&query=Ch%C3%AD%20Ph%C3%A8o%20Homestay%2C%20%C4%91ak%20lak
2026-09-08 08:17:34,471 | INFO | Navigation success | attempt=1/3 | 0.37s | url=https://www.google.com/maps/search/?api=1&query=Ch%C3%AD%20Ph%C3%A8o%20Homestay%2C%20%C4%91ak%20lak
2026-09-08 08:17:39,916 | WARNING | Google Maps NOT_FOUND / NO_VALID_PLACE_URL: Chí Phèo Homestay | Ea Wer, Đắk Lắk, Việt Nam
2026-09-08 08:17:39,917 | INFO | EXCEL SEARCH RESULT | success=False | reason=NOT_FOUND | google_maps_url=None | url=None | cleaned_url=''
2026-09-08 08:17:41,438 | INFO | Existing URL check | maps_col=google_maps_url | url_col=URL | maps='' | url='' | reusable=''
2026-09-08 08:17:44,907 | WARNING | CURRENT MAPS PLACE TITLE/ADDRESS MISMATCH | input_title='Chilling Cinema & Homestay CN1' | actual_title='Chí Phèo Homestay' | input_address='1236 A Dừa, Ea Kao, Đắk Lắk 63000, Việt Nam' | actual_address='\ue413' | url='https://www.google.com/maps/place/Ch%C3%AD+Ph%C3%A8o+Homestay/@12.767663,107.8939762,17z/data=!3m1!4b1!4m6!3m5!1s0x317205a8fb33df43:0x957a9b3d6aad61eb!8m2!3d12.767663!4d107.8939762!16s%2Fg%2F11vss7bhtw?entry=ttu&g_ep=EgoyMDI2MDkwMi4wIKXMDSoASAFQAw%3D%3D'
2026-09-08 08:17:44,952 | INFO | Google Maps title search variant 1/12: Chilling Cinema & Homestay CN1
2026-09-08 08:17:44,980 | INFO | Navigation start | attempt=1/3 | timeout=15000ms | url=https://www.google.com/maps/search/?api=1&query=Chilling%20Cinema%20%26%20Homestay%20CN1
2026-09-08 08:17:45,417 | INFO | Navigation success | attempt=1/3 | 0.44s | url=https://www.google.com/maps/search/?api=1&query=Chilling%20Cinema%20%26%20Homestay%20CN1
2026-09-08 08:17:52,036 | INFO | Google Maps address search variant 2/12: 1236 A Dừa, Ea Kao, Đắk Lắk 63000, Việt Nam
2026-09-08 08:17:52,355 | INFO | Navigation start | attempt=1/3 | timeout=15000ms | url=https://www.google.com/maps/search/?api=1&query=1236%20A%20D%E1%BB%ABa%2C%20Ea%20Kao%2C%20%C4%90%E1%BA%AFk%20L%E1%BA%AFk%2063000%2C%20Vi%E1%BB%87t%20Nam
2026-09-08 08:17:53,199 | INFO | Navigation success | attempt=1/3 | 0.84s | url=https://www.google.com/maps/search/?api=1&query=1236%20A%20D%E1%BB%ABa%2C%20Ea%20Kao%2C%20%C4%90%E1%BA%AFk%20L%E1%BA%AFk%2063000%2C%20Vi%E1%BB%87t%20Nam
2026-09-08 08:17:56,661 | INFO | Google Maps address search variant 3/12: 1236 A Dừa, Ea Kao, Đắk Lắk 63000, Việt Nam, Chilling Cinema & Homestay CN1
2026-09-08 08:17:56,759 | INFO | Navigation start | attempt=1/3 | timeout=15000ms | url=https://www.google.com/maps/search/?api=1&query=1236%20A%20D%E1%BB%ABa%2C%20Ea%20Kao%2C%20%C4%90%E1%BA%AFk%20L%E1%BA%AFk%2063000%2C%20Vi%E1%BB%87t%20Nam%2C%20Chilling%20Cinema%20%26%20Homestay%20CN1
2026-09-08 08:17:57,266 | INFO | Navigation success | attempt=1/3 | 0.51s | url=https://www.google.com/maps/search/?api=1&query=1236%20A%20D%E1%BB%ABa%2C%20Ea%20Kao%2C%20%C4%90%E1%BA%AFk%20L%E1%BA%AFk%2063000%2C%20Vi%E1%BB%87t%20Nam%2C%20Chilling%20Cinema%20%26%20Homestay%20CN1
2026-09-08 08:18:03,433 | INFO | Google Maps address search variant 4/12: Chilling Cinema & Homestay CN1, 1236 A Dừa, Ea Kao, Đắk Lắk 63000, Việt Nam
2026-09-08 08:18:03,436 | INFO | Navigation start | attempt=1/3 | timeout=15000ms | url=https://www.google.com/maps/search/?api=1&query=Chilling%20Cinema%20%26%20Homestay%20CN1%2C%201236%20A%20D%E1%BB%ABa%2C%20Ea%20Kao%2C%20%C4%90%E1%BA%AFk%20L%E1%BA%AFk%2063000%2C%20Vi%E1%BB%87t%20Nam
2026-09-08 08:18:03,805 | INFO | Navigation success | attempt=1/3 | 0.37s | url=https://www.google.com/maps/search/?api=1&query=Chilling%20Cinema%20%26%20Homestay%20CN1%2C%201236%20A%20D%E1%BB%ABa%2C%20Ea%20Kao%2C%20%C4%90%E1%BA%AFk%20L%E1%BA%AFk%2063000%2C%20Vi%E1%BB%87t%20Nam
2026-09-08 08:18:07,229 | INFO | Navigation start | attempt=1/3 | timeout=15000ms | url=https://www.google.com/maps/place/Chilling+Cinema+&+Homestay+CN1/data=!4m7!3m6!1s0x31721d6a680a363f:0xda524545655c496a!8m2!3d12.6524834!4d108.0236649!16s/g/11wgr06mgk!19sChIJPzYKaGodcjERaklcZUVFUto?authuser=0&hl=vi&g_ep=EgoyMDI2MDkwMi4wIJJjKgBIAVAD&rclk=1
2026-09-08 08:18:07,927 | INFO | Navigation success | attempt=1/3 | 0.70s | url=https://www.google.com/maps/place/Chilling+Cinema+&+Homestay+CN1/data=!4m7!3m6!1s0x31721d6a680a363f:0xda524545655c496a!8m2!3d12.6524834!4d108.0236649!16s/g/11wgr06mgk!19sChIJPzYKaGodcjERaklcZUVFUto?authuser=0&hl=vi&g_ep=EgoyMDI2MDkwMi4wIJJjKgBIAVAD&rclk=1
2026-09-08 08:18:10,884 | INFO | VERIFY CANDIDATE | input_title='Chilling Cinema & Homestay CN1' | actual_title='' | input_address='1236 A Dừa, Ea Kao, Đắk Lắk 63000, Việt Nam' | actual_address='\ue52e' | url='https://www.google.com/maps/place/Chilling+Cinema+&+Homestay+CN1/data=!4m7!3m6!1s0x31721d6a680a363f:0xda524545655c496a!8m2!3d12.6524834!4d108.0236649!16s/g/11wgr06mgk!19sChIJPzYKaGodcjERaklcZUVFUto?authuser=0&hl=vi&g_ep=EgoyMDI2MDkwMi4wIJJjKgBIAVAD&rclk=1' | coordinates=(12.6524834, 108.0)
2026-09-08 08:18:11,045 | INFO | VERIFY FINAL | success=False | reason=TITLE_UNAVAILABLE | title_ok=False | address_ok=False | input_title='Chilling Cinema & Homestay CN1' | maps_title='' | input_address='1236 A Dừa, Ea Kao, Đắk Lắk 63000, Việt Nam' | maps_address='\ue52e' | url='https://www.google.com/maps/place/Chilling+Cinema+&+Homestay+CN1/data=!4m7!3m6!1s0x31721d6a680a363f:0xda524545655c496a!8m2!3d12.6524834!4d108.0236649!16s/g/11wgr06mgk!19sChIJPzYKaGodcjERaklcZUVFUto?authuser=0&hl=vi&g_ep=EgoyMDI2MDkwMi4wIJJjKgBIAVAD&rclk=1'
2026-09-08 08:18:11,352 | INFO | Navigation start | attempt=1/3 | timeout=15000ms | url=https://www.google.com/maps/place/Chilling+Cinema+&+Homestay+CN2/data=!4m7!3m6!1s0x31721d617121d123:0x959ee01c631e4e32!8m2!3d12.675268!4d108.0451549!16s/g/11w50jpwjd!19sChIJI9EhcWEdcjERMk4eYxzgnpU?authuser=0&hl=vi&g_ep=EgoyMDI2MDkwMi4wIJJjKgBIAVAD&rclk=1
2026-09-08 08:18:11,765 | INFO | Navigation success | attempt=1/3 | 0.41s | url=https://www.google.com/maps/place/Chilling+Cinema+&+Homestay+CN2/data=!4m7!3m6!1s0x31721d617121d123:0x959ee01c631e4e32!8m2!3d12.675268!4d108.0451549!16s/g/11w50jpwjd!19sChIJI9EhcWEdcjERMk4eYxzgnpU?authuser=0&hl=vi&g_ep=EgoyMDI2MDkwMi4wIJJjKgBIAVAD&rclk=1
2026-09-08 08:18:14,501 | INFO | VERIFY CANDIDATE | input_title='Chilling Cinema & Homestay CN1' | actual_title='' | input_address='1236 A Dừa, Ea Kao, Đắk Lắk 63000, Việt Nam' | actual_address='\ue52e' | url='https://www.google.com/maps/place/Chilling+Cinema+&+Homestay+CN2/data=!4m7!3m6!1s0x31721d617121d123:0x959ee01c631e4e32!8m2!3d12.675268!4d108.0451549!16s/g/11w50jpwjd!19sChIJI9EhcWEdcjERMk4eYxzgnpU?authuser=0&hl=vi&g_ep=EgoyMDI2MDkwMi4wIJJjKgBIAVAD&rclk=1' | coordinates=(12.675268, 108.0)
2026-09-08 08:18:14,548 | INFO | VERIFY FINAL | success=False | reason=TITLE_UNAVAILABLE | title_ok=False | address_ok=False | input_title='Chilling Cinema & Homestay CN1' | maps_title='' | input_address='1236 A Dừa, Ea Kao, Đắk Lắk 63000, Việt Nam' | maps_address='\ue52e' | url='https://www.google.com/maps/place/Chilling+Cinema+&+Homestay+CN2/data=!4m7!3m6!1s0x31721d617121d123:0x959ee01c631e4e32!8m2!3d12.675268!4d108.0451549!16s/g/11w50jpwjd!19sChIJI9EhcWEdcjERMk4eYxzgnpU?authuser=0&hl=vi&g_ep=EgoyMDI2MDkwMi4wIJJjKgBIAVAD&rclk=1'
2026-09-08 08:18:14,669 | INFO | Navigation start | attempt=1/3 | timeout=15000ms | url=https://www.google.com/maps/place/Chilling+Cinema+&+Homestay+CN3+-+Y+Ngông/data=!4m7!3m6!1s0x31721d2c6e9a4047:0xbc626b0db35e4cf1!8m2!3d12.671018!4d108.0301314!16s/g/11mcph47j7!19sChIJR0CabiwdcjER8Uxesw1rYrw?authuser=0&hl=vi&g_ep=EgoyMDI2MDkwMi4wIJJjKgBIAVAD&rclk=1
2026-09-08 08:18:15,197 | INFO | Navigation success | attempt=1/3 | 0.53s | url=https://www.google.com/maps/place/Chilling+Cinema+&+Homestay+CN3+-+Y+Ngông/data=!4m7!3m6!1s0x31721d2c6e9a4047:0xbc626b0db35e4cf1!8m2!3d12.671018!4d108.0301314!16s/g/11mcph47j7!19sChIJR0CabiwdcjER8Uxesw1rYrw?authuser=0&hl=vi&g_ep=EgoyMDI2MDkwMi4wIJJjKgBIAVAD&rclk=1
2026-09-08 08:18:17,528 | INFO | VERIFY CANDIDATE | input_title='Chilling Cinema & Homestay CN1' | actual_title='' | input_address='1236 A Dừa, Ea Kao, Đắk Lắk 63000, Việt Nam' | actual_address='\ue52e' | url='https://www.google.com/maps/place/Chilling+Cinema+&+Homestay+CN3+-+Y+Ng%C3%B4ng/data=!4m7!3m6!1s0x31721d2c6e9a4047:0xbc626b0db35e4cf1!8m2!3d12.671018!4d108.0301314!16s/g/11mcph47j7!19sChIJR0CabiwdcjER8Uxesw1rYrw?authuser=0&hl=vi&g_ep=EgoyMDI2MDkwMi4wIJJjKgBIAVAD&rclk=1' | coordinates=(12.671018, 108.0)
2026-09-08 08:18:17,629 | INFO | VERIFY FINAL | success=False | reason=TITLE_UNAVAILABLE | title_ok=False | address_ok=False | input_title='Chilling Cinema & Homestay CN1' | maps_title='' | input_address='1236 A Dừa, Ea Kao, Đắk Lắk 63000, Việt Nam' | maps_address='\ue52e' | url='https://www.google.com/maps/place/Chilling+Cinema+&+Homestay+CN3+-+Y+Ng%C3%B4ng/data=!4m7!3m6!1s0x31721d2c6e9a4047:0xbc626b0db35e4cf1!8m2!3d12.671018!4d108.0301314!16s/g/11mcph47j7!19sChIJR0CabiwdcjER8Uxesw1rYrw?authuser=0&hl=vi&g_ep=EgoyMDI2MDkwMi4wIJJjKgBIAVAD&rclk=1'
2026-09-08 08:18:17,666 | INFO | Navigation start | attempt=1/3 | timeout=15000ms | url=https://www.google.com/maps/place/villa+netflix+and+chill/data=!4m7!3m6!1s0x3171f74ae9f90499:0xc10f135a29375987!8m2!3d12.6938818!4d108.0555709!16s/g/11mrqdbxt6!19sChIJmQT56Ur3cTERh1k3KVoTD8E?authuser=0&hl=vi&g_ep=EgoyMDI2MDkwMi4wIJJjKgBIAVAD&rclk=1
2026-09-08 08:18:18,225 | INFO | Navigation success | attempt=1/3 | 0.56s | url=https://www.google.com/maps/place/villa+netflix+and+chill/data=!4m7!3m6!1s0x3171f74ae9f90499:0xc10f135a29375987!8m2!3d12.6938818!4d108.0555709!16s/g/11mrqdbxt6!19sChIJmQT56Ur3cTERh1k3KVoTD8E?authuser=0&hl=vi&g_ep=EgoyMDI2MDkwMi4wIJJjKgBIAVAD&rclk=1
2026-09-08 08:18:28,249 | INFO | VERIFY CANDIDATE | input_title='Chilling Cinema & Homestay CN1' | actual_title='' | input_address='1236 A Dừa, Ea Kao, Đắk Lắk 63000, Việt Nam' | actual_address='\ue52e' | url='https://www.google.com/maps/place//@10.8265472,106.6500096,10z/data=!3m1!4b1?authuser=0&hl=vi&entry=ttu&g_ep=EgoyMDI2MDkwMi4wIKXMDSoASAFQAw%3D%3D' | coordinates=(10.8265472, 106.6)
2026-09-08 08:18:28,252 | INFO | VERIFY FINAL | success=False | reason=TITLE_UNAVAILABLE | title_ok=False | address_ok=False | input_title='Chilling Cinema & Homestay CN1' | maps_title='' | input_address='1236 A Dừa, Ea Kao, Đắk Lắk 63000, Việt Nam' | maps_address='\ue52e' | url='https://www.google.com/maps/place//@10.8265472,106.6500096,10z/data=!3m1!4b1?authuser=0&hl=vi&entry=ttu&g_ep=EgoyMDI2MDkwMi4wIKXMDSoASAFQAw%3D%3D'
2026-09-08 08:18:28,252 | INFO | Google Maps address search variant 5/12: 1236 a dua, ea kao, đak lak 63000
2026-09-08 08:18:28,253 | INFO | Navigation start | attempt=1/3 | timeout=15000ms | url=https://www.google.com/maps/search/?api=1&query=1236%20a%20dua%2C%20ea%20kao%2C%20%C4%91ak%20lak%2063000
2026-09-08 08:18:28,563 | INFO | Navigation success | attempt=1/3 | 0.31s | url=https://www.google.com/maps/search/?api=1&query=1236%20a%20dua%2C%20ea%20kao%2C%20%C4%91ak%20lak%2063000
2026-09-08 08:18:40,806 | INFO | Google Maps address search variant 6/12: ea kao, đak lak 63000
2026-09-08 08:18:40,806 | INFO | Navigation start | attempt=1/3 | timeout=15000ms | url=https://www.google.com/maps/search/?api=1&query=ea%20kao%2C%20%C4%91ak%20lak%2063000
2026-09-08 08:18:41,053 | INFO | Navigation success | attempt=1/3 | 0.25s | url=https://www.google.com/maps/search/?api=1&query=ea%20kao%2C%20%C4%91ak%20lak%2063000
2026-09-08 08:18:51,569 | INFO | Google Maps address search variant 7/12: Chilling Cinema & Homestay CN1, 1236 a dua, ea kao, đak lak 63000
2026-09-08 08:18:51,570 | INFO | Navigation start | attempt=1/3 | timeout=15000ms | url=https://www.google.com/maps/search/?api=1&query=Chilling%20Cinema%20%26%20Homestay%20CN1%2C%201236%20a%20dua%2C%20ea%20kao%2C%20%C4%91ak%20lak%2063000
2026-09-08 08:18:51,775 | INFO | Navigation success | attempt=1/3 | 0.21s | url=https://www.google.com/maps/search/?api=1&query=Chilling%20Cinema%20%26%20Homestay%20CN1%2C%201236%20a%20dua%2C%20ea%20kao%2C%20%C4%91ak%20lak%2063000
2026-09-08 08:19:03,354 | INFO | Google Maps address search variant 8/12: Chilling Cinema & Homestay CN1, ea kao, đak lak 63000
2026-09-08 08:19:03,354 | INFO | Navigation start | attempt=1/3 | timeout=15000ms | url=https://www.google.com/maps/search/?api=1&query=Chilling%20Cinema%20%26%20Homestay%20CN1%2C%20ea%20kao%2C%20%C4%91ak%20lak%2063000
2026-09-08 08:19:03,573 | INFO | Navigation success | attempt=1/3 | 0.22s | url=https://www.google.com/maps/search/?api=1&query=Chilling%20Cinema%20%26%20Homestay%20CN1%2C%20ea%20kao%2C%20%C4%91ak%20lak%2063000
2026-09-08 08:19:23,480 | INFO | Google Maps address search variant 9/12: Chilling Cinema & Homestay CN1, 1236 a dua
2026-09-08 08:19:23,481 | INFO | Navigation start | attempt=1/3 | timeout=15000ms | url=https://www.google.com/maps/search/?api=1&query=Chilling%20Cinema%20%26%20Homestay%20CN1%2C%201236%20a%20dua
2026-09-08 08:19:23,708 | INFO | Navigation success | attempt=1/3 | 0.23s | url=https://www.google.com/maps/search/?api=1&query=Chilling%20Cinema%20%26%20Homestay%20CN1%2C%201236%20a%20dua
2026-09-08 08:19:34,045 | INFO | Google Maps address search variant 10/12: Chilling Cinema & Homestay CN1, ea kao
2026-09-08 08:19:34,046 | INFO | Navigation start | attempt=1/3 | timeout=15000ms | url=https://www.google.com/maps/search/?api=1&query=Chilling%20Cinema%20%26%20Homestay%20CN1%2C%20ea%20kao
2026-09-08 08:19:34,239 | INFO | Navigation success | attempt=1/3 | 0.19s | url=https://www.google.com/maps/search/?api=1&query=Chilling%20Cinema%20%26%20Homestay%20CN1%2C%20ea%20kao
2026-09-08 08:19:43,374 | INFO | Google Maps address search variant 11/12: Chilling Cinema & Homestay CN1, đak lak 63000
2026-09-08 08:19:43,374 | INFO | Navigation start | attempt=1/3 | timeout=15000ms | url=https://www.google.com/maps/search/?api=1&query=Chilling%20Cinema%20%26%20Homestay%20CN1%2C%20%C4%91ak%20lak%2063000
2026-09-08 08:19:43,676 | INFO | Navigation success | attempt=1/3 | 0.30s | url=https://www.google.com/maps/search/?api=1&query=Chilling%20Cinema%20%26%20Homestay%20CN1%2C%20%C4%91ak%20lak%2063000
2026-09-08 08:19:51,871 | WARNING | Google Maps NOT_FOUND / NO_VALID_PLACE_URL: Chilling Cinema & Homestay CN1 | 1236 A Dừa, Ea Kao, Đắk Lắk 63000, Việt Nam
2026-09-08 08:19:51,872 | INFO | EXCEL SEARCH RESULT | success=False | reason=NOT_FOUND | google_maps_url=None | url=None | cleaned_url=''
2026-09-08 08:19:53,654 | INFO | Existing URL check | maps_col=google_maps_url | url_col=URL | maps='' | url='' | reusable=''
2026-09-08 08:19:55,056 | WARNING | CURRENT MAPS PLACE TITLE/ADDRESS MISMATCH | input_title='Chilling Cinema & Homestay CN2' | actual_title='Chilling Cinema & Homestay CN1' | input_address='26 Phạm Hồng Thái, Buôn Ma Thuột, Đắk Lắk 63000, Việt Nam' | actual_address='12/36 A Dừa, Ea Kao, Đắk Lắk 63000, Việt Nam' | url='https://www.google.com/maps/place/Chilling+Cinema+%26+Homestay+CN1/@12.6524834,108.0236649,17z/data=!3m1!4b1!4m6!3m5!1s0x31721d6a680a363f:0xda524545655c496a!8m2!3d12.6524834!4d108.0236649!16s%2Fg%2F11wgr06mgk?entry=ttu&g_ep=EgoyMDI2MDkwMi4wIKXMDSoASAFQAw%3D%3D'
2026-09-08 08:19:55,057 | INFO | Google Maps title search variant 1/12: Chilling Cinema & Homestay CN2
2026-09-08 08:19:55,057 | INFO | Navigation start | attempt=1/3 | timeout=15000ms | url=https://www.google.com/maps/search/?api=1&query=Chilling%20Cinema%20%26%20Homestay%20CN2
2026-09-08 08:19:55,264 | INFO | Navigation success | attempt=1/3 | 0.21s | url=https://www.google.com/maps/search/?api=1&query=Chilling%20Cinema%20%26%20Homestay%20CN2
2026-09-08 08:20:05,842 | INFO | Google Maps address search variant 2/12: 26 Phạm Hồng Thái, Buôn Ma Thuột, Đắk Lắk 63000, Việt Nam
2026-09-08 08:20:05,842 | INFO | Navigation start | attempt=1/3 | timeout=15000ms | url=https://www.google.com/maps/search/?api=1&query=26%20Ph%E1%BA%A1m%20H%E1%BB%93ng%20Th%C3%A1i%2C%20Bu%C3%B4n%20Ma%20Thu%E1%BB%99t%2C%20%C4%90%E1%BA%AFk%20L%E1%BA%AFk%2063000%2C%20Vi%E1%BB%87t%20Nam
2026-09-08 08:20:06,082 | INFO | Navigation success | attempt=1/3 | 0.24s | url=https://www.google.com/maps/search/?api=1&query=26%20Ph%E1%BA%A1m%20H%E1%BB%93ng%20Th%C3%A1i%2C%20Bu%C3%B4n%20Ma%20Thu%E1%BB%99t%2C%20%C4%90%E1%BA%AFk%20L%E1%BA%AFk%2063000%2C%20Vi%E1%BB%87t%20Nam
2026-09-08 08:20:16,782 | INFO | Google Maps address search variant 3/12: 26 Phạm Hồng Thái, Buôn Ma Thuột, Đắk Lắk 63000, Việt Nam, Chilling Cinema & Homestay CN2
2026-09-08 08:20:16,783 | INFO | Navigation start | attempt=1/3 | timeout=15000ms | url=https://www.google.com/maps/search/?api=1&query=26%20Ph%E1%BA%A1m%20H%E1%BB%93ng%20Th%C3%A1i%2C%20Bu%C3%B4n%20Ma%20Thu%E1%BB%99t%2C%20%C4%90%E1%BA%AFk%20L%E1%BA%AFk%2063000%2C%20Vi%E1%BB%87t%20Nam%2C%20Chilling%20Cinema%20%26%20Homestay%20CN2
2026-09-08 08:20:17,226 | INFO | Navigation success | attempt=1/3 | 0.44s | url=https://www.google.com/maps/search/?api=1&query=26%20Ph%E1%BA%A1m%20H%E1%BB%93ng%20Th%C3%A1i%2C%20Bu%C3%B4n%20Ma%20Thu%E1%BB%99t%2C%20%C4%90%E1%BA%AFk%20L%E1%BA%AFk%2063000%2C%20Vi%E1%BB%87t%20Nam%2C%20Chilling%20Cinema%20%26%20Homestay%20CN2
2026-09-08 08:20:26,051 | INFO | Google Maps address search variant 4/12: Chilling Cinema & Homestay CN2, 26 Phạm Hồng Thái, Buôn Ma Thuột, Đắk Lắk 63000, Việt Nam
2026-09-08 08:20:26,051 | INFO | Navigation start | attempt=1/3 | timeout=15000ms | url=https://www.google.com/maps/search/?api=1&query=Chilling%20Cinema%20%26%20Homestay%20CN2%2C%2026%20Ph%E1%BA%A1m%20H%E1%BB%93ng%20Th%C3%A1i%2C%20Bu%C3%B4n%20Ma%20Thu%E1%BB%99t%2C%20%C4%90%E1%BA%AFk%20L%E1%BA%AFk%2063000%2C%20Vi%E1%BB%87t%20Nam
2026-09-08 08:20:26,287 | INFO | Navigation success | attempt=1/3 | 0.24s | url=https://www.google.com/maps/search/?api=1&query=Chilling%20Cinema%20%26%20Homestay%20CN2%2C%2026%20Ph%E1%BA%A1m%20H%E1%BB%93ng%20Th%C3%A1i%2C%20Bu%C3%B4n%20Ma%20Thu%E1%BB%99t%2C%20%C4%90%E1%BA%AFk%20L%E1%BA%AFk%2063000%2C%20Vi%E1%BB%87t%20Nam
2026-09-08 08:20:34,795 | INFO | Google Maps address search variant 5/12: 26 pham hong thai, buon ma thuot, đak lak 63000
2026-09-08 08:20:34,796 | INFO | Navigation start | attempt=1/3 | timeout=15000ms | url=https://www.google.com/maps/search/?api=1&query=26%20pham%20hong%20thai%2C%20buon%20ma%20thuot%2C%20%C4%91ak%20lak%2063000
2026-09-08 08:20:35,003 | INFO | Navigation success | attempt=1/3 | 0.21s | url=https://www.google.com/maps/search/?api=1&query=26%20pham%20hong%20thai%2C%20buon%20ma%20thuot%2C%20%C4%91ak%20lak%2063000
2026-09-08 08:20:44,437 | INFO | Google Maps address search variant 6/12: buon ma thuot, đak lak 63000
2026-09-08 08:20:44,437 | INFO | Navigation start | attempt=1/3 | timeout=15000ms | url=https://www.google.com/maps/search/?api=1&query=buon%20ma%20thuot%2C%20%C4%91ak%20lak%2063000
2026-09-08 08:20:44,964 | INFO | Navigation success | attempt=1/3 | 0.53s | url=https://www.google.com/maps/search/?api=1&query=buon%20ma%20thuot%2C%20%C4%91ak%20lak%2063000
2026-09-08 08:20:54,089 | INFO | Google Maps address search variant 7/12: Chilling Cinema & Homestay CN2, 26 pham hong thai, buon ma thuot, đak lak 63000
2026-09-08 08:20:54,089 | INFO | Navigation start | attempt=1/3 | timeout=15000ms | url=https://www.google.com/maps/search/?api=1&query=Chilling%20Cinema%20%26%20Homestay%20CN2%2C%2026%20pham%20hong%20thai%2C%20buon%20ma%20thuot%2C%20%C4%91ak%20lak%2063000
2026-09-08 08:20:54,294 | INFO | Navigation success | attempt=1/3 | 0.20s | url=https://www.google.com/maps/search/?api=1&query=Chilling%20Cinema%20%26%20Homestay%20CN2%2C%2026%20pham%20hong%20thai%2C%20buon%20ma%20thuot%2C%20%C4%91ak%20lak%2063000
2026-09-08 08:21:04,193 | INFO | Google Maps address search variant 8/12: Chilling Cinema & Homestay CN2, buon ma thuot, đak lak 63000
2026-09-08 08:21:04,193 | INFO | Navigation start | attempt=1/3 | timeout=15000ms | url=https://www.google.com/maps/search/?api=1&query=Chilling%20Cinema%20%26%20Homestay%20CN2%2C%20buon%20ma%20thuot%2C%20%C4%91ak%20lak%2063000
2026-09-08 08:21:04,376 | INFO | Navigation success | attempt=1/3 | 0.18s | url=https://www.google.com/maps/search/?api=1&query=Chilling%20Cinema%20%26%20Homestay%20CN2%2C%20buon%20ma%20thuot%2C%20%C4%91ak%20lak%2063000
2026-09-08 08:21:13,341 | INFO | Google Maps address search variant 9/12: Chilling Cinema & Homestay CN2, 26 pham hong thai
2026-09-08 08:21:13,342 | INFO | Navigation start | attempt=1/3 | timeout=15000ms | url=https://www.google.com/maps/search/?api=1&query=Chilling%20Cinema%20%26%20Homestay%20CN2%2C%2026%20pham%20hong%20thai
2026-09-08 08:21:13,540 | INFO | Navigation success | attempt=1/3 | 0.20s | url=https://www.google.com/maps/search/?api=1&query=Chilling%20Cinema%20%26%20Homestay%20CN2%2C%2026%20pham%20hong%20thai
2026-09-08 08:21:25,658 | INFO | Google Maps address search variant 10/12: Chilling Cinema & Homestay CN2, buon ma thuot
2026-09-08 08:21:25,659 | INFO | Navigation start | attempt=1/3 | timeout=15000ms | url=https://www.google.com/maps/search/?api=1&query=Chilling%20Cinema%20%26%20Homestay%20CN2%2C%20buon%20ma%20thuot
2026-09-08 08:21:25,862 | INFO | Navigation success | attempt=1/3 | 0.20s | url=https://www.google.com/maps/search/?api=1&query=Chilling%20Cinema%20%26%20Homestay%20CN2%2C%20buon%20ma%20thuot
2026-09-08 08:21:39,982 | INFO | Google Maps address search variant 11/12: Chilling Cinema & Homestay CN2, đak lak 63000
2026-09-08 08:21:39,982 | INFO | Navigation start | attempt=1/3 | timeout=15000ms | url=https://www.google.com/maps/search/?api=1&query=Chilling%20Cinema%20%26%20Homestay%20CN2%2C%20%C4%91ak%20lak%2063000
2026-09-08 08:21:40,244 | INFO | Navigation success | attempt=1/3 | 0.26s | url=https://www.google.com/maps/search/?api=1&query=Chilling%20Cinema%20%26%20Homestay%20CN2%2C%20%C4%91ak%20lak%2063000
2026-09-08 08:21:50,120 | WARNING | Google Maps NOT_FOUND / NO_VALID_PLACE_URL: Chilling Cinema & Homestay CN2 | 26 Phạm Hồng Thái, Buôn Ma Thuột, Đắk Lắk 63000, Việt Nam
2026-09-08 08:21:50,121 | INFO | EXCEL SEARCH RESULT | success=False | reason=NOT_FOUND | google_maps_url=None | url=None | cleaned_url=''
2026-09-08 08:21:51,733 | INFO | Existing URL check | maps_col=google_maps_url | url_col=URL | maps='' | url='' | reusable=''
2026-09-08 08:21:52,184 | WARNING | CURRENT MAPS PLACE TITLE/ADDRESS MISMATCH | input_title='Chilling Cinema & Homestay CN3 - Y Ngông' | actual_title='Chilling Cinema & Homestay CN2' | input_address='15135 Y Ngông, Buôn Ma Thuột, Đắk Lắk 63000, Việt Nam' | actual_address='\ue0c8 26 Phạm Hồng Thái, Buôn Ma Thuột, Đắk Lắk 63000, Việt Nam' | url='https://www.google.com/maps/place/Chilling+Cinema+%26+Homestay+CN2/@12.675268,108.0451549,17z/data=!3m1!4b1!4m6!3m5!1s0x31721d617121d123:0x959ee01c631e4e32!8m2!3d12.675268!4d108.0451549!16s%2Fg%2F11w50jpwjd?entry=ttu&g_ep=EgoyMDI2MDkwMi4wIKXMDSoASAFQAw%3D%3D'
2026-09-08 08:21:52,195 | INFO | Google Maps title search variant 1/12: Chilling Cinema & Homestay CN3 - Y Ngông
2026-09-08 08:21:52,204 | INFO | Navigation start | attempt=1/3 | timeout=15000ms | url=https://www.google.com/maps/search/?api=1&query=Chilling%20Cinema%20%26%20Homestay%20CN3%20-%20Y%20Ng%C3%B4ng
2026-09-08 08:21:52,434 | INFO | Navigation success | attempt=1/3 | 0.23s | url=https://www.google.com/maps/search/?api=1&query=Chilling%20Cinema%20%26%20Homestay%20CN3%20-%20Y%20Ng%C3%B4ng
2026-09-08 08:22:03,429 | INFO | Google Maps address search variant 2/12: 15135 Y Ngông, Buôn Ma Thuột, Đắk Lắk 63000, Việt Nam
2026-09-08 08:22:03,430 | INFO | Navigation start | attempt=1/3 | timeout=15000ms | url=https://www.google.com/maps/search/?api=1&query=15135%20Y%20Ng%C3%B4ng%2C%20Bu%C3%B4n%20Ma%20Thu%E1%BB%99t%2C%20%C4%90%E1%BA%AFk%20L%E1%BA%AFk%2063000%2C%20Vi%E1%BB%87t%20Nam
2026-09-08 08:22:03,676 | INFO | Navigation success | attempt=1/3 | 0.25s | url=https://www.google.com/maps/search/?api=1&query=15135%20Y%20Ng%C3%B4ng%2C%20Bu%C3%B4n%20Ma%20Thu%E1%BB%99t%2C%20%C4%90%E1%BA%AFk%20L%E1%BA%AFk%2063000%2C%20Vi%E1%BB%87t%20Nam
2026-09-08 08:22:14,031 | INFO | Google Maps address search variant 3/12: 15135 Y Ngông, Buôn Ma Thuột, Đắk Lắk 63000, Việt Nam, Chilling Cinema & Homestay CN3 - Y Ngông
2026-09-08 08:22:14,032 | INFO | Navigation start | attempt=1/3 | timeout=15000ms | url=https://www.google.com/maps/search/?api=1&query=15135%20Y%20Ng%C3%B4ng%2C%20Bu%C3%B4n%20Ma%20Thu%E1%BB%99t%2C%20%C4%90%E1%BA%AFk%20L%E1%BA%AFk%2063000%2C%20Vi%E1%BB%87t%20Nam%2C%20Chilling%20Cinema%20%26%20Homestay%20CN3%20-%20Y%20Ng%C3%B4ng
2026-09-08 08:22:14,278 | INFO | Navigation success | attempt=1/3 | 0.25s | url=https://www.google.com/maps/search/?api=1&query=15135%20Y%20Ng%C3%B4ng%2C%20Bu%C3%B4n%20Ma%20Thu%E1%BB%99t%2C%20%C4%90%E1%BA%AFk%20L%E1%BA%AFk%2063000%2C%20Vi%E1%BB%87t%20Nam%2C%20Chilling%20Cinema%20%26%20Homestay%20CN3%20-%20Y%20Ng%C3%B4ng
2026-09-08 08:22:26,265 | INFO | Google Maps address search variant 4/12: Chilling Cinema & Homestay CN3 - Y Ngông, 15135 Y Ngông, Buôn Ma Thuột, Đắk Lắk 63000, Việt Nam
2026-09-08 08:22:26,266 | INFO | Navigation start | attempt=1/3 | timeout=15000ms | url=https://www.google.com/maps/search/?api=1&query=Chilling%20Cinema%20%26%20Homestay%20CN3%20-%20Y%20Ng%C3%B4ng%2C%2015135%20Y%20Ng%C3%B4ng%2C%20Bu%C3%B4n%20Ma%20Thu%E1%BB%99t%2C%20%C4%90%E1%BA%AFk%20L%E1%BA%AFk%2063000%2C%20Vi%E1%BB%87t%20Nam
2026-09-08 08:22:26,835 | INFO | Navigation success | attempt=1/3 | 0.57s | url=https://www.google.com/maps/search/?api=1&query=Chilling%20Cinema%20%26%20Homestay%20CN3%20-%20Y%20Ng%C3%B4ng%2C%2015135%20Y%20Ng%C3%B4ng%2C%20Bu%C3%B4n%20Ma%20Thu%E1%BB%99t%2C%20%C4%90%E1%BA%AFk%20L%E1%BA%AFk%2063000%2C%20Vi%E1%BB%87t%20Nam
2026-09-08 08:22:36,818 | INFO | Navigation start | attempt=1/3 | timeout=15000ms | url=https://www.google.com/maps/place/Chilling+Cinema+&+Homestay+CN3+-+Y+Ngông/data=!4m7!3m6!1s0x31721d2c6e9a4047:0xbc626b0db35e4cf1!8m2!3d12.671018!4d108.0301314!16s/g/11mcph47j7!19sChIJR0CabiwdcjER8Uxesw1rYrw?authuser=0&hl=vi&g_ep=EgoyMDI2MDkwMi4wIJJjKgBIAVAD&rclk=1
2026-09-08 08:22:37,003 | INFO | Navigation success | attempt=1/3 | 0.19s | url=https://www.google.com/maps/place/Chilling+Cinema+&+Homestay+CN3+-+Y+Ngông/data=!4m7!3m6!1s0x31721d2c6e9a4047:0xbc626b0db35e4cf1!8m2!3d12.671018!4d108.0301314!16s/g/11mcph47j7!19sChIJR0CabiwdcjER8Uxesw1rYrw?authuser=0&hl=vi&g_ep=EgoyMDI2MDkwMi4wIJJjKgBIAVAD&rclk=1
2026-09-08 08:22:38,381 | INFO | VERIFY CANDIDATE | input_title='Chilling Cinema & Homestay CN3 - Y Ngông' | actual_title='' | input_address='15135 Y Ngông, Buôn Ma Thuột, Đắk Lắk 63000, Việt Nam' | actual_address='\ue52e' | url='https://www.google.com/maps/place/Chilling+Cinema+&+Homestay+CN3+-+Y+Ng%C3%B4ng/data=!4m7!3m6!1s0x31721d2c6e9a4047:0xbc626b0db35e4cf1!8m2!3d12.671018!4d108.0301314!16s/g/11mcph47j7!19sChIJR0CabiwdcjER8Uxesw1rYrw?authuser=0&hl=vi&g_ep=EgoyMDI2MDkwMi4wIJJjKgBIAVAD&rclk=1' | coordinates=(12.671018, 108.0)
2026-09-08 08:22:38,384 | INFO | VERIFY FINAL | success=False | reason=TITLE_UNAVAILABLE | title_ok=False | address_ok=False | input_title='Chilling Cinema & Homestay CN3 - Y Ngông' | maps_title='' | input_address='15135 Y Ngông, Buôn Ma Thuột, Đắk Lắk 63000, Việt Nam' | maps_address='\ue52e' | url='https://www.google.com/maps/place/Chilling+Cinema+&+Homestay+CN3+-+Y+Ng%C3%B4ng/data=!4m7!3m6!1s0x31721d2c6e9a4047:0xbc626b0db35e4cf1!8m2!3d12.671018!4d108.0301314!16s/g/11mcph47j7!19sChIJR0CabiwdcjER8Uxesw1rYrw?authuser=0&hl=vi&g_ep=EgoyMDI2MDkwMi4wIJJjKgBIAVAD&rclk=1'
2026-09-08 08:22:38,384 | INFO | Navigation start | attempt=1/3 | timeout=15000ms | url=https://www.google.com/maps/place/Chilling+Cinema+&+Homestay+CN2/data=!4m7!3m6!1s0x31721d617121d123:0x959ee01c631e4e32!8m2!3d12.675268!4d108.0451549!16s/g/11w50jpwjd!19sChIJI9EhcWEdcjERMk4eYxzgnpU?authuser=0&hl=vi&g_ep=EgoyMDI2MDkwMi4wIJJjKgBIAVAD&rclk=1
2026-09-08 08:22:38,574 | INFO | Navigation success | attempt=1/3 | 0.19s | url=https://www.google.com/maps/place/Chilling+Cinema+&+Homestay+CN2/data=!4m7!3m6!1s0x31721d617121d123:0x959ee01c631e4e32!8m2!3d12.675268!4d108.0451549!16s/g/11w50jpwjd!19sChIJI9EhcWEdcjERMk4eYxzgnpU?authuser=0&hl=vi&g_ep=EgoyMDI2MDkwMi4wIJJjKgBIAVAD&rclk=1
2026-09-08 08:22:39,956 | INFO | VERIFY CANDIDATE | input_title='Chilling Cinema & Homestay CN3 - Y Ngông' | actual_title='' | input_address='15135 Y Ngông, Buôn Ma Thuột, Đắk Lắk 63000, Việt Nam' | actual_address='\ue52e' | url='https://www.google.com/maps/place/Chilling+Cinema+&+Homestay+CN2/data=!4m7!3m6!1s0x31721d617121d123:0x959ee01c631e4e32!8m2!3d12.675268!4d108.0451549!16s/g/11w50jpwjd!19sChIJI9EhcWEdcjERMk4eYxzgnpU?authuser=0&hl=vi&g_ep=EgoyMDI2MDkwMi4wIJJjKgBIAVAD&rclk=1' | coordinates=(12.675268, 108.0)
2026-09-08 08:22:39,960 | INFO | VERIFY FINAL | success=False | reason=TITLE_UNAVAILABLE | title_ok=False | address_ok=False | input_title='Chilling Cinema & Homestay CN3 - Y Ngông' | maps_title='' | input_address='15135 Y Ngông, Buôn Ma Thuột, Đắk Lắk 63000, Việt Nam' | maps_address='\ue52e' | url='https://www.google.com/maps/place/Chilling+Cinema+&+Homestay+CN2/data=!4m7!3m6!1s0x31721d617121d123:0x959ee01c631e4e32!8m2!3d12.675268!4d108.0451549!16s/g/11w50jpwjd!19sChIJI9EhcWEdcjERMk4eYxzgnpU?authuser=0&hl=vi&g_ep=EgoyMDI2MDkwMi4wIJJjKgBIAVAD&rclk=1'
2026-09-08 08:22:39,960 | INFO | Navigation start | attempt=1/3 | timeout=15000ms | url=https://www.google.com/maps/place/Chilling+Cinema+&+Homestay+CN1/data=!4m7!3m6!1s0x31721d6a680a363f:0xda524545655c496a!8m2!3d12.6524834!4d108.0236649!16s/g/11wgr06mgk!19sChIJPzYKaGodcjERaklcZUVFUto?authuser=0&hl=vi&g_ep=EgoyMDI2MDkwMi4wIJJjKgBIAVAD&rclk=1
2026-09-08 08:22:40,151 | INFO | Navigation success | attempt=1/3 | 0.19s | url=https://www.google.com/maps/place/Chilling+Cinema+&+Homestay+CN1/data=!4m7!3m6!1s0x31721d6a680a363f:0xda524545655c496a!8m2!3d12.6524834!4d108.0236649!16s/g/11wgr06mgk!19sChIJPzYKaGodcjERaklcZUVFUto?authuser=0&hl=vi&g_ep=EgoyMDI2MDkwMi4wIJJjKgBIAVAD&rclk=1
2026-09-08 08:22:41,771 | INFO | VERIFY CANDIDATE | input_title='Chilling Cinema & Homestay CN3 - Y Ngông' | actual_title='' | input_address='15135 Y Ngông, Buôn Ma Thuột, Đắk Lắk 63000, Việt Nam' | actual_address='\ue52e' | url='https://www.google.com/maps/place/Chilling+Cinema+&+Homestay+CN1/data=!4m7!3m6!1s0x31721d6a680a363f:0xda524545655c496a!8m2!3d12.6524834!4d108.0236649!16s/g/11wgr06mgk!19sChIJPzYKaGodcjERaklcZUVFUto?authuser=0&hl=vi&g_ep=EgoyMDI2MDkwMi4wIJJjKgBIAVAD&rclk=1' | coordinates=(12.6524834, 108.0)
2026-09-08 08:22:41,774 | INFO | VERIFY FINAL | success=False | reason=TITLE_UNAVAILABLE | title_ok=False | address_ok=False | input_title='Chilling Cinema & Homestay CN3 - Y Ngông' | maps_title='' | input_address='15135 Y Ngông, Buôn Ma Thuột, Đắk Lắk 63000, Việt Nam' | maps_address='\ue52e' | url='https://www.google.com/maps/place/Chilling+Cinema+&+Homestay+CN1/data=!4m7!3m6!1s0x31721d6a680a363f:0xda524545655c496a!8m2!3d12.6524834!4d108.0236649!16s/g/11wgr06mgk!19sChIJPzYKaGodcjERaklcZUVFUto?authuser=0&hl=vi&g_ep=EgoyMDI2MDkwMi4wIJJjKgBIAVAD&rclk=1'
2026-09-08 08:22:41,774 | INFO | Google Maps address search variant 5/12: 15135 y ngong, buon ma thuot, đak lak 63000
2026-09-08 08:22:41,775 | INFO | Navigation start | attempt=1/3 | timeout=15000ms | url=https://www.google.com/maps/search/?api=1&query=15135%20y%20ngong%2C%20buon%20ma%20thuot%2C%20%C4%91ak%20lak%2063000
2026-09-08 08:22:41,957 | INFO | Navigation success | attempt=1/3 | 0.18s | url=https://www.google.com/maps/search/?api=1&query=15135%20y%20ngong%2C%20buon%20ma%20thuot%2C%20%C4%91ak%20lak%2063000
2026-09-08 08:22:50,413 | INFO | Google Maps address search variant 6/12: buon ma thuot, đak lak 63000
2026-09-08 08:22:50,413 | INFO | Navigation start | attempt=1/3 | timeout=15000ms | url=https://www.google.com/maps/search/?api=1&query=buon%20ma%20thuot%2C%20%C4%91ak%20lak%2063000
2026-09-08 08:22:50,612 | INFO | Navigation success | attempt=1/3 | 0.20s | url=https://www.google.com/maps/search/?api=1&query=buon%20ma%20thuot%2C%20%C4%91ak%20lak%2063000
2026-09-08 08:23:00,966 | INFO | Google Maps address search variant 7/12: Chilling Cinema & Homestay CN3 - Y Ngông, 15135 y ngong, buon ma thuot, đak lak 63000
2026-09-08 08:23:00,967 | INFO | Navigation start | attempt=1/3 | timeout=15000ms | url=https://www.google.com/maps/search/?api=1&query=Chilling%20Cinema%20%26%20Homestay%20CN3%20-%20Y%20Ng%C3%B4ng%2C%2015135%20y%20ngong%2C%20buon%20ma%20thuot%2C%20%C4%91ak%20lak%2063000
2026-09-08 08:23:01,164 | INFO | Navigation success | attempt=1/3 | 0.20s | url=https://www.google.com/maps/search/?api=1&query=Chilling%20Cinema%20%26%20Homestay%20CN3%20-%20Y%20Ng%C3%B4ng%2C%2015135%20y%20ngong%2C%20buon%20ma%20thuot%2C%20%C4%91ak%20lak%2063000
2026-09-08 08:23:09,930 | INFO | Google Maps address search variant 8/12: Chilling Cinema & Homestay CN3 - Y Ngông, buon ma thuot, đak lak 63000
2026-09-08 08:23:09,931 | INFO | Navigation start | attempt=1/3 | timeout=15000ms | url=https://www.google.com/maps/search/?api=1&query=Chilling%20Cinema%20%26%20Homestay%20CN3%20-%20Y%20Ng%C3%B4ng%2C%20buon%20ma%20thuot%2C%20%C4%91ak%20lak%2063000
2026-09-08 08:23:10,172 | INFO | Navigation success | attempt=1/3 | 0.24s | url=https://www.google.com/maps/search/?api=1&query=Chilling%20Cinema%20%26%20Homestay%20CN3%20-%20Y%20Ng%C3%B4ng%2C%20buon%20ma%20thuot%2C%20%C4%91ak%20lak%2063000
2026-09-08 08:23:19,957 | INFO | Google Maps address search variant 9/12: Chilling Cinema & Homestay CN3 - Y Ngông, 15135 y ngong
2026-09-08 08:23:19,957 | INFO | Navigation start | attempt=1/3 | timeout=15000ms | url=https://www.google.com/maps/search/?api=1&query=Chilling%20Cinema%20%26%20Homestay%20CN3%20-%20Y%20Ng%C3%B4ng%2C%2015135%20y%20ngong
2026-09-08 08:23:20,160 | INFO | Navigation success | attempt=1/3 | 0.20s | url=https://www.google.com/maps/search/?api=1&query=Chilling%20Cinema%20%26%20Homestay%20CN3%20-%20Y%20Ng%C3%B4ng%2C%2015135%20y%20ngong
2026-09-08 08:23:32,456 | INFO | Google Maps address search variant 10/12: Chilling Cinema & Homestay CN3 - Y Ngông, buon ma thuot
2026-09-08 08:23:32,456 | INFO | Navigation start | attempt=1/3 | timeout=15000ms | url=https://www.google.com/maps/search/?api=1&query=Chilling%20Cinema%20%26%20Homestay%20CN3%20-%20Y%20Ng%C3%B4ng%2C%20buon%20ma%20thuot
2026-09-08 08:23:32,984 | INFO | Navigation success | attempt=1/3 | 0.53s | url=https://www.google.com/maps/search/?api=1&query=Chilling%20Cinema%20%26%20Homestay%20CN3%20-%20Y%20Ng%C3%B4ng%2C%20buon%20ma%20thuot
2026-09-08 08:23:41,970 | INFO | Google Maps address search variant 11/12: Chilling Cinema & Homestay CN3 - Y Ngông, đak lak 63000
2026-09-08 08:23:41,970 | INFO | Navigation start | attempt=1/3 | timeout=15000ms | url=https://www.google.com/maps/search/?api=1&query=Chilling%20Cinema%20%26%20Homestay%20CN3%20-%20Y%20Ng%C3%B4ng%2C%20%C4%91ak%20lak%2063000
2026-09-08 08:23:42,184 | INFO | Navigation success | attempt=1/3 | 0.21s | url=https://www.google.com/maps/search/?api=1&query=Chilling%20Cinema%20%26%20Homestay%20CN3%20-%20Y%20Ng%C3%B4ng%2C%20%C4%91ak%20lak%2063000
2026-09-08 08:23:52,935 | WARNING | Google Maps NOT_FOUND / NO_VALID_PLACE_URL: Chilling Cinema & Homestay CN3 - Y Ngông | 15135 Y Ngông, Buôn Ma Thuột, Đắk Lắk 63000, Việt Nam
2026-09-08 08:23:52,936 | INFO | EXCEL SEARCH RESULT | success=False | reason=NOT_FOUND | google_maps_url=None | url=None | cleaned_url=''
2026-09-08 08:23:54,666 | INFO | Existing URL check | maps_col=google_maps_url | url_col=URL | maps='' | url='' | reusable=''
2026-09-08 08:23:54,950 | WARNING | CURRENT MAPS PLACE TITLE/ADDRESS MISMATCH | input_title='DAKLAK HOMESTAY' | actual_title='Chilling Cinema & Homestay CN3 - Y Ngông' | input_address='Lê Thị Riêng Ea Tam, Ea Kao, Đắk Lắk, Việt Nam' | actual_address='151/35 Y Ngông, Buôn Ma Thuột, Đắk Lắk 63000, Việt Nam' | url='https://www.google.com/maps/place/Chilling+Cinema+%26+Homestay+CN3+-+Y+Ng%C3%B4ng/@12.671018,108.0301314,17z/data=!3m1!4b1!4m6!3m5!1s0x31721d2c6e9a4047:0xbc626b0db35e4cf1!8m2!3d12.671018!4d108.0301314!16s%2Fg%2F11mcph47j7?entry=ttu&g_ep=EgoyMDI2MDkwMi4wIKXMDSoASAFQAw%3D%3D'
2026-09-08 08:23:54,951 | INFO | Google Maps title search variant 1/12: DAKLAK HOMESTAY
2026-09-08 08:23:54,951 | INFO | Navigation start | attempt=1/3 | timeout=15000ms | url=https://www.google.com/maps/search/?api=1&query=DAKLAK%20HOMESTAY
2026-09-08 08:23:55,137 | INFO | Navigation success | attempt=1/3 | 0.19s | url=https://www.google.com/maps/search/?api=1&query=DAKLAK%20HOMESTAY
2026-09-08 08:24:04,946 | INFO | Navigation start | attempt=1/3 | timeout=15000ms | url=https://www.google.com/maps/place/Zan+HomeStay/data=!4m11!3m10!1s0x31721d9f6d350bb7:0x77143c67a7780b5c!5m2!4m1!1i2!8m2!3d12.6772204!4d108.0257721!16s/g/11x8qw2szm!17BQ0FF!19sChIJtws1bZ8dcjERXAt4p2c8FHc?authuser=0&hl=vi&g_ep=EgoyMDI2MDkwMi4wIJJjKgBIAVAD&rclk=1
2026-09-08 08:24:05,126 | INFO | Navigation success | attempt=1/3 | 0.18s | url=https://www.google.com/maps/place/Zan+HomeStay/data=!4m11!3m10!1s0x31721d9f6d350bb7:0x77143c67a7780b5c!5m2!4m1!1i2!8m2!3d12.6772204!4d108.0257721!16s/g/11x8qw2szm!17BQ0FF!19sChIJtws1bZ8dcjERXAt4p2c8FHc?authuser=0&hl=vi&g_ep=EgoyMDI2MDkwMi4wIJJjKgBIAVAD&rclk=1
2026-09-08 08:24:06,225 | INFO | VERIFY CANDIDATE | input_title='DAKLAK HOMESTAY' | actual_title='' | input_address='Lê Thị Riêng Ea Tam, Ea Kao, Đắk Lắk, Việt Nam' | actual_address='\ue52e' | url='https://www.google.com/maps/place/Zan+HomeStay/data=!4m11!3m10!1s0x31721d9f6d350bb7:0x77143c67a7780b5c!5m2!4m1!1i2!8m2!3d12.6772204!4d108.0257721!16s/g/11x8qw2szm!17BQ0FF!19sChIJtws1bZ8dcjERXAt4p2c8FHc?authuser=0&hl=vi&g_ep=EgoyMDI2MDkwMi4wIJJjKgBIAVAD&rclk=1' | coordinates=(12.6772204, 108.0)
2026-09-08 08:24:06,228 | INFO | VERIFY FINAL | success=False | reason=TITLE_UNAVAILABLE | title_ok=False | address_ok=False | input_title='DAKLAK HOMESTAY' | maps_title='' | input_address='Lê Thị Riêng Ea Tam, Ea Kao, Đắk Lắk, Việt Nam' | maps_address='\ue52e' | url='https://www.google.com/maps/place/Zan+HomeStay/data=!4m11!3m10!1s0x31721d9f6d350bb7:0x77143c67a7780b5c!5m2!4m1!1i2!8m2!3d12.6772204!4d108.0257721!16s/g/11x8qw2szm!17BQ0FF!19sChIJtws1bZ8dcjERXAt4p2c8FHc?authuser=0&hl=vi&g_ep=EgoyMDI2MDkwMi4wIJJjKgBIAVAD&rclk=1'
2026-09-08 08:24:06,228 | INFO | Navigation start | attempt=1/3 | timeout=15000ms | url=https://www.google.com/maps/place/Boss+cà+phê+Homestay/data=!4m11!3m10!1s0x31721c29707d0573:0x16a7ed69584fc9ae!5m2!4m1!1i2!8m2!3d12.6421204!4d107.9938888!16s/g/11y3_00gdg!17BQ0FF!19sChIJcwV9cCkccjERrslPWGntpxY?authuser=0&hl=vi&g_ep=EgoyMDI2MDkwMi4wIJJjKgBIAVAD&rclk=1
2026-09-08 08:24:06,428 | INFO | Navigation success | attempt=1/3 | 0.20s | url=https://www.google.com/maps/place/Boss+cà+phê+Homestay/data=!4m11!3m10!1s0x31721c29707d0573:0x16a7ed69584fc9ae!5m2!4m1!1i2!8m2!3d12.6421204!4d107.9938888!16s/g/11y3_00gdg!17BQ0FF!19sChIJcwV9cCkccjERrslPWGntpxY?authuser=0&hl=vi&g_ep=EgoyMDI2MDkwMi4wIJJjKgBIAVAD&rclk=1
2026-09-08 08:24:07,043 | INFO | VERIFY CANDIDATE | input_title='DAKLAK HOMESTAY' | actual_title='' | input_address='Lê Thị Riêng Ea Tam, Ea Kao, Đắk Lắk, Việt Nam' | actual_address='\ue52e' | url='https://www.google.com/maps/place/Boss+c%C3%A0+ph%C3%AA+Homestay/data=!4m11!3m10!1s0x31721c29707d0573:0x16a7ed69584fc9ae!5m2!4m1!1i2!8m2!3d12.6421204!4d107.9938888!16s/g/11y3_00gdg!17BQ0FF!19sChIJcwV9cCkccjERrslPWGntpxY?authuser=0&hl=vi&g_ep=EgoyMDI2MDkwMi4wIJJjKgBIAVAD&rclk=1' | coordinates=(12.6421204, 107.9)
2026-09-08 08:24:07,045 | INFO | VERIFY FINAL | success=False | reason=TITLE_UNAVAILABLE | title_ok=False | address_ok=False | input_title='DAKLAK HOMESTAY' | maps_title='' | input_address='Lê Thị Riêng Ea Tam, Ea Kao, Đắk Lắk, Việt Nam' | maps_address='\ue52e' | url='https://www.google.com/maps/place/Boss+c%C3%A0+ph%C3%AA+Homestay/data=!4m11!3m10!1s0x31721c29707d0573:0x16a7ed69584fc9ae!5m2!4m1!1i2!8m2!3d12.6421204!4d107.9938888!16s/g/11y3_00gdg!17BQ0FF!19sChIJcwV9cCkccjERrslPWGntpxY?authuser=0&hl=vi&g_ep=EgoyMDI2MDkwMi4wIJJjKgBIAVAD&rclk=1'
2026-09-08 08:24:07,046 | INFO | Navigation start | attempt=1/3 | timeout=15000ms | url=https://www.google.com/maps/place/Homestay+Trúc+Quỳnh/data=!4m11!3m10!1s0x316fec22ff7c2839:0x8de3095070348133!5m2!4m1!1i2!8m2!3d13.0798101!4d109.3097076!16s/g/11xd3jdy_8!17BQ0FF!19sChIJOSh8_yLsbzERM4E0cFAJ440?authuser=0&hl=vi&g_ep=EgoyMDI2MDkwMi4wIJJjKgBIAVAD&rclk=1
2026-09-08 08:24:07,251 | INFO | Navigation success | attempt=1/3 | 0.21s | url=https://www.google.com/maps/place/Homestay+Trúc+Quỳnh/data=!4m11!3m10!1s0x316fec22ff7c2839:0x8de3095070348133!5m2!4m1!1i2!8m2!3d13.0798101!4d109.3097076!16s/g/11xd3jdy_8!17BQ0FF!19sChIJOSh8_yLsbzERM4E0cFAJ440?authuser=0&hl=vi&g_ep=EgoyMDI2MDkwMi4wIJJjKgBIAVAD&rclk=1
2026-09-08 08:24:07,918 | INFO | VERIFY CANDIDATE | input_title='DAKLAK HOMESTAY' | actual_title='' | input_address='Lê Thị Riêng Ea Tam, Ea Kao, Đắk Lắk, Việt Nam' | actual_address='\ue52e' | url='https://www.google.com/maps/place/Homestay+Tr%C3%BAc+Qu%E1%BB%B3nh/data=!4m11!3m10!1s0x316fec22ff7c2839:0x8de3095070348133!5m2!4m1!1i2!8m2!3d13.0798101!4d109.3097076!16s/g/11xd3jdy_8!17BQ0FF!19sChIJOSh8_yLsbzERM4E0cFAJ440?authuser=0&hl=vi&g_ep=EgoyMDI2MDkwMi4wIJJjKgBIAVAD&rclk=1' | coordinates=(13.0798101, 109.3)
2026-09-08 08:24:07,921 | INFO | VERIFY FINAL | success=False | reason=TITLE_UNAVAILABLE | title_ok=False | address_ok=False | input_title='DAKLAK HOMESTAY' | maps_title='' | input_address='Lê Thị Riêng Ea Tam, Ea Kao, Đắk Lắk, Việt Nam' | maps_address='\ue52e' | url='https://www.google.com/maps/place/Homestay+Tr%C3%BAc+Qu%E1%BB%B3nh/data=!4m11!3m10!1s0x316fec22ff7c2839:0x8de3095070348133!5m2!4m1!1i2!8m2!3d13.0798101!4d109.3097076!16s/g/11xd3jdy_8!17BQ0FF!19sChIJOSh8_yLsbzERM4E0cFAJ440?authuser=0&hl=vi&g_ep=EgoyMDI2MDkwMi4wIJJjKgBIAVAD&rclk=1'
2026-09-08 08:24:07,922 | INFO | Navigation start | attempt=1/3 | timeout=15000ms | url=https://www.google.com/maps/place/Homestay+Buôn+Ma+Thuột+Xóm+Rau/data=!4m11!3m10!1s0x3171f7bb80ac35ef:0x8253f6a4cf2c0a8a!5m2!4m1!1i2!8m2!3d12.6934795!4d108.0802612!16s/g/11ycl8wjqs!17BQ0FF!19sChIJ7zWsgLv3cTERigosz6T2U4I?authuser=0&hl=vi&g_ep=EgoyMDI2MDkwMi4wIJJjKgBIAVAD&rclk=1
2026-09-08 08:24:08,134 | INFO | Navigation success | attempt=1/3 | 0.21s | url=https://www.google.com/maps/place/Homestay+Buôn+Ma+Thuột+Xóm+Rau/data=!4m11!3m10!1s0x3171f7bb80ac35ef:0x8253f6a4cf2c0a8a!5m2!4m1!1i2!8m2!3d12.6934795!4d108.0802612!16s/g/11ycl8wjqs!17BQ0FF!19sChIJ7zWsgLv3cTERigosz6T2U4I?authuser=0&hl=vi&g_ep=EgoyMDI2MDkwMi4wIJJjKgBIAVAD&rclk=1
2026-09-08 08:24:09,101 | INFO | VERIFY CANDIDATE | input_title='DAKLAK HOMESTAY' | actual_title='' | input_address='Lê Thị Riêng Ea Tam, Ea Kao, Đắk Lắk, Việt Nam' | actual_address='\ue52e' | url='https://www.google.com/maps/place/Homestay+Bu%C3%B4n+Ma+Thu%E1%BB%99t+X%C3%B3m+Rau/data=!4m11!3m10!1s0x3171f7bb80ac35ef:0x8253f6a4cf2c0a8a!5m2!4m1!1i2!8m2!3d12.6934795!4d108.0802612!16s/g/11ycl8wjqs!17BQ0FF!19sChIJ7zWsgLv3cTERigosz6T2U4I?authuser=0&hl=vi&g_ep=EgoyMDI2MDkwMi4wIJJjKgBIAVAD&rclk=1' | coordinates=(12.6934795, 108.0)
2026-09-08 08:24:09,105 | INFO | VERIFY FINAL | success=False | reason=TITLE_UNAVAILABLE | title_ok=False | address_ok=False | input_title='DAKLAK HOMESTAY' | maps_title='' | input_address='Lê Thị Riêng Ea Tam, Ea Kao, Đắk Lắk, Việt Nam' | maps_address='\ue52e' | url='https://www.google.com/maps/place/Homestay+Bu%C3%B4n+Ma+Thu%E1%BB%99t+X%C3%B3m+Rau/data=!4m11!3m10!1s0x3171f7bb80ac35ef:0x8253f6a4cf2c0a8a!5m2!4m1!1i2!8m2!3d12.6934795!4d108.0802612!16s/g/11ycl8wjqs!17BQ0FF!19sChIJ7zWsgLv3cTERigosz6T2U4I?authuser=0&hl=vi&g_ep=EgoyMDI2MDkwMi4wIJJjKgBIAVAD&rclk=1'
2026-09-08 08:24:09,105 | INFO | Navigation start | attempt=1/3 | timeout=15000ms | url=https://www.google.com/maps/place/Greentraveller+Buon+Ma+Thuot+Homestay/data=!4m11!3m10!1s0x3171f6ff3d6f2b75:0x760f7f1938451d5a!5m2!4m1!1i2!8m2!3d12.6715603!4d108.0975418!16s/g/11z5r1qtsn!17BQ0FF!19sChIJdStvPf_2cTERWh1FOBl_D3Y?authuser=0&hl=vi&g_ep=EgoyMDI2MDkwMi4wIJJjKgBIAVAD&rclk=1
2026-09-08 08:24:09,352 | INFO | Navigation success | attempt=1/3 | 0.25s | url=https://www.google.com/maps/place/Greentraveller+Buon+Ma+Thuot+Homestay/data=!4m11!3m10!1s0x3171f6ff3d6f2b75:0x760f7f1938451d5a!5m2!4m1!1i2!8m2!3d12.6715603!4d108.0975418!16s/g/11z5r1qtsn!17BQ0FF!19sChIJdStvPf_2cTERWh1FOBl_D3Y?authuser=0&hl=vi&g_ep=EgoyMDI2MDkwMi4wIJJjKgBIAVAD&rclk=1
2026-09-08 08:24:10,672 | INFO | VERIFY CANDIDATE | input_title='DAKLAK HOMESTAY' | actual_title='' | input_address='Lê Thị Riêng Ea Tam, Ea Kao, Đắk Lắk, Việt Nam' | actual_address='\ue52e' | url='https://www.google.com/maps/place/Greentraveller+Buon+Ma+Thuot+Homestay/data=!4m11!3m10!1s0x3171f6ff3d6f2b75:0x760f7f1938451d5a!5m2!4m1!1i2!8m2!3d12.6715603!4d108.0975418!16s/g/11z5r1qtsn!17BQ0FF!19sChIJdStvPf_2cTERWh1FOBl_D3Y?authuser=0&hl=vi&g_ep=EgoyMDI2MDkwMi4wIJJjKgBIAVAD&rclk=1' | coordinates=(12.6715603, 108.0)
2026-09-08 08:24:10,676 | INFO | VERIFY FINAL | success=False | reason=TITLE_UNAVAILABLE | title_ok=False | address_ok=False | input_title='DAKLAK HOMESTAY' | maps_title='' | input_address='Lê Thị Riêng Ea Tam, Ea Kao, Đắk Lắk, Việt Nam' | maps_address='\ue52e' | url='https://www.google.com/maps/place/Greentraveller+Buon+Ma+Thuot+Homestay/data=!4m11!3m10!1s0x3171f6ff3d6f2b75:0x760f7f1938451d5a!5m2!4m1!1i2!8m2!3d12.6715603!4d108.0975418!16s/g/11z5r1qtsn!17BQ0FF!19sChIJdStvPf_2cTERWh1FOBl_D3Y?authuser=0&hl=vi&g_ep=EgoyMDI2MDkwMi4wIJJjKgBIAVAD&rclk=1'
2026-09-08 08:24:10,676 | INFO | Navigation start | attempt=1/3 | timeout=15000ms | url=https://www.google.com/maps/place/Quy+Nhon+Pearl+-+FLC+Sea+Tower/data=!4m11!3m10!1s0x316f6ce8dcb0cc71:0xc8cffd6482f8131!5m2!4m1!1i2!8m2!3d13.7546501!4d109.2165528!16s/g/11z4sjh9pv!17BQ0FF!19sChIJccyw3OhsbzERMYEvSNb_jAw?authuser=0&hl=vi&g_ep=EgoyMDI2MDkwMi4wIJJjKgBIAVAD&rclk=1
2026-09-08 08:24:10,893 | INFO | Navigation success | attempt=1/3 | 0.22s | url=https://www.google.com/maps/place/Quy+Nhon+Pearl+-+FLC+Sea+Tower/data=!4m11!3m10!1s0x316f6ce8dcb0cc71:0xc8cffd6482f8131!5m2!4m1!1i2!8m2!3d13.7546501!4d109.2165528!16s/g/11z4sjh9pv!17BQ0FF!19sChIJccyw3OhsbzERMYEvSNb_jAw?authuser=0&hl=vi&g_ep=EgoyMDI2MDkwMi4wIJJjKgBIAVAD&rclk=1
2026-09-08 08:24:11,991 | INFO | VERIFY CANDIDATE | input_title='DAKLAK HOMESTAY' | actual_title='' | input_address='Lê Thị Riêng Ea Tam, Ea Kao, Đắk Lắk, Việt Nam' | actual_address='\ue52e' | url='https://www.google.com/maps/place/Quy+Nhon+Pearl+-+FLC+Sea+Tower/data=!4m11!3m10!1s0x316f6ce8dcb0cc71:0xc8cffd6482f8131!5m2!4m1!1i2!8m2!3d13.7546501!4d109.2165528!16s/g/11z4sjh9pv!17BQ0FF!19sChIJccyw3OhsbzERMYEvSNb_jAw?authuser=0&hl=vi&g_ep=EgoyMDI2MDkwMi4wIJJjKgBIAVAD&rclk=1' | coordinates=(13.7546501, 109.2)
2026-09-08 08:24:11,994 | INFO | VERIFY FINAL | success=False | reason=TITLE_UNAVAILABLE | title_ok=False | address_ok=False | input_title='DAKLAK HOMESTAY' | maps_title='' | input_address='Lê Thị Riêng Ea Tam, Ea Kao, Đắk Lắk, Việt Nam' | maps_address='\ue52e' | url='https://www.google.com/maps/place/Quy+Nhon+Pearl+-+FLC+Sea+Tower/data=!4m11!3m10!1s0x316f6ce8dcb0cc71:0xc8cffd6482f8131!5m2!4m1!1i2!8m2!3d13.7546501!4d109.2165528!16s/g/11z4sjh9pv!17BQ0FF!19sChIJccyw3OhsbzERMYEvSNb_jAw?authuser=0&hl=vi&g_ep=EgoyMDI2MDkwMi4wIJJjKgBIAVAD&rclk=1'
2026-09-08 08:24:11,994 | INFO | Navigation start | attempt=1/3 | timeout=15000ms | url=https://www.google.com/maps/place/Apec+Tuy+Hòa+SeaView+Condotel/data=!4m11!3m10!1s0x316fec416eac3d17:0x93d49dc4d93e8ffb!5m2!4m1!1i2!8m2!3d13.0979604!4d109.3110123!16s/g/11mkys49m1!17BQ0FF!19sChIJFz2sbkHsbzER-48-2cSd1JM?authuser=0&hl=vi&g_ep=EgoyMDI2MDkwMi4wIJJjKgBIAVAD&rclk=1
2026-09-08 08:24:12,209 | INFO | Navigation success | attempt=1/3 | 0.22s | url=https://www.google.com/maps/place/Apec+Tuy+Hòa+SeaView+Condotel/data=!4m11!3m10!1s0x316fec416eac3d17:0x93d49dc4d93e8ffb!5m2!4m1!1i2!8m2!3d13.0979604!4d109.3110123!16s/g/11mkys49m1!17BQ0FF!19sChIJFz2sbkHsbzER-48-2cSd1JM?authuser=0&hl=vi&g_ep=EgoyMDI2MDkwMi4wIJJjKgBIAVAD&rclk=1
2026-09-08 08:24:13,534 | INFO | VERIFY CANDIDATE | input_title='DAKLAK HOMESTAY' | actual_title='' | input_address='Lê Thị Riêng Ea Tam, Ea Kao, Đắk Lắk, Việt Nam' | actual_address='\ue52e' | url='https://www.google.com/maps/place/Apec+Tuy+H%C3%B2a+SeaView+Condotel/data=!4m11!3m10!1s0x316fec416eac3d17:0x93d49dc4d93e8ffb!5m2!4m1!1i2!8m2!3d13.0979604!4d109.3110123!16s/g/11mkys49m1!17BQ0FF!19sChIJFz2sbkHsbzER-48-2cSd1JM?authuser=0&hl=vi&g_ep=EgoyMDI2MDkwMi4wIJJjKgBIAVAD&rclk=1' | coordinates=(13.0979604, 109.3)
2026-09-08 08:24:13,537 | INFO | VERIFY FINAL | success=False | reason=TITLE_UNAVAILABLE | title_ok=False | address_ok=False | input_title='DAKLAK HOMESTAY' | maps_title='' | input_address='Lê Thị Riêng Ea Tam, Ea Kao, Đắk Lắk, Việt Nam' | maps_address='\ue52e' | url='https://www.google.com/maps/place/Apec+Tuy+H%C3%B2a+SeaView+Condotel/data=!4m11!3m10!1s0x316fec416eac3d17:0x93d49dc4d93e8ffb!5m2!4m1!1i2!8m2!3d13.0979604!4d109.3110123!16s/g/11mkys49m1!17BQ0FF!19sChIJFz2sbkHsbzER-48-2cSd1JM?authuser=0&hl=vi&g_ep=EgoyMDI2MDkwMi4wIJJjKgBIAVAD&rclk=1'
2026-09-08 08:24:13,537 | INFO | Google Maps address search variant 2/12: Lê Thị Riêng Ea Tam, Ea Kao, Đắk Lắk, Việt Nam
2026-09-08 08:24:13,537 | INFO | Navigation start | attempt=1/3 | timeout=15000ms | url=https://www.google.com/maps/search/?api=1&query=L%C3%AA%20Th%E1%BB%8B%20Ri%C3%AAng%20Ea%20Tam%2C%20Ea%20Kao%2C%20%C4%90%E1%BA%AFk%20L%E1%BA%AFk%2C%20Vi%E1%BB%87t%20Nam
2026-09-08 08:24:13,733 | INFO | Navigation success | attempt=1/3 | 0.20s | url=https://www.google.com/maps/search/?api=1&query=L%C3%AA%20Th%E1%BB%8B%20Ri%C3%AAng%20Ea%20Tam%2C%20Ea%20Kao%2C%20%C4%90%E1%BA%AFk%20L%E1%BA%AFk%2C%20Vi%E1%BB%87t%20Nam
2026-09-08 08:24:24,875 | INFO | Navigation start | attempt=1/3 | timeout=15000ms | url=https://www.google.com/maps/place/33/20+Lê+Thị+Riêng,+phường+Ea+Kao,+Đắk+Lắk/data=!4m7!3m6!1s0x31721d005ea98891:0xc513b712de0d4993!8m2!3d12.656377!4d108.029963!16s/g/11nbmywss1!19sChIJkYipXgAdcjERk0kN3hK3E8U?authuser=0&hl=vi&g_ep=EgoyMDI2MDkwMi4wIJJjKgBIAVAD&rclk=1
2026-09-08 08:24:25,117 | INFO | Navigation success | attempt=1/3 | 0.24s | url=https://www.google.com/maps/place/33/20+Lê+Thị+Riêng,+phường+Ea+Kao,+Đắk+Lắk/data=!4m7!3m6!1s0x31721d005ea98891:0xc513b712de0d4993!8m2!3d12.656377!4d108.029963!16s/g/11nbmywss1!19sChIJkYipXgAdcjERk0kN3hK3E8U?authuser=0&hl=vi&g_ep=EgoyMDI2MDkwMi4wIJJjKgBIAVAD&rclk=1
2026-09-08 08:24:26,467 | INFO | VERIFY CANDIDATE | input_title='DAKLAK HOMESTAY' | actual_title='' | input_address='Lê Thị Riêng Ea Tam, Ea Kao, Đắk Lắk, Việt Nam' | actual_address='\ue52e' | url='https://www.google.com/maps/place/33/20+L%C3%AA+Th%E1%BB%8B+Ri%C3%AAng,+ph%C6%B0%E1%BB%9Dng+Ea+Kao,+%C4%90%E1%BA%AFk+L%E1%BA%AFk/data=!4m7!3m6!1s0x31721d005ea98891:0xc513b712de0d4993!8m2!3d12.656377!4d108.029963!16s/g/11nbmywss1!19sChIJkYipXgAdcjERk0kN3hK3E8U?authuser=0&hl=vi&g_ep=EgoyMDI2MDkwMi4wIJJjKgBIAVAD&rclk=1' | coordinates=(12.656377, 108.0)
2026-09-08 08:24:26,473 | INFO | VERIFY FINAL | success=False | reason=TITLE_UNAVAILABLE | title_ok=False | address_ok=False | input_title='DAKLAK HOMESTAY' | maps_title='' | input_address='Lê Thị Riêng Ea Tam, Ea Kao, Đắk Lắk, Việt Nam' | maps_address='\ue52e' | url='https://www.google.com/maps/place/33/20+L%C3%AA+Th%E1%BB%8B+Ri%C3%AAng,+ph%C6%B0%E1%BB%9Dng+Ea+Kao,+%C4%90%E1%BA%AFk+L%E1%BA%AFk/data=!4m7!3m6!1s0x31721d005ea98891:0xc513b712de0d4993!8m2!3d12.656377!4d108.029963!16s/g/11nbmywss1!19sChIJkYipXgAdcjERk0kN3hK3E8U?authuser=0&hl=vi&g_ep=EgoyMDI2MDkwMi4wIJJjKgBIAVAD&rclk=1'
2026-09-08 08:24:26,473 | INFO | Navigation start | attempt=1/3 | timeout=15000ms | url=https://www.google.com/maps/place/33/18/03/data=!4m7!3m6!1s0x31721deb655b7d55:0x88d7a55bae3676f0!8m2!3d12.6564248!4d108.0295249!16s/g/11qbkrqbs_!19sChIJVX1bZesdcjER8HY2rlul14g?authuser=0&hl=vi&g_ep=EgoyMDI2MDkwMi4wIJJjKgBIAVAD&rclk=1
2026-09-08 08:24:26,683 | INFO | Navigation success | attempt=1/3 | 0.21s | url=https://www.google.com/maps/place/33/18/03/data=!4m7!3m6!1s0x31721deb655b7d55:0x88d7a55bae3676f0!8m2!3d12.6564248!4d108.0295249!16s/g/11qbkrqbs_!19sChIJVX1bZesdcjER8HY2rlul14g?authuser=0&hl=vi&g_ep=EgoyMDI2MDkwMi4wIJJjKgBIAVAD&rclk=1
2026-09-08 08:24:27,775 | INFO | VERIFY CANDIDATE | input_title='DAKLAK HOMESTAY' | actual_title='' | input_address='Lê Thị Riêng Ea Tam, Ea Kao, Đắk Lắk, Việt Nam' | actual_address='\ue52e' | url='https://www.google.com/maps/place/33/18/03/data=!4m7!3m6!1s0x31721deb655b7d55:0x88d7a55bae3676f0!8m2!3d12.6564248!4d108.0295249!16s/g/11qbkrqbs_!19sChIJVX1bZesdcjER8HY2rlul14g?authuser=0&hl=vi&g_ep=EgoyMDI2MDkwMi4wIJJjKgBIAVAD&rclk=1' | coordinates=(12.6564248, 108.0)
2026-09-08 08:24:27,780 | INFO | VERIFY FINAL | success=False | reason=TITLE_UNAVAILABLE | title_ok=False | address_ok=False | input_title='DAKLAK HOMESTAY' | maps_title='' | input_address='Lê Thị Riêng Ea Tam, Ea Kao, Đắk Lắk, Việt Nam' | maps_address='\ue52e' | url='https://www.google.com/maps/place/33/18/03/data=!4m7!3m6!1s0x31721deb655b7d55:0x88d7a55bae3676f0!8m2!3d12.6564248!4d108.0295249!16s/g/11qbkrqbs_!19sChIJVX1bZesdcjER8HY2rlul14g?authuser=0&hl=vi&g_ep=EgoyMDI2MDkwMi4wIJJjKgBIAVAD&rclk=1'
2026-09-08 08:24:27,782 | INFO | Navigation start | attempt=1/3 | timeout=15000ms | url=https://www.google.com/maps/place/33/data=!4m7!3m6!1s0x31721deb726abecb:0x2903931b222a1218!8m2!3d12.6563137!4d108.0290198!16s/g/11s2q9bvvy!19sChIJy75qcusdcjERGBIqIhuTAyk?authuser=0&hl=vi&g_ep=EgoyMDI2MDkwMi4wIJJjKgBIAVAD&rclk=1
2026-09-08 08:24:27,983 | INFO | Navigation success | attempt=1/3 | 0.20s | url=https://www.google.com/maps/place/33/data=!4m7!3m6!1s0x31721deb726abecb:0x2903931b222a1218!8m2!3d12.6563137!4d108.0290198!16s/g/11s2q9bvvy!19sChIJy75qcusdcjERGBIqIhuTAyk?authuser=0&hl=vi&g_ep=EgoyMDI2MDkwMi4wIJJjKgBIAVAD&rclk=1
2026-09-08 08:24:29,528 | INFO | VERIFY CANDIDATE | input_title='DAKLAK HOMESTAY' | actual_title='' | input_address='Lê Thị Riêng Ea Tam, Ea Kao, Đắk Lắk, Việt Nam' | actual_address='\ue52e' | url='https://www.google.com/maps/place/33/data=!4m7!3m6!1s0x31721deb726abecb:0x2903931b222a1218!8m2!3d12.6563137!4d108.0290198!16s/g/11s2q9bvvy!19sChIJy75qcusdcjERGBIqIhuTAyk?authuser=0&hl=vi&g_ep=EgoyMDI2MDkwMi4wIJJjKgBIAVAD&rclk=1' | coordinates=(12.6563137, 108.0)
2026-09-08 08:24:29,530 | INFO | VERIFY FINAL | success=False | reason=TITLE_UNAVAILABLE | title_ok=False | address_ok=False | input_title='DAKLAK HOMESTAY' | maps_title='' | input_address='Lê Thị Riêng Ea Tam, Ea Kao, Đắk Lắk, Việt Nam' | maps_address='\ue52e' | url='https://www.google.com/maps/place/33/data=!4m7!3m6!1s0x31721deb726abecb:0x2903931b222a1218!8m2!3d12.6563137!4d108.0290198!16s/g/11s2q9bvvy!19sChIJy75qcusdcjERGBIqIhuTAyk?authuser=0&hl=vi&g_ep=EgoyMDI2MDkwMi4wIJJjKgBIAVAD&rclk=1'
2026-09-08 08:24:29,531 | INFO | Navigation start | attempt=1/3 | timeout=15000ms | url=https://www.google.com/maps/place/48/data=!4m7!3m6!1s0x31721dec7f5f29c9:0xcb57c01592ffebc2!8m2!3d12.6553427!4d108.0302395!16s/g/11s237r3qs!19sChIJySlff-wdcjERwuv_khXAV8s?authuser=0&hl=vi&g_ep=EgoyMDI2MDkwMi4wIJJjKgBIAVAD&rclk=1
2026-09-08 08:24:29,728 | INFO | Navigation success | attempt=1/3 | 0.20s | url=https://www.google.com/maps/place/48/data=!4m7!3m6!1s0x31721dec7f5f29c9:0xcb57c01592ffebc2!8m2!3d12.6553427!4d108.0302395!16s/g/11s237r3qs!19sChIJySlff-wdcjERwuv_khXAV8s?authuser=0&hl=vi&g_ep=EgoyMDI2MDkwMi4wIJJjKgBIAVAD&rclk=1
2026-09-08 08:24:31,789 | INFO | VERIFY CANDIDATE | input_title='DAKLAK HOMESTAY' | actual_title='' | input_address='Lê Thị Riêng Ea Tam, Ea Kao, Đắk Lắk, Việt Nam' | actual_address='\ue52e' | url='https://www.google.com/maps/place/48/data=!4m7!3m6!1s0x31721dec7f5f29c9:0xcb57c01592ffebc2!8m2!3d12.6553427!4d108.0302395!16s/g/11s237r3qs!19sChIJySlff-wdcjERwuv_khXAV8s?authuser=0&hl=vi&g_ep=EgoyMDI2MDkwMi4wIJJjKgBIAVAD&rclk=1' | coordinates=(12.6553427, 108.0)
2026-09-08 08:24:31,792 | INFO | VERIFY FINAL | success=False | reason=TITLE_UNAVAILABLE | title_ok=False | address_ok=False | input_title='DAKLAK HOMESTAY' | maps_title='' | input_address='Lê Thị Riêng Ea Tam, Ea Kao, Đắk Lắk, Việt Nam' | maps_address='\ue52e' | url='https://www.google.com/maps/place/48/data=!4m7!3m6!1s0x31721dec7f5f29c9:0xcb57c01592ffebc2!8m2!3d12.6553427!4d108.0302395!16s/g/11s237r3qs!19sChIJySlff-wdcjERwuv_khXAV8s?authuser=0&hl=vi&g_ep=EgoyMDI2MDkwMi4wIJJjKgBIAVAD&rclk=1'
2026-09-08 08:24:31,793 | INFO | Navigation start | attempt=1/3 | timeout=15000ms | url=https://www.google.com/maps/place/Áo+dài+TRANG+48+Lê+Thị+Riêng/data=!4m7!3m6!1s0x31721d73976cad6b:0x608bde045bd79839!8m2!3d12.6553478!4d108.0302343!16s/g/11q9m5nl6p!19sChIJa61sl3MdcjEROZjXWwTei2A?authuser=0&hl=vi&g_ep=EgoyMDI2MDkwMi4wIJJjKgBIAVAD&rclk=1
2026-09-08 08:24:32,026 | INFO | Navigation success | attempt=1/3 | 0.23s | url=https://www.google.com/maps/place/Áo+dài+TRANG+48+Lê+Thị+Riêng/data=!4m7!3m6!1s0x31721d73976cad6b:0x608bde045bd79839!8m2!3d12.6553478!4d108.0302343!16s/g/11q9m5nl6p!19sChIJa61sl3MdcjEROZjXWwTei2A?authuser=0&hl=vi&g_ep=EgoyMDI2MDkwMi4wIJJjKgBIAVAD&rclk=1
2026-09-08 08:24:33,459 | INFO | VERIFY CANDIDATE | input_title='DAKLAK HOMESTAY' | actual_title='' | input_address='Lê Thị Riêng Ea Tam, Ea Kao, Đắk Lắk, Việt Nam' | actual_address='\ue52e' | url='https://www.google.com/maps/place/%C3%81o+d%C3%A0i+TRANG+48+L%C3%AA+Th%E1%BB%8B+Ri%C3%AAng/data=!4m7!3m6!1s0x31721d73976cad6b:0x608bde045bd79839!8m2!3d12.6553478!4d108.0302343!16s/g/11q9m5nl6p!19sChIJa61sl3MdcjEROZjXWwTei2A?authuser=0&hl=vi&g_ep=EgoyMDI2MDkwMi4wIJJjKgBIAVAD&rclk=1' | coordinates=(12.6553478, 108.0)
2026-09-08 08:24:33,462 | INFO | VERIFY FINAL | success=False | reason=TITLE_UNAVAILABLE | title_ok=False | address_ok=False | input_title='DAKLAK HOMESTAY' | maps_title='' | input_address='Lê Thị Riêng Ea Tam, Ea Kao, Đắk Lắk, Việt Nam' | maps_address='\ue52e' | url='https://www.google.com/maps/place/%C3%81o+d%C3%A0i+TRANG+48+L%C3%AA+Th%E1%BB%8B+Ri%C3%AAng/data=!4m7!3m6!1s0x31721d73976cad6b:0x608bde045bd79839!8m2!3d12.6553478!4d108.0302343!16s/g/11q9m5nl6p!19sChIJa61sl3MdcjEROZjXWwTei2A?authuser=0&hl=vi&g_ep=EgoyMDI2MDkwMi4wIJJjKgBIAVAD&rclk=1'
2026-09-08 08:24:33,463 | INFO | Navigation start | attempt=1/3 | timeout=15000ms | url=https://www.google.com/maps/place/Ẩm+Thực+Thắng+Bếp/data=!4m7!3m6!1s0x31721d714e74d28b:0x8f1030905548fe2!8m2!3d12.656816!4d108.0289534!16s/g/11ty5yc3t_!19sChIJi9J0TnEdcjER4o9UBQkD8Qg?authuser=0&hl=vi&g_ep=EgoyMDI2MDkwMi4wIJJjKgBIAVAD&rclk=1
2026-09-08 08:24:33,664 | INFO | Navigation success | attempt=1/3 | 0.20s | url=https://www.google.com/maps/place/Ẩm+Thực+Thắng+Bếp/data=!4m7!3m6!1s0x31721d714e74d28b:0x8f1030905548fe2!8m2!3d12.656816!4d108.0289534!16s/g/11ty5yc3t_!19sChIJi9J0TnEdcjER4o9UBQkD8Qg?authuser=0&hl=vi&g_ep=EgoyMDI2MDkwMi4wIJJjKgBIAVAD&rclk=1
2026-09-08 08:24:34,816 | INFO | VERIFY CANDIDATE | input_title='DAKLAK HOMESTAY' | actual_title='' | input_address='Lê Thị Riêng Ea Tam, Ea Kao, Đắk Lắk, Việt Nam' | actual_address='\ue52e' | url='https://www.google.com/maps/place/%E1%BA%A8m+Th%E1%BB%B1c+Th%E1%BA%AFng+B%E1%BA%BFp/data=!4m7!3m6!1s0x31721d714e74d28b:0x8f1030905548fe2!8m2!3d12.656816!4d108.0289534!16s/g/11ty5yc3t_!19sChIJi9J0TnEdcjER4o9UBQkD8Qg?authuser=0&hl=vi&g_ep=EgoyMDI2MDkwMi4wIJJjKgBIAVAD&rclk=1' | coordinates=(12.656816, 108.0)
2026-09-08 08:24:34,819 | INFO | VERIFY FINAL | success=False | reason=TITLE_UNAVAILABLE | title_ok=False | address_ok=False | input_title='DAKLAK HOMESTAY' | maps_title='' | input_address='Lê Thị Riêng Ea Tam, Ea Kao, Đắk Lắk, Việt Nam' | maps_address='\ue52e' | url='https://www.google.com/maps/place/%E1%BA%A8m+Th%E1%BB%B1c+Th%E1%BA%AFng+B%E1%BA%BFp/data=!4m7!3m6!1s0x31721d714e74d28b:0x8f1030905548fe2!8m2!3d12.656816!4d108.0289534!16s/g/11ty5yc3t_!19sChIJi9J0TnEdcjER4o9UBQkD8Qg?authuser=0&hl=vi&g_ep=EgoyMDI2MDkwMi4wIJJjKgBIAVAD&rclk=1'
2026-09-08 08:24:34,821 | INFO | Navigation start | attempt=1/3 | timeout=15000ms | url=https://www.google.com/maps/place/THE+KING+GARDEN+COFFEE+&+TEA/data=!4m7!3m6!1s0x31721d3fb5069215:0xbd819d9e5eb004e7!8m2!3d12.6555722!4d108.0295793!16s/g/11vzvv50yl!19sChIJFZIGtT8dcjER5wSwXp6dgb0?authuser=0&hl=vi&g_ep=EgoyMDI2MDkwMi4wIJJjKgBIAVAD&rclk=1
2026-09-08 08:24:35,042 | INFO | Navigation success | attempt=1/3 | 0.22s | url=https://www.google.com/maps/place/THE+KING+GARDEN+COFFEE+&+TEA/data=!4m7!3m6!1s0x31721d3fb5069215:0xbd819d9e5eb004e7!8m2!3d12.6555722!4d108.0295793!16s/g/11vzvv50yl!19sChIJFZIGtT8dcjER5wSwXp6dgb0?authuser=0&hl=vi&g_ep=EgoyMDI2MDkwMi4wIJJjKgBIAVAD&rclk=1
2026-09-08 08:24:36,118 | INFO | VERIFY CANDIDATE | input_title='DAKLAK HOMESTAY' | actual_title='' | input_address='Lê Thị Riêng Ea Tam, Ea Kao, Đắk Lắk, Việt Nam' | actual_address='\ue52e' | url='https://www.google.com/maps/place/THE+KING+GARDEN+COFFEE+&+TEA/data=!4m7!3m6!1s0x31721d3fb5069215:0xbd819d9e5eb004e7!8m2!3d12.6555722!4d108.0295793!16s/g/11vzvv50yl!19sChIJFZIGtT8dcjER5wSwXp6dgb0?authuser=0&hl=vi&g_ep=EgoyMDI2MDkwMi4wIJJjKgBIAVAD&rclk=1' | coordinates=(12.6555722, 108.0)
2026-09-08 08:24:36,121 | INFO | VERIFY FINAL | success=False | reason=TITLE_UNAVAILABLE | title_ok=False | address_ok=False | input_title='DAKLAK HOMESTAY' | maps_title='' | input_address='Lê Thị Riêng Ea Tam, Ea Kao, Đắk Lắk, Việt Nam' | maps_address='\ue52e' | url='https://www.google.com/maps/place/THE+KING+GARDEN+COFFEE+&+TEA/data=!4m7!3m6!1s0x31721d3fb5069215:0xbd819d9e5eb004e7!8m2!3d12.6555722!4d108.0295793!16s/g/11vzvv50yl!19sChIJFZIGtT8dcjER5wSwXp6dgb0?authuser=0&hl=vi&g_ep=EgoyMDI2MDkwMi4wIJJjKgBIAVAD&rclk=1'
2026-09-08 08:24:36,121 | INFO | Google Maps address search variant 3/12: Lê Thị Riêng Ea Tam, Ea Kao, Đắk Lắk, Việt Nam, DAKLAK HOMESTAY
2026-09-08 08:24:36,121 | INFO | Navigation start | attempt=1/3 | timeout=15000ms | url=https://www.google.com/maps/search/?api=1&query=L%C3%AA%20Th%E1%BB%8B%20Ri%C3%AAng%20Ea%20Tam%2C%20Ea%20Kao%2C%20%C4%90%E1%BA%AFk%20L%E1%BA%AFk%2C%20Vi%E1%BB%87t%20Nam%2C%20DAKLAK%20HOMESTAY
2026-09-08 08:24:36,327 | INFO | Navigation success | attempt=1/3 | 0.21s | url=https://www.google.com/maps/search/?api=1&query=L%C3%AA%20Th%E1%BB%8B%20Ri%C3%AAng%20Ea%20Tam%2C%20Ea%20Kao%2C%20%C4%90%E1%BA%AFk%20L%E1%BA%AFk%2C%20Vi%E1%BB%87t%20Nam%2C%20DAKLAK%20HOMESTAY
2026-09-08 08:24:46,076 | INFO | Navigation start | attempt=1/3 | timeout=15000ms | url=https://www.google.com/maps/place/33/20+Lê+Thị+Riêng,+phường+Ea+Kao,+Đắk+Lắk/data=!4m7!3m6!1s0x31721d005ea98891:0xc513b712de0d4993!8m2!3d12.656377!4d108.029963!16s/g/11nbmywss1!19sChIJkYipXgAdcjERk0kN3hK3E8U?authuser=0&hl=vi&g_ep=EgoyMDI2MDkwMi4wIJJjKgBIAVAD&rclk=1
2026-09-08 08:24:46,281 | INFO | Navigation success | attempt=1/3 | 0.20s | url=https://www.google.com/maps/place/33/20+Lê+Thị+Riêng,+phường+Ea+Kao,+Đắk+Lắk/data=!4m7!3m6!1s0x31721d005ea98891:0xc513b712de0d4993!8m2!3d12.656377!4d108.029963!16s/g/11nbmywss1!19sChIJkYipXgAdcjERk0kN3hK3E8U?authuser=0&hl=vi&g_ep=EgoyMDI2MDkwMi4wIJJjKgBIAVAD&rclk=1
2026-09-08 08:24:47,643 | INFO | VERIFY CANDIDATE | input_title='DAKLAK HOMESTAY' | actual_title='' | input_address='Lê Thị Riêng Ea Tam, Ea Kao, Đắk Lắk, Việt Nam' | actual_address='\ue52e' | url='https://www.google.com/maps/place/33/20+L%C3%AA+Th%E1%BB%8B+Ri%C3%AAng,+ph%C6%B0%E1%BB%9Dng+Ea+Kao,+%C4%90%E1%BA%AFk+L%E1%BA%AFk/data=!4m7!3m6!1s0x31721d005ea98891:0xc513b712de0d4993!8m2!3d12.656377!4d108.029963!16s/g/11nbmywss1!19sChIJkYipXgAdcjERk0kN3hK3E8U?authuser=0&hl=vi&g_ep=EgoyMDI2MDkwMi4wIJJjKgBIAVAD&rclk=1' | coordinates=(12.656377, 108.0)
2026-09-08 08:24:47,646 | INFO | VERIFY FINAL | success=False | reason=TITLE_UNAVAILABLE | title_ok=False | address_ok=False | input_title='DAKLAK HOMESTAY' | maps_title='' | input_address='Lê Thị Riêng Ea Tam, Ea Kao, Đắk Lắk, Việt Nam' | maps_address='\ue52e' | url='https://www.google.com/maps/place/33/20+L%C3%AA+Th%E1%BB%8B+Ri%C3%AAng,+ph%C6%B0%E1%BB%9Dng+Ea+Kao,+%C4%90%E1%BA%AFk+L%E1%BA%AFk/data=!4m7!3m6!1s0x31721d005ea98891:0xc513b712de0d4993!8m2!3d12.656377!4d108.029963!16s/g/11nbmywss1!19sChIJkYipXgAdcjERk0kN3hK3E8U?authuser=0&hl=vi&g_ep=EgoyMDI2MDkwMi4wIJJjKgBIAVAD&rclk=1'
2026-09-08 08:24:47,646 | INFO | Navigation start | attempt=1/3 | timeout=15000ms | url=https://www.google.com/maps/place/Đồi+Sao+Homestay/data=!4m10!3m9!1s0x3171f7791a7aee1b:0x52486ae30257e0c2!5m2!4m1!1i2!8m2!3d12.6794823!4d108.0542323!16s/g/11qrkl5q1d!19sChIJG-56Gnn3cTERwuBXAuNqSFI?authuser=0&hl=vi&g_ep=EgoyMDI2MDkwMi4wIJJjKgBIAVAD&rclk=1
2026-09-08 08:24:47,852 | INFO | Navigation success | attempt=1/3 | 0.21s | url=https://www.google.com/maps/place/Đồi+Sao+Homestay/data=!4m10!3m9!1s0x3171f7791a7aee1b:0x52486ae30257e0c2!5m2!4m1!1i2!8m2!3d12.6794823!4d108.0542323!16s/g/11qrkl5q1d!19sChIJG-56Gnn3cTERwuBXAuNqSFI?authuser=0&hl=vi&g_ep=EgoyMDI2MDkwMi4wIJJjKgBIAVAD&rclk=1
2026-09-08 08:24:48,815 | INFO | VERIFY CANDIDATE | input_title='DAKLAK HOMESTAY' | actual_title='' | input_address='Lê Thị Riêng Ea Tam, Ea Kao, Đắk Lắk, Việt Nam' | actual_address='\ue52e' | url='https://www.google.com/maps/place/%C4%90%E1%BB%93i+Sao+Homestay/data=!4m10!3m9!1s0x3171f7791a7aee1b:0x52486ae30257e0c2!5m2!4m1!1i2!8m2!3d12.6794823!4d108.0542323!16s/g/11qrkl5q1d!19sChIJG-56Gnn3cTERwuBXAuNqSFI?authuser=0&hl=vi&g_ep=EgoyMDI2MDkwMi4wIJJjKgBIAVAD&rclk=1' | coordinates=(12.6794823, 108.0)
2026-09-08 08:24:48,820 | INFO | VERIFY FINAL | success=False | reason=TITLE_UNAVAILABLE | title_ok=False | address_ok=False | input_title='DAKLAK HOMESTAY' | maps_title='' | input_address='Lê Thị Riêng Ea Tam, Ea Kao, Đắk Lắk, Việt Nam' | maps_address='\ue52e' | url='https://www.google.com/maps/place/%C4%90%E1%BB%93i+Sao+Homestay/data=!4m10!3m9!1s0x3171f7791a7aee1b:0x52486ae30257e0c2!5m2!4m1!1i2!8m2!3d12.6794823!4d108.0542323!16s/g/11qrkl5q1d!19sChIJG-56Gnn3cTERwuBXAuNqSFI?authuser=0&hl=vi&g_ep=EgoyMDI2MDkwMi4wIJJjKgBIAVAD&rclk=1'
2026-09-08 08:24:48,821 | INFO | Navigation start | attempt=1/3 | timeout=15000ms | url=https://www.google.com/maps/place/An+Land+Garden+Homestay/data=!4m10!3m9!1s0x31721d52b28c59df:0x7e4945cc393a717!5m2!4m1!1i2!8m2!3d12.6549786!4d108.0288926!16s/g/11y96fmvsz!19sChIJ31mMslIdcjERF6eTw1yU5Ac?authuser=0&hl=vi&g_ep=EgoyMDI2MDkwMi4wIJJjKgBIAVAD&rclk=1
2026-09-08 08:24:49,038 | INFO | Navigation success | attempt=1/3 | 0.22s | url=https://www.google.com/maps/place/An+Land+Garden+Homestay/data=!4m10!3m9!1s0x31721d52b28c59df:0x7e4945cc393a717!5m2!4m1!1i2!8m2!3d12.6549786!4d108.0288926!16s/g/11y96fmvsz!19sChIJ31mMslIdcjERF6eTw1yU5Ac?authuser=0&hl=vi&g_ep=EgoyMDI2MDkwMi4wIJJjKgBIAVAD&rclk=1
2026-09-08 08:24:50,102 | INFO | VERIFY CANDIDATE | input_title='DAKLAK HOMESTAY' | actual_title='' | input_address='Lê Thị Riêng Ea Tam, Ea Kao, Đắk Lắk, Việt Nam' | actual_address='\ue52e' | url='https://www.google.com/maps/place/An+Land+Garden+Homestay/data=!4m10!3m9!1s0x31721d52b28c59df:0x7e4945cc393a717!5m2!4m1!1i2!8m2!3d12.6549786!4d108.0288926!16s/g/11y96fmvsz!19sChIJ31mMslIdcjERF6eTw1yU5Ac?authuser=0&hl=vi&g_ep=EgoyMDI2MDkwMi4wIJJjKgBIAVAD&rclk=1' | coordinates=(12.6549786, 108.0)
2026-09-08 08:24:50,105 | INFO | VERIFY FINAL | success=False | reason=TITLE_UNAVAILABLE | title_ok=False | address_ok=False | input_title='DAKLAK HOMESTAY' | maps_title='' | input_address='Lê Thị Riêng Ea Tam, Ea Kao, Đắk Lắk, Việt Nam' | maps_address='\ue52e' | url='https://www.google.com/maps/place/An+Land+Garden+Homestay/data=!4m10!3m9!1s0x31721d52b28c59df:0x7e4945cc393a717!5m2!4m1!1i2!8m2!3d12.6549786!4d108.0288926!16s/g/11y96fmvsz!19sChIJ31mMslIdcjERF6eTw1yU5Ac?authuser=0&hl=vi&g_ep=EgoyMDI2MDkwMi4wIJJjKgBIAVAD&rclk=1'
2026-09-08 08:24:50,106 | INFO | Navigation start | attempt=1/3 | timeout=15000ms | url=https://www.google.com/maps/place/Vườn+Chuối+Homestay/data=!4m7!3m6!1s0x31721d003551dbe1:0xdb28ed11223fc750!8m2!3d12.6558562!4d108.0320483!16s/g/11z41lq925!19sChIJ4dtRNQAdcjERUMc_IhHtKNs?authuser=0&hl=vi&g_ep=EgoyMDI2MDkwMi4wIJJjKgBIAVAD&rclk=1
2026-09-08 08:24:50,291 | INFO | Navigation success | attempt=1/3 | 0.19s | url=https://www.google.com/maps/place/Vườn+Chuối+Homestay/data=!4m7!3m6!1s0x31721d003551dbe1:0xdb28ed11223fc750!8m2!3d12.6558562!4d108.0320483!16s/g/11z41lq925!19sChIJ4dtRNQAdcjERUMc_IhHtKNs?authuser=0&hl=vi&g_ep=EgoyMDI2MDkwMi4wIJJjKgBIAVAD&rclk=1
2026-09-08 08:24:51,367 | INFO | VERIFY CANDIDATE | input_title='DAKLAK HOMESTAY' | actual_title='' | input_address='Lê Thị Riêng Ea Tam, Ea Kao, Đắk Lắk, Việt Nam' | actual_address='\ue52e' | url='https://www.google.com/maps/place/V%C6%B0%E1%BB%9Dn+Chu%E1%BB%91i+Homestay/data=!4m7!3m6!1s0x31721d003551dbe1:0xdb28ed11223fc750!8m2!3d12.6558562!4d108.0320483!16s/g/11z41lq925!19sChIJ4dtRNQAdcjERUMc_IhHtKNs?authuser=0&hl=vi&g_ep=EgoyMDI2MDkwMi4wIJJjKgBIAVAD&rclk=1' | coordinates=(12.6558562, 108.0)
2026-09-08 08:24:51,370 | INFO | VERIFY FINAL | success=False | reason=TITLE_UNAVAILABLE | title_ok=False | address_ok=False | input_title='DAKLAK HOMESTAY' | maps_title='' | input_address='Lê Thị Riêng Ea Tam, Ea Kao, Đắk Lắk, Việt Nam' | maps_address='\ue52e' | url='https://www.google.com/maps/place/V%C6%B0%E1%BB%9Dn+Chu%E1%BB%91i+Homestay/data=!4m7!3m6!1s0x31721d003551dbe1:0xdb28ed11223fc750!8m2!3d12.6558562!4d108.0320483!16s/g/11z41lq925!19sChIJ4dtRNQAdcjERUMc_IhHtKNs?authuser=0&hl=vi&g_ep=EgoyMDI2MDkwMi4wIJJjKgBIAVAD&rclk=1'
2026-09-08 08:24:51,370 | INFO | Navigation start | attempt=1/3 | timeout=15000ms | url=https://www.google.com/maps/place/Homestay+Trung+Em+Eakao/data=!4m7!3m6!1s0x31721f49bbd113fd:0xb6bfd427698c498e!8m2!3d12.6069878!4d108.0342755!16s/g/11j2zbk895!19sChIJ_RPRu0kfcjERjkmMaSfUv7Y?authuser=0&hl=vi&g_ep=EgoyMDI2MDkwMi4wIJJjKgBIAVAD&rclk=1
2026-09-08 08:24:51,572 | INFO | Navigation success | attempt=1/3 | 0.20s | url=https://www.google.com/maps/place/Homestay+Trung+Em+Eakao/data=!4m7!3m6!1s0x31721f49bbd113fd:0xb6bfd427698c498e!8m2!3d12.6069878!4d108.0342755!16s/g/11j2zbk895!19sChIJ_RPRu0kfcjERjkmMaSfUv7Y?authuser=0&hl=vi&g_ep=EgoyMDI2MDkwMi4wIJJjKgBIAVAD&rclk=1
2026-09-08 08:24:53,294 | INFO | VERIFY CANDIDATE | input_title='DAKLAK HOMESTAY' | actual_title='' | input_address='Lê Thị Riêng Ea Tam, Ea Kao, Đắk Lắk, Việt Nam' | actual_address='\ue52e' | url='https://www.google.com/maps/place/Homestay+Trung+Em+Eakao/data=!4m7!3m6!1s0x31721f49bbd113fd:0xb6bfd427698c498e!8m2!3d12.6069878!4d108.0342755!16s/g/11j2zbk895!19sChIJ_RPRu0kfcjERjkmMaSfUv7Y?authuser=0&hl=vi&g_ep=EgoyMDI2MDkwMi4wIJJjKgBIAVAD&rclk=1' | coordinates=(12.6069878, 108.0)
2026-09-08 08:24:53,298 | INFO | VERIFY FINAL | success=False | reason=TITLE_UNAVAILABLE | title_ok=False | address_ok=False | input_title='DAKLAK HOMESTAY' | maps_title='' | input_address='Lê Thị Riêng Ea Tam, Ea Kao, Đắk Lắk, Việt Nam' | maps_address='\ue52e' | url='https://www.google.com/maps/place/Homestay+Trung+Em+Eakao/data=!4m7!3m6!1s0x31721f49bbd113fd:0xb6bfd427698c498e!8m2!3d12.6069878!4d108.0342755!16s/g/11j2zbk895!19sChIJ_RPRu0kfcjERjkmMaSfUv7Y?authuser=0&hl=vi&g_ep=EgoyMDI2MDkwMi4wIJJjKgBIAVAD&rclk=1'
2026-09-08 08:24:53,299 | INFO | Navigation start | attempt=1/3 | timeout=15000ms | url=https://www.google.com/maps/place/Xanh+Homestay+Buôn+Ma+Thuột/data=!4m10!3m9!1s0x31721fe36b928963:0xab4ed29621cf5db3!5m2!4m1!1i2!8m2!3d12.6069779!4d108.0347034!16s/g/11ntkq7_cy!19sChIJY4mSa-MfcjERs13PIZbSTqs?authuser=0&hl=vi&g_ep=EgoyMDI2MDkwMi4wIJJjKgBIAVAD&rclk=1
2026-09-08 08:24:53,512 | INFO | Navigation success | attempt=1/3 | 0.21s | url=https://www.google.com/maps/place/Xanh+Homestay+Buôn+Ma+Thuột/data=!4m10!3m9!1s0x31721fe36b928963:0xab4ed29621cf5db3!5m2!4m1!1i2!8m2!3d12.6069779!4d108.0347034!16s/g/11ntkq7_cy!19sChIJY4mSa-MfcjERs13PIZbSTqs?authuser=0&hl=vi&g_ep=EgoyMDI2MDkwMi4wIJJjKgBIAVAD&rclk=1
2026-09-08 08:24:55,542 | INFO | VERIFY CANDIDATE | input_title='DAKLAK HOMESTAY' | actual_title='' | input_address='Lê Thị Riêng Ea Tam, Ea Kao, Đắk Lắk, Việt Nam' | actual_address='\ue52e' | url='https://www.google.com/maps/place/Xanh+Homestay+Bu%C3%B4n+Ma+Thu%E1%BB%99t/data=!4m10!3m9!1s0x31721fe36b928963:0xab4ed29621cf5db3!5m2!4m1!1i2!8m2!3d12.6069779!4d108.0347034!16s/g/11ntkq7_cy!19sChIJY4mSa-MfcjERs13PIZbSTqs?authuser=0&hl=vi&g_ep=EgoyMDI2MDkwMi4wIJJjKgBIAVAD&rclk=1' | coordinates=(12.6069779, 108.0)
2026-09-08 08:24:55,545 | INFO | VERIFY FINAL | success=False | reason=TITLE_UNAVAILABLE | title_ok=False | address_ok=False | input_title='DAKLAK HOMESTAY' | maps_title='' | input_address='Lê Thị Riêng Ea Tam, Ea Kao, Đắk Lắk, Việt Nam' | maps_address='\ue52e' | url='https://www.google.com/maps/place/Xanh+Homestay+Bu%C3%B4n+Ma+Thu%E1%BB%99t/data=!4m10!3m9!1s0x31721fe36b928963:0xab4ed29621cf5db3!5m2!4m1!1i2!8m2!3d12.6069779!4d108.0347034!16s/g/11ntkq7_cy!19sChIJY4mSa-MfcjERs13PIZbSTqs?authuser=0&hl=vi&g_ep=EgoyMDI2MDkwMi4wIJJjKgBIAVAD&rclk=1'
2026-09-08 08:24:55,545 | INFO | Navigation start | attempt=1/3 | timeout=15000ms | url=https://www.google.com/maps/place/Nhà+Bên+Hồ+Eakao/data=!4m7!3m6!1s0x3171f5e1208a7ae3:0x961ac6af76cda89!8m2!3d12.614339!4d108.0644902!16s/g/11vhsb2bfd!19sChIJ43qKIOH1cTERidps92qsYQk?authuser=0&hl=vi&g_ep=EgoyMDI2MDkwMi4wIJJjKgBIAVAD&rclk=1
2026-09-08 08:24:55,794 | INFO | Navigation success | attempt=1/3 | 0.25s | url=https://www.google.com/maps/place/Nhà+Bên+Hồ+Eakao/data=!4m7!3m6!1s0x3171f5e1208a7ae3:0x961ac6af76cda89!8m2!3d12.614339!4d108.0644902!16s/g/11vhsb2bfd!19sChIJ43qKIOH1cTERidps92qsYQk?authuser=0&hl=vi&g_ep=EgoyMDI2MDkwMi4wIJJjKgBIAVAD&rclk=1
2026-09-08 08:24:58,082 | INFO | VERIFY CANDIDATE | input_title='DAKLAK HOMESTAY' | actual_title='' | input_address='Lê Thị Riêng Ea Tam, Ea Kao, Đắk Lắk, Việt Nam' | actual_address='\ue52e' | url='https://www.google.com/maps/place/Nh%C3%A0+B%C3%AAn+H%E1%BB%93+Eakao/data=!4m7!3m6!1s0x3171f5e1208a7ae3:0x961ac6af76cda89!8m2!3d12.614339!4d108.0644902!16s/g/11vhsb2bfd!19sChIJ43qKIOH1cTERidps92qsYQk?authuser=0&hl=vi&g_ep=EgoyMDI2MDkwMi4wIJJjKgBIAVAD&rclk=1' | coordinates=(12.614339, 108.0)
2026-09-08 08:24:58,085 | INFO | VERIFY FINAL | success=False | reason=TITLE_UNAVAILABLE | title_ok=False | address_ok=False | input_title='DAKLAK HOMESTAY' | maps_title='' | input_address='Lê Thị Riêng Ea Tam, Ea Kao, Đắk Lắk, Việt Nam' | maps_address='\ue52e' | url='https://www.google.com/maps/place/Nh%C3%A0+B%C3%AAn+H%E1%BB%93+Eakao/data=!4m7!3m6!1s0x3171f5e1208a7ae3:0x961ac6af76cda89!8m2!3d12.614339!4d108.0644902!16s/g/11vhsb2bfd!19sChIJ43qKIOH1cTERidps92qsYQk?authuser=0&hl=vi&g_ep=EgoyMDI2MDkwMi4wIJJjKgBIAVAD&rclk=1'
2026-09-08 08:24:58,086 | INFO | Navigation start | attempt=1/3 | timeout=15000ms | url=https://www.google.com/maps/place/Nhà+Bên+Hồ+Ea+Cuôr+Kắp/data=!4m10!3m9!1s0x3171f16cfd586671:0xed973e28b26be0fb!5m2!4m1!1i2!8m2!3d12.6492625!4d108.1459401!16s/g/11ptsj72l_!19sChIJcWZY_WzxcTER--Brsig-l-0?authuser=0&hl=vi&g_ep=EgoyMDI2MDkwMi4wIJJjKgBIAVAD&rclk=1
2026-09-08 08:24:58,316 | INFO | Navigation success | attempt=1/3 | 0.23s | url=https://www.google.com/maps/place/Nhà+Bên+Hồ+Ea+Cuôr+Kắp/data=!4m10!3m9!1s0x3171f16cfd586671:0xed973e28b26be0fb!5m2!4m1!1i2!8m2!3d12.6492625!4d108.1459401!16s/g/11ptsj72l_!19sChIJcWZY_WzxcTER--Brsig-l-0?authuser=0&hl=vi&g_ep=EgoyMDI2MDkwMi4wIJJjKgBIAVAD&rclk=1
2026-09-08 08:25:00,797 | INFO | VERIFY CANDIDATE | input_title='DAKLAK HOMESTAY' | actual_title='' | input_address='Lê Thị Riêng Ea Tam, Ea Kao, Đắk Lắk, Việt Nam' | actual_address='\ue52e' | url='https://www.google.com/maps/place/Nh%C3%A0+B%C3%AAn+H%E1%BB%93+Ea+Cu%C3%B4r+K%E1%BA%AFp/data=!4m10!3m9!1s0x3171f16cfd586671:0xed973e28b26be0fb!5m2!4m1!1i2!8m2!3d12.6492625!4d108.1459401!16s/g/11ptsj72l_!19sChIJcWZY_WzxcTER--Brsig-l-0?authuser=0&hl=vi&g_ep=EgoyMDI2MDkwMi4wIJJjKgBIAVAD&rclk=1' | coordinates=(12.6492625, 108.1)
2026-09-08 08:25:00,800 | INFO | VERIFY FINAL | success=False | reason=TITLE_UNAVAILABLE | title_ok=False | address_ok=False | input_title='DAKLAK HOMESTAY' | maps_title='' | input_address='Lê Thị Riêng Ea Tam, Ea Kao, Đắk Lắk, Việt Nam' | maps_address='\ue52e' | url='https://www.google.com/maps/place/Nh%C3%A0+B%C3%AAn+H%E1%BB%93+Ea+Cu%C3%B4r+K%E1%BA%AFp/data=!4m10!3m9!1s0x3171f16cfd586671:0xed973e28b26be0fb!5m2!4m1!1i2!8m2!3d12.6492625!4d108.1459401!16s/g/11ptsj72l_!19sChIJcWZY_WzxcTER--Brsig-l-0?authuser=0&hl=vi&g_ep=EgoyMDI2MDkwMi4wIJJjKgBIAVAD&rclk=1'
2026-09-08 08:25:00,801 | INFO | Navigation start | attempt=1/3 | timeout=15000ms | url=https://www.google.com/maps/place/EaKao+Motel/data=!4m10!3m9!1s0x31721fe59e358b03:0x1249701107e18ee0!5m2!4m1!1i2!8m2!3d12.6122801!4d108.0404073!16s/g/11wxpbppj7!19sChIJA4s1nuUfcjER4I7hBxFwSRI?authuser=0&hl=vi&g_ep=EgoyMDI2MDkwMi4wIJJjKgBIAVAD&rclk=1
2026-09-08 08:25:01,027 | INFO | Navigation success | attempt=1/3 | 0.23s | url=https://www.google.com/maps/place/EaKao+Motel/data=!4m10!3m9!1s0x31721fe59e358b03:0x1249701107e18ee0!5m2!4m1!1i2!8m2!3d12.6122801!4d108.0404073!16s/g/11wxpbppj7!19sChIJA4s1nuUfcjER4I7hBxFwSRI?authuser=0&hl=vi&g_ep=EgoyMDI2MDkwMi4wIJJjKgBIAVAD&rclk=1
2026-09-08 08:25:02,200 | INFO | VERIFY CANDIDATE | input_title='DAKLAK HOMESTAY' | actual_title='' | input_address='Lê Thị Riêng Ea Tam, Ea Kao, Đắk Lắk, Việt Nam' | actual_address='\ue52e' | url='https://www.google.com/maps/place/EaKao+Motel/data=!4m10!3m9!1s0x31721fe59e358b03:0x1249701107e18ee0!5m2!4m1!1i2!8m2!3d12.6122801!4d108.0404073!16s/g/11wxpbppj7!19sChIJA4s1nuUfcjER4I7hBxFwSRI?authuser=0&hl=vi&g_ep=EgoyMDI2MDkwMi4wIJJjKgBIAVAD&rclk=1' | coordinates=(12.6122801, 108.0)
2026-09-08 08:25:02,205 | INFO | VERIFY FINAL | success=False | reason=TITLE_UNAVAILABLE | title_ok=False | address_ok=False | input_title='DAKLAK HOMESTAY' | maps_title='' | input_address='Lê Thị Riêng Ea Tam, Ea Kao, Đắk Lắk, Việt Nam' | maps_address='\ue52e' | url='https://www.google.com/maps/place/EaKao+Motel/data=!4m10!3m9!1s0x31721fe59e358b03:0x1249701107e18ee0!5m2!4m1!1i2!8m2!3d12.6122801!4d108.0404073!16s/g/11wxpbppj7!19sChIJA4s1nuUfcjER4I7hBxFwSRI?authuser=0&hl=vi&g_ep=EgoyMDI2MDkwMi4wIJJjKgBIAVAD&rclk=1'
2026-09-08 08:25:02,205 | INFO | Navigation start | attempt=1/3 | timeout=15000ms | url=https://www.google.com/maps/place/Buon's+Garden/data=!4m10!3m9!1s0x31721f4f654ad265:0x1d7a431efd2ab6a1!5m2!4m1!1i2!8m2!3d12.6216686!4d108.0323805!16s/g/11n97vtr0m!19sChIJZdJKZU8fcjERobYq_R5Deh0?authuser=0&hl=vi&g_ep=EgoyMDI2MDkwMi4wIJJjKgBIAVAD&rclk=1
2026-09-08 08:25:02,419 | INFO | Navigation success | attempt=1/3 | 0.21s | url=https://www.google.com/maps/place/Buon's+Garden/data=!4m10!3m9!1s0x31721f4f654ad265:0x1d7a431efd2ab6a1!5m2!4m1!1i2!8m2!3d12.6216686!4d108.0323805!16s/g/11n97vtr0m!19sChIJZdJKZU8fcjERobYq_R5Deh0?authuser=0&hl=vi&g_ep=EgoyMDI2MDkwMi4wIJJjKgBIAVAD&rclk=1
2026-09-08 08:25:04,095 | INFO | VERIFY CANDIDATE | input_title='DAKLAK HOMESTAY' | actual_title='' | input_address='Lê Thị Riêng Ea Tam, Ea Kao, Đắk Lắk, Việt Nam' | actual_address='\ue52e' | url="https://www.google.com/maps/place/Buon's+Garden/data=!4m10!3m9!1s0x31721f4f654ad265:0x1d7a431efd2ab6a1!5m2!4m1!1i2!8m2!3d12.6216686!4d108.0323805!16s/g/11n97vtr0m!19sChIJZdJKZU8fcjERobYq_R5Deh0?authuser=0&hl=vi&g_ep=EgoyMDI2MDkwMi4wIJJjKgBIAVAD&rclk=1" | coordinates=(12.6216686, 108.0)
2026-09-08 08:25:04,098 | INFO | VERIFY FINAL | success=False | reason=TITLE_UNAVAILABLE | title_ok=False | address_ok=False | input_title='DAKLAK HOMESTAY' | maps_title='' | input_address='Lê Thị Riêng Ea Tam, Ea Kao, Đắk Lắk, Việt Nam' | maps_address='\ue52e' | url="https://www.google.com/maps/place/Buon's+Garden/data=!4m10!3m9!1s0x31721f4f654ad265:0x1d7a431efd2ab6a1!5m2!4m1!1i2!8m2!3d12.6216686!4d108.0323805!16s/g/11n97vtr0m!19sChIJZdJKZU8fcjERobYq_R5Deh0?authuser=0&hl=vi&g_ep=EgoyMDI2MDkwMi4wIJJjKgBIAVAD&rclk=1"
2026-09-08 08:25:04,099 | INFO | Google Maps address search variant 4/12: DAKLAK HOMESTAY, Lê Thị Riêng Ea Tam, Ea Kao, Đắk Lắk, Việt Nam
2026-09-08 08:25:04,099 | INFO | Navigation start | attempt=1/3 | timeout=15000ms | url=https://www.google.com/maps/search/?api=1&query=DAKLAK%20HOMESTAY%2C%20L%C3%AA%20Th%E1%BB%8B%20Ri%C3%AAng%20Ea%20Tam%2C%20Ea%20Kao%2C%20%C4%90%E1%BA%AFk%20L%E1%BA%AFk%2C%20Vi%E1%BB%87t%20Nam
2026-09-08 08:25:04,327 | INFO | Navigation success | attempt=1/3 | 0.23s | url=https://www.google.com/maps/search/?api=1&query=DAKLAK%20HOMESTAY%2C%20L%C3%AA%20Th%E1%BB%8B%20Ri%C3%AAng%20Ea%20Tam%2C%20Ea%20Kao%2C%20%C4%90%E1%BA%AFk%20L%E1%BA%AFk%2C%20Vi%E1%BB%87t%20Nam
2026-09-08 08:25:15,236 | INFO | Navigation start | attempt=1/3 | timeout=15000ms | url=https://www.google.com/maps/place/Lasan+Homestay/data=!4m7!3m6!1s0x31721df7831d8d4f:0xfa7857ff241b60c8!8m2!3d12.6549756!4d108.0316621!16s/g/11pv6tks37!19sChIJT40dg_cdcjERyGAbJP9XePo?authuser=0&hl=vi&g_ep=EgoyMDI2MDkwMi4wIJJjKgBIAVAD&rclk=1
2026-09-08 08:25:15,471 | INFO | Navigation success | attempt=1/3 | 0.24s | url=https://www.google.com/maps/place/Lasan+Homestay/data=!4m7!3m6!1s0x31721df7831d8d4f:0xfa7857ff241b60c8!8m2!3d12.6549756!4d108.0316621!16s/g/11pv6tks37!19sChIJT40dg_cdcjERyGAbJP9XePo?authuser=0&hl=vi&g_ep=EgoyMDI2MDkwMi4wIJJjKgBIAVAD&rclk=1
2026-09-08 08:25:17,195 | INFO | VERIFY CANDIDATE | input_title='DAKLAK HOMESTAY' | actual_title='' | input_address='Lê Thị Riêng Ea Tam, Ea Kao, Đắk Lắk, Việt Nam' | actual_address='\ue52e' | url='https://www.google.com/maps/place/Lasan+Homestay/data=!4m7!3m6!1s0x31721df7831d8d4f:0xfa7857ff241b60c8!8m2!3d12.6549756!4d108.0316621!16s/g/11pv6tks37!19sChIJT40dg_cdcjERyGAbJP9XePo?authuser=0&hl=vi&g_ep=EgoyMDI2MDkwMi4wIJJjKgBIAVAD&rclk=1' | coordinates=(12.6549756, 108.0)
2026-09-08 08:25:17,199 | INFO | VERIFY FINAL | success=False | reason=TITLE_UNAVAILABLE | title_ok=False | address_ok=False | input_title='DAKLAK HOMESTAY' | maps_title='' | input_address='Lê Thị Riêng Ea Tam, Ea Kao, Đắk Lắk, Việt Nam' | maps_address='\ue52e' | url='https://www.google.com/maps/place/Lasan+Homestay/data=!4m7!3m6!1s0x31721df7831d8d4f:0xfa7857ff241b60c8!8m2!3d12.6549756!4d108.0316621!16s/g/11pv6tks37!19sChIJT40dg_cdcjERyGAbJP9XePo?authuser=0&hl=vi&g_ep=EgoyMDI2MDkwMi4wIJJjKgBIAVAD&rclk=1'
2026-09-08 08:25:17,200 | INFO | Navigation start | attempt=1/3 | timeout=15000ms | url=https://www.google.com/maps/place/Buôn+Lê+xã+liên+Sơn+Lắk+Đắk+Lắk/data=!4m7!3m6!1s0x31718f0067ba3f21:0x2f25f2003e40f422!8m2!3d12.4107492!4d108.1694498!16s/g/11z13fy5p6!19sChIJIT-6ZwCPcTERIvRAPgDyJS8?authuser=0&hl=vi&g_ep=EgoyMDI2MDkwMi4wIJJjKgBIAVAD&rclk=1
2026-09-08 08:25:17,397 | INFO | Navigation success | attempt=1/3 | 0.20s | url=https://www.google.com/maps/place/Buôn+Lê+xã+liên+Sơn+Lắk+Đắk+Lắk/data=!4m7!3m6!1s0x31718f0067ba3f21:0x2f25f2003e40f422!8m2!3d12.4107492!4d108.1694498!16s/g/11z13fy5p6!19sChIJIT-6ZwCPcTERIvRAPgDyJS8?authuser=0&hl=vi&g_ep=EgoyMDI2MDkwMi4wIJJjKgBIAVAD&rclk=1
2026-09-08 08:25:18,570 | INFO | VERIFY CANDIDATE | input_title='DAKLAK HOMESTAY' | actual_title='' | input_address='Lê Thị Riêng Ea Tam, Ea Kao, Đắk Lắk, Việt Nam' | actual_address='\ue52e' | url='https://www.google.com/maps/place/Bu%C3%B4n+L%C3%AA+x%C3%A3+li%C3%AAn+S%C6%A1n+L%E1%BA%AFk+%C4%90%E1%BA%AFk+L%E1%BA%AFk/data=!4m7!3m6!1s0x31718f0067ba3f21:0x2f25f2003e40f422!8m2!3d12.4107492!4d108.1694498!16s/g/11z13fy5p6!19sChIJIT-6ZwCPcTERIvRAPgDyJS8?authuser=0&hl=vi&g_ep=EgoyMDI2MDkwMi4wIJJjKgBIAVAD&rclk=1' | coordinates=(12.4107492, 108.1)
2026-09-08 08:25:18,573 | INFO | VERIFY FINAL | success=False | reason=TITLE_UNAVAILABLE | title_ok=False | address_ok=False | input_title='DAKLAK HOMESTAY' | maps_title='' | input_address='Lê Thị Riêng Ea Tam, Ea Kao, Đắk Lắk, Việt Nam' | maps_address='\ue52e' | url='https://www.google.com/maps/place/Bu%C3%B4n+L%C3%AA+x%C3%A3+li%C3%AAn+S%C6%A1n+L%E1%BA%AFk+%C4%90%E1%BA%AFk+L%E1%BA%AFk/data=!4m7!3m6!1s0x31718f0067ba3f21:0x2f25f2003e40f422!8m2!3d12.4107492!4d108.1694498!16s/g/11z13fy5p6!19sChIJIT-6ZwCPcTERIvRAPgDyJS8?authuser=0&hl=vi&g_ep=EgoyMDI2MDkwMi4wIJJjKgBIAVAD&rclk=1'
2026-09-08 08:25:18,574 | INFO | Navigation start | attempt=1/3 | timeout=15000ms | url=https://www.google.com/maps/place/Lá+Homestay+Đăk+Mil/data=!4m7!3m6!1s0x3171ef0a257093b5:0xdac9e72f73675416!8m2!3d12.7100116!4d108.2377519!16s/g/11vsrt3x7y!19sChIJtZNwJQrvcTERFlRncy_nydo?authuser=0&hl=vi&g_ep=EgoyMDI2MDkwMi4wIJJjKgBIAVAD&rclk=1
2026-09-08 08:25:18,789 | INFO | Navigation success | attempt=1/3 | 0.21s | url=https://www.google.com/maps/place/Lá+Homestay+Đăk+Mil/data=!4m7!3m6!1s0x3171ef0a257093b5:0xdac9e72f73675416!8m2!3d12.7100116!4d108.2377519!16s/g/11vsrt3x7y!19sChIJtZNwJQrvcTERFlRncy_nydo?authuser=0&hl=vi&g_ep=EgoyMDI2MDkwMi4wIJJjKgBIAVAD&rclk=1
2026-09-08 08:25:20,066 | INFO | VERIFY CANDIDATE | input_title='DAKLAK HOMESTAY' | actual_title='' | input_address='Lê Thị Riêng Ea Tam, Ea Kao, Đắk Lắk, Việt Nam' | actual_address='\ue52e' | url='https://www.google.com/maps/place/L%C3%A1+Homestay+%C4%90%C4%83k+Mil/data=!4m7!3m6!1s0x3171ef0a257093b5:0xdac9e72f73675416!8m2!3d12.7100116!4d108.2377519!16s/g/11vsrt3x7y!19sChIJtZNwJQrvcTERFlRncy_nydo?authuser=0&hl=vi&g_ep=EgoyMDI2MDkwMi4wIJJjKgBIAVAD&rclk=1' | coordinates=(12.7100116, 108.2)
2026-09-08 08:25:20,069 | INFO | VERIFY FINAL | success=False | reason=TITLE_UNAVAILABLE | title_ok=False | address_ok=False | input_title='DAKLAK HOMESTAY' | maps_title='' | input_address='Lê Thị Riêng Ea Tam, Ea Kao, Đắk Lắk, Việt Nam' | maps_address='\ue52e' | url='https://www.google.com/maps/place/L%C3%A1+Homestay+%C4%90%C4%83k+Mil/data=!4m7!3m6!1s0x3171ef0a257093b5:0xdac9e72f73675416!8m2!3d12.7100116!4d108.2377519!16s/g/11vsrt3x7y!19sChIJtZNwJQrvcTERFlRncy_nydo?authuser=0&hl=vi&g_ep=EgoyMDI2MDkwMi4wIJJjKgBIAVAD&rclk=1'
2026-09-08 08:25:20,069 | INFO | Navigation start | attempt=1/3 | timeout=15000ms | url=https://www.google.com/maps/place/An+Land+Garden+Homestay/data=!4m10!3m9!1s0x31721d52b28c59df:0x7e4945cc393a717!5m2!4m1!1i2!8m2!3d12.6549786!4d108.0288926!16s/g/11y96fmvsz!19sChIJ31mMslIdcjERF6eTw1yU5Ac?authuser=0&hl=vi&g_ep=EgoyMDI2MDkwMi4wIJJjKgBIAVAD&rclk=1
2026-09-08 08:25:20,282 | INFO | Navigation success | attempt=1/3 | 0.21s | url=https://www.google.com/maps/place/An+Land+Garden+Homestay/data=!4m10!3m9!1s0x31721d52b28c59df:0x7e4945cc393a717!5m2!4m1!1i2!8m2!3d12.6549786!4d108.0288926!16s/g/11y96fmvsz!19sChIJ31mMslIdcjERF6eTw1yU5Ac?authuser=0&hl=vi&g_ep=EgoyMDI2MDkwMi4wIJJjKgBIAVAD&rclk=1
2026-09-08 08:25:21,366 | INFO | VERIFY CANDIDATE | input_title='DAKLAK HOMESTAY' | actual_title='' | input_address='Lê Thị Riêng Ea Tam, Ea Kao, Đắk Lắk, Việt Nam' | actual_address='\ue52e' | url='https://www.google.com/maps/place/An+Land+Garden+Homestay/data=!4m10!3m9!1s0x31721d52b28c59df:0x7e4945cc393a717!5m2!4m1!1i2!8m2!3d12.6549786!4d108.0288926!16s/g/11y96fmvsz!19sChIJ31mMslIdcjERF6eTw1yU5Ac?authuser=0&hl=vi&g_ep=EgoyMDI2MDkwMi4wIJJjKgBIAVAD&rclk=1' | coordinates=(12.6549786, 108.0)
2026-09-08 08:25:21,369 | INFO | VERIFY FINAL | success=False | reason=TITLE_UNAVAILABLE | title_ok=False | address_ok=False | input_title='DAKLAK HOMESTAY' | maps_title='' | input_address='Lê Thị Riêng Ea Tam, Ea Kao, Đắk Lắk, Việt Nam' | maps_address='\ue52e' | url='https://www.google.com/maps/place/An+Land+Garden+Homestay/data=!4m10!3m9!1s0x31721d52b28c59df:0x7e4945cc393a717!5m2!4m1!1i2!8m2!3d12.6549786!4d108.0288926!16s/g/11y96fmvsz!19sChIJ31mMslIdcjERF6eTw1yU5Ac?authuser=0&hl=vi&g_ep=EgoyMDI2MDkwMi4wIJJjKgBIAVAD&rclk=1'
2026-09-08 08:25:21,369 | INFO | Navigation start | attempt=1/3 | timeout=15000ms | url=https://www.google.com/maps/place/Buôn+Ma+Thuột+Homestay/data=!4m7!3m6!1s0x3171f741f482b77d:0x97c6e0ce5904fa92!8m2!3d12.7115627!4d108.0866073!16s/g/11fvtdt7dx!19sChIJfbeC9EH3cTERkvoEWc7gxpc?authuser=0&hl=vi&g_ep=EgoyMDI2MDkwMi4wIJJjKgBIAVAD&rclk=1
2026-09-08 08:25:21,564 | INFO | Navigation success | attempt=1/3 | 0.20s | url=https://www.google.com/maps/place/Buôn+Ma+Thuột+Homestay/data=!4m7!3m6!1s0x3171f741f482b77d:0x97c6e0ce5904fa92!8m2!3d12.7115627!4d108.0866073!16s/g/11fvtdt7dx!19sChIJfbeC9EH3cTERkvoEWc7gxpc?authuser=0&hl=vi&g_ep=EgoyMDI2MDkwMi4wIJJjKgBIAVAD&rclk=1
2026-09-08 08:25:22,574 | INFO | VERIFY CANDIDATE | input_title='DAKLAK HOMESTAY' | actual_title='' | input_address='Lê Thị Riêng Ea Tam, Ea Kao, Đắk Lắk, Việt Nam' | actual_address='\ue52e' | url='https://www.google.com/maps/place/Bu%C3%B4n+Ma+Thu%E1%BB%99t+Homestay/data=!4m7!3m6!1s0x3171f741f482b77d:0x97c6e0ce5904fa92!8m2!3d12.7115627!4d108.0866073!16s/g/11fvtdt7dx!19sChIJfbeC9EH3cTERkvoEWc7gxpc?authuser=0&hl=vi&g_ep=EgoyMDI2MDkwMi4wIJJjKgBIAVAD&rclk=1' | coordinates=(12.7115627, 108.0)
2026-09-08 08:25:22,580 | INFO | VERIFY FINAL | success=False | reason=TITLE_UNAVAILABLE | title_ok=False | address_ok=False | input_title='DAKLAK HOMESTAY' | maps_title='' | input_address='Lê Thị Riêng Ea Tam, Ea Kao, Đắk Lắk, Việt Nam' | maps_address='\ue52e' | url='https://www.google.com/maps/place/Bu%C3%B4n+Ma+Thu%E1%BB%99t+Homestay/data=!4m7!3m6!1s0x3171f741f482b77d:0x97c6e0ce5904fa92!8m2!3d12.7115627!4d108.0866073!16s/g/11fvtdt7dx!19sChIJfbeC9EH3cTERkvoEWc7gxpc?authuser=0&hl=vi&g_ep=EgoyMDI2MDkwMi4wIJJjKgBIAVAD&rclk=1'
2026-09-08 08:25:22,580 | INFO | Navigation start | attempt=1/3 | timeout=15000ms | url=https://www.google.com/maps/place/Vườn+Chuối+Homestay/data=!4m7!3m6!1s0x31721d003551dbe1:0xdb28ed11223fc750!8m2!3d12.6558562!4d108.0320483!16s/g/11z41lq925!19sChIJ4dtRNQAdcjERUMc_IhHtKNs?authuser=0&hl=vi&g_ep=EgoyMDI2MDkwMi4wIJJjKgBIAVAD&rclk=1
2026-09-08 08:25:22,775 | INFO | Navigation success | attempt=1/3 | 0.19s | url=https://www.google.com/maps/place/Vườn+Chuối+Homestay/data=!4m7!3m6!1s0x31721d003551dbe1:0xdb28ed11223fc750!8m2!3d12.6558562!4d108.0320483!16s/g/11z41lq925!19sChIJ4dtRNQAdcjERUMc_IhHtKNs?authuser=0&hl=vi&g_ep=EgoyMDI2MDkwMi4wIJJjKgBIAVAD&rclk=1
2026-09-08 08:25:23,733 | INFO | VERIFY CANDIDATE | input_title='DAKLAK HOMESTAY' | actual_title='' | input_address='Lê Thị Riêng Ea Tam, Ea Kao, Đắk Lắk, Việt Nam' | actual_address='\ue52e' | url='https://www.google.com/maps/place/V%C6%B0%E1%BB%9Dn+Chu%E1%BB%91i+Homestay/data=!4m7!3m6!1s0x31721d003551dbe1:0xdb28ed11223fc750!8m2!3d12.6558562!4d108.0320483!16s/g/11z41lq925!19sChIJ4dtRNQAdcjERUMc_IhHtKNs?authuser=0&hl=vi&g_ep=EgoyMDI2MDkwMi4wIJJjKgBIAVAD&rclk=1' | coordinates=(12.6558562, 108.0)
2026-09-08 08:25:23,736 | INFO | VERIFY FINAL | success=False | reason=TITLE_UNAVAILABLE | title_ok=False | address_ok=False | input_title='DAKLAK HOMESTAY' | maps_title='' | input_address='Lê Thị Riêng Ea Tam, Ea Kao, Đắk Lắk, Việt Nam' | maps_address='\ue52e' | url='https://www.google.com/maps/place/V%C6%B0%E1%BB%9Dn+Chu%E1%BB%91i+Homestay/data=!4m7!3m6!1s0x31721d003551dbe1:0xdb28ed11223fc750!8m2!3d12.6558562!4d108.0320483!16s/g/11z41lq925!19sChIJ4dtRNQAdcjERUMc_IhHtKNs?authuser=0&hl=vi&g_ep=EgoyMDI2MDkwMi4wIJJjKgBIAVAD&rclk=1'
2026-09-08 08:25:23,736 | INFO | Navigation start | attempt=1/3 | timeout=15000ms | url=https://www.google.com/maps/place/Homestay+Trung+Em+Eakao/data=!4m7!3m6!1s0x31721f49bbd113fd:0xb6bfd427698c498e!8m2!3d12.6069878!4d108.0342755!16s/g/11j2zbk895!19sChIJ_RPRu0kfcjERjkmMaSfUv7Y?authuser=0&hl=vi&g_ep=EgoyMDI2MDkwMi4wIJJjKgBIAVAD&rclk=1
2026-09-08 08:25:23,939 | INFO | Navigation success | attempt=1/3 | 0.20s | url=https://www.google.com/maps/place/Homestay+Trung+Em+Eakao/data=!4m7!3m6!1s0x31721f49bbd113fd:0xb6bfd427698c498e!8m2!3d12.6069878!4d108.0342755!16s/g/11j2zbk895!19sChIJ_RPRu0kfcjERjkmMaSfUv7Y?authuser=0&hl=vi&g_ep=EgoyMDI2MDkwMi4wIJJjKgBIAVAD&rclk=1
2026-09-08 08:25:25,414 | INFO | VERIFY CANDIDATE | input_title='DAKLAK HOMESTAY' | actual_title='' | input_address='Lê Thị Riêng Ea Tam, Ea Kao, Đắk Lắk, Việt Nam' | actual_address='\ue52e' | url='https://www.google.com/maps/place/Homestay+Trung+Em+Eakao/data=!4m7!3m6!1s0x31721f49bbd113fd:0xb6bfd427698c498e!8m2!3d12.6069878!4d108.0342755!16s/g/11j2zbk895!19sChIJ_RPRu0kfcjERjkmMaSfUv7Y?authuser=0&hl=vi&g_ep=EgoyMDI2MDkwMi4wIJJjKgBIAVAD&rclk=1' | coordinates=(12.6069878, 108.0)
2026-09-08 08:25:25,418 | INFO | VERIFY FINAL | success=False | reason=TITLE_UNAVAILABLE | title_ok=False | address_ok=False | input_title='DAKLAK HOMESTAY' | maps_title='' | input_address='Lê Thị Riêng Ea Tam, Ea Kao, Đắk Lắk, Việt Nam' | maps_address='\ue52e' | url='https://www.google.com/maps/place/Homestay+Trung+Em+Eakao/data=!4m7!3m6!1s0x31721f49bbd113fd:0xb6bfd427698c498e!8m2!3d12.6069878!4d108.0342755!16s/g/11j2zbk895!19sChIJ_RPRu0kfcjERjkmMaSfUv7Y?authuser=0&hl=vi&g_ep=EgoyMDI2MDkwMi4wIJJjKgBIAVAD&rclk=1'
2026-09-08 08:25:25,418 | INFO | Navigation start | attempt=1/3 | timeout=15000ms | url=https://www.google.com/maps/place/Xanh+Homestay+Buôn+Ma+Thuột/data=!4m10!3m9!1s0x31721fe36b928963:0xab4ed29621cf5db3!5m2!4m1!1i2!8m2!3d12.6069779!4d108.0347034!16s/g/11ntkq7_cy!19sChIJY4mSa-MfcjERs13PIZbSTqs?authuser=0&hl=vi&g_ep=EgoyMDI2MDkwMi4wIJJjKgBIAVAD&rclk=1
2026-09-08 08:25:25,637 | INFO | Navigation success | attempt=1/3 | 0.22s | url=https://www.google.com/maps/place/Xanh+Homestay+Buôn+Ma+Thuột/data=!4m10!3m9!1s0x31721fe36b928963:0xab4ed29621cf5db3!5m2!4m1!1i2!8m2!3d12.6069779!4d108.0347034!16s/g/11ntkq7_cy!19sChIJY4mSa-MfcjERs13PIZbSTqs?authuser=0&hl=vi&g_ep=EgoyMDI2MDkwMi4wIJJjKgBIAVAD&rclk=1
2026-09-08 08:25:27,313 | INFO | VERIFY CANDIDATE | input_title='DAKLAK HOMESTAY' | actual_title='' | input_address='Lê Thị Riêng Ea Tam, Ea Kao, Đắk Lắk, Việt Nam' | actual_address='\ue52e' | url='https://www.google.com/maps/place/Xanh+Homestay+Bu%C3%B4n+Ma+Thu%E1%BB%99t/data=!4m10!3m9!1s0x31721fe36b928963:0xab4ed29621cf5db3!5m2!4m1!1i2!8m2!3d12.6069779!4d108.0347034!16s/g/11ntkq7_cy!19sChIJY4mSa-MfcjERs13PIZbSTqs?authuser=0&hl=vi&g_ep=EgoyMDI2MDkwMi4wIJJjKgBIAVAD&rclk=1' | coordinates=(12.6069779, 108.0)
2026-09-08 08:25:27,317 | INFO | VERIFY FINAL | success=False | reason=TITLE_UNAVAILABLE | title_ok=False | address_ok=False | input_title='DAKLAK HOMESTAY' | maps_title='' | input_address='Lê Thị Riêng Ea Tam, Ea Kao, Đắk Lắk, Việt Nam' | maps_address='\ue52e' | url='https://www.google.com/maps/place/Xanh+Homestay+Bu%C3%B4n+Ma+Thu%E1%BB%99t/data=!4m10!3m9!1s0x31721fe36b928963:0xab4ed29621cf5db3!5m2!4m1!1i2!8m2!3d12.6069779!4d108.0347034!16s/g/11ntkq7_cy!19sChIJY4mSa-MfcjERs13PIZbSTqs?authuser=0&hl=vi&g_ep=EgoyMDI2MDkwMi4wIJJjKgBIAVAD&rclk=1'
2026-09-08 08:25:27,317 | INFO | Navigation start | attempt=1/3 | timeout=15000ms | url=https://www.google.com/maps/place/Nhà+Bên+Hồ+Eakao/data=!4m7!3m6!1s0x3171f5e1208a7ae3:0x961ac6af76cda89!8m2!3d12.614339!4d108.0644902!16s/g/11vhsb2bfd!19sChIJ43qKIOH1cTERidps92qsYQk?authuser=0&hl=vi&g_ep=EgoyMDI2MDkwMi4wIJJjKgBIAVAD&rclk=1
2026-09-08 08:25:27,511 | INFO | Navigation success | attempt=1/3 | 0.19s | url=https://www.google.com/maps/place/Nhà+Bên+Hồ+Eakao/data=!4m7!3m6!1s0x3171f5e1208a7ae3:0x961ac6af76cda89!8m2!3d12.614339!4d108.0644902!16s/g/11vhsb2bfd!19sChIJ43qKIOH1cTERidps92qsYQk?authuser=0&hl=vi&g_ep=EgoyMDI2MDkwMi4wIJJjKgBIAVAD&rclk=1
2026-09-08 08:25:28,382 | INFO | VERIFY CANDIDATE | input_title='DAKLAK HOMESTAY' | actual_title='' | input_address='Lê Thị Riêng Ea Tam, Ea Kao, Đắk Lắk, Việt Nam' | actual_address='\ue52e' | url='https://www.google.com/maps/place/Nh%C3%A0+B%C3%AAn+H%E1%BB%93+Eakao/data=!4m7!3m6!1s0x3171f5e1208a7ae3:0x961ac6af76cda89!8m2!3d12.614339!4d108.0644902!16s/g/11vhsb2bfd!19sChIJ43qKIOH1cTERidps92qsYQk?authuser=0&hl=vi&g_ep=EgoyMDI2MDkwMi4wIJJjKgBIAVAD&rclk=1' | coordinates=(12.614339, 108.0)
2026-09-08 08:25:28,385 | INFO | VERIFY FINAL | success=False | reason=TITLE_UNAVAILABLE | title_ok=False | address_ok=False | input_title='DAKLAK HOMESTAY' | maps_title='' | input_address='Lê Thị Riêng Ea Tam, Ea Kao, Đắk Lắk, Việt Nam' | maps_address='\ue52e' | url='https://www.google.com/maps/place/Nh%C3%A0+B%C3%AAn+H%E1%BB%93+Eakao/data=!4m7!3m6!1s0x3171f5e1208a7ae3:0x961ac6af76cda89!8m2!3d12.614339!4d108.0644902!16s/g/11vhsb2bfd!19sChIJ43qKIOH1cTERidps92qsYQk?authuser=0&hl=vi&g_ep=EgoyMDI2MDkwMi4wIJJjKgBIAVAD&rclk=1'
2026-09-08 08:25:28,385 | INFO | Navigation start | attempt=1/3 | timeout=15000ms | url=https://www.google.com/maps/place/Nhà+Bên+Hồ+Ea+Cuôr+Kắp/data=!4m10!3m9!1s0x3171f16cfd586671:0xed973e28b26be0fb!5m2!4m1!1i2!8m2!3d12.6492625!4d108.1459401!16s/g/11ptsj72l_!19sChIJcWZY_WzxcTER--Brsig-l-0?authuser=0&hl=vi&g_ep=EgoyMDI2MDkwMi4wIJJjKgBIAVAD&rclk=1
2026-09-08 08:25:28,631 | INFO | Navigation success | attempt=1/3 | 0.25s | url=https://www.google.com/maps/place/Nhà+Bên+Hồ+Ea+Cuôr+Kắp/data=!4m10!3m9!1s0x3171f16cfd586671:0xed973e28b26be0fb!5m2!4m1!1i2!8m2!3d12.6492625!4d108.1459401!16s/g/11ptsj72l_!19sChIJcWZY_WzxcTER--Brsig-l-0?authuser=0&hl=vi&g_ep=EgoyMDI2MDkwMi4wIJJjKgBIAVAD&rclk=1
2026-09-08 08:25:29,869 | INFO | VERIFY CANDIDATE | input_title='DAKLAK HOMESTAY' | actual_title='' | input_address='Lê Thị Riêng Ea Tam, Ea Kao, Đắk Lắk, Việt Nam' | actual_address='\ue52e' | url='https://www.google.com/maps/place/Nh%C3%A0+B%C3%AAn+H%E1%BB%93+Ea+Cu%C3%B4r+K%E1%BA%AFp/data=!4m10!3m9!1s0x3171f16cfd586671:0xed973e28b26be0fb!5m2!4m1!1i2!8m2!3d12.6492625!4d108.1459401!16s/g/11ptsj72l_!19sChIJcWZY_WzxcTER--Brsig-l-0?authuser=0&hl=vi&g_ep=EgoyMDI2MDkwMi4wIJJjKgBIAVAD&rclk=1' | coordinates=(12.6492625, 108.1)
2026-09-08 08:25:29,872 | INFO | VERIFY FINAL | success=False | reason=TITLE_UNAVAILABLE | title_ok=False | address_ok=False | input_title='DAKLAK HOMESTAY' | maps_title='' | input_address='Lê Thị Riêng Ea Tam, Ea Kao, Đắk Lắk, Việt Nam' | maps_address='\ue52e' | url='https://www.google.com/maps/place/Nh%C3%A0+B%C3%AAn+H%E1%BB%93+Ea+Cu%C3%B4r+K%E1%BA%AFp/data=!4m10!3m9!1s0x3171f16cfd586671:0xed973e28b26be0fb!5m2!4m1!1i2!8m2!3d12.6492625!4d108.1459401!16s/g/11ptsj72l_!19sChIJcWZY_WzxcTER--Brsig-l-0?authuser=0&hl=vi&g_ep=EgoyMDI2MDkwMi4wIJJjKgBIAVAD&rclk=1'
2026-09-08 08:25:29,873 | INFO | Google Maps address search variant 5/12: le thi rieng ea tam, ea kao, đak lak
2026-09-08 08:25:29,873 | INFO | Navigation start | attempt=1/3 | timeout=15000ms | url=https://www.google.com/maps/search/?api=1&query=le%20thi%20rieng%20ea%20tam%2C%20ea%20kao%2C%20%C4%91ak%20lak
2026-09-08 08:25:30,074 | INFO | Navigation success | attempt=1/3 | 0.20s | url=https://www.google.com/maps/search/?api=1&query=le%20thi%20rieng%20ea%20tam%2C%20ea%20kao%2C%20%C4%91ak%20lak
2026-09-08 08:25:39,724 | INFO | Navigation start | attempt=1/3 | timeout=15000ms | url=https://www.google.com/maps/place/Chợ+Ea+Kao/data=!4m7!3m6!1s0x31721f0d2026f303:0x71125dbe82136df1!8m2!3d12.6179516!4d108.0305291!16s/g/11kkjhlwr1!19sChIJA_MmIA0fcjER8W0Tgr5dEnE?authuser=0&hl=vi&g_ep=EgoyMDI2MDkwMi4wIJJjKgBIAVAD&rclk=1
2026-09-08 08:25:39,918 | INFO | Navigation success | attempt=1/3 | 0.19s | url=https://www.google.com/maps/place/Chợ+Ea+Kao/data=!4m7!3m6!1s0x31721f0d2026f303:0x71125dbe82136df1!8m2!3d12.6179516!4d108.0305291!16s/g/11kkjhlwr1!19sChIJA_MmIA0fcjER8W0Tgr5dEnE?authuser=0&hl=vi&g_ep=EgoyMDI2MDkwMi4wIJJjKgBIAVAD&rclk=1
2026-09-08 08:25:40,756 | INFO | VERIFY CANDIDATE | input_title='DAKLAK HOMESTAY' | actual_title='' | input_address='Lê Thị Riêng Ea Tam, Ea Kao, Đắk Lắk, Việt Nam' | actual_address='\ue52e' | url='https://www.google.com/maps/place/Ch%E1%BB%A3+Ea+Kao/data=!4m7!3m6!1s0x31721f0d2026f303:0x71125dbe82136df1!8m2!3d12.6179516!4d108.0305291!16s/g/11kkjhlwr1!19sChIJA_MmIA0fcjER8W0Tgr5dEnE?authuser=0&hl=vi&g_ep=EgoyMDI2MDkwMi4wIJJjKgBIAVAD&rclk=1' | coordinates=(12.6179516, 108.0)
2026-09-08 08:25:40,759 | INFO | VERIFY FINAL | success=False | reason=TITLE_UNAVAILABLE | title_ok=False | address_ok=False | input_title='DAKLAK HOMESTAY' | maps_title='' | input_address='Lê Thị Riêng Ea Tam, Ea Kao, Đắk Lắk, Việt Nam' | maps_address='\ue52e' | url='https://www.google.com/maps/place/Ch%E1%BB%A3+Ea+Kao/data=!4m7!3m6!1s0x31721f0d2026f303:0x71125dbe82136df1!8m2!3d12.6179516!4d108.0305291!16s/g/11kkjhlwr1!19sChIJA_MmIA0fcjER8W0Tgr5dEnE?authuser=0&hl=vi&g_ep=EgoyMDI2MDkwMi4wIJJjKgBIAVAD&rclk=1'
2026-09-08 08:25:40,759 | INFO | Navigation start | attempt=1/3 | timeout=15000ms | url=https://www.google.com/maps/place/Đảng+ủy+Phường+Ea+Kao/data=!4m7!3m6!1s0x31721d0050fadb05:0xed7858746fd9903d!8m2!3d12.6585067!4d108.0283287!16s/g/11yg8y7gv1!19sChIJBdv6UAAdcjERPZDZb3RYeO0?authuser=0&hl=vi&g_ep=EgoyMDI2MDkwMi4wIJJjKgBIAVAD&rclk=1
2026-09-08 08:25:40,965 | INFO | Navigation success | attempt=1/3 | 0.21s | url=https://www.google.com/maps/place/Đảng+ủy+Phường+Ea+Kao/data=!4m7!3m6!1s0x31721d0050fadb05:0xed7858746fd9903d!8m2!3d12.6585067!4d108.0283287!16s/g/11yg8y7gv1!19sChIJBdv6UAAdcjERPZDZb3RYeO0?authuser=0&hl=vi&g_ep=EgoyMDI2MDkwMi4wIJJjKgBIAVAD&rclk=1
2026-09-08 08:25:41,641 | INFO | VERIFY CANDIDATE | input_title='DAKLAK HOMESTAY' | actual_title='' | input_address='Lê Thị Riêng Ea Tam, Ea Kao, Đắk Lắk, Việt Nam' | actual_address='\ue52e' | url='https://www.google.com/maps/place/%C4%90%E1%BA%A3ng+%E1%BB%A7y+Ph%C6%B0%E1%BB%9Dng+Ea+Kao/data=!4m7!3m6!1s0x31721d0050fadb05:0xed7858746fd9903d!8m2!3d12.6585067!4d108.0283287!16s/g/11yg8y7gv1!19sChIJBdv6UAAdcjERPZDZb3RYeO0?authuser=0&hl=vi&g_ep=EgoyMDI2MDkwMi4wIJJjKgBIAVAD&rclk=1' | coordinates=(12.6585067, 108.0)
2026-09-08 08:25:41,644 | INFO | VERIFY FINAL | success=False | reason=TITLE_UNAVAILABLE | title_ok=False | address_ok=False | input_title='DAKLAK HOMESTAY' | maps_title='' | input_address='Lê Thị Riêng Ea Tam, Ea Kao, Đắk Lắk, Việt Nam' | maps_address='\ue52e' | url='https://www.google.com/maps/place/%C4%90%E1%BA%A3ng+%E1%BB%A7y+Ph%C6%B0%E1%BB%9Dng+Ea+Kao/data=!4m7!3m6!1s0x31721d0050fadb05:0xed7858746fd9903d!8m2!3d12.6585067!4d108.0283287!16s/g/11yg8y7gv1!19sChIJBdv6UAAdcjERPZDZb3RYeO0?authuser=0&hl=vi&g_ep=EgoyMDI2MDkwMi4wIJJjKgBIAVAD&rclk=1'
2026-09-08 08:25:41,644 | INFO | Navigation start | attempt=1/3 | timeout=15000ms | url=https://www.google.com/maps/place/Công+viên+Văn+hoá+Lê+Thị+Riêng/data=!4m7!3m6!1s0x31752f001ee4e925:0xddaf85dceb45323f!8m2!3d10.7851478!4d106.6647487!16s/g/11hzwy7z2b!19sChIJJenkHgAvdTERPzJF69yFr90?authuser=0&hl=vi&g_ep=EgoyMDI2MDkwMi4wIJJjKgBIAVAD&rclk=1
2026-09-08 08:25:41,864 | INFO | Navigation success | attempt=1/3 | 0.22s | url=https://www.google.com/maps/place/Công+viên+Văn+hoá+Lê+Thị+Riêng/data=!4m7!3m6!1s0x31752f001ee4e925:0xddaf85dceb45323f!8m2!3d10.7851478!4d106.6647487!16s/g/11hzwy7z2b!19sChIJJenkHgAvdTERPzJF69yFr90?authuser=0&hl=vi&g_ep=EgoyMDI2MDkwMi4wIJJjKgBIAVAD&rclk=1
2026-09-08 08:25:43,059 | INFO | VERIFY CANDIDATE | input_title='DAKLAK HOMESTAY' | actual_title='' | input_address='Lê Thị Riêng Ea Tam, Ea Kao, Đắk Lắk, Việt Nam' | actual_address='\ue52e' | url='https://www.google.com/maps/place/C%C3%B4ng+vi%C3%AAn+V%C4%83n+ho%C3%A1+L%C3%AA+Th%E1%BB%8B+Ri%C3%AAng/data=!4m7!3m6!1s0x31752f001ee4e925:0xddaf85dceb45323f!8m2!3d10.7851478!4d106.6647487!16s/g/11hzwy7z2b!19sChIJJenkHgAvdTERPzJF69yFr90?authuser=0&hl=vi&g_ep=EgoyMDI2MDkwMi4wIJJjKgBIAVAD&rclk=1' | coordinates=(10.7851478, 106.6)
2026-09-08 08:25:43,066 | INFO | VERIFY FINAL | success=False | reason=TITLE_UNAVAILABLE | title_ok=False | address_ok=False | input_title='DAKLAK HOMESTAY' | maps_title='' | input_address='Lê Thị Riêng Ea Tam, Ea Kao, Đắk Lắk, Việt Nam' | maps_address='\ue52e' | url='https://www.google.com/maps/place/C%C3%B4ng+vi%C3%AAn+V%C4%83n+ho%C3%A1+L%C3%AA+Th%E1%BB%8B+Ri%C3%AAng/data=!4m7!3m6!1s0x31752f001ee4e925:0xddaf85dceb45323f!8m2!3d10.7851478!4d106.6647487!16s/g/11hzwy7z2b!19sChIJJenkHgAvdTERPzJF69yFr90?authuser=0&hl=vi&g_ep=EgoyMDI2MDkwMi4wIJJjKgBIAVAD&rclk=1'
2026-09-08 08:25:43,067 | INFO | Navigation start | attempt=1/3 | timeout=15000ms | url=https://www.google.com/maps/place/Nghĩa+trang+Ea+Tam/data=!4m7!3m6!1s0x31721dd4fa473401:0x1cba5c8498f732cb!8m2!3d12.6533268!4d108.0326246!16s/g/11j34b_gn7!19sChIJATRH-tQdcjERyzL3mIRcuhw?authuser=0&hl=vi&g_ep=EgoyMDI2MDkwMi4wIJJjKgBIAVAD&rclk=1
2026-09-08 08:25:43,295 | INFO | Navigation success | attempt=1/3 | 0.23s | url=https://www.google.com/maps/place/Nghĩa+trang+Ea+Tam/data=!4m7!3m6!1s0x31721dd4fa473401:0x1cba5c8498f732cb!8m2!3d12.6533268!4d108.0326246!16s/g/11j34b_gn7!19sChIJATRH-tQdcjERyzL3mIRcuhw?authuser=0&hl=vi&g_ep=EgoyMDI2MDkwMi4wIJJjKgBIAVAD&rclk=1
2026-09-08 08:25:44,109 | INFO | VERIFY CANDIDATE | input_title='DAKLAK HOMESTAY' | actual_title='' | input_address='Lê Thị Riêng Ea Tam, Ea Kao, Đắk Lắk, Việt Nam' | actual_address='\ue52e' | url='https://www.google.com/maps/place/Ngh%C4%A9a+trang+Ea+Tam/data=!4m7!3m6!1s0x31721dd4fa473401:0x1cba5c8498f732cb!8m2!3d12.6533268!4d108.0326246!16s/g/11j34b_gn7!19sChIJATRH-tQdcjERyzL3mIRcuhw?authuser=0&hl=vi&g_ep=EgoyMDI2MDkwMi4wIJJjKgBIAVAD&rclk=1' | coordinates=(12.6533268, 108.0)
2026-09-08 08:25:44,112 | INFO | VERIFY FINAL | success=False | reason=TITLE_UNAVAILABLE | title_ok=False | address_ok=False | input_title='DAKLAK HOMESTAY' | maps_title='' | input_address='Lê Thị Riêng Ea Tam, Ea Kao, Đắk Lắk, Việt Nam' | maps_address='\ue52e' | url='https://www.google.com/maps/place/Ngh%C4%A9a+trang+Ea+Tam/data=!4m7!3m6!1s0x31721dd4fa473401:0x1cba5c8498f732cb!8m2!3d12.6533268!4d108.0326246!16s/g/11j34b_gn7!19sChIJATRH-tQdcjERyzL3mIRcuhw?authuser=0&hl=vi&g_ep=EgoyMDI2MDkwMi4wIJJjKgBIAVAD&rclk=1'
2026-09-08 08:25:44,112 | INFO | Navigation start | attempt=1/3 | timeout=15000ms | url=https://www.google.com/maps/place/Áo+dài+TRANG+48+Lê+Thị+Riêng/data=!4m7!3m6!1s0x31721d73976cad6b:0x608bde045bd79839!8m2!3d12.6553478!4d108.0302343!16s/g/11q9m5nl6p!19sChIJa61sl3MdcjEROZjXWwTei2A?authuser=0&hl=vi&g_ep=EgoyMDI2MDkwMi4wIJJjKgBIAVAD&rclk=1
2026-09-08 08:25:44,369 | INFO | Navigation success | attempt=1/3 | 0.26s | url=https://www.google.com/maps/place/Áo+dài+TRANG+48+Lê+Thị+Riêng/data=!4m7!3m6!1s0x31721d73976cad6b:0x608bde045bd79839!8m2!3d12.6553478!4d108.0302343!16s/g/11q9m5nl6p!19sChIJa61sl3MdcjEROZjXWwTei2A?authuser=0&hl=vi&g_ep=EgoyMDI2MDkwMi4wIJJjKgBIAVAD&rclk=1
2026-09-08 08:25:45,514 | INFO | VERIFY CANDIDATE | input_title='DAKLAK HOMESTAY' | actual_title='' | input_address='Lê Thị Riêng Ea Tam, Ea Kao, Đắk Lắk, Việt Nam' | actual_address='\ue52e' | url='https://www.google.com/maps/place/%C3%81o+d%C3%A0i+TRANG+48+L%C3%AA+Th%E1%BB%8B+Ri%C3%AAng/data=!4m7!3m6!1s0x31721d73976cad6b:0x608bde045bd79839!8m2!3d12.6553478!4d108.0302343!16s/g/11q9m5nl6p!19sChIJa61sl3MdcjEROZjXWwTei2A?authuser=0&hl=vi&g_ep=EgoyMDI2MDkwMi4wIJJjKgBIAVAD&rclk=1' | coordinates=(12.6553478, 108.0)
2026-09-08 08:25:45,520 | INFO | VERIFY FINAL | success=False | reason=TITLE_UNAVAILABLE | title_ok=False | address_ok=False | input_title='DAKLAK HOMESTAY' | maps_title='' | input_address='Lê Thị Riêng Ea Tam, Ea Kao, Đắk Lắk, Việt Nam' | maps_address='\ue52e' | url='https://www.google.com/maps/place/%C3%81o+d%C3%A0i+TRANG+48+L%C3%AA+Th%E1%BB%8B+Ri%C3%AAng/data=!4m7!3m6!1s0x31721d73976cad6b:0x608bde045bd79839!8m2!3d12.6553478!4d108.0302343!16s/g/11q9m5nl6p!19sChIJa61sl3MdcjEROZjXWwTei2A?authuser=0&hl=vi&g_ep=EgoyMDI2MDkwMi4wIJJjKgBIAVAD&rclk=1'
2026-09-08 08:25:45,521 | INFO | Navigation start | attempt=1/3 | timeout=15000ms | url=https://www.google.com/maps/place/Ẩm+Thực+Thắng+Bếp/data=!4m7!3m6!1s0x31721d714e74d28b:0x8f1030905548fe2!8m2!3d12.656816!4d108.0289534!16s/g/11ty5yc3t_!19sChIJi9J0TnEdcjER4o9UBQkD8Qg?authuser=0&hl=vi&g_ep=EgoyMDI2MDkwMi4wIJJjKgBIAVAD&rclk=1
2026-09-08 08:25:45,754 | INFO | Navigation success | attempt=1/3 | 0.23s | url=https://www.google.com/maps/place/Ẩm+Thực+Thắng+Bếp/data=!4m7!3m6!1s0x31721d714e74d28b:0x8f1030905548fe2!8m2!3d12.656816!4d108.0289534!16s/g/11ty5yc3t_!19sChIJi9J0TnEdcjER4o9UBQkD8Qg?authuser=0&hl=vi&g_ep=EgoyMDI2MDkwMi4wIJJjKgBIAVAD&rclk=1
2026-09-08 08:25:47,076 | INFO | VERIFY CANDIDATE | input_title='DAKLAK HOMESTAY' | actual_title='' | input_address='Lê Thị Riêng Ea Tam, Ea Kao, Đắk Lắk, Việt Nam' | actual_address='\ue52e' | url='https://www.google.com/maps/place/%E1%BA%A8m+Th%E1%BB%B1c+Th%E1%BA%AFng+B%E1%BA%BFp/data=!4m7!3m6!1s0x31721d714e74d28b:0x8f1030905548fe2!8m2!3d12.656816!4d108.0289534!16s/g/11ty5yc3t_!19sChIJi9J0TnEdcjER4o9UBQkD8Qg?authuser=0&hl=vi&g_ep=EgoyMDI2MDkwMi4wIJJjKgBIAVAD&rclk=1' | coordinates=(12.656816, 108.0)
2026-09-08 08:25:47,086 | INFO | VERIFY FINAL | success=False | reason=TITLE_UNAVAILABLE | title_ok=False | address_ok=False | input_title='DAKLAK HOMESTAY' | maps_title='' | input_address='Lê Thị Riêng Ea Tam, Ea Kao, Đắk Lắk, Việt Nam' | maps_address='\ue52e' | url='https://www.google.com/maps/place/%E1%BA%A8m+Th%E1%BB%B1c+Th%E1%BA%AFng+B%E1%BA%BFp/data=!4m7!3m6!1s0x31721d714e74d28b:0x8f1030905548fe2!8m2!3d12.656816!4d108.0289534!16s/g/11ty5yc3t_!19sChIJi9J0TnEdcjER4o9UBQkD8Qg?authuser=0&hl=vi&g_ep=EgoyMDI2MDkwMi4wIJJjKgBIAVAD&rclk=1'
2026-09-08 08:25:47,086 | INFO | Navigation start | attempt=1/3 | timeout=15000ms | url=https://www.google.com/maps/place/Hồ+bơi+Lucky/data=!4m7!3m6!1s0x31721dd86fa4cd6b:0xdcb0599efc123066!8m2!3d12.6516232!4d108.0313817!16s/g/11f6nf9520!19sChIJa82kb9gdcjERZjAS_J5ZsNw?authuser=0&hl=vi&g_ep=EgoyMDI2MDkwMi4wIJJjKgBIAVAD&rclk=1
2026-09-08 08:25:47,295 | INFO | Navigation success | attempt=1/3 | 0.21s | url=https://www.google.com/maps/place/Hồ+bơi+Lucky/data=!4m7!3m6!1s0x31721dd86fa4cd6b:0xdcb0599efc123066!8m2!3d12.6516232!4d108.0313817!16s/g/11f6nf9520!19sChIJa82kb9gdcjERZjAS_J5ZsNw?authuser=0&hl=vi&g_ep=EgoyMDI2MDkwMi4wIJJjKgBIAVAD&rclk=1
2026-09-08 08:25:48,648 | INFO | VERIFY CANDIDATE | input_title='DAKLAK HOMESTAY' | actual_title='' | input_address='Lê Thị Riêng Ea Tam, Ea Kao, Đắk Lắk, Việt Nam' | actual_address='\ue52e' | url='https://www.google.com/maps/place/H%E1%BB%93+b%C6%A1i+Lucky/data=!4m7!3m6!1s0x31721dd86fa4cd6b:0xdcb0599efc123066!8m2!3d12.6516232!4d108.0313817!16s/g/11f6nf9520!19sChIJa82kb9gdcjERZjAS_J5ZsNw?authuser=0&hl=vi&g_ep=EgoyMDI2MDkwMi4wIJJjKgBIAVAD&rclk=1' | coordinates=(12.6516232, 108.0)
2026-09-08 08:25:48,651 | INFO | VERIFY FINAL | success=False | reason=TITLE_UNAVAILABLE | title_ok=False | address_ok=False | input_title='DAKLAK HOMESTAY' | maps_title='' | input_address='Lê Thị Riêng Ea Tam, Ea Kao, Đắk Lắk, Việt Nam' | maps_address='\ue52e' | url='https://www.google.com/maps/place/H%E1%BB%93+b%C6%A1i+Lucky/data=!4m7!3m6!1s0x31721dd86fa4cd6b:0xdcb0599efc123066!8m2!3d12.6516232!4d108.0313817!16s/g/11f6nf9520!19sChIJa82kb9gdcjERZjAS_J5ZsNw?authuser=0&hl=vi&g_ep=EgoyMDI2MDkwMi4wIJJjKgBIAVAD&rclk=1'
2026-09-08 08:25:48,652 | INFO | Navigation start | attempt=1/3 | timeout=15000ms | url=https://www.google.com/maps/place/Thú+Y+Thế+Giới+Thú+Cưng/data=!4m7!3m6!1s0x31721deb7057810b:0xeb71cdd43aef79be!8m2!3d12.6562103!4d108.0293474!16s/g/11x5jj0tk4!19sChIJC4FXcOsdcjERvnnvOtTNces?authuser=0&hl=vi&g_ep=EgoyMDI2MDkwMi4wIJJjKgBIAVAD&rclk=1
2026-09-08 08:25:48,857 | INFO | Navigation success | attempt=1/3 | 0.21s | url=https://www.google.com/maps/place/Thú+Y+Thế+Giới+Thú+Cưng/data=!4m7!3m6!1s0x31721deb7057810b:0xeb71cdd43aef79be!8m2!3d12.6562103!4d108.0293474!16s/g/11x5jj0tk4!19sChIJC4FXcOsdcjERvnnvOtTNces?authuser=0&hl=vi&g_ep=EgoyMDI2MDkwMi4wIJJjKgBIAVAD&rclk=1
2026-09-08 08:25:50,184 | INFO | VERIFY CANDIDATE | input_title='DAKLAK HOMESTAY' | actual_title='' | input_address='Lê Thị Riêng Ea Tam, Ea Kao, Đắk Lắk, Việt Nam' | actual_address='\ue52e' | url='https://www.google.com/maps/place/Th%C3%BA+Y+Th%E1%BA%BF+Gi%E1%BB%9Bi+Th%C3%BA+C%C6%B0ng/data=!4m7!3m6!1s0x31721deb7057810b:0xeb71cdd43aef79be!8m2!3d12.6562103!4d108.0293474!16s/g/11x5jj0tk4!19sChIJC4FXcOsdcjERvnnvOtTNces?authuser=0&hl=vi&g_ep=EgoyMDI2MDkwMi4wIJJjKgBIAVAD&rclk=1' | coordinates=(12.6562103, 108.0)
2026-09-08 08:25:50,187 | INFO | VERIFY FINAL | success=False | reason=TITLE_UNAVAILABLE | title_ok=False | address_ok=False | input_title='DAKLAK HOMESTAY' | maps_title='' | input_address='Lê Thị Riêng Ea Tam, Ea Kao, Đắk Lắk, Việt Nam' | maps_address='\ue52e' | url='https://www.google.com/maps/place/Th%C3%BA+Y+Th%E1%BA%BF+Gi%E1%BB%9Bi+Th%C3%BA+C%C6%B0ng/data=!4m7!3m6!1s0x31721deb7057810b:0xeb71cdd43aef79be!8m2!3d12.6562103!4d108.0293474!16s/g/11x5jj0tk4!19sChIJC4FXcOsdcjERvnnvOtTNces?authuser=0&hl=vi&g_ep=EgoyMDI2MDkwMi4wIJJjKgBIAVAD&rclk=1'
2026-09-08 08:25:50,188 | INFO | Navigation start | attempt=1/3 | timeout=15000ms | url=https://www.google.com/maps/place/Ăn+vặt+Cô+Duyên/data=!4m7!3m6!1s0x31721deebdaa187f:0x6566748ebe524f47!8m2!3d12.6572093!4d108.031177!16s/g/11rcs9mwrx!19sChIJfxiqve4dcjERR09Svo50ZmU?authuser=0&hl=vi&g_ep=EgoyMDI2MDkwMi4wIJJjKgBIAVAD&rclk=1
2026-09-08 08:25:50,416 | INFO | Navigation success | attempt=1/3 | 0.23s | url=https://www.google.com/maps/place/Ăn+vặt+Cô+Duyên/data=!4m7!3m6!1s0x31721deebdaa187f:0x6566748ebe524f47!8m2!3d12.6572093!4d108.031177!16s/g/11rcs9mwrx!19sChIJfxiqve4dcjERR09Svo50ZmU?authuser=0&hl=vi&g_ep=EgoyMDI2MDkwMi4wIJJjKgBIAVAD&rclk=1
2026-09-08 08:25:51,716 | INFO | VERIFY CANDIDATE | input_title='DAKLAK HOMESTAY' | actual_title='' | input_address='Lê Thị Riêng Ea Tam, Ea Kao, Đắk Lắk, Việt Nam' | actual_address='\ue52e' | url='https://www.google.com/maps/place/%C4%82n+v%E1%BA%B7t+C%C3%B4+Duy%C3%AAn/data=!4m7!3m6!1s0x31721deebdaa187f:0x6566748ebe524f47!8m2!3d12.6572093!4d108.031177!16s/g/11rcs9mwrx!19sChIJfxiqve4dcjERR09Svo50ZmU?authuser=0&hl=vi&g_ep=EgoyMDI2MDkwMi4wIJJjKgBIAVAD&rclk=1' | coordinates=(12.6572093, 108.0)
2026-09-08 08:25:51,719 | INFO | VERIFY FINAL | success=False | reason=TITLE_UNAVAILABLE | title_ok=False | address_ok=False | input_title='DAKLAK HOMESTAY' | maps_title='' | input_address='Lê Thị Riêng Ea Tam, Ea Kao, Đắk Lắk, Việt Nam' | maps_address='\ue52e' | url='https://www.google.com/maps/place/%C4%82n+v%E1%BA%B7t+C%C3%B4+Duy%C3%AAn/data=!4m7!3m6!1s0x31721deebdaa187f:0x6566748ebe524f47!8m2!3d12.6572093!4d108.031177!16s/g/11rcs9mwrx!19sChIJfxiqve4dcjERR09Svo50ZmU?authuser=0&hl=vi&g_ep=EgoyMDI2MDkwMi4wIJJjKgBIAVAD&rclk=1'
2026-09-08 08:25:51,719 | INFO | Navigation start | attempt=1/3 | timeout=15000ms | url=https://www.google.com/maps/place/THE+KING+GARDEN+COFFEE+&+TEA/data=!4m7!3m6!1s0x31721d3fb5069215:0xbd819d9e5eb004e7!8m2!3d12.6555722!4d108.0295793!16s/g/11vzvv50yl!19sChIJFZIGtT8dcjER5wSwXp6dgb0?authuser=0&hl=vi&g_ep=EgoyMDI2MDkwMi4wIJJjKgBIAVAD&rclk=1
2026-09-08 08:25:51,948 | INFO | Navigation success | attempt=1/3 | 0.23s | url=https://www.google.com/maps/place/THE+KING+GARDEN+COFFEE+&+TEA/data=!4m7!3m6!1s0x31721d3fb5069215:0xbd819d9e5eb004e7!8m2!3d12.6555722!4d108.0295793!16s/g/11vzvv50yl!19sChIJFZIGtT8dcjER5wSwXp6dgb0?authuser=0&hl=vi&g_ep=EgoyMDI2MDkwMi4wIJJjKgBIAVAD&rclk=1
2026-09-08 08:25:53,240 | INFO | VERIFY CANDIDATE | input_title='DAKLAK HOMESTAY' | actual_title='' | input_address='Lê Thị Riêng Ea Tam, Ea Kao, Đắk Lắk, Việt Nam' | actual_address='\ue52e' | url='https://www.google.com/maps/place/THE+KING+GARDEN+COFFEE+&+TEA/data=!4m7!3m6!1s0x31721d3fb5069215:0xbd819d9e5eb004e7!8m2!3d12.6555722!4d108.0295793!16s/g/11vzvv50yl!19sChIJFZIGtT8dcjER5wSwXp6dgb0?authuser=0&hl=vi&g_ep=EgoyMDI2MDkwMi4wIJJjKgBIAVAD&rclk=1' | coordinates=(12.6555722, 108.0)
2026-09-08 08:25:53,243 | INFO | VERIFY FINAL | success=False | reason=TITLE_UNAVAILABLE | title_ok=False | address_ok=False | input_title='DAKLAK HOMESTAY' | maps_title='' | input_address='Lê Thị Riêng Ea Tam, Ea Kao, Đắk Lắk, Việt Nam' | maps_address='\ue52e' | url='https://www.google.com/maps/place/THE+KING+GARDEN+COFFEE+&+TEA/data=!4m7!3m6!1s0x31721d3fb5069215:0xbd819d9e5eb004e7!8m2!3d12.6555722!4d108.0295793!16s/g/11vzvv50yl!19sChIJFZIGtT8dcjER5wSwXp6dgb0?authuser=0&hl=vi&g_ep=EgoyMDI2MDkwMi4wIJJjKgBIAVAD&rclk=1'
2026-09-08 08:25:53,244 | INFO | Google Maps address search variant 6/12: ea kao, đak lak
2026-09-08 08:25:53,244 | INFO | Navigation start | attempt=1/3 | timeout=15000ms | url=https://www.google.com/maps/search/?api=1&query=ea%20kao%2C%20%C4%91ak%20lak
2026-09-08 08:25:53,455 | INFO | Navigation success | attempt=1/3 | 0.21s | url=https://www.google.com/maps/search/?api=1&query=ea%20kao%2C%20%C4%91ak%20lak
2026-09-08 08:26:03,698 | INFO | Google Maps address search variant 7/12: DAKLAK HOMESTAY, le thi rieng ea tam, ea kao, đak lak
2026-09-08 08:26:03,698 | INFO | Navigation start | attempt=1/3 | timeout=15000ms | url=https://www.google.com/maps/search/?api=1&query=DAKLAK%20HOMESTAY%2C%20le%20thi%20rieng%20ea%20tam%2C%20ea%20kao%2C%20%C4%91ak%20lak
2026-09-08 08:26:04,243 | INFO | Navigation success | attempt=1/3 | 0.54s | url=https://www.google.com/maps/search/?api=1&query=DAKLAK%20HOMESTAY%2C%20le%20thi%20rieng%20ea%20tam%2C%20ea%20kao%2C%20%C4%91ak%20lak
2026-09-08 08:26:13,862 | INFO | Navigation start | attempt=1/3 | timeout=15000ms | url=https://www.google.com/maps/place/Lasan+Homestay/data=!4m7!3m6!1s0x31721df7831d8d4f:0xfa7857ff241b60c8!8m2!3d12.6549756!4d108.0316621!16s/g/11pv6tks37!19sChIJT40dg_cdcjERyGAbJP9XePo?authuser=0&hl=vi&g_ep=EgoyMDI2MDkwMi4wIJJjKgBIAVAD&rclk=1
2026-09-08 08:26:14,069 | INFO | Navigation success | attempt=1/3 | 0.21s | url=https://www.google.com/maps/place/Lasan+Homestay/data=!4m7!3m6!1s0x31721df7831d8d4f:0xfa7857ff241b60c8!8m2!3d12.6549756!4d108.0316621!16s/g/11pv6tks37!19sChIJT40dg_cdcjERyGAbJP9XePo?authuser=0&hl=vi&g_ep=EgoyMDI2MDkwMi4wIJJjKgBIAVAD&rclk=1
2026-09-08 08:26:15,107 | INFO | VERIFY CANDIDATE | input_title='DAKLAK HOMESTAY' | actual_title='' | input_address='Lê Thị Riêng Ea Tam, Ea Kao, Đắk Lắk, Việt Nam' | actual_address='\ue52e' | url='https://www.google.com/maps/place/Lasan+Homestay/data=!4m7!3m6!1s0x31721df7831d8d4f:0xfa7857ff241b60c8!8m2!3d12.6549756!4d108.0316621!16s/g/11pv6tks37!19sChIJT40dg_cdcjERyGAbJP9XePo?authuser=0&hl=vi&g_ep=EgoyMDI2MDkwMi4wIJJjKgBIAVAD&rclk=1' | coordinates=(12.6549756, 108.0)
2026-09-08 08:26:15,119 | INFO | VERIFY FINAL | success=False | reason=TITLE_UNAVAILABLE | title_ok=False | address_ok=False | input_title='DAKLAK HOMESTAY' | maps_title='' | input_address='Lê Thị Riêng Ea Tam, Ea Kao, Đắk Lắk, Việt Nam' | maps_address='\ue52e' | url='https://www.google.com/maps/place/Lasan+Homestay/data=!4m7!3m6!1s0x31721df7831d8d4f:0xfa7857ff241b60c8!8m2!3d12.6549756!4d108.0316621!16s/g/11pv6tks37!19sChIJT40dg_cdcjERyGAbJP9XePo?authuser=0&hl=vi&g_ep=EgoyMDI2MDkwMi4wIJJjKgBIAVAD&rclk=1'
2026-09-08 08:26:15,122 | INFO | Navigation start | attempt=1/3 | timeout=15000ms | url=https://www.google.com/maps/place/DuGiang+Homestay/data=!4m10!3m9!1s0x3171f573ce177f49:0xe3450bccefff1d65!5m2!4m1!1i2!8m2!3d12.5926563!4d108.0756274!16s/g/11q3sr683j!19sChIJSX8XznP1cTERZR3_78wLReM?authuser=0&hl=vi&g_ep=EgoyMDI2MDkwMi4wIJJjKgBIAVAD&rclk=1
2026-09-08 08:26:15,338 | INFO | Navigation success | attempt=1/3 | 0.22s | url=https://www.google.com/maps/place/DuGiang+Homestay/data=!4m10!3m9!1s0x3171f573ce177f49:0xe3450bccefff1d65!5m2!4m1!1i2!8m2!3d12.5926563!4d108.0756274!16s/g/11q3sr683j!19sChIJSX8XznP1cTERZR3_78wLReM?authuser=0&hl=vi&g_ep=EgoyMDI2MDkwMi4wIJJjKgBIAVAD&rclk=1
2026-09-08 08:26:16,824 | INFO | VERIFY CANDIDATE | input_title='DAKLAK HOMESTAY' | actual_title='' | input_address='Lê Thị Riêng Ea Tam, Ea Kao, Đắk Lắk, Việt Nam' | actual_address='\ue52e' | url='https://www.google.com/maps/place/DuGiang+Homestay/data=!4m10!3m9!1s0x3171f573ce177f49:0xe3450bccefff1d65!5m2!4m1!1i2!8m2!3d12.5926563!4d108.0756274!16s/g/11q3sr683j!19sChIJSX8XznP1cTERZR3_78wLReM?authuser=0&hl=vi&g_ep=EgoyMDI2MDkwMi4wIJJjKgBIAVAD&rclk=1' | coordinates=(12.5926563, 108.0)
2026-09-08 08:26:16,827 | INFO | VERIFY FINAL | success=False | reason=TITLE_UNAVAILABLE | title_ok=False | address_ok=False | input_title='DAKLAK HOMESTAY' | maps_title='' | input_address='Lê Thị Riêng Ea Tam, Ea Kao, Đắk Lắk, Việt Nam' | maps_address='\ue52e' | url='https://www.google.com/maps/place/DuGiang+Homestay/data=!4m10!3m9!1s0x3171f573ce177f49:0xe3450bccefff1d65!5m2!4m1!1i2!8m2!3d12.5926563!4d108.0756274!16s/g/11q3sr683j!19sChIJSX8XznP1cTERZR3_78wLReM?authuser=0&hl=vi&g_ep=EgoyMDI2MDkwMi4wIJJjKgBIAVAD&rclk=1'
2026-09-08 08:26:16,827 | INFO | Navigation start | attempt=1/3 | timeout=15000ms | url=https://www.google.com/maps/place/An+Land+Garden+Homestay/data=!4m10!3m9!1s0x31721d52b28c59df:0x7e4945cc393a717!5m2!4m1!1i2!8m2!3d12.6549786!4d108.0288926!16s/g/11y96fmvsz!19sChIJ31mMslIdcjERF6eTw1yU5Ac?authuser=0&hl=vi&g_ep=EgoyMDI2MDkwMi4wIJJjKgBIAVAD&rclk=1
2026-09-08 08:26:17,033 | INFO | Navigation success | attempt=1/3 | 0.21s | url=https://www.google.com/maps/place/An+Land+Garden+Homestay/data=!4m10!3m9!1s0x31721d52b28c59df:0x7e4945cc393a717!5m2!4m1!1i2!8m2!3d12.6549786!4d108.0288926!16s/g/11y96fmvsz!19sChIJ31mMslIdcjERF6eTw1yU5Ac?authuser=0&hl=vi&g_ep=EgoyMDI2MDkwMi4wIJJjKgBIAVAD&rclk=1
2026-09-08 08:26:18,118 | INFO | VERIFY CANDIDATE | input_title='DAKLAK HOMESTAY' | actual_title='' | input_address='Lê Thị Riêng Ea Tam, Ea Kao, Đắk Lắk, Việt Nam' | actual_address='\ue52e' | url='https://www.google.com/maps/place/An+Land+Garden+Homestay/data=!4m10!3m9!1s0x31721d52b28c59df:0x7e4945cc393a717!5m2!4m1!1i2!8m2!3d12.6549786!4d108.0288926!16s/g/11y96fmvsz!19sChIJ31mMslIdcjERF6eTw1yU5Ac?authuser=0&hl=vi&g_ep=EgoyMDI2MDkwMi4wIJJjKgBIAVAD&rclk=1' | coordinates=(12.6549786, 108.0)
2026-09-08 08:26:18,120 | INFO | VERIFY FINAL | success=False | reason=TITLE_UNAVAILABLE | title_ok=False | address_ok=False | input_title='DAKLAK HOMESTAY' | maps_title='' | input_address='Lê Thị Riêng Ea Tam, Ea Kao, Đắk Lắk, Việt Nam' | maps_address='\ue52e' | url='https://www.google.com/maps/place/An+Land+Garden+Homestay/data=!4m10!3m9!1s0x31721d52b28c59df:0x7e4945cc393a717!5m2!4m1!1i2!8m2!3d12.6549786!4d108.0288926!16s/g/11y96fmvsz!19sChIJ31mMslIdcjERF6eTw1yU5Ac?authuser=0&hl=vi&g_ep=EgoyMDI2MDkwMi4wIJJjKgBIAVAD&rclk=1'
2026-09-08 08:26:18,121 | INFO | Navigation start | attempt=1/3 | timeout=15000ms | url=https://www.google.com/maps/place/Vườn+Chuối+Homestay/data=!4m7!3m6!1s0x31721d003551dbe1:0xdb28ed11223fc750!8m2!3d12.6558562!4d108.0320483!16s/g/11z41lq925!19sChIJ4dtRNQAdcjERUMc_IhHtKNs?authuser=0&hl=vi&g_ep=EgoyMDI2MDkwMi4wIJJjKgBIAVAD&rclk=1
2026-09-08 08:26:18,379 | INFO | Navigation success | attempt=1/3 | 0.26s | url=https://www.google.com/maps/place/Vườn+Chuối+Homestay/data=!4m7!3m6!1s0x31721d003551dbe1:0xdb28ed11223fc750!8m2!3d12.6558562!4d108.0320483!16s/g/11z41lq925!19sChIJ4dtRNQAdcjERUMc_IhHtKNs?authuser=0&hl=vi&g_ep=EgoyMDI2MDkwMi4wIJJjKgBIAVAD&rclk=1
2026-09-08 08:26:19,176 | INFO | VERIFY CANDIDATE | input_title='DAKLAK HOMESTAY' | actual_title='' | input_address='Lê Thị Riêng Ea Tam, Ea Kao, Đắk Lắk, Việt Nam' | actual_address='\ue52e' | url='https://www.google.com/maps/place/V%C6%B0%E1%BB%9Dn+Chu%E1%BB%91i+Homestay/data=!4m7!3m6!1s0x31721d003551dbe1:0xdb28ed11223fc750!8m2!3d12.6558562!4d108.0320483!16s/g/11z41lq925!19sChIJ4dtRNQAdcjERUMc_IhHtKNs?authuser=0&hl=vi&g_ep=EgoyMDI2MDkwMi4wIJJjKgBIAVAD&rclk=1' | coordinates=(12.6558562, 108.0)
2026-09-08 08:26:19,180 | INFO | VERIFY FINAL | success=False | reason=TITLE_UNAVAILABLE | title_ok=False | address_ok=False | input_title='DAKLAK HOMESTAY' | maps_title='' | input_address='Lê Thị Riêng Ea Tam, Ea Kao, Đắk Lắk, Việt Nam' | maps_address='\ue52e' | url='https://www.google.com/maps/place/V%C6%B0%E1%BB%9Dn+Chu%E1%BB%91i+Homestay/data=!4m7!3m6!1s0x31721d003551dbe1:0xdb28ed11223fc750!8m2!3d12.6558562!4d108.0320483!16s/g/11z41lq925!19sChIJ4dtRNQAdcjERUMc_IhHtKNs?authuser=0&hl=vi&g_ep=EgoyMDI2MDkwMi4wIJJjKgBIAVAD&rclk=1'
2026-09-08 08:26:19,180 | INFO | Navigation start | attempt=1/3 | timeout=15000ms | url=https://www.google.com/maps/place/S+Phượt+Ban+Mê+Homestay/data=!4m10!3m9!1s0x31721dc211d650c9:0x607c858de3454e04!5m2!4m1!1i2!8m2!3d12.6523197!4d108.0235188!16s/g/11f_0t032b!19sChIJyVDWEcIdcjERBE5F442FfGA?authuser=0&hl=vi&g_ep=EgoyMDI2MDkwMi4wIJJjKgBIAVAD&rclk=1
2026-09-08 08:26:19,412 | INFO | Navigation success | attempt=1/3 | 0.23s | url=https://www.google.com/maps/place/S+Phượt+Ban+Mê+Homestay/data=!4m10!3m9!1s0x31721dc211d650c9:0x607c858de3454e04!5m2!4m1!1i2!8m2!3d12.6523197!4d108.0235188!16s/g/11f_0t032b!19sChIJyVDWEcIdcjERBE5F442FfGA?authuser=0&hl=vi&g_ep=EgoyMDI2MDkwMi4wIJJjKgBIAVAD&rclk=1
2026-09-08 08:26:20,767 | INFO | VERIFY CANDIDATE | input_title='DAKLAK HOMESTAY' | actual_title='' | input_address='Lê Thị Riêng Ea Tam, Ea Kao, Đắk Lắk, Việt Nam' | actual_address='\ue52e' | url='https://www.google.com/maps/place/S+Ph%C6%B0%E1%BB%A3t+Ban+M%C3%AA+Homestay/data=!4m10!3m9!1s0x31721dc211d650c9:0x607c858de3454e04!5m2!4m1!1i2!8m2!3d12.6523197!4d108.0235188!16s/g/11f_0t032b!19sChIJyVDWEcIdcjERBE5F442FfGA?authuser=0&hl=vi&g_ep=EgoyMDI2MDkwMi4wIJJjKgBIAVAD&rclk=1' | coordinates=(12.6523197, 108.0)
2026-09-08 08:26:20,771 | INFO | VERIFY FINAL | success=False | reason=TITLE_UNAVAILABLE | title_ok=False | address_ok=False | input_title='DAKLAK HOMESTAY' | maps_title='' | input_address='Lê Thị Riêng Ea Tam, Ea Kao, Đắk Lắk, Việt Nam' | maps_address='\ue52e' | url='https://www.google.com/maps/place/S+Ph%C6%B0%E1%BB%A3t+Ban+M%C3%AA+Homestay/data=!4m10!3m9!1s0x31721dc211d650c9:0x607c858de3454e04!5m2!4m1!1i2!8m2!3d12.6523197!4d108.0235188!16s/g/11f_0t032b!19sChIJyVDWEcIdcjERBE5F442FfGA?authuser=0&hl=vi&g_ep=EgoyMDI2MDkwMi4wIJJjKgBIAVAD&rclk=1'
2026-09-08 08:26:20,771 | INFO | Navigation start | attempt=1/3 | timeout=15000ms | url=https://www.google.com/maps/place/Trốn+Homestay+&+Cinema/data=!4m7!3m6!1s0x31721d249f80fd8b:0x75e0b6647127170b!8m2!3d12.6607919!4d108.0440959!16s/g/11vj7r_n7p!19sChIJi_2AnyQdcjERCxcncWS24HU?authuser=0&hl=vi&g_ep=EgoyMDI2MDkwMi4wIJJjKgBIAVAD&rclk=1
2026-09-08 08:26:20,997 | INFO | Navigation success | attempt=1/3 | 0.23s | url=https://www.google.com/maps/place/Trốn+Homestay+&+Cinema/data=!4m7!3m6!1s0x31721d249f80fd8b:0x75e0b6647127170b!8m2!3d12.6607919!4d108.0440959!16s/g/11vj7r_n7p!19sChIJi_2AnyQdcjERCxcncWS24HU?authuser=0&hl=vi&g_ep=EgoyMDI2MDkwMi4wIJJjKgBIAVAD&rclk=1
2026-09-08 08:26:22,322 | INFO | VERIFY CANDIDATE | input_title='DAKLAK HOMESTAY' | actual_title='' | input_address='Lê Thị Riêng Ea Tam, Ea Kao, Đắk Lắk, Việt Nam' | actual_address='\ue52e' | url='https://www.google.com/maps/place/Tr%E1%BB%91n+Homestay+&+Cinema/data=!4m7!3m6!1s0x31721d249f80fd8b:0x75e0b6647127170b!8m2!3d12.6607919!4d108.0440959!16s/g/11vj7r_n7p!19sChIJi_2AnyQdcjERCxcncWS24HU?authuser=0&hl=vi&g_ep=EgoyMDI2MDkwMi4wIJJjKgBIAVAD&rclk=1' | coordinates=(12.6607919, 108.0)
2026-09-08 08:26:22,325 | INFO | VERIFY FINAL | success=False | reason=TITLE_UNAVAILABLE | title_ok=False | address_ok=False | input_title='DAKLAK HOMESTAY' | maps_title='' | input_address='Lê Thị Riêng Ea Tam, Ea Kao, Đắk Lắk, Việt Nam' | maps_address='\ue52e' | url='https://www.google.com/maps/place/Tr%E1%BB%91n+Homestay+&+Cinema/data=!4m7!3m6!1s0x31721d249f80fd8b:0x75e0b6647127170b!8m2!3d12.6607919!4d108.0440959!16s/g/11vj7r_n7p!19sChIJi_2AnyQdcjERCxcncWS24HU?authuser=0&hl=vi&g_ep=EgoyMDI2MDkwMi4wIJJjKgBIAVAD&rclk=1'
2026-09-08 08:26:22,326 | INFO | Navigation start | attempt=1/3 | timeout=15000ms | url=https://www.google.com/maps/place/Homestay+Trung+Em+Eakao/data=!4m7!3m6!1s0x31721f49bbd113fd:0xb6bfd427698c498e!8m2!3d12.6069878!4d108.0342755!16s/g/11j2zbk895!19sChIJ_RPRu0kfcjERjkmMaSfUv7Y?authuser=0&hl=vi&g_ep=EgoyMDI2MDkwMi4wIJJjKgBIAVAD&rclk=1
2026-09-08 08:26:22,590 | INFO | Navigation success | attempt=1/3 | 0.26s | url=https://www.google.com/maps/place/Homestay+Trung+Em+Eakao/data=!4m7!3m6!1s0x31721f49bbd113fd:0xb6bfd427698c498e!8m2!3d12.6069878!4d108.0342755!16s/g/11j2zbk895!19sChIJ_RPRu0kfcjERjkmMaSfUv7Y?authuser=0&hl=vi&g_ep=EgoyMDI2MDkwMi4wIJJjKgBIAVAD&rclk=1
2026-09-08 08:26:23,767 | INFO | VERIFY CANDIDATE | input_title='DAKLAK HOMESTAY' | actual_title='' | input_address='Lê Thị Riêng Ea Tam, Ea Kao, Đắk Lắk, Việt Nam' | actual_address='\ue52e' | url='https://www.google.com/maps/place/Homestay+Trung+Em+Eakao/data=!4m7!3m6!1s0x31721f49bbd113fd:0xb6bfd427698c498e!8m2!3d12.6069878!4d108.0342755!16s/g/11j2zbk895!19sChIJ_RPRu0kfcjERjkmMaSfUv7Y?authuser=0&hl=vi&g_ep=EgoyMDI2MDkwMi4wIJJjKgBIAVAD&rclk=1' | coordinates=(12.6069878, 108.0)
2026-09-08 08:26:23,773 | INFO | VERIFY FINAL | success=False | reason=TITLE_UNAVAILABLE | title_ok=False | address_ok=False | input_title='DAKLAK HOMESTAY' | maps_title='' | input_address='Lê Thị Riêng Ea Tam, Ea Kao, Đắk Lắk, Việt Nam' | maps_address='\ue52e' | url='https://www.google.com/maps/place/Homestay+Trung+Em+Eakao/data=!4m7!3m6!1s0x31721f49bbd113fd:0xb6bfd427698c498e!8m2!3d12.6069878!4d108.0342755!16s/g/11j2zbk895!19sChIJ_RPRu0kfcjERjkmMaSfUv7Y?authuser=0&hl=vi&g_ep=EgoyMDI2MDkwMi4wIJJjKgBIAVAD&rclk=1'
2026-09-08 08:26:23,779 | INFO | Navigation start | attempt=1/3 | timeout=15000ms | url=https://www.google.com/maps/place/Nhà+Bên+Hồ+Eakao/data=!4m7!3m6!1s0x3171f5e1208a7ae3:0x961ac6af76cda89!8m2!3d12.614339!4d108.0644902!16s/g/11vhsb2bfd!19sChIJ43qKIOH1cTERidps92qsYQk?authuser=0&hl=vi&g_ep=EgoyMDI2MDkwMi4wIJJjKgBIAVAD&rclk=1
2026-09-08 08:26:23,997 | INFO | Navigation success | attempt=1/3 | 0.22s | url=https://www.google.com/maps/place/Nhà+Bên+Hồ+Eakao/data=!4m7!3m6!1s0x3171f5e1208a7ae3:0x961ac6af76cda89!8m2!3d12.614339!4d108.0644902!16s/g/11vhsb2bfd!19sChIJ43qKIOH1cTERidps92qsYQk?authuser=0&hl=vi&g_ep=EgoyMDI2MDkwMi4wIJJjKgBIAVAD&rclk=1
2026-09-08 08:26:25,361 | INFO | VERIFY CANDIDATE | input_title='DAKLAK HOMESTAY' | actual_title='' | input_address='Lê Thị Riêng Ea Tam, Ea Kao, Đắk Lắk, Việt Nam' | actual_address='\ue52e' | url='https://www.google.com/maps/place/Nh%C3%A0+B%C3%AAn+H%E1%BB%93+Eakao/data=!4m7!3m6!1s0x3171f5e1208a7ae3:0x961ac6af76cda89!8m2!3d12.614339!4d108.0644902!16s/g/11vhsb2bfd!19sChIJ43qKIOH1cTERidps92qsYQk?authuser=0&hl=vi&g_ep=EgoyMDI2MDkwMi4wIJJjKgBIAVAD&rclk=1' | coordinates=(12.614339, 108.0)
2026-09-08 08:26:25,365 | INFO | VERIFY FINAL | success=False | reason=TITLE_UNAVAILABLE | title_ok=False | address_ok=False | input_title='DAKLAK HOMESTAY' | maps_title='' | input_address='Lê Thị Riêng Ea Tam, Ea Kao, Đắk Lắk, Việt Nam' | maps_address='\ue52e' | url='https://www.google.com/maps/place/Nh%C3%A0+B%C3%AAn+H%E1%BB%93+Eakao/data=!4m7!3m6!1s0x3171f5e1208a7ae3:0x961ac6af76cda89!8m2!3d12.614339!4d108.0644902!16s/g/11vhsb2bfd!19sChIJ43qKIOH1cTERidps92qsYQk?authuser=0&hl=vi&g_ep=EgoyMDI2MDkwMi4wIJJjKgBIAVAD&rclk=1'
2026-09-08 08:26:25,367 | INFO | Navigation start | attempt=1/3 | timeout=15000ms | url=https://www.google.com/maps/place/Nhà+Bên+Hồ+Ea+Cuôr+Kắp/data=!4m10!3m9!1s0x3171f16cfd586671:0xed973e28b26be0fb!5m2!4m1!1i2!8m2!3d12.6492625!4d108.1459401!16s/g/11ptsj72l_!19sChIJcWZY_WzxcTER--Brsig-l-0?authuser=0&hl=vi&g_ep=EgoyMDI2MDkwMi4wIJJjKgBIAVAD&rclk=1
2026-09-08 08:26:25,580 | INFO | Navigation success | attempt=1/3 | 0.21s | url=https://www.google.com/maps/place/Nhà+Bên+Hồ+Ea+Cuôr+Kắp/data=!4m10!3m9!1s0x3171f16cfd586671:0xed973e28b26be0fb!5m2!4m1!1i2!8m2!3d12.6492625!4d108.1459401!16s/g/11ptsj72l_!19sChIJcWZY_WzxcTER--Brsig-l-0?authuser=0&hl=vi&g_ep=EgoyMDI2MDkwMi4wIJJjKgBIAVAD&rclk=1
2026-09-08 08:26:27,371 | INFO | VERIFY CANDIDATE | input_title='DAKLAK HOMESTAY' | actual_title='' | input_address='Lê Thị Riêng Ea Tam, Ea Kao, Đắk Lắk, Việt Nam' | actual_address='\ue52e' | url='https://www.google.com/maps/place/Nh%C3%A0+B%C3%AAn+H%E1%BB%93+Ea+Cu%C3%B4r+K%E1%BA%AFp/data=!4m10!3m9!1s0x3171f16cfd586671:0xed973e28b26be0fb!5m2!4m1!1i2!8m2!3d12.6492625!4d108.1459401!16s/g/11ptsj72l_!19sChIJcWZY_WzxcTER--Brsig-l-0?authuser=0&hl=vi&g_ep=EgoyMDI2MDkwMi4wIJJjKgBIAVAD&rclk=1' | coordinates=(12.6492625, 108.1)
2026-09-08 08:26:27,373 | INFO | VERIFY FINAL | success=False | reason=TITLE_UNAVAILABLE | title_ok=False | address_ok=False | input_title='DAKLAK HOMESTAY' | maps_title='' | input_address='Lê Thị Riêng Ea Tam, Ea Kao, Đắk Lắk, Việt Nam' | maps_address='\ue52e' | url='https://www.google.com/maps/place/Nh%C3%A0+B%C3%AAn+H%E1%BB%93+Ea+Cu%C3%B4r+K%E1%BA%AFp/data=!4m10!3m9!1s0x3171f16cfd586671:0xed973e28b26be0fb!5m2!4m1!1i2!8m2!3d12.6492625!4d108.1459401!16s/g/11ptsj72l_!19sChIJcWZY_WzxcTER--Brsig-l-0?authuser=0&hl=vi&g_ep=EgoyMDI2MDkwMi4wIJJjKgBIAVAD&rclk=1'
2026-09-08 08:26:27,374 | INFO | Google Maps address search variant 8/12: DAKLAK HOMESTAY, ea kao, đak lak
2026-09-08 08:26:27,374 | INFO | Navigation start | attempt=1/3 | timeout=15000ms | url=https://www.google.com/maps/search/?api=1&query=DAKLAK%20HOMESTAY%2C%20ea%20kao%2C%20%C4%91ak%20lak
2026-09-08 08:26:27,579 | INFO | Navigation success | attempt=1/3 | 0.21s | url=https://www.google.com/maps/search/?api=1&query=DAKLAK%20HOMESTAY%2C%20ea%20kao%2C%20%C4%91ak%20lak
2026-09-08 08:26:37,267 | INFO | Navigation start | attempt=1/3 | timeout=15000ms | url=https://www.google.com/maps/place/Zan+HomeStay/data=!4m11!3m10!1s0x31721d9f6d350bb7:0x77143c67a7780b5c!5m2!4m1!1i2!8m2!3d12.6772204!4d108.0257721!16s/g/11x8qw2szm!17BQ0FF!19sChIJtws1bZ8dcjERXAt4p2c8FHc?authuser=0&hl=vi&g_ep=EgoyMDI2MDkwMi4wIJJjKgBIAVAD&rclk=1
2026-09-08 08:26:37,489 | INFO | Navigation success | attempt=1/3 | 0.22s | url=https://www.google.com/maps/place/Zan+HomeStay/data=!4m11!3m10!1s0x31721d9f6d350bb7:0x77143c67a7780b5c!5m2!4m1!1i2!8m2!3d12.6772204!4d108.0257721!16s/g/11x8qw2szm!17BQ0FF!19sChIJtws1bZ8dcjERXAt4p2c8FHc?authuser=0&hl=vi&g_ep=EgoyMDI2MDkwMi4wIJJjKgBIAVAD&rclk=1
2026-09-08 08:26:38,951 | INFO | VERIFY CANDIDATE | input_title='DAKLAK HOMESTAY' | actual_title='' | input_address='Lê Thị Riêng Ea Tam, Ea Kao, Đắk Lắk, Việt Nam' | actual_address='\ue52e' | url='https://www.google.com/maps/place/Zan+HomeStay/data=!4m11!3m10!1s0x31721d9f6d350bb7:0x77143c67a7780b5c!5m2!4m1!1i2!8m2!3d12.6772204!4d108.0257721!16s/g/11x8qw2szm!17BQ0FF!19sChIJtws1bZ8dcjERXAt4p2c8FHc?authuser=0&hl=vi&g_ep=EgoyMDI2MDkwMi4wIJJjKgBIAVAD&rclk=1' | coordinates=(12.6772204, 108.0)
2026-09-08 08:26:38,954 | INFO | VERIFY FINAL | success=False | reason=TITLE_UNAVAILABLE | title_ok=False | address_ok=False | input_title='DAKLAK HOMESTAY' | maps_title='' | input_address='Lê Thị Riêng Ea Tam, Ea Kao, Đắk Lắk, Việt Nam' | maps_address='\ue52e' | url='https://www.google.com/maps/place/Zan+HomeStay/data=!4m11!3m10!1s0x31721d9f6d350bb7:0x77143c67a7780b5c!5m2!4m1!1i2!8m2!3d12.6772204!4d108.0257721!16s/g/11x8qw2szm!17BQ0FF!19sChIJtws1bZ8dcjERXAt4p2c8FHc?authuser=0&hl=vi&g_ep=EgoyMDI2MDkwMi4wIJJjKgBIAVAD&rclk=1'
2026-09-08 08:26:38,954 | INFO | Navigation start | attempt=1/3 | timeout=15000ms | url=https://www.google.com/maps/place/Happy+Homestay/data=!4m11!3m10!1s0x31721dac272bd5cf:0x3b4e6ce6da11bc4e!5m2!4m1!1i2!8m2!3d12.6748505!4d108.0063476!16s/g/11z5r1f40g!17BQ0FF!19sChIJz9UrJ6wdcjERTrwR2uZsTjs?authuser=0&hl=vi&g_ep=EgoyMDI2MDkwMi4wIJJjKgBIAVAD&rclk=1
2026-09-08 08:26:39,156 | INFO | Navigation success | attempt=1/3 | 0.20s | url=https://www.google.com/maps/place/Happy+Homestay/data=!4m11!3m10!1s0x31721dac272bd5cf:0x3b4e6ce6da11bc4e!5m2!4m1!1i2!8m2!3d12.6748505!4d108.0063476!16s/g/11z5r1f40g!17BQ0FF!19sChIJz9UrJ6wdcjERTrwR2uZsTjs?authuser=0&hl=vi&g_ep=EgoyMDI2MDkwMi4wIJJjKgBIAVAD&rclk=1
2026-09-08 08:26:40,192 | INFO | VERIFY CANDIDATE | input_title='DAKLAK HOMESTAY' | actual_title='' | input_address='Lê Thị Riêng Ea Tam, Ea Kao, Đắk Lắk, Việt Nam' | actual_address='\ue52e' | url='https://www.google.com/maps/place/Happy+Homestay/data=!4m11!3m10!1s0x31721dac272bd5cf:0x3b4e6ce6da11bc4e!5m2!4m1!1i2!8m2!3d12.6748505!4d108.0063476!16s/g/11z5r1f40g!17BQ0FF!19sChIJz9UrJ6wdcjERTrwR2uZsTjs?authuser=0&hl=vi&g_ep=EgoyMDI2MDkwMi4wIJJjKgBIAVAD&rclk=1' | coordinates=(12.6748505, 108.0)
2026-09-08 08:26:40,195 | INFO | VERIFY FINAL | success=False | reason=TITLE_UNAVAILABLE | title_ok=False | address_ok=False | input_title='DAKLAK HOMESTAY' | maps_title='' | input_address='Lê Thị Riêng Ea Tam, Ea Kao, Đắk Lắk, Việt Nam' | maps_address='\ue52e' | url='https://www.google.com/maps/place/Happy+Homestay/data=!4m11!3m10!1s0x31721dac272bd5cf:0x3b4e6ce6da11bc4e!5m2!4m1!1i2!8m2!3d12.6748505!4d108.0063476!16s/g/11z5r1f40g!17BQ0FF!19sChIJz9UrJ6wdcjERTrwR2uZsTjs?authuser=0&hl=vi&g_ep=EgoyMDI2MDkwMi4wIJJjKgBIAVAD&rclk=1'
2026-09-08 08:26:40,196 | INFO | Navigation start | attempt=1/3 | timeout=15000ms | url=https://www.google.com/maps/place/Đồi+Sao+Homestay/data=!4m11!3m10!1s0x3171f7d3577fc38d:0x39f73cec878520b5!5m2!4m1!1i2!8m2!3d12.6794701!4d108.0541305!16s/g/11v5rggnj1!17BQ0FF!19sChIJjcN_V9P3cTERtSCFh-w89zk?authuser=0&hl=vi&g_ep=EgoyMDI2MDkwMi4wIJJjKgBIAVAD&rclk=1
2026-09-08 08:26:40,409 | INFO | Navigation success | attempt=1/3 | 0.21s | url=https://www.google.com/maps/place/Đồi+Sao+Homestay/data=!4m11!3m10!1s0x3171f7d3577fc38d:0x39f73cec878520b5!5m2!4m1!1i2!8m2!3d12.6794701!4d108.0541305!16s/g/11v5rggnj1!17BQ0FF!19sChIJjcN_V9P3cTERtSCFh-w89zk?authuser=0&hl=vi&g_ep=EgoyMDI2MDkwMi4wIJJjKgBIAVAD&rclk=1
2026-09-08 08:26:41,869 | INFO | VERIFY CANDIDATE | input_title='DAKLAK HOMESTAY' | actual_title='' | input_address='Lê Thị Riêng Ea Tam, Ea Kao, Đắk Lắk, Việt Nam' | actual_address='\ue52e' | url='https://www.google.com/maps/place/%C4%90%E1%BB%93i+Sao+Homestay/data=!4m11!3m10!1s0x3171f7d3577fc38d:0x39f73cec878520b5!5m2!4m1!1i2!8m2!3d12.6794701!4d108.0541305!16s/g/11v5rggnj1!17BQ0FF!19sChIJjcN_V9P3cTERtSCFh-w89zk?authuser=0&hl=vi&g_ep=EgoyMDI2MDkwMi4wIJJjKgBIAVAD&rclk=1' | coordinates=(12.6794701, 108.0)
2026-09-08 08:26:41,872 | INFO | VERIFY FINAL | success=False | reason=TITLE_UNAVAILABLE | title_ok=False | address_ok=False | input_title='DAKLAK HOMESTAY' | maps_title='' | input_address='Lê Thị Riêng Ea Tam, Ea Kao, Đắk Lắk, Việt Nam' | maps_address='\ue52e' | url='https://www.google.com/maps/place/%C4%90%E1%BB%93i+Sao+Homestay/data=!4m11!3m10!1s0x3171f7d3577fc38d:0x39f73cec878520b5!5m2!4m1!1i2!8m2!3d12.6794701!4d108.0541305!16s/g/11v5rggnj1!17BQ0FF!19sChIJjcN_V9P3cTERtSCFh-w89zk?authuser=0&hl=vi&g_ep=EgoyMDI2MDkwMi4wIJJjKgBIAVAD&rclk=1'
2026-09-08 08:26:41,872 | INFO | Navigation start | attempt=1/3 | timeout=15000ms | url=https://www.google.com/maps/place/Boss+cà+phê+Homestay/data=!4m11!3m10!1s0x31721c29707d0573:0x16a7ed69584fc9ae!5m2!4m1!1i2!8m2!3d12.6421204!4d107.9938888!16s/g/11y3_00gdg!17BQ0FF!19sChIJcwV9cCkccjERrslPWGntpxY?authuser=0&hl=vi&g_ep=EgoyMDI2MDkwMi4wIJJjKgBIAVAD&rclk=1
2026-09-08 08:26:42,135 | INFO | Navigation success | attempt=1/3 | 0.26s | url=https://www.google.com/maps/place/Boss+cà+phê+Homestay/data=!4m11!3m10!1s0x31721c29707d0573:0x16a7ed69584fc9ae!5m2!4m1!1i2!8m2!3d12.6421204!4d107.9938888!16s/g/11y3_00gdg!17BQ0FF!19sChIJcwV9cCkccjERrslPWGntpxY?authuser=0&hl=vi&g_ep=EgoyMDI2MDkwMi4wIJJjKgBIAVAD&rclk=1
2026-09-08 08:26:43,576 | INFO | VERIFY CANDIDATE | input_title='DAKLAK HOMESTAY' | actual_title='' | input_address='Lê Thị Riêng Ea Tam, Ea Kao, Đắk Lắk, Việt Nam' | actual_address='\ue52e' | url='https://www.google.com/maps/place/Boss+c%C3%A0+ph%C3%AA+Homestay/data=!4m11!3m10!1s0x31721c29707d0573:0x16a7ed69584fc9ae!5m2!4m1!1i2!8m2!3d12.6421204!4d107.9938888!16s/g/11y3_00gdg!17BQ0FF!19sChIJcwV9cCkccjERrslPWGntpxY?authuser=0&hl=vi&g_ep=EgoyMDI2MDkwMi4wIJJjKgBIAVAD&rclk=1' | coordinates=(12.6421204, 107.9)
2026-09-08 08:26:43,579 | INFO | VERIFY FINAL | success=False | reason=TITLE_UNAVAILABLE | title_ok=False | address_ok=False | input_title='DAKLAK HOMESTAY' | maps_title='' | input_address='Lê Thị Riêng Ea Tam, Ea Kao, Đắk Lắk, Việt Nam' | maps_address='\ue52e' | url='https://www.google.com/maps/place/Boss+c%C3%A0+ph%C3%AA+Homestay/data=!4m11!3m10!1s0x31721c29707d0573:0x16a7ed69584fc9ae!5m2!4m1!1i2!8m2!3d12.6421204!4d107.9938888!16s/g/11y3_00gdg!17BQ0FF!19sChIJcwV9cCkccjERrslPWGntpxY?authuser=0&hl=vi&g_ep=EgoyMDI2MDkwMi4wIJJjKgBIAVAD&rclk=1'
2026-09-08 08:26:43,580 | INFO | Navigation start | attempt=1/3 | timeout=15000ms | url=https://www.google.com/maps/place/homestay+nhà+sàn/data=!4m11!3m10!1s0x31721e0a6c9b375d:0xc480aae50614e2ab!5m2!4m1!1i2!8m2!3d12.6354103!4d108.0286102!16s/g/11mdspbqfh!17BQ0FF!19sChIJXTebbAoecjERq-IUBuWqgMQ?authuser=0&hl=vi&g_ep=EgoyMDI2MDkwMi4wIJJjKgBIAVAD&rclk=1
2026-09-08 08:26:43,783 | INFO | Navigation success | attempt=1/3 | 0.20s | url=https://www.google.com/maps/place/homestay+nhà+sàn/data=!4m11!3m10!1s0x31721e0a6c9b375d:0xc480aae50614e2ab!5m2!4m1!1i2!8m2!3d12.6354103!4d108.0286102!16s/g/11mdspbqfh!17BQ0FF!19sChIJXTebbAoecjERq-IUBuWqgMQ?authuser=0&hl=vi&g_ep=EgoyMDI2MDkwMi4wIJJjKgBIAVAD&rclk=1
2026-09-08 08:26:44,912 | INFO | VERIFY CANDIDATE | input_title='DAKLAK HOMESTAY' | actual_title='' | input_address='Lê Thị Riêng Ea Tam, Ea Kao, Đắk Lắk, Việt Nam' | actual_address='\ue52e' | url='https://www.google.com/maps/place/homestay+nh%C3%A0+s%C3%A0n/data=!4m11!3m10!1s0x31721e0a6c9b375d:0xc480aae50614e2ab!5m2!4m1!1i2!8m2!3d12.6354103!4d108.0286102!16s/g/11mdspbqfh!17BQ0FF!19sChIJXTebbAoecjERq-IUBuWqgMQ?authuser=0&hl=vi&g_ep=EgoyMDI2MDkwMi4wIJJjKgBIAVAD&rclk=1' | coordinates=(12.6354103, 108.0)
2026-09-08 08:26:44,914 | INFO | VERIFY FINAL | success=False | reason=TITLE_UNAVAILABLE | title_ok=False | address_ok=False | input_title='DAKLAK HOMESTAY' | maps_title='' | input_address='Lê Thị Riêng Ea Tam, Ea Kao, Đắk Lắk, Việt Nam' | maps_address='\ue52e' | url='https://www.google.com/maps/place/homestay+nh%C3%A0+s%C3%A0n/data=!4m11!3m10!1s0x31721e0a6c9b375d:0xc480aae50614e2ab!5m2!4m1!1i2!8m2!3d12.6354103!4d108.0286102!16s/g/11mdspbqfh!17BQ0FF!19sChIJXTebbAoecjERq-IUBuWqgMQ?authuser=0&hl=vi&g_ep=EgoyMDI2MDkwMi4wIJJjKgBIAVAD&rclk=1'
2026-09-08 08:26:44,915 | INFO | Navigation start | attempt=1/3 | timeout=15000ms | url=https://www.google.com/maps/place/Homestay+Buôn+Ma+Thuột+Xóm+Rau/data=!4m11!3m10!1s0x3171f7bb80ac35ef:0x8253f6a4cf2c0a8a!5m2!4m1!1i2!8m2!3d12.6934795!4d108.0802612!16s/g/11ycl8wjqs!17BQ0FF!19sChIJ7zWsgLv3cTERigosz6T2U4I?authuser=0&hl=vi&g_ep=EgoyMDI2MDkwMi4wIJJjKgBIAVAD&rclk=1
2026-09-08 08:26:45,124 | INFO | Navigation success | attempt=1/3 | 0.21s | url=https://www.google.com/maps/place/Homestay+Buôn+Ma+Thuột+Xóm+Rau/data=!4m11!3m10!1s0x3171f7bb80ac35ef:0x8253f6a4cf2c0a8a!5m2!4m1!1i2!8m2!3d12.6934795!4d108.0802612!16s/g/11ycl8wjqs!17BQ0FF!19sChIJ7zWsgLv3cTERigosz6T2U4I?authuser=0&hl=vi&g_ep=EgoyMDI2MDkwMi4wIJJjKgBIAVAD&rclk=1
2026-09-08 08:26:47,042 | INFO | VERIFY CANDIDATE | input_title='DAKLAK HOMESTAY' | actual_title='' | input_address='Lê Thị Riêng Ea Tam, Ea Kao, Đắk Lắk, Việt Nam' | actual_address='\ue52e' | url='https://www.google.com/maps/place/Homestay+Bu%C3%B4n+Ma+Thu%E1%BB%99t+X%C3%B3m+Rau/data=!4m11!3m10!1s0x3171f7bb80ac35ef:0x8253f6a4cf2c0a8a!5m2!4m1!1i2!8m2!3d12.6934795!4d108.0802612!16s/g/11ycl8wjqs!17BQ0FF!19sChIJ7zWsgLv3cTERigosz6T2U4I?authuser=0&hl=vi&g_ep=EgoyMDI2MDkwMi4wIJJjKgBIAVAD&rclk=1' | coordinates=(12.6934795, 108.0)
2026-09-08 08:26:47,046 | INFO | VERIFY FINAL | success=False | reason=TITLE_UNAVAILABLE | title_ok=False | address_ok=False | input_title='DAKLAK HOMESTAY' | maps_title='' | input_address='Lê Thị Riêng Ea Tam, Ea Kao, Đắk Lắk, Việt Nam' | maps_address='\ue52e' | url='https://www.google.com/maps/place/Homestay+Bu%C3%B4n+Ma+Thu%E1%BB%99t+X%C3%B3m+Rau/data=!4m11!3m10!1s0x3171f7bb80ac35ef:0x8253f6a4cf2c0a8a!5m2!4m1!1i2!8m2!3d12.6934795!4d108.0802612!16s/g/11ycl8wjqs!17BQ0FF!19sChIJ7zWsgLv3cTERigosz6T2U4I?authuser=0&hl=vi&g_ep=EgoyMDI2MDkwMi4wIJJjKgBIAVAD&rclk=1'
2026-09-08 08:26:47,046 | INFO | Navigation start | attempt=1/3 | timeout=15000ms | url=https://www.google.com/maps/place/Greentraveller+Buon+Ma+Thuot+Homestay/data=!4m11!3m10!1s0x3171f6ff3d6f2b75:0x760f7f1938451d5a!5m2!4m1!1i2!8m2!3d12.6715603!4d108.0975418!16s/g/11z5r1qtsn!17BQ0FF!19sChIJdStvPf_2cTERWh1FOBl_D3Y?authuser=0&hl=vi&g_ep=EgoyMDI2MDkwMi4wIJJjKgBIAVAD&rclk=1
2026-09-08 08:26:47,256 | INFO | Navigation success | attempt=1/3 | 0.21s | url=https://www.google.com/maps/place/Greentraveller+Buon+Ma+Thuot+Homestay/data=!4m11!3m10!1s0x3171f6ff3d6f2b75:0x760f7f1938451d5a!5m2!4m1!1i2!8m2!3d12.6715603!4d108.0975418!16s/g/11z5r1qtsn!17BQ0FF!19sChIJdStvPf_2cTERWh1FOBl_D3Y?authuser=0&hl=vi&g_ep=EgoyMDI2MDkwMi4wIJJjKgBIAVAD&rclk=1
2026-09-08 08:26:48,629 | INFO | VERIFY CANDIDATE | input_title='DAKLAK HOMESTAY' | actual_title='' | input_address='Lê Thị Riêng Ea Tam, Ea Kao, Đắk Lắk, Việt Nam' | actual_address='\ue52e' | url='https://www.google.com/maps/place/Greentraveller+Buon+Ma+Thuot+Homestay/data=!4m11!3m10!1s0x3171f6ff3d6f2b75:0x760f7f1938451d5a!5m2!4m1!1i2!8m2!3d12.6715603!4d108.0975418!16s/g/11z5r1qtsn!17BQ0FF!19sChIJdStvPf_2cTERWh1FOBl_D3Y?authuser=0&hl=vi&g_ep=EgoyMDI2MDkwMi4wIJJjKgBIAVAD&rclk=1' | coordinates=(12.6715603, 108.0)
2026-09-08 08:26:48,666 | INFO | VERIFY FINAL | success=False | reason=TITLE_UNAVAILABLE | title_ok=False | address_ok=False | input_title='DAKLAK HOMESTAY' | maps_title='' | input_address='Lê Thị Riêng Ea Tam, Ea Kao, Đắk Lắk, Việt Nam' | maps_address='\ue52e' | url='https://www.google.com/maps/place/Greentraveller+Buon+Ma+Thuot+Homestay/data=!4m11!3m10!1s0x3171f6ff3d6f2b75:0x760f7f1938451d5a!5m2!4m1!1i2!8m2!3d12.6715603!4d108.0975418!16s/g/11z5r1qtsn!17BQ0FF!19sChIJdStvPf_2cTERWh1FOBl_D3Y?authuser=0&hl=vi&g_ep=EgoyMDI2MDkwMi4wIJJjKgBIAVAD&rclk=1'
2026-09-08 08:26:48,681 | INFO | Google Maps address search variant 9/12: DAKLAK HOMESTAY, le thi rieng ea tam
2026-09-08 08:26:48,695 | INFO | Navigation start | attempt=1/3 | timeout=15000ms | url=https://www.google.com/maps/search/?api=1&query=DAKLAK%20HOMESTAY%2C%20le%20thi%20rieng%20ea%20tam
2026-09-08 08:26:48,924 | INFO | Navigation success | attempt=1/3 | 0.23s | url=https://www.google.com/maps/search/?api=1&query=DAKLAK%20HOMESTAY%2C%20le%20thi%20rieng%20ea%20tam
2026-09-08 08:27:00,786 | INFO | Navigation start | attempt=1/3 | timeout=15000ms | url=https://www.google.com/maps/place/Đòn+Gánh+Homestay+Buôn+Ma+Thuột+|+Đăk+Lăk./data=!4m10!3m9!1s0x31721d1d67ac1bff:0xbb2bd2eec2fcb417!5m2!4m1!1i2!8m2!3d12.6766148!4d108.0302674!16s/g/11jn2v7hl3!19sChIJ_xusZx0dcjERF7T8wu7SK7s?authuser=0&hl=vi&g_ep=EgoyMDI2MDkwMi4wIJJjKgBIAVAD&rclk=1
2026-09-08 08:27:01,020 | INFO | Navigation success | attempt=1/3 | 0.23s | url=https://www.google.com/maps/place/Đòn+Gánh+Homestay+Buôn+Ma+Thuột+|+Đăk+Lăk./data=!4m10!3m9!1s0x31721d1d67ac1bff:0xbb2bd2eec2fcb417!5m2!4m1!1i2!8m2!3d12.6766148!4d108.0302674!16s/g/11jn2v7hl3!19sChIJ_xusZx0dcjERF7T8wu7SK7s?authuser=0&hl=vi&g_ep=EgoyMDI2MDkwMi4wIJJjKgBIAVAD&rclk=1
2026-09-08 08:27:02,271 | INFO | VERIFY CANDIDATE | input_title='DAKLAK HOMESTAY' | actual_title='' | input_address='Lê Thị Riêng Ea Tam, Ea Kao, Đắk Lắk, Việt Nam' | actual_address='\ue52e' | url='https://www.google.com/maps/place/%C4%90%C3%B2n+G%C3%A1nh+Homestay+Bu%C3%B4n+Ma+Thu%E1%BB%99t+%7C+%C4%90%C4%83k+L%C4%83k./data=!4m10!3m9!1s0x31721d1d67ac1bff:0xbb2bd2eec2fcb417!5m2!4m1!1i2!8m2!3d12.6766148!4d108.0302674!16s/g/11jn2v7hl3!19sChIJ_xusZx0dcjERF7T8wu7SK7s?authuser=0&hl=vi&g_ep=EgoyMDI2MDkwMi4wIJJjKgBIAVAD&rclk=1' | coordinates=(12.6766148, 108.0)
2026-09-08 08:27:02,274 | INFO | VERIFY FINAL | success=False | reason=TITLE_UNAVAILABLE | title_ok=False | address_ok=False | input_title='DAKLAK HOMESTAY' | maps_title='' | input_address='Lê Thị Riêng Ea Tam, Ea Kao, Đắk Lắk, Việt Nam' | maps_address='\ue52e' | url='https://www.google.com/maps/place/%C4%90%C3%B2n+G%C3%A1nh+Homestay+Bu%C3%B4n+Ma+Thu%E1%BB%99t+%7C+%C4%90%C4%83k+L%C4%83k./data=!4m10!3m9!1s0x31721d1d67ac1bff:0xbb2bd2eec2fcb417!5m2!4m1!1i2!8m2!3d12.6766148!4d108.0302674!16s/g/11jn2v7hl3!19sChIJ_xusZx0dcjERF7T8wu7SK7s?authuser=0&hl=vi&g_ep=EgoyMDI2MDkwMi4wIJJjKgBIAVAD&rclk=1'
2026-09-08 08:27:02,275 | INFO | Navigation start | attempt=1/3 | timeout=15000ms | url=https://www.google.com/maps/place/Lasan+Homestay/data=!4m7!3m6!1s0x31721df7831d8d4f:0xfa7857ff241b60c8!8m2!3d12.6549756!4d108.0316621!16s/g/11pv6tks37!19sChIJT40dg_cdcjERyGAbJP9XePo?authuser=0&hl=vi&g_ep=EgoyMDI2MDkwMi4wIJJjKgBIAVAD&rclk=1
2026-09-08 08:27:02,574 | INFO | Navigation success | attempt=1/3 | 0.30s | url=https://www.google.com/maps/place/Lasan+Homestay/data=!4m7!3m6!1s0x31721df7831d8d4f:0xfa7857ff241b60c8!8m2!3d12.6549756!4d108.0316621!16s/g/11pv6tks37!19sChIJT40dg_cdcjERyGAbJP9XePo?authuser=0&hl=vi&g_ep=EgoyMDI2MDkwMi4wIJJjKgBIAVAD&rclk=1
2026-09-08 08:27:03,999 | INFO | VERIFY CANDIDATE | input_title='DAKLAK HOMESTAY' | actual_title='' | input_address='Lê Thị Riêng Ea Tam, Ea Kao, Đắk Lắk, Việt Nam' | actual_address='\ue52e' | url='https://www.google.com/maps/place/Lasan+Homestay/data=!4m7!3m6!1s0x31721df7831d8d4f:0xfa7857ff241b60c8!8m2!3d12.6549756!4d108.0316621!16s/g/11pv6tks37!19sChIJT40dg_cdcjERyGAbJP9XePo?authuser=0&hl=vi&g_ep=EgoyMDI2MDkwMi4wIJJjKgBIAVAD&rclk=1' | coordinates=(12.6549756, 108.0)
2026-09-08 08:27:04,003 | INFO | VERIFY FINAL | success=False | reason=TITLE_UNAVAILABLE | title_ok=False | address_ok=False | input_title='DAKLAK HOMESTAY' | maps_title='' | input_address='Lê Thị Riêng Ea Tam, Ea Kao, Đắk Lắk, Việt Nam' | maps_address='\ue52e' | url='https://www.google.com/maps/place/Lasan+Homestay/data=!4m7!3m6!1s0x31721df7831d8d4f:0xfa7857ff241b60c8!8m2!3d12.6549756!4d108.0316621!16s/g/11pv6tks37!19sChIJT40dg_cdcjERyGAbJP9XePo?authuser=0&hl=vi&g_ep=EgoyMDI2MDkwMi4wIJJjKgBIAVAD&rclk=1'
2026-09-08 08:27:04,003 | INFO | Navigation start | attempt=1/3 | timeout=15000ms | url=https://www.google.com/maps/place/Làng+Lá+HomeStay/data=!4m7!3m6!1s0x3171d10022fa4741:0xebad86a7e762906b!8m2!3d12.8094278!4d108.4930612!16s/g/11mz9s8nfn!19sChIJQUf6IgDRcTERa5Bi56eGres?authuser=0&hl=vi&g_ep=EgoyMDI2MDkwMi4wIJJjKgBIAVAD&rclk=1
2026-09-08 08:27:04,224 | INFO | Navigation success | attempt=1/3 | 0.22s | url=https://www.google.com/maps/place/Làng+Lá+HomeStay/data=!4m7!3m6!1s0x3171d10022fa4741:0xebad86a7e762906b!8m2!3d12.8094278!4d108.4930612!16s/g/11mz9s8nfn!19sChIJQUf6IgDRcTERa5Bi56eGres?authuser=0&hl=vi&g_ep=EgoyMDI2MDkwMi4wIJJjKgBIAVAD&rclk=1
2026-09-08 08:27:06,278 | INFO | VERIFY CANDIDATE | input_title='DAKLAK HOMESTAY' | actual_title='' | input_address='Lê Thị Riêng Ea Tam, Ea Kao, Đắk Lắk, Việt Nam' | actual_address='\ue52e' | url='https://www.google.com/maps/place/L%C3%A0ng+L%C3%A1+HomeStay/data=!4m7!3m6!1s0x3171d10022fa4741:0xebad86a7e762906b!8m2!3d12.8094278!4d108.4930612!16s/g/11mz9s8nfn!19sChIJQUf6IgDRcTERa5Bi56eGres?authuser=0&hl=vi&g_ep=EgoyMDI2MDkwMi4wIJJjKgBIAVAD&rclk=1' | coordinates=(12.8094278, 108.4)
2026-09-08 08:27:06,281 | INFO | VERIFY FINAL | success=False | reason=TITLE_UNAVAILABLE | title_ok=False | address_ok=False | input_title='DAKLAK HOMESTAY' | maps_title='' | input_address='Lê Thị Riêng Ea Tam, Ea Kao, Đắk Lắk, Việt Nam' | maps_address='\ue52e' | url='https://www.google.com/maps/place/L%C3%A0ng+L%C3%A1+HomeStay/data=!4m7!3m6!1s0x3171d10022fa4741:0xebad86a7e762906b!8m2!3d12.8094278!4d108.4930612!16s/g/11mz9s8nfn!19sChIJQUf6IgDRcTERa5Bi56eGres?authuser=0&hl=vi&g_ep=EgoyMDI2MDkwMi4wIJJjKgBIAVAD&rclk=1'
2026-09-08 08:27:06,282 | INFO | Navigation start | attempt=1/3 | timeout=15000ms | url=https://www.google.com/maps/place/Happy+Homestay/data=!4m10!3m9!1s0x31721dac2132ae35:0xd138e25c63a4c5b!5m2!4m1!1i2!8m2!3d12.6748474!4d108.0063534!16s/g/11b67ll1nn!19sChIJNa4yIawdcjERW0w6xiWOEw0?authuser=0&hl=vi&g_ep=EgoyMDI2MDkwMi4wIJJjKgBIAVAD&rclk=1
2026-09-08 08:27:06,497 | INFO | Navigation success | attempt=1/3 | 0.22s | url=https://www.google.com/maps/place/Happy+Homestay/data=!4m10!3m9!1s0x31721dac2132ae35:0xd138e25c63a4c5b!5m2!4m1!1i2!8m2!3d12.6748474!4d108.0063534!16s/g/11b67ll1nn!19sChIJNa4yIawdcjERW0w6xiWOEw0?authuser=0&hl=vi&g_ep=EgoyMDI2MDkwMi4wIJJjKgBIAVAD&rclk=1
2026-09-08 08:27:09,661 | INFO | VERIFY CANDIDATE | input_title='DAKLAK HOMESTAY' | actual_title='' | input_address='Lê Thị Riêng Ea Tam, Ea Kao, Đắk Lắk, Việt Nam' | actual_address='\ue52e' | url='https://www.google.com/maps/place/Happy+Homestay/data=!4m10!3m9!1s0x31721dac2132ae35:0xd138e25c63a4c5b!5m2!4m1!1i2!8m2!3d12.6748474!4d108.0063534!16s/g/11b67ll1nn!19sChIJNa4yIawdcjERW0w6xiWOEw0?authuser=0&hl=vi&g_ep=EgoyMDI2MDkwMi4wIJJjKgBIAVAD&rclk=1' | coordinates=(12.6748474, 108.0)
2026-09-08 08:27:09,677 | INFO | VERIFY FINAL | success=False | reason=TITLE_UNAVAILABLE | title_ok=False | address_ok=False | input_title='DAKLAK HOMESTAY' | maps_title='' | input_address='Lê Thị Riêng Ea Tam, Ea Kao, Đắk Lắk, Việt Nam' | maps_address='\ue52e' | url='https://www.google.com/maps/place/Happy+Homestay/data=!4m10!3m9!1s0x31721dac2132ae35:0xd138e25c63a4c5b!5m2!4m1!1i2!8m2!3d12.6748474!4d108.0063534!16s/g/11b67ll1nn!19sChIJNa4yIawdcjERW0w6xiWOEw0?authuser=0&hl=vi&g_ep=EgoyMDI2MDkwMi4wIJJjKgBIAVAD&rclk=1'
2026-09-08 08:27:09,692 | INFO | Navigation start | attempt=1/3 | timeout=15000ms | url=https://www.google.com/maps/place/An+Land+Garden+Homestay/data=!4m10!3m9!1s0x31721d52b28c59df:0x7e4945cc393a717!5m2!4m1!1i2!8m2!3d12.6549786!4d108.0288926!16s/g/11y96fmvsz!19sChIJ31mMslIdcjERF6eTw1yU5Ac?authuser=0&hl=vi&g_ep=EgoyMDI2MDkwMi4wIJJjKgBIAVAD&rclk=1
2026-09-08 08:27:10,700 | INFO | Navigation success | attempt=1/3 | 1.01s | url=https://www.google.com/maps/place/An+Land+Garden+Homestay/data=!4m10!3m9!1s0x31721d52b28c59df:0x7e4945cc393a717!5m2!4m1!1i2!8m2!3d12.6549786!4d108.0288926!16s/g/11y96fmvsz!19sChIJ31mMslIdcjERF6eTw1yU5Ac?authuser=0&hl=vi&g_ep=EgoyMDI2MDkwMi4wIJJjKgBIAVAD&rclk=1
2026-09-08 08:27:12,643 | INFO | VERIFY CANDIDATE | input_title='DAKLAK HOMESTAY' | actual_title='' | input_address='Lê Thị Riêng Ea Tam, Ea Kao, Đắk Lắk, Việt Nam' | actual_address='\ue52e' | url='https://www.google.com/maps/place/An+Land+Garden+Homestay/data=!4m10!3m9!1s0x31721d52b28c59df:0x7e4945cc393a717!5m2!4m1!1i2!8m2!3d12.6549786!4d108.0288926!16s/g/11y96fmvsz!19sChIJ31mMslIdcjERF6eTw1yU5Ac?authuser=0&hl=vi&g_ep=EgoyMDI2MDkwMi4wIJJjKgBIAVAD&rclk=1' | coordinates=(12.6549786, 108.0)
2026-09-08 08:27:12,647 | INFO | VERIFY FINAL | success=False | reason=TITLE_UNAVAILABLE | title_ok=False | address_ok=False | input_title='DAKLAK HOMESTAY' | maps_title='' | input_address='Lê Thị Riêng Ea Tam, Ea Kao, Đắk Lắk, Việt Nam' | maps_address='\ue52e' | url='https://www.google.com/maps/place/An+Land+Garden+Homestay/data=!4m10!3m9!1s0x31721d52b28c59df:0x7e4945cc393a717!5m2!4m1!1i2!8m2!3d12.6549786!4d108.0288926!16s/g/11y96fmvsz!19sChIJ31mMslIdcjERF6eTw1yU5Ac?authuser=0&hl=vi&g_ep=EgoyMDI2MDkwMi4wIJJjKgBIAVAD&rclk=1'
2026-09-08 08:27:12,647 | INFO | Navigation start | attempt=1/3 | timeout=15000ms | url=https://www.google.com/maps/place/Mềm+Mại+Homestay+3/2/data=!4m7!3m6!1s0x31752faa243d2dc1:0x25cc6eef85771dbf!8m2!3d10.7646858!4d106.6618312!16s/g/11xdrgwtw_!19sChIJwS09JKovdTERvx13he9uzCU?authuser=0&hl=vi&g_ep=EgoyMDI2MDkwMi4wIJJjKgBIAVAD&rclk=1
2026-09-08 08:27:12,865 | INFO | Navigation success | attempt=1/3 | 0.22s | url=https://www.google.com/maps/place/Mềm+Mại+Homestay+3/2/data=!4m7!3m6!1s0x31752faa243d2dc1:0x25cc6eef85771dbf!8m2!3d10.7646858!4d106.6618312!16s/g/11xdrgwtw_!19sChIJwS09JKovdTERvx13he9uzCU?authuser=0&hl=vi&g_ep=EgoyMDI2MDkwMi4wIJJjKgBIAVAD&rclk=1
2026-09-08 08:27:14,955 | INFO | VERIFY CANDIDATE | input_title='DAKLAK HOMESTAY' | actual_title='' | input_address='Lê Thị Riêng Ea Tam, Ea Kao, Đắk Lắk, Việt Nam' | actual_address='\ue52e' | url='https://www.google.com/maps/place/M%E1%BB%81m+M%E1%BA%A1i+Homestay+3/2/data=!4m7!3m6!1s0x31752faa243d2dc1:0x25cc6eef85771dbf!8m2!3d10.7646858!4d106.6618312!16s/g/11xdrgwtw_!19sChIJwS09JKovdTERvx13he9uzCU?authuser=0&hl=vi&g_ep=EgoyMDI2MDkwMi4wIJJjKgBIAVAD&rclk=1' | coordinates=(10.7646858, 106.6)
2026-09-08 08:27:14,961 | INFO | VERIFY FINAL | success=False | reason=TITLE_UNAVAILABLE | title_ok=False | address_ok=False | input_title='DAKLAK HOMESTAY' | maps_title='' | input_address='Lê Thị Riêng Ea Tam, Ea Kao, Đắk Lắk, Việt Nam' | maps_address='\ue52e' | url='https://www.google.com/maps/place/M%E1%BB%81m+M%E1%BA%A1i+Homestay+3/2/data=!4m7!3m6!1s0x31752faa243d2dc1:0x25cc6eef85771dbf!8m2!3d10.7646858!4d106.6618312!16s/g/11xdrgwtw_!19sChIJwS09JKovdTERvx13he9uzCU?authuser=0&hl=vi&g_ep=EgoyMDI2MDkwMi4wIJJjKgBIAVAD&rclk=1'
2026-09-08 08:27:14,962 | INFO | Navigation start | attempt=1/3 | timeout=15000ms | url=https://www.google.com/maps/place/Homestay+Buôn+Mê/data=!4m7!3m6!1s0x31721d005404dfef:0xbb5b30595740746c!8m2!3d12.696023!4d108.0311472!16s/g/11x0msr1zm!19sChIJ798EVAAdcjERbHRAV1kwW7s?authuser=0&hl=vi&g_ep=EgoyMDI2MDkwMi4wIJJjKgBIAVAD&rclk=1
2026-09-08 08:27:15,253 | INFO | Navigation success | attempt=1/3 | 0.29s | url=https://www.google.com/maps/place/Homestay+Buôn+Mê/data=!4m7!3m6!1s0x31721d005404dfef:0xbb5b30595740746c!8m2!3d12.696023!4d108.0311472!16s/g/11x0msr1zm!19sChIJ798EVAAdcjERbHRAV1kwW7s?authuser=0&hl=vi&g_ep=EgoyMDI2MDkwMi4wIJJjKgBIAVAD&rclk=1
2026-09-08 08:27:17,509 | INFO | VERIFY CANDIDATE | input_title='DAKLAK HOMESTAY' | actual_title='' | input_address='Lê Thị Riêng Ea Tam, Ea Kao, Đắk Lắk, Việt Nam' | actual_address='\ue52e' | url='https://www.google.com/maps/place/Homestay+Bu%C3%B4n+M%C3%AA/data=!4m7!3m6!1s0x31721d005404dfef:0xbb5b30595740746c!8m2!3d12.696023!4d108.0311472!16s/g/11x0msr1zm!19sChIJ798EVAAdcjERbHRAV1kwW7s?authuser=0&hl=vi&g_ep=EgoyMDI2MDkwMi4wIJJjKgBIAVAD&rclk=1' | coordinates=(12.696023, 108.0)
2026-09-08 08:27:17,513 | INFO | VERIFY FINAL | success=False | reason=TITLE_UNAVAILABLE | title_ok=False | address_ok=False | input_title='DAKLAK HOMESTAY' | maps_title='' | input_address='Lê Thị Riêng Ea Tam, Ea Kao, Đắk Lắk, Việt Nam' | maps_address='\ue52e' | url='https://www.google.com/maps/place/Homestay+Bu%C3%B4n+M%C3%AA/data=!4m7!3m6!1s0x31721d005404dfef:0xbb5b30595740746c!8m2!3d12.696023!4d108.0311472!16s/g/11x0msr1zm!19sChIJ798EVAAdcjERbHRAV1kwW7s?authuser=0&hl=vi&g_ep=EgoyMDI2MDkwMi4wIJJjKgBIAVAD&rclk=1'
2026-09-08 08:27:17,513 | INFO | Navigation start | attempt=1/3 | timeout=15000ms | url=https://www.google.com/maps/place/Homestay+Nhà+Sàn/data=!4m7!3m6!1s0x31721fbbff05809b:0x8fdd5ab35ad8c662!8m2!3d12.6354539!4d108.0285698!16s/g/11k9jq3v3h!19sChIJm4AF_7sfcjERYsbYWrNa3Y8?authuser=0&hl=vi&g_ep=EgoyMDI2MDkwMi4wIJJjKgBIAVAD&rclk=1
2026-09-08 08:27:17,720 | INFO | Navigation success | attempt=1/3 | 0.21s | url=https://www.google.com/maps/place/Homestay+Nhà+Sàn/data=!4m7!3m6!1s0x31721fbbff05809b:0x8fdd5ab35ad8c662!8m2!3d12.6354539!4d108.0285698!16s/g/11k9jq3v3h!19sChIJm4AF_7sfcjERYsbYWrNa3Y8?authuser=0&hl=vi&g_ep=EgoyMDI2MDkwMi4wIJJjKgBIAVAD&rclk=1
2026-09-08 08:27:20,084 | INFO | VERIFY CANDIDATE | input_title='DAKLAK HOMESTAY' | actual_title='' | input_address='Lê Thị Riêng Ea Tam, Ea Kao, Đắk Lắk, Việt Nam' | actual_address='\ue52e' | url='https://www.google.com/maps/place/Homestay+Nh%C3%A0+S%C3%A0n/data=!4m7!3m6!1s0x31721fbbff05809b:0x8fdd5ab35ad8c662!8m2!3d12.6354539!4d108.0285698!16s/g/11k9jq3v3h!19sChIJm4AF_7sfcjERYsbYWrNa3Y8?authuser=0&hl=vi&g_ep=EgoyMDI2MDkwMi4wIJJjKgBIAVAD&rclk=1' | coordinates=(12.6354539, 108.0)
2026-09-08 08:27:20,088 | INFO | VERIFY FINAL | success=False | reason=TITLE_UNAVAILABLE | title_ok=False | address_ok=False | input_title='DAKLAK HOMESTAY' | maps_title='' | input_address='Lê Thị Riêng Ea Tam, Ea Kao, Đắk Lắk, Việt Nam' | maps_address='\ue52e' | url='https://www.google.com/maps/place/Homestay+Nh%C3%A0+S%C3%A0n/data=!4m7!3m6!1s0x31721fbbff05809b:0x8fdd5ab35ad8c662!8m2!3d12.6354539!4d108.0285698!16s/g/11k9jq3v3h!19sChIJm4AF_7sfcjERYsbYWrNa3Y8?authuser=0&hl=vi&g_ep=EgoyMDI2MDkwMi4wIJJjKgBIAVAD&rclk=1'
2026-09-08 08:27:20,090 | INFO | Navigation start | attempt=1/3 | timeout=15000ms | url=https://www.google.com/maps/place/Tropical+Garden/data=!4m7!3m6!1s0x3171f7586a00f721:0x8b06086292f344b!8m2!3d12.659441!4d108.0492038!16s/g/11h00d78hd!19sChIJIfcAalj3cTERSzQvKYZgsAg?authuser=0&hl=vi&g_ep=EgoyMDI2MDkwMi4wIJJjKgBIAVAD&rclk=1
2026-09-08 08:27:20,309 | INFO | Navigation success | attempt=1/3 | 0.22s | url=https://www.google.com/maps/place/Tropical+Garden/data=!4m7!3m6!1s0x3171f7586a00f721:0x8b06086292f344b!8m2!3d12.659441!4d108.0492038!16s/g/11h00d78hd!19sChIJIfcAalj3cTERSzQvKYZgsAg?authuser=0&hl=vi&g_ep=EgoyMDI2MDkwMi4wIJJjKgBIAVAD&rclk=1
2026-09-08 08:27:22,569 | INFO | VERIFY CANDIDATE | input_title='DAKLAK HOMESTAY' | actual_title='' | input_address='Lê Thị Riêng Ea Tam, Ea Kao, Đắk Lắk, Việt Nam' | actual_address='\ue52e' | url='https://www.google.com/maps/place/Tropical+Garden/data=!4m7!3m6!1s0x3171f7586a00f721:0x8b06086292f344b!8m2!3d12.659441!4d108.0492038!16s/g/11h00d78hd!19sChIJIfcAalj3cTERSzQvKYZgsAg?authuser=0&hl=vi&g_ep=EgoyMDI2MDkwMi4wIJJjKgBIAVAD&rclk=1' | coordinates=(12.659441, 108.0)
2026-09-08 08:27:22,572 | INFO | VERIFY FINAL | success=False | reason=TITLE_UNAVAILABLE | title_ok=False | address_ok=False | input_title='DAKLAK HOMESTAY' | maps_title='' | input_address='Lê Thị Riêng Ea Tam, Ea Kao, Đắk Lắk, Việt Nam' | maps_address='\ue52e' | url='https://www.google.com/maps/place/Tropical+Garden/data=!4m7!3m6!1s0x3171f7586a00f721:0x8b06086292f344b!8m2!3d12.659441!4d108.0492038!16s/g/11h00d78hd!19sChIJIfcAalj3cTERSzQvKYZgsAg?authuser=0&hl=vi&g_ep=EgoyMDI2MDkwMi4wIJJjKgBIAVAD&rclk=1'
2026-09-08 08:27:22,573 | INFO | Navigation start | attempt=1/3 | timeout=15000ms | url=https://www.google.com/maps/place/Hillside+Homestay+Dak+lak/data=!4m10!3m9!1s0x31721df4407bfec1:0x8a5ead9e369f2909!5m2!4m1!1i2!8m2!3d12.6687353!4d108.0472286!16s/g/11yrz_zhsn!19sChIJwf57QPQdcjERCSmfNp6tXoo?authuser=0&hl=vi&g_ep=EgoyMDI2MDkwMi4wIJJjKgBIAVAD&rclk=1
2026-09-08 08:27:22,791 | INFO | Navigation success | attempt=1/3 | 0.22s | url=https://www.google.com/maps/place/Hillside+Homestay+Dak+lak/data=!4m10!3m9!1s0x31721df4407bfec1:0x8a5ead9e369f2909!5m2!4m1!1i2!8m2!3d12.6687353!4d108.0472286!16s/g/11yrz_zhsn!19sChIJwf57QPQdcjERCSmfNp6tXoo?authuser=0&hl=vi&g_ep=EgoyMDI2MDkwMi4wIJJjKgBIAVAD&rclk=1
2026-09-08 08:27:25,057 | INFO | VERIFY CANDIDATE | input_title='DAKLAK HOMESTAY' | actual_title='' | input_address='Lê Thị Riêng Ea Tam, Ea Kao, Đắk Lắk, Việt Nam' | actual_address='\ue52e' | url='https://www.google.com/maps/place/Hillside+Homestay+Dak+lak/data=!4m10!3m9!1s0x31721df4407bfec1:0x8a5ead9e369f2909!5m2!4m1!1i2!8m2!3d12.6687353!4d108.0472286!16s/g/11yrz_zhsn!19sChIJwf57QPQdcjERCSmfNp6tXoo?authuser=0&hl=vi&g_ep=EgoyMDI2MDkwMi4wIJJjKgBIAVAD&rclk=1' | coordinates=(12.6687353, 108.0)
2026-09-08 08:27:25,061 | INFO | VERIFY FINAL | success=False | reason=TITLE_UNAVAILABLE | title_ok=False | address_ok=False | input_title='DAKLAK HOMESTAY' | maps_title='' | input_address='Lê Thị Riêng Ea Tam, Ea Kao, Đắk Lắk, Việt Nam' | maps_address='\ue52e' | url='https://www.google.com/maps/place/Hillside+Homestay+Dak+lak/data=!4m10!3m9!1s0x31721df4407bfec1:0x8a5ead9e369f2909!5m2!4m1!1i2!8m2!3d12.6687353!4d108.0472286!16s/g/11yrz_zhsn!19sChIJwf57QPQdcjERCSmfNp6tXoo?authuser=0&hl=vi&g_ep=EgoyMDI2MDkwMi4wIJJjKgBIAVAD&rclk=1'
2026-09-08 08:27:25,062 | INFO | Google Maps address search variant 10/12: DAKLAK HOMESTAY, ea kao
2026-09-08 08:27:25,062 | INFO | Navigation start | attempt=1/3 | timeout=15000ms | url=https://www.google.com/maps/search/?api=1&query=DAKLAK%20HOMESTAY%2C%20ea%20kao
2026-09-08 08:27:25,269 | INFO | Navigation success | attempt=1/3 | 0.21s | url=https://www.google.com/maps/search/?api=1&query=DAKLAK%20HOMESTAY%2C%20ea%20kao
2026-09-08 08:27:34,886 | INFO | Navigation start | attempt=1/3 | timeout=15000ms | url=https://www.google.com/maps/place/Zan+HomeStay/data=!4m11!3m10!1s0x31721d9f6d350bb7:0x77143c67a7780b5c!5m2!4m1!1i2!8m2!3d12.6772204!4d108.0257721!16s/g/11x8qw2szm!17BQ0FF!19sChIJtws1bZ8dcjERXAt4p2c8FHc?authuser=0&hl=vi&g_ep=EgoyMDI2MDkwMi4wIJJjKgBIAVAD&rclk=1
2026-09-08 08:27:35,548 | INFO | Navigation success | attempt=1/3 | 0.66s | url=https://www.google.com/maps/place/Zan+HomeStay/data=!4m11!3m10!1s0x31721d9f6d350bb7:0x77143c67a7780b5c!5m2!4m1!1i2!8m2!3d12.6772204!4d108.0257721!16s/g/11x8qw2szm!17BQ0FF!19sChIJtws1bZ8dcjERXAt4p2c8FHc?authuser=0&hl=vi&g_ep=EgoyMDI2MDkwMi4wIJJjKgBIAVAD&rclk=1
2026-09-08 08:27:38,147 | INFO | VERIFY CANDIDATE | input_title='DAKLAK HOMESTAY' | actual_title='' | input_address='Lê Thị Riêng Ea Tam, Ea Kao, Đắk Lắk, Việt Nam' | actual_address='\ue52e' | url='https://www.google.com/maps/place/Zan+HomeStay/data=!4m11!3m10!1s0x31721d9f6d350bb7:0x77143c67a7780b5c!5m2!4m1!1i2!8m2!3d12.6772204!4d108.0257721!16s/g/11x8qw2szm!17BQ0FF!19sChIJtws1bZ8dcjERXAt4p2c8FHc?authuser=0&hl=vi&g_ep=EgoyMDI2MDkwMi4wIJJjKgBIAVAD&rclk=1' | coordinates=(12.6772204, 108.0)
2026-09-08 08:27:38,151 | INFO | VERIFY FINAL | success=False | reason=TITLE_UNAVAILABLE | title_ok=False | address_ok=False | input_title='DAKLAK HOMESTAY' | maps_title='' | input_address='Lê Thị Riêng Ea Tam, Ea Kao, Đắk Lắk, Việt Nam' | maps_address='\ue52e' | url='https://www.google.com/maps/place/Zan+HomeStay/data=!4m11!3m10!1s0x31721d9f6d350bb7:0x77143c67a7780b5c!5m2!4m1!1i2!8m2!3d12.6772204!4d108.0257721!16s/g/11x8qw2szm!17BQ0FF!19sChIJtws1bZ8dcjERXAt4p2c8FHc?authuser=0&hl=vi&g_ep=EgoyMDI2MDkwMi4wIJJjKgBIAVAD&rclk=1'
2026-09-08 08:27:38,152 | INFO | Navigation start | attempt=1/3 | timeout=15000ms | url=https://www.google.com/maps/place/Happy+Homestay/data=!4m11!3m10!1s0x31721dac272bd5cf:0x3b4e6ce6da11bc4e!5m2!4m1!1i2!8m2!3d12.6748505!4d108.0063476!16s/g/11z5r1f40g!17BQ0FF!19sChIJz9UrJ6wdcjERTrwR2uZsTjs?authuser=0&hl=vi&g_ep=EgoyMDI2MDkwMi4wIJJjKgBIAVAD&rclk=1
2026-09-08 08:27:38,398 | INFO | Navigation success | attempt=1/3 | 0.25s | url=https://www.google.com/maps/place/Happy+Homestay/data=!4m11!3m10!1s0x31721dac272bd5cf:0x3b4e6ce6da11bc4e!5m2!4m1!1i2!8m2!3d12.6748505!4d108.0063476!16s/g/11z5r1f40g!17BQ0FF!19sChIJz9UrJ6wdcjERTrwR2uZsTjs?authuser=0&hl=vi&g_ep=EgoyMDI2MDkwMi4wIJJjKgBIAVAD&rclk=1
2026-09-08 08:27:42,147 | INFO | VERIFY CANDIDATE | input_title='DAKLAK HOMESTAY' | actual_title='' | input_address='Lê Thị Riêng Ea Tam, Ea Kao, Đắk Lắk, Việt Nam' | actual_address='\ue52e' | url='https://www.google.com/maps/place/Happy+Homestay/data=!4m11!3m10!1s0x31721dac272bd5cf:0x3b4e6ce6da11bc4e!5m2!4m1!1i2!8m2!3d12.6748505!4d108.0063476!16s/g/11z5r1f40g!17BQ0FF!19sChIJz9UrJ6wdcjERTrwR2uZsTjs?authuser=0&hl=vi&g_ep=EgoyMDI2MDkwMi4wIJJjKgBIAVAD&rclk=1' | coordinates=(12.6748505, 108.0)
2026-09-08 08:27:42,150 | INFO | VERIFY FINAL | success=False | reason=TITLE_UNAVAILABLE | title_ok=False | address_ok=False | input_title='DAKLAK HOMESTAY' | maps_title='' | input_address='Lê Thị Riêng Ea Tam, Ea Kao, Đắk Lắk, Việt Nam' | maps_address='\ue52e' | url='https://www.google.com/maps/place/Happy+Homestay/data=!4m11!3m10!1s0x31721dac272bd5cf:0x3b4e6ce6da11bc4e!5m2!4m1!1i2!8m2!3d12.6748505!4d108.0063476!16s/g/11z5r1f40g!17BQ0FF!19sChIJz9UrJ6wdcjERTrwR2uZsTjs?authuser=0&hl=vi&g_ep=EgoyMDI2MDkwMi4wIJJjKgBIAVAD&rclk=1'
2026-09-08 08:27:42,151 | INFO | Navigation start | attempt=1/3 | timeout=15000ms | url=https://www.google.com/maps/place/Đồi+Sao+Homestay/data=!4m11!3m10!1s0x3171f7d3577fc38d:0x39f73cec878520b5!5m2!4m1!1i2!8m2!3d12.6794701!4d108.0541305!16s/g/11v5rggnj1!17BQ0FF!19sChIJjcN_V9P3cTERtSCFh-w89zk?authuser=0&hl=vi&g_ep=EgoyMDI2MDkwMi4wIJJjKgBIAVAD&rclk=1
2026-09-08 08:27:43,212 | INFO | Navigation success | attempt=1/3 | 1.06s | url=https://www.google.com/maps/place/Đồi+Sao+Homestay/data=!4m11!3m10!1s0x3171f7d3577fc38d:0x39f73cec878520b5!5m2!4m1!1i2!8m2!3d12.6794701!4d108.0541305!16s/g/11v5rggnj1!17BQ0FF!19sChIJjcN_V9P3cTERtSCFh-w89zk?authuser=0&hl=vi&g_ep=EgoyMDI2MDkwMi4wIJJjKgBIAVAD&rclk=1
2026-09-08 08:27:44,463 | INFO | VERIFY CANDIDATE | input_title='DAKLAK HOMESTAY' | actual_title='' | input_address='Lê Thị Riêng Ea Tam, Ea Kao, Đắk Lắk, Việt Nam' | actual_address='\ue52e' | url='https://www.google.com/maps/place/%C4%90%E1%BB%93i+Sao+Homestay/data=!4m11!3m10!1s0x3171f7d3577fc38d:0x39f73cec878520b5!5m2!4m1!1i2!8m2!3d12.6794701!4d108.0541305!16s/g/11v5rggnj1!17BQ0FF!19sChIJjcN_V9P3cTERtSCFh-w89zk?authuser=0&hl=vi&g_ep=EgoyMDI2MDkwMi4wIJJjKgBIAVAD&rclk=1' | coordinates=(12.6794701, 108.0)
2026-09-08 08:27:44,466 | INFO | VERIFY FINAL | success=False | reason=TITLE_UNAVAILABLE | title_ok=False | address_ok=False | input_title='DAKLAK HOMESTAY' | maps_title='' | input_address='Lê Thị Riêng Ea Tam, Ea Kao, Đắk Lắk, Việt Nam' | maps_address='\ue52e' | url='https://www.google.com/maps/place/%C4%90%E1%BB%93i+Sao+Homestay/data=!4m11!3m10!1s0x3171f7d3577fc38d:0x39f73cec878520b5!5m2!4m1!1i2!8m2!3d12.6794701!4d108.0541305!16s/g/11v5rggnj1!17BQ0FF!19sChIJjcN_V9P3cTERtSCFh-w89zk?authuser=0&hl=vi&g_ep=EgoyMDI2MDkwMi4wIJJjKgBIAVAD&rclk=1'
2026-09-08 08:27:44,466 | INFO | Navigation start | attempt=1/3 | timeout=15000ms | url=https://www.google.com/maps/place/Boss+cà+phê+Homestay/data=!4m11!3m10!1s0x31721c29707d0573:0x16a7ed69584fc9ae!5m2!4m1!1i2!8m2!3d12.6421204!4d107.9938888!16s/g/11y3_00gdg!17BQ0FF!19sChIJcwV9cCkccjERrslPWGntpxY?authuser=0&hl=vi&g_ep=EgoyMDI2MDkwMi4wIJJjKgBIAVAD&rclk=1
2026-09-08 08:27:44,697 | INFO | Navigation success | attempt=1/3 | 0.23s | url=https://www.google.com/maps/place/Boss+cà+phê+Homestay/data=!4m11!3m10!1s0x31721c29707d0573:0x16a7ed69584fc9ae!5m2!4m1!1i2!8m2!3d12.6421204!4d107.9938888!16s/g/11y3_00gdg!17BQ0FF!19sChIJcwV9cCkccjERrslPWGntpxY?authuser=0&hl=vi&g_ep=EgoyMDI2MDkwMi4wIJJjKgBIAVAD&rclk=1
2026-09-08 08:27:46,287 | INFO | VERIFY CANDIDATE | input_title='DAKLAK HOMESTAY' | actual_title='' | input_address='Lê Thị Riêng Ea Tam, Ea Kao, Đắk Lắk, Việt Nam' | actual_address='\ue52e' | url='https://www.google.com/maps/place/Boss+c%C3%A0+ph%C3%AA+Homestay/data=!4m11!3m10!1s0x31721c29707d0573:0x16a7ed69584fc9ae!5m2!4m1!1i2!8m2!3d12.6421204!4d107.9938888!16s/g/11y3_00gdg!17BQ0FF!19sChIJcwV9cCkccjERrslPWGntpxY?authuser=0&hl=vi&g_ep=EgoyMDI2MDkwMi4wIJJjKgBIAVAD&rclk=1' | coordinates=(12.6421204, 107.9)
2026-09-08 08:27:46,290 | INFO | VERIFY FINAL | success=False | reason=TITLE_UNAVAILABLE | title_ok=False | address_ok=False | input_title='DAKLAK HOMESTAY' | maps_title='' | input_address='Lê Thị Riêng Ea Tam, Ea Kao, Đắk Lắk, Việt Nam' | maps_address='\ue52e' | url='https://www.google.com/maps/place/Boss+c%C3%A0+ph%C3%AA+Homestay/data=!4m11!3m10!1s0x31721c29707d0573:0x16a7ed69584fc9ae!5m2!4m1!1i2!8m2!3d12.6421204!4d107.9938888!16s/g/11y3_00gdg!17BQ0FF!19sChIJcwV9cCkccjERrslPWGntpxY?authuser=0&hl=vi&g_ep=EgoyMDI2MDkwMi4wIJJjKgBIAVAD&rclk=1'
2026-09-08 08:27:46,290 | INFO | Navigation start | attempt=1/3 | timeout=15000ms | url=https://www.google.com/maps/place/homestay+nhà+sàn/data=!4m11!3m10!1s0x31721e0a6c9b375d:0xc480aae50614e2ab!5m2!4m1!1i2!8m2!3d12.6354103!4d108.0286102!16s/g/11mdspbqfh!17BQ0FF!19sChIJXTebbAoecjERq-IUBuWqgMQ?authuser=0&hl=vi&g_ep=EgoyMDI2MDkwMi4wIJJjKgBIAVAD&rclk=1
2026-09-08 08:27:46,510 | INFO | Navigation success | attempt=1/3 | 0.22s | url=https://www.google.com/maps/place/homestay+nhà+sàn/data=!4m11!3m10!1s0x31721e0a6c9b375d:0xc480aae50614e2ab!5m2!4m1!1i2!8m2!3d12.6354103!4d108.0286102!16s/g/11mdspbqfh!17BQ0FF!19sChIJXTebbAoecjERq-IUBuWqgMQ?authuser=0&hl=vi&g_ep=EgoyMDI2MDkwMi4wIJJjKgBIAVAD&rclk=1
2026-09-08 08:27:48,470 | INFO | VERIFY CANDIDATE | input_title='DAKLAK HOMESTAY' | actual_title='' | input_address='Lê Thị Riêng Ea Tam, Ea Kao, Đắk Lắk, Việt Nam' | actual_address='\ue52e' | url='https://www.google.com/maps/place/homestay+nh%C3%A0+s%C3%A0n/data=!4m11!3m10!1s0x31721e0a6c9b375d:0xc480aae50614e2ab!5m2!4m1!1i2!8m2!3d12.6354103!4d108.0286102!16s/g/11mdspbqfh!17BQ0FF!19sChIJXTebbAoecjERq-IUBuWqgMQ?authuser=0&hl=vi&g_ep=EgoyMDI2MDkwMi4wIJJjKgBIAVAD&rclk=1' | coordinates=(12.6354103, 108.0)
2026-09-08 08:27:48,473 | INFO | VERIFY FINAL | success=False | reason=TITLE_UNAVAILABLE | title_ok=False | address_ok=False | input_title='DAKLAK HOMESTAY' | maps_title='' | input_address='Lê Thị Riêng Ea Tam, Ea Kao, Đắk Lắk, Việt Nam' | maps_address='\ue52e' | url='https://www.google.com/maps/place/homestay+nh%C3%A0+s%C3%A0n/data=!4m11!3m10!1s0x31721e0a6c9b375d:0xc480aae50614e2ab!5m2!4m1!1i2!8m2!3d12.6354103!4d108.0286102!16s/g/11mdspbqfh!17BQ0FF!19sChIJXTebbAoecjERq-IUBuWqgMQ?authuser=0&hl=vi&g_ep=EgoyMDI2MDkwMi4wIJJjKgBIAVAD&rclk=1'
2026-09-08 08:27:48,474 | INFO | Navigation start | attempt=1/3 | timeout=15000ms | url=https://www.google.com/maps/place/Homestay+Buôn+Ma+Thuột+Xóm+Rau/data=!4m11!3m10!1s0x3171f7bb80ac35ef:0x8253f6a4cf2c0a8a!5m2!4m1!1i2!8m2!3d12.6934795!4d108.0802612!16s/g/11ycl8wjqs!17BQ0FF!19sChIJ7zWsgLv3cTERigosz6T2U4I?authuser=0&hl=vi&g_ep=EgoyMDI2MDkwMi4wIJJjKgBIAVAD&rclk=1
2026-09-08 08:27:48,698 | INFO | Navigation success | attempt=1/3 | 0.22s | url=https://www.google.com/maps/place/Homestay+Buôn+Ma+Thuột+Xóm+Rau/data=!4m11!3m10!1s0x3171f7bb80ac35ef:0x8253f6a4cf2c0a8a!5m2!4m1!1i2!8m2!3d12.6934795!4d108.0802612!16s/g/11ycl8wjqs!17BQ0FF!19sChIJ7zWsgLv3cTERigosz6T2U4I?authuser=0&hl=vi&g_ep=EgoyMDI2MDkwMi4wIJJjKgBIAVAD&rclk=1
2026-09-08 08:27:52,025 | INFO | VERIFY CANDIDATE | input_title='DAKLAK HOMESTAY' | actual_title='' | input_address='Lê Thị Riêng Ea Tam, Ea Kao, Đắk Lắk, Việt Nam' | actual_address='\ue52e' | url='https://www.google.com/maps/place/Homestay+Bu%C3%B4n+Ma+Thu%E1%BB%99t+X%C3%B3m+Rau/data=!4m11!3m10!1s0x3171f7bb80ac35ef:0x8253f6a4cf2c0a8a!5m2!4m1!1i2!8m2!3d12.6934795!4d108.0802612!16s/g/11ycl8wjqs!17BQ0FF!19sChIJ7zWsgLv3cTERigosz6T2U4I?authuser=0&hl=vi&g_ep=EgoyMDI2MDkwMi4wIJJjKgBIAVAD&rclk=1' | coordinates=(12.6934795, 108.0)
2026-09-08 08:27:52,028 | INFO | VERIFY FINAL | success=False | reason=TITLE_UNAVAILABLE | title_ok=False | address_ok=False | input_title='DAKLAK HOMESTAY' | maps_title='' | input_address='Lê Thị Riêng Ea Tam, Ea Kao, Đắk Lắk, Việt Nam' | maps_address='\ue52e' | url='https://www.google.com/maps/place/Homestay+Bu%C3%B4n+Ma+Thu%E1%BB%99t+X%C3%B3m+Rau/data=!4m11!3m10!1s0x3171f7bb80ac35ef:0x8253f6a4cf2c0a8a!5m2!4m1!1i2!8m2!3d12.6934795!4d108.0802612!16s/g/11ycl8wjqs!17BQ0FF!19sChIJ7zWsgLv3cTERigosz6T2U4I?authuser=0&hl=vi&g_ep=EgoyMDI2MDkwMi4wIJJjKgBIAVAD&rclk=1'
2026-09-08 08:27:52,028 | INFO | Navigation start | attempt=1/3 | timeout=15000ms | url=https://www.google.com/maps/place/Greentraveller+Buon+Ma+Thuot+Homestay/data=!4m11!3m10!1s0x3171f6ff3d6f2b75:0x760f7f1938451d5a!5m2!4m1!1i2!8m2!3d12.6715603!4d108.0975418!16s/g/11z5r1qtsn!17BQ0FF!19sChIJdStvPf_2cTERWh1FOBl_D3Y?authuser=0&hl=vi&g_ep=EgoyMDI2MDkwMi4wIJJjKgBIAVAD&rclk=1
2026-09-08 08:27:52,253 | INFO | Navigation success | attempt=1/3 | 0.22s | url=https://www.google.com/maps/place/Greentraveller+Buon+Ma+Thuot+Homestay/data=!4m11!3m10!1s0x3171f6ff3d6f2b75:0x760f7f1938451d5a!5m2!4m1!1i2!8m2!3d12.6715603!4d108.0975418!16s/g/11z5r1qtsn!17BQ0FF!19sChIJdStvPf_2cTERWh1FOBl_D3Y?authuser=0&hl=vi&g_ep=EgoyMDI2MDkwMi4wIJJjKgBIAVAD&rclk=1
2026-09-08 08:27:54,230 | INFO | VERIFY CANDIDATE | input_title='DAKLAK HOMESTAY' | actual_title='' | input_address='Lê Thị Riêng Ea Tam, Ea Kao, Đắk Lắk, Việt Nam' | actual_address='\ue52e' | url='https://www.google.com/maps/place/Greentraveller+Buon+Ma+Thuot+Homestay/data=!4m11!3m10!1s0x3171f6ff3d6f2b75:0x760f7f1938451d5a!5m2!4m1!1i2!8m2!3d12.6715603!4d108.0975418!16s/g/11z5r1qtsn!17BQ0FF!19sChIJdStvPf_2cTERWh1FOBl_D3Y?authuser=0&hl=vi&g_ep=EgoyMDI2MDkwMi4wIJJjKgBIAVAD&rclk=1' | coordinates=(12.6715603, 108.0)
2026-09-08 08:27:54,233 | INFO | VERIFY FINAL | success=False | reason=TITLE_UNAVAILABLE | title_ok=False | address_ok=False | input_title='DAKLAK HOMESTAY' | maps_title='' | input_address='Lê Thị Riêng Ea Tam, Ea Kao, Đắk Lắk, Việt Nam' | maps_address='\ue52e' | url='https://www.google.com/maps/place/Greentraveller+Buon+Ma+Thuot+Homestay/data=!4m11!3m10!1s0x3171f6ff3d6f2b75:0x760f7f1938451d5a!5m2!4m1!1i2!8m2!3d12.6715603!4d108.0975418!16s/g/11z5r1qtsn!17BQ0FF!19sChIJdStvPf_2cTERWh1FOBl_D3Y?authuser=0&hl=vi&g_ep=EgoyMDI2MDkwMi4wIJJjKgBIAVAD&rclk=1'
2026-09-08 08:27:54,234 | INFO | Google Maps address search variant 11/12: DAKLAK HOMESTAY, đak lak
2026-09-08 08:27:54,234 | INFO | Navigation start | attempt=1/3 | timeout=15000ms | url=https://www.google.com/maps/search/?api=1&query=DAKLAK%20HOMESTAY%2C%20%C4%91ak%20lak
2026-09-08 08:27:54,497 | INFO | Navigation success | attempt=1/3 | 0.26s | url=https://www.google.com/maps/search/?api=1&query=DAKLAK%20HOMESTAY%2C%20%C4%91ak%20lak
2026-09-08 08:28:05,684 | INFO | Navigation start | attempt=1/3 | timeout=15000ms | url=https://www.google.com/maps/place/Zan+HomeStay/data=!4m11!3m10!1s0x31721d9f6d350bb7:0x77143c67a7780b5c!5m2!4m1!1i2!8m2!3d12.6772204!4d108.0257721!16s/g/11x8qw2szm!17BQ0FF!19sChIJtws1bZ8dcjERXAt4p2c8FHc?authuser=0&hl=vi&g_ep=EgoyMDI2MDkwMi4wIJJjKgBIAVAD&rclk=1
2026-09-08 08:28:05,908 | INFO | Navigation success | attempt=1/3 | 0.22s | url=https://www.google.com/maps/place/Zan+HomeStay/data=!4m11!3m10!1s0x31721d9f6d350bb7:0x77143c67a7780b5c!5m2!4m1!1i2!8m2!3d12.6772204!4d108.0257721!16s/g/11x8qw2szm!17BQ0FF!19sChIJtws1bZ8dcjERXAt4p2c8FHc?authuser=0&hl=vi&g_ep=EgoyMDI2MDkwMi4wIJJjKgBIAVAD&rclk=1
2026-09-08 08:28:08,172 | INFO | VERIFY CANDIDATE | input_title='DAKLAK HOMESTAY' | actual_title='' | input_address='Lê Thị Riêng Ea Tam, Ea Kao, Đắk Lắk, Việt Nam' | actual_address='\ue52e' | url='https://www.google.com/maps/place/Zan+HomeStay/data=!4m11!3m10!1s0x31721d9f6d350bb7:0x77143c67a7780b5c!5m2!4m1!1i2!8m2!3d12.6772204!4d108.0257721!16s/g/11x8qw2szm!17BQ0FF!19sChIJtws1bZ8dcjERXAt4p2c8FHc?authuser=0&hl=vi&g_ep=EgoyMDI2MDkwMi4wIJJjKgBIAVAD&rclk=1' | coordinates=(12.6772204, 108.0)
2026-09-08 08:28:08,175 | INFO | VERIFY FINAL | success=False | reason=TITLE_UNAVAILABLE | title_ok=False | address_ok=False | input_title='DAKLAK HOMESTAY' | maps_title='' | input_address='Lê Thị Riêng Ea Tam, Ea Kao, Đắk Lắk, Việt Nam' | maps_address='\ue52e' | url='https://www.google.com/maps/place/Zan+HomeStay/data=!4m11!3m10!1s0x31721d9f6d350bb7:0x77143c67a7780b5c!5m2!4m1!1i2!8m2!3d12.6772204!4d108.0257721!16s/g/11x8qw2szm!17BQ0FF!19sChIJtws1bZ8dcjERXAt4p2c8FHc?authuser=0&hl=vi&g_ep=EgoyMDI2MDkwMi4wIJJjKgBIAVAD&rclk=1'
2026-09-08 08:28:08,175 | INFO | Navigation start | attempt=1/3 | timeout=15000ms | url=https://www.google.com/maps/place/Boss+cà+phê+Homestay/data=!4m11!3m10!1s0x31721c29707d0573:0x16a7ed69584fc9ae!5m2!4m1!1i2!8m2!3d12.6421204!4d107.9938888!16s/g/11y3_00gdg!17BQ0FF!19sChIJcwV9cCkccjERrslPWGntpxY?authuser=0&hl=vi&g_ep=EgoyMDI2MDkwMi4wIJJjKgBIAVAD&rclk=1
2026-09-08 08:28:08,381 | INFO | Navigation success | attempt=1/3 | 0.21s | url=https://www.google.com/maps/place/Boss+cà+phê+Homestay/data=!4m11!3m10!1s0x31721c29707d0573:0x16a7ed69584fc9ae!5m2!4m1!1i2!8m2!3d12.6421204!4d107.9938888!16s/g/11y3_00gdg!17BQ0FF!19sChIJcwV9cCkccjERrslPWGntpxY?authuser=0&hl=vi&g_ep=EgoyMDI2MDkwMi4wIJJjKgBIAVAD&rclk=1
2026-09-08 08:28:09,829 | INFO | VERIFY CANDIDATE | input_title='DAKLAK HOMESTAY' | actual_title='' | input_address='Lê Thị Riêng Ea Tam, Ea Kao, Đắk Lắk, Việt Nam' | actual_address='\ue52e' | url='https://www.google.com/maps/place/Boss+c%C3%A0+ph%C3%AA+Homestay/data=!4m11!3m10!1s0x31721c29707d0573:0x16a7ed69584fc9ae!5m2!4m1!1i2!8m2!3d12.6421204!4d107.9938888!16s/g/11y3_00gdg!17BQ0FF!19sChIJcwV9cCkccjERrslPWGntpxY?authuser=0&hl=vi&g_ep=EgoyMDI2MDkwMi4wIJJjKgBIAVAD&rclk=1' | coordinates=(12.6421204, 107.9)
2026-09-08 08:28:09,831 | INFO | VERIFY FINAL | success=False | reason=TITLE_UNAVAILABLE | title_ok=False | address_ok=False | input_title='DAKLAK HOMESTAY' | maps_title='' | input_address='Lê Thị Riêng Ea Tam, Ea Kao, Đắk Lắk, Việt Nam' | maps_address='\ue52e' | url='https://www.google.com/maps/place/Boss+c%C3%A0+ph%C3%AA+Homestay/data=!4m11!3m10!1s0x31721c29707d0573:0x16a7ed69584fc9ae!5m2!4m1!1i2!8m2!3d12.6421204!4d107.9938888!16s/g/11y3_00gdg!17BQ0FF!19sChIJcwV9cCkccjERrslPWGntpxY?authuser=0&hl=vi&g_ep=EgoyMDI2MDkwMi4wIJJjKgBIAVAD&rclk=1'
2026-09-08 08:28:09,832 | INFO | Navigation start | attempt=1/3 | timeout=15000ms | url=https://www.google.com/maps/place/Homestay+Trúc+Quỳnh/data=!4m11!3m10!1s0x316fec22ff7c2839:0x8de3095070348133!5m2!4m1!1i2!8m2!3d13.0798101!4d109.3097076!16s/g/11xd3jdy_8!17BQ0FF!19sChIJOSh8_yLsbzERM4E0cFAJ440?authuser=0&hl=vi&g_ep=EgoyMDI2MDkwMi4wIJJjKgBIAVAD&rclk=1
2026-09-08 08:28:10,043 | INFO | Navigation success | attempt=1/3 | 0.21s | url=https://www.google.com/maps/place/Homestay+Trúc+Quỳnh/data=!4m11!3m10!1s0x316fec22ff7c2839:0x8de3095070348133!5m2!4m1!1i2!8m2!3d13.0798101!4d109.3097076!16s/g/11xd3jdy_8!17BQ0FF!19sChIJOSh8_yLsbzERM4E0cFAJ440?authuser=0&hl=vi&g_ep=EgoyMDI2MDkwMi4wIJJjKgBIAVAD&rclk=1
2026-09-08 08:28:11,736 | INFO | VERIFY CANDIDATE | input_title='DAKLAK HOMESTAY' | actual_title='' | input_address='Lê Thị Riêng Ea Tam, Ea Kao, Đắk Lắk, Việt Nam' | actual_address='\ue52e' | url='https://www.google.com/maps/place/Homestay+Tr%C3%BAc+Qu%E1%BB%B3nh/data=!4m11!3m10!1s0x316fec22ff7c2839:0x8de3095070348133!5m2!4m1!1i2!8m2!3d13.0798101!4d109.3097076!16s/g/11xd3jdy_8!17BQ0FF!19sChIJOSh8_yLsbzERM4E0cFAJ440?authuser=0&hl=vi&g_ep=EgoyMDI2MDkwMi4wIJJjKgBIAVAD&rclk=1' | coordinates=(13.0798101, 109.3)
2026-09-08 08:28:11,742 | INFO | VERIFY FINAL | success=False | reason=TITLE_UNAVAILABLE | title_ok=False | address_ok=False | input_title='DAKLAK HOMESTAY' | maps_title='' | input_address='Lê Thị Riêng Ea Tam, Ea Kao, Đắk Lắk, Việt Nam' | maps_address='\ue52e' | url='https://www.google.com/maps/place/Homestay+Tr%C3%BAc+Qu%E1%BB%B3nh/data=!4m11!3m10!1s0x316fec22ff7c2839:0x8de3095070348133!5m2!4m1!1i2!8m2!3d13.0798101!4d109.3097076!16s/g/11xd3jdy_8!17BQ0FF!19sChIJOSh8_yLsbzERM4E0cFAJ440?authuser=0&hl=vi&g_ep=EgoyMDI2MDkwMi4wIJJjKgBIAVAD&rclk=1'
2026-09-08 08:28:11,742 | INFO | Navigation start | attempt=1/3 | timeout=15000ms | url=https://www.google.com/maps/place/Greentraveller+Buon+Ma+Thuot+Homestay/data=!4m11!3m10!1s0x3171f6ff3d6f2b75:0x760f7f1938451d5a!5m2!4m1!1i2!8m2!3d12.6715603!4d108.0975418!16s/g/11z5r1qtsn!17BQ0FF!19sChIJdStvPf_2cTERWh1FOBl_D3Y?authuser=0&hl=vi&g_ep=EgoyMDI2MDkwMi4wIJJjKgBIAVAD&rclk=1
2026-09-08 08:28:12,354 | INFO | Navigation success | attempt=1/3 | 0.61s | url=https://www.google.com/maps/place/Greentraveller+Buon+Ma+Thuot+Homestay/data=!4m11!3m10!1s0x3171f6ff3d6f2b75:0x760f7f1938451d5a!5m2!4m1!1i2!8m2!3d12.6715603!4d108.0975418!16s/g/11z5r1qtsn!17BQ0FF!19sChIJdStvPf_2cTERWh1FOBl_D3Y?authuser=0&hl=vi&g_ep=EgoyMDI2MDkwMi4wIJJjKgBIAVAD&rclk=1
2026-09-08 08:28:15,096 | INFO | VERIFY CANDIDATE | input_title='DAKLAK HOMESTAY' | actual_title='' | input_address='Lê Thị Riêng Ea Tam, Ea Kao, Đắk Lắk, Việt Nam' | actual_address='\ue52e' | url='https://www.google.com/maps/place/Greentraveller+Buon+Ma+Thuot+Homestay/data=!4m11!3m10!1s0x3171f6ff3d6f2b75:0x760f7f1938451d5a!5m2!4m1!1i2!8m2!3d12.6715603!4d108.0975418!16s/g/11z5r1qtsn!17BQ0FF!19sChIJdStvPf_2cTERWh1FOBl_D3Y?authuser=0&hl=vi&g_ep=EgoyMDI2MDkwMi4wIJJjKgBIAVAD&rclk=1' | coordinates=(12.6715603, 108.0)
2026-09-08 08:28:15,102 | INFO | VERIFY FINAL | success=False | reason=TITLE_UNAVAILABLE | title_ok=False | address_ok=False | input_title='DAKLAK HOMESTAY' | maps_title='' | input_address='Lê Thị Riêng Ea Tam, Ea Kao, Đắk Lắk, Việt Nam' | maps_address='\ue52e' | url='https://www.google.com/maps/place/Greentraveller+Buon+Ma+Thuot+Homestay/data=!4m11!3m10!1s0x3171f6ff3d6f2b75:0x760f7f1938451d5a!5m2!4m1!1i2!8m2!3d12.6715603!4d108.0975418!16s/g/11z5r1qtsn!17BQ0FF!19sChIJdStvPf_2cTERWh1FOBl_D3Y?authuser=0&hl=vi&g_ep=EgoyMDI2MDkwMi4wIJJjKgBIAVAD&rclk=1'
2026-09-08 08:28:15,105 | INFO | Navigation start | attempt=1/3 | timeout=15000ms | url=https://www.google.com/maps/place/Xóm+Sình+Homestay+Farmstay+Buôn+Ma+Thuột+ĐakLak+-+One-Bedroom+House/data=!4m11!3m10!1s0x3171f9d999d25537:0x78e8bf303a118292!5m2!4m1!1i2!8m2!3d12.7233696!4d108.1095505!16s/g/11z39rtr97!17BQ0FF!19sChIJN1XSmdn5cTERkoIROjC_6Hg?authuser=0&hl=vi&g_ep=EgoyMDI2MDkwMi4wIJJjKgBIAVAD&rclk=1
2026-09-08 08:28:15,330 | INFO | Navigation success | attempt=1/3 | 0.23s | url=https://www.google.com/maps/place/Xóm+Sình+Homestay+Farmstay+Buôn+Ma+Thuột+ĐakLak+-+One-Bedroom+House/data=!4m11!3m10!1s0x3171f9d999d25537:0x78e8bf303a118292!5m2!4m1!1i2!8m2!3d12.7233696!4d108.1095505!16s/g/11z39rtr97!17BQ0FF!19sChIJN1XSmdn5cTERkoIROjC_6Hg?authuser=0&hl=vi&g_ep=EgoyMDI2MDkwMi4wIJJjKgBIAVAD&rclk=1
2026-09-08 08:28:17,945 | INFO | VERIFY CANDIDATE | input_title='DAKLAK HOMESTAY' | actual_title='' | input_address='Lê Thị Riêng Ea Tam, Ea Kao, Đắk Lắk, Việt Nam' | actual_address='\ue52e' | url='https://www.google.com/maps/place/X%C3%B3m+S%C3%ACnh+Homestay+Farmstay+Bu%C3%B4n+Ma+Thu%E1%BB%99t+%C4%90akLak+-+One-Bedroom+House/data=!4m11!3m10!1s0x3171f9d999d25537:0x78e8bf303a118292!5m2!4m1!1i2!8m2!3d12.7233696!4d108.1095505!16s/g/11z39rtr97!17BQ0FF!19sChIJN1XSmdn5cTERkoIROjC_6Hg?authuser=0&hl=vi&g_ep=EgoyMDI2MDkwMi4wIJJjKgBIAVAD&rclk=1' | coordinates=(12.7233696, 108.1)
2026-09-08 08:28:17,948 | INFO | VERIFY FINAL | success=False | reason=TITLE_UNAVAILABLE | title_ok=False | address_ok=False | input_title='DAKLAK HOMESTAY' | maps_title='' | input_address='Lê Thị Riêng Ea Tam, Ea Kao, Đắk Lắk, Việt Nam' | maps_address='\ue52e' | url='https://www.google.com/maps/place/X%C3%B3m+S%C3%ACnh+Homestay+Farmstay+Bu%C3%B4n+Ma+Thu%E1%BB%99t+%C4%90akLak+-+One-Bedroom+House/data=!4m11!3m10!1s0x3171f9d999d25537:0x78e8bf303a118292!5m2!4m1!1i2!8m2!3d12.7233696!4d108.1095505!16s/g/11z39rtr97!17BQ0FF!19sChIJN1XSmdn5cTERkoIROjC_6Hg?authuser=0&hl=vi&g_ep=EgoyMDI2MDkwMi4wIJJjKgBIAVAD&rclk=1'
2026-09-08 08:28:17,949 | INFO | Navigation start | attempt=1/3 | timeout=15000ms | url=https://www.google.com/maps/place/Van+Long+Lakeside+View+Guesthouse/data=!4m11!3m10!1s0x31718ee6cc2f367b:0xe35967ca25eac948!5m2!4m1!1i2!8m2!3d12.4120903!4d108.1705169!16s/g/11ylq4g6wt!17BQ0FF!19sChIJezYvzOaOcTERSMnqJcpnWeM?authuser=0&hl=vi&g_ep=EgoyMDI2MDkwMi4wIJJjKgBIAVAD&rclk=1
2026-09-08 08:28:18,164 | INFO | Navigation success | attempt=1/3 | 0.22s | url=https://www.google.com/maps/place/Van+Long+Lakeside+View+Guesthouse/data=!4m11!3m10!1s0x31718ee6cc2f367b:0xe35967ca25eac948!5m2!4m1!1i2!8m2!3d12.4120903!4d108.1705169!16s/g/11ylq4g6wt!17BQ0FF!19sChIJezYvzOaOcTERSMnqJcpnWeM?authuser=0&hl=vi&g_ep=EgoyMDI2MDkwMi4wIJJjKgBIAVAD&rclk=1
2026-09-08 08:28:21,103 | INFO | VERIFY CANDIDATE | input_title='DAKLAK HOMESTAY' | actual_title='' | input_address='Lê Thị Riêng Ea Tam, Ea Kao, Đắk Lắk, Việt Nam' | actual_address='\ue52e' | url='https://www.google.com/maps/place/Van+Long+Lakeside+View+Guesthouse/data=!4m11!3m10!1s0x31718ee6cc2f367b:0xe35967ca25eac948!5m2!4m1!1i2!8m2!3d12.4120903!4d108.1705169!16s/g/11ylq4g6wt!17BQ0FF!19sChIJezYvzOaOcTERSMnqJcpnWeM?authuser=0&hl=vi&g_ep=EgoyMDI2MDkwMi4wIJJjKgBIAVAD&rclk=1' | coordinates=(12.4120903, 108.1)
2026-09-08 08:28:21,105 | INFO | VERIFY FINAL | success=False | reason=TITLE_UNAVAILABLE | title_ok=False | address_ok=False | input_title='DAKLAK HOMESTAY' | maps_title='' | input_address='Lê Thị Riêng Ea Tam, Ea Kao, Đắk Lắk, Việt Nam' | maps_address='\ue52e' | url='https://www.google.com/maps/place/Van+Long+Lakeside+View+Guesthouse/data=!4m11!3m10!1s0x31718ee6cc2f367b:0xe35967ca25eac948!5m2!4m1!1i2!8m2!3d12.4120903!4d108.1705169!16s/g/11ylq4g6wt!17BQ0FF!19sChIJezYvzOaOcTERSMnqJcpnWeM?authuser=0&hl=vi&g_ep=EgoyMDI2MDkwMi4wIJJjKgBIAVAD&rclk=1'
2026-09-08 08:28:21,106 | INFO | Navigation start | attempt=1/3 | timeout=15000ms | url=https://www.google.com/maps/place/Apec+Tuy+Hòa+SeaView+Condotel/data=!4m11!3m10!1s0x316fec416eac3d17:0x93d49dc4d93e8ffb!5m2!4m1!1i2!8m2!3d13.0979604!4d109.3110123!16s/g/11mkys49m1!17BQ0FF!19sChIJFz2sbkHsbzER-48-2cSd1JM?authuser=0&hl=vi&g_ep=EgoyMDI2MDkwMi4wIJJjKgBIAVAD&rclk=1
2026-09-08 08:28:21,329 | INFO | Navigation success | attempt=1/3 | 0.22s | url=https://www.google.com/maps/place/Apec+Tuy+Hòa+SeaView+Condotel/data=!4m11!3m10!1s0x316fec416eac3d17:0x93d49dc4d93e8ffb!5m2!4m1!1i2!8m2!3d13.0979604!4d109.3110123!16s/g/11mkys49m1!17BQ0FF!19sChIJFz2sbkHsbzER-48-2cSd1JM?authuser=0&hl=vi&g_ep=EgoyMDI2MDkwMi4wIJJjKgBIAVAD&rclk=1
2026-09-08 08:28:24,148 | INFO | VERIFY CANDIDATE | input_title='DAKLAK HOMESTAY' | actual_title='' | input_address='Lê Thị Riêng Ea Tam, Ea Kao, Đắk Lắk, Việt Nam' | actual_address='\ue52e' | url='https://www.google.com/maps/place/Apec+Tuy+H%C3%B2a+SeaView+Condotel/data=!4m11!3m10!1s0x316fec416eac3d17:0x93d49dc4d93e8ffb!5m2!4m1!1i2!8m2!3d13.0979604!4d109.3110123!16s/g/11mkys49m1!17BQ0FF!19sChIJFz2sbkHsbzER-48-2cSd1JM?authuser=0&hl=vi&g_ep=EgoyMDI2MDkwMi4wIJJjKgBIAVAD&rclk=1' | coordinates=(13.0979604, 109.3)
2026-09-08 08:28:24,152 | INFO | VERIFY FINAL | success=False | reason=TITLE_UNAVAILABLE | title_ok=False | address_ok=False | input_title='DAKLAK HOMESTAY' | maps_title='' | input_address='Lê Thị Riêng Ea Tam, Ea Kao, Đắk Lắk, Việt Nam' | maps_address='\ue52e' | url='https://www.google.com/maps/place/Apec+Tuy+H%C3%B2a+SeaView+Condotel/data=!4m11!3m10!1s0x316fec416eac3d17:0x93d49dc4d93e8ffb!5m2!4m1!1i2!8m2!3d13.0979604!4d109.3110123!16s/g/11mkys49m1!17BQ0FF!19sChIJFz2sbkHsbzER-48-2cSd1JM?authuser=0&hl=vi&g_ep=EgoyMDI2MDkwMi4wIJJjKgBIAVAD&rclk=1'
2026-09-08 08:28:24,152 | WARNING | Google Maps NOT_FOUND / NO_VALID_PLACE_URL: DAKLAK HOMESTAY | Lê Thị Riêng Ea Tam, Ea Kao, Đắk Lắk, Việt Nam
2026-09-08 08:28:24,153 | INFO | EXCEL SEARCH RESULT | success=False | reason=NOT_FOUND | google_maps_url=None | url=None | cleaned_url=''
2026-09-08 08:28:25,623 | INFO | Existing URL check | maps_col=google_maps_url | url_col=URL | maps='' | url='' | reusable=''
2026-09-08 08:28:25,992 | WARNING | CURRENT MAPS PLACE TITLE/ADDRESS MISMATCH | input_title='Đan Khang Homestay' | actual_title='' | input_address='Thôn 2, Ea Kao, Đắk Lắk 63000, Việt Nam' | actual_address='\ue52e' | url='https://www.google.com/maps/place/Apec+Tuy+H%C3%B2a+SeaView+Condotel/data=!4m11!3m10!1s0x316fec416eac3d17:0x93d49dc4d93e8ffb!5m2!4m1!1i2!8m2!3d13.0979604!4d109.3110123!16s/g/11mkys49m1!17BQ0FF!19sChIJFz2sbkHsbzER-48-2cSd1JM?authuser=0&hl=vi&g_ep=EgoyMDI2MDkwMi4wIJJjKgBIAVAD&rclk=1'
2026-09-08 08:28:25,993 | INFO | Google Maps title search variant 1/12: Đan Khang Homestay
2026-09-08 08:28:25,993 | INFO | Navigation start | attempt=1/3 | timeout=15000ms | url=https://www.google.com/maps/search/?api=1&query=%C4%90an%20Khang%20Homestay
2026-09-08 08:28:26,247 | INFO | Navigation success | attempt=1/3 | 0.25s | url=https://www.google.com/maps/search/?api=1&query=%C4%90an%20Khang%20Homestay
2026-09-08 08:28:36,701 | INFO | Navigation start | attempt=1/3 | timeout=15000ms | url=https://www.google.com/maps/place/Homestay+-+Nhà+Mẹ+Khang+1/data=!4m10!3m9!1s0x310b2d3cccdca649:0xd8bb670212aacb9d!5m2!4m1!1i2!8m2!3d11.0348388!4d106.5229149!16s/g/11t5xp8brd!19sChIJSabczDwtCzERncuqEgJnu9g?authuser=0&hl=vi&g_ep=EgoyMDI2MDkwMi4wIJJjKgBIAVAD&rclk=1
2026-09-08 08:28:36,943 | INFO | Navigation success | attempt=1/3 | 0.24s | url=https://www.google.com/maps/place/Homestay+-+Nhà+Mẹ+Khang+1/data=!4m10!3m9!1s0x310b2d3cccdca649:0xd8bb670212aacb9d!5m2!4m1!1i2!8m2!3d11.0348388!4d106.5229149!16s/g/11t5xp8brd!19sChIJSabczDwtCzERncuqEgJnu9g?authuser=0&hl=vi&g_ep=EgoyMDI2MDkwMi4wIJJjKgBIAVAD&rclk=1
2026-09-08 08:28:38,053 | INFO | VERIFY CANDIDATE | input_title='Đan Khang Homestay' | actual_title='' | input_address='Thôn 2, Ea Kao, Đắk Lắk 63000, Việt Nam' | actual_address='\ue52e' | url='https://www.google.com/maps/place/Homestay+-+Nh%C3%A0+M%E1%BA%B9+Khang+1/data=!4m10!3m9!1s0x310b2d3cccdca649:0xd8bb670212aacb9d!5m2!4m1!1i2!8m2!3d11.0348388!4d106.5229149!16s/g/11t5xp8brd!19sChIJSabczDwtCzERncuqEgJnu9g?authuser=0&hl=vi&g_ep=EgoyMDI2MDkwMi4wIJJjKgBIAVAD&rclk=1' | coordinates=(11.0348388, 106.5)
2026-09-08 08:28:38,058 | INFO | VERIFY FINAL | success=False | reason=TITLE_UNAVAILABLE | title_ok=False | address_ok=False | input_title='Đan Khang Homestay' | maps_title='' | input_address='Thôn 2, Ea Kao, Đắk Lắk 63000, Việt Nam' | maps_address='\ue52e' | url='https://www.google.com/maps/place/Homestay+-+Nh%C3%A0+M%E1%BA%B9+Khang+1/data=!4m10!3m9!1s0x310b2d3cccdca649:0xd8bb670212aacb9d!5m2!4m1!1i2!8m2!3d11.0348388!4d106.5229149!16s/g/11t5xp8brd!19sChIJSabczDwtCzERncuqEgJnu9g?authuser=0&hl=vi&g_ep=EgoyMDI2MDkwMi4wIJJjKgBIAVAD&rclk=1'
2026-09-08 08:28:38,058 | INFO | Navigation start | attempt=1/3 | timeout=15000ms | url=https://www.google.com/maps/place/Homestay+Me+Khang+2/data=!4m10!3m9!1s0x310b33b9df045b09:0x13bf16b8c690d78!5m2!4m1!1i2!8m2!3d11.0649276!4d106.5277537!16s/g/11l68tpvfh!19sChIJCVsE37kzCzEReA1pjGvxOwE?authuser=0&hl=vi&g_ep=EgoyMDI2MDkwMi4wIJJjKgBIAVAD&rclk=1
2026-09-08 08:28:38,327 | INFO | Navigation success | attempt=1/3 | 0.27s | url=https://www.google.com/maps/place/Homestay+Me+Khang+2/data=!4m10!3m9!1s0x310b33b9df045b09:0x13bf16b8c690d78!5m2!4m1!1i2!8m2!3d11.0649276!4d106.5277537!16s/g/11l68tpvfh!19sChIJCVsE37kzCzEReA1pjGvxOwE?authuser=0&hl=vi&g_ep=EgoyMDI2MDkwMi4wIJJjKgBIAVAD&rclk=1
2026-09-08 08:28:39,328 | INFO | VERIFY CANDIDATE | input_title='Đan Khang Homestay' | actual_title='' | input_address='Thôn 2, Ea Kao, Đắk Lắk 63000, Việt Nam' | actual_address='\ue52e' | url='https://www.google.com/maps/place/Homestay+Me+Khang+2/data=!4m10!3m9!1s0x310b33b9df045b09:0x13bf16b8c690d78!5m2!4m1!1i2!8m2!3d11.0649276!4d106.5277537!16s/g/11l68tpvfh!19sChIJCVsE37kzCzEReA1pjGvxOwE?authuser=0&hl=vi&g_ep=EgoyMDI2MDkwMi4wIJJjKgBIAVAD&rclk=1' | coordinates=(11.0649276, 106.5)
2026-09-08 08:28:39,330 | INFO | VERIFY FINAL | success=False | reason=TITLE_UNAVAILABLE | title_ok=False | address_ok=False | input_title='Đan Khang Homestay' | maps_title='' | input_address='Thôn 2, Ea Kao, Đắk Lắk 63000, Việt Nam' | maps_address='\ue52e' | url='https://www.google.com/maps/place/Homestay+Me+Khang+2/data=!4m10!3m9!1s0x310b33b9df045b09:0x13bf16b8c690d78!5m2!4m1!1i2!8m2!3d11.0649276!4d106.5277537!16s/g/11l68tpvfh!19sChIJCVsE37kzCzEReA1pjGvxOwE?authuser=0&hl=vi&g_ep=EgoyMDI2MDkwMi4wIJJjKgBIAVAD&rclk=1'
2026-09-08 08:28:39,331 | INFO | Navigation start | attempt=1/3 | timeout=15000ms | url=https://www.google.com/maps/place/Đan+Khang+Homestay/data=!4m7!3m6!1s0x31721fa1ba2c36f3:0xf83c976d81b49af0!8m2!3d12.5901602!4d108.0354912!16s/g/11krl1ylbn!19sChIJ8zYsuqEfcjER8Jq0gW2XPPg?authuser=0&hl=vi&g_ep=EgoyMDI2MDkwMi4wIJJjKgBIAVAD&rclk=1
2026-09-08 08:28:39,648 | INFO | Navigation success | attempt=1/3 | 0.32s | url=https://www.google.com/maps/place/Đan+Khang+Homestay/data=!4m7!3m6!1s0x31721fa1ba2c36f3:0xf83c976d81b49af0!8m2!3d12.5901602!4d108.0354912!16s/g/11krl1ylbn!19sChIJ8zYsuqEfcjER8Jq0gW2XPPg?authuser=0&hl=vi&g_ep=EgoyMDI2MDkwMi4wIJJjKgBIAVAD&rclk=1
2026-09-08 08:28:41,047 | INFO | VERIFY CANDIDATE | input_title='Đan Khang Homestay' | actual_title='' | input_address='Thôn 2, Ea Kao, Đắk Lắk 63000, Việt Nam' | actual_address='\ue52e' | url='https://www.google.com/maps/place/%C4%90an+Khang+Homestay/data=!4m7!3m6!1s0x31721fa1ba2c36f3:0xf83c976d81b49af0!8m2!3d12.5901602!4d108.0354912!16s/g/11krl1ylbn!19sChIJ8zYsuqEfcjER8Jq0gW2XPPg?authuser=0&hl=vi&g_ep=EgoyMDI2MDkwMi4wIJJjKgBIAVAD&rclk=1' | coordinates=(12.5901602, 108.0)
2026-09-08 08:28:41,053 | INFO | VERIFY FINAL | success=False | reason=TITLE_UNAVAILABLE | title_ok=False | address_ok=False | input_title='Đan Khang Homestay' | maps_title='' | input_address='Thôn 2, Ea Kao, Đắk Lắk 63000, Việt Nam' | maps_address='\ue52e' | url='https://www.google.com/maps/place/%C4%90an+Khang+Homestay/data=!4m7!3m6!1s0x31721fa1ba2c36f3:0xf83c976d81b49af0!8m2!3d12.5901602!4d108.0354912!16s/g/11krl1ylbn!19sChIJ8zYsuqEfcjER8Jq0gW2XPPg?authuser=0&hl=vi&g_ep=EgoyMDI2MDkwMi4wIJJjKgBIAVAD&rclk=1'
2026-09-08 08:28:41,053 | INFO | Navigation start | attempt=1/3 | timeout=15000ms | url=https://www.google.com/maps/place/Đen+Đốm+Homestay/data=!4m7!3m6!1s0x31752b0009bcde65:0xe51a5ac25c7ad398!8m2!3d10.8259058!4d106.6188702!16s/g/11yyxdx0z9!19sChIJZd68CQArdTERmNN6XMJaGuU?authuser=0&hl=vi&g_ep=EgoyMDI2MDkwMi4wIJJjKgBIAVAD&rclk=1
2026-09-08 08:28:41,293 | INFO | Navigation success | attempt=1/3 | 0.24s | url=https://www.google.com/maps/place/Đen+Đốm+Homestay/data=!4m7!3m6!1s0x31752b0009bcde65:0xe51a5ac25c7ad398!8m2!3d10.8259058!4d106.6188702!16s/g/11yyxdx0z9!19sChIJZd68CQArdTERmNN6XMJaGuU?authuser=0&hl=vi&g_ep=EgoyMDI2MDkwMi4wIJJjKgBIAVAD&rclk=1
2026-09-08 08:28:42,902 | INFO | VERIFY CANDIDATE | input_title='Đan Khang Homestay' | actual_title='' | input_address='Thôn 2, Ea Kao, Đắk Lắk 63000, Việt Nam' | actual_address='\ue52e' | url='https://www.google.com/maps/place/%C4%90en+%C4%90%E1%BB%91m+Homestay/data=!4m7!3m6!1s0x31752b0009bcde65:0xe51a5ac25c7ad398!8m2!3d10.8259058!4d106.6188702!16s/g/11yyxdx0z9!19sChIJZd68CQArdTERmNN6XMJaGuU?authuser=0&hl=vi&g_ep=EgoyMDI2MDkwMi4wIJJjKgBIAVAD&rclk=1' | coordinates=(10.8259058, 106.6)
2026-09-08 08:28:42,905 | INFO | VERIFY FINAL | success=False | reason=TITLE_UNAVAILABLE | title_ok=False | address_ok=False | input_title='Đan Khang Homestay' | maps_title='' | input_address='Thôn 2, Ea Kao, Đắk Lắk 63000, Việt Nam' | maps_address='\ue52e' | url='https://www.google.com/maps/place/%C4%90en+%C4%90%E1%BB%91m+Homestay/data=!4m7!3m6!1s0x31752b0009bcde65:0xe51a5ac25c7ad398!8m2!3d10.8259058!4d106.6188702!16s/g/11yyxdx0z9!19sChIJZd68CQArdTERmNN6XMJaGuU?authuser=0&hl=vi&g_ep=EgoyMDI2MDkwMi4wIJJjKgBIAVAD&rclk=1'
2026-09-08 08:28:42,905 | INFO | Navigation start | attempt=1/3 | timeout=15000ms | url=https://www.google.com/maps/place/Khách+Sạn+Khang+Đan/data=!4m7!3m6!1s0x31752e97805a932b:0x8cc8155c4fbac2bf!8m2!3d10.7681091!4d106.640987!16s/g/11bccmk4pg!19sChIJK5NagJcudTERv8K6T1wVyIw?authuser=0&hl=vi&g_ep=EgoyMDI2MDkwMi4wIJJjKgBIAVAD&rclk=1
2026-09-08 08:28:43,160 | INFO | Navigation success | attempt=1/3 | 0.26s | url=https://www.google.com/maps/place/Khách+Sạn+Khang+Đan/data=!4m7!3m6!1s0x31752e97805a932b:0x8cc8155c4fbac2bf!8m2!3d10.7681091!4d106.640987!16s/g/11bccmk4pg!19sChIJK5NagJcudTERv8K6T1wVyIw?authuser=0&hl=vi&g_ep=EgoyMDI2MDkwMi4wIJJjKgBIAVAD&rclk=1
2026-09-08 08:28:44,864 | INFO | VERIFY CANDIDATE | input_title='Đan Khang Homestay' | actual_title='' | input_address='Thôn 2, Ea Kao, Đắk Lắk 63000, Việt Nam' | actual_address='\ue52e' | url='https://www.google.com/maps/place/Kh%C3%A1ch+S%E1%BA%A1n+Khang+%C4%90an/data=!4m7!3m6!1s0x31752e97805a932b:0x8cc8155c4fbac2bf!8m2!3d10.7681091!4d106.640987!16s/g/11bccmk4pg!19sChIJK5NagJcudTERv8K6T1wVyIw?authuser=0&hl=vi&g_ep=EgoyMDI2MDkwMi4wIJJjKgBIAVAD&rclk=1' | coordinates=(10.7681091, 106.6)
2026-09-08 08:28:44,868 | INFO | VERIFY FINAL | success=False | reason=TITLE_UNAVAILABLE | title_ok=False | address_ok=False | input_title='Đan Khang Homestay' | maps_title='' | input_address='Thôn 2, Ea Kao, Đắk Lắk 63000, Việt Nam' | maps_address='\ue52e' | url='https://www.google.com/maps/place/Kh%C3%A1ch+S%E1%BA%A1n+Khang+%C4%90an/data=!4m7!3m6!1s0x31752e97805a932b:0x8cc8155c4fbac2bf!8m2!3d10.7681091!4d106.640987!16s/g/11bccmk4pg!19sChIJK5NagJcudTERv8K6T1wVyIw?authuser=0&hl=vi&g_ep=EgoyMDI2MDkwMi4wIJJjKgBIAVAD&rclk=1'
2026-09-08 08:28:44,868 | INFO | Navigation start | attempt=1/3 | timeout=15000ms | url=https://www.google.com/maps/place/Riverside+Homestay/data=!4m10!3m9!1s0x310951455e57f91f:0xa0b1c4b4831ddd48!5m2!4m1!1i2!8m2!3d11.575022!4d104.926977!16s/g/11zddk390_!19sChIJH_lXXkVRCTERSN0dg7TEsaA?authuser=0&hl=vi&g_ep=EgoyMDI2MDkwMi4wIJJjKgBIAVAD&rclk=1
2026-09-08 08:28:45,092 | INFO | Navigation success | attempt=1/3 | 0.22s | url=https://www.google.com/maps/place/Riverside+Homestay/data=!4m10!3m9!1s0x310951455e57f91f:0xa0b1c4b4831ddd48!5m2!4m1!1i2!8m2!3d11.575022!4d104.926977!16s/g/11zddk390_!19sChIJH_lXXkVRCTERSN0dg7TEsaA?authuser=0&hl=vi&g_ep=EgoyMDI2MDkwMi4wIJJjKgBIAVAD&rclk=1
2026-09-08 08:28:47,842 | INFO | VERIFY CANDIDATE | input_title='Đan Khang Homestay' | actual_title='' | input_address='Thôn 2, Ea Kao, Đắk Lắk 63000, Việt Nam' | actual_address='\ue52e' | url='https://www.google.com/maps/place/Riverside+Homestay/data=!4m10!3m9!1s0x310951455e57f91f:0xa0b1c4b4831ddd48!5m2!4m1!1i2!8m2!3d11.575022!4d104.926977!16s/g/11zddk390_!19sChIJH_lXXkVRCTERSN0dg7TEsaA?authuser=0&hl=vi&g_ep=EgoyMDI2MDkwMi4wIJJjKgBIAVAD&rclk=1' | coordinates=(11.575022, 104.9)
2026-09-08 08:28:47,845 | INFO | VERIFY FINAL | success=False | reason=TITLE_UNAVAILABLE | title_ok=False | address_ok=False | input_title='Đan Khang Homestay' | maps_title='' | input_address='Thôn 2, Ea Kao, Đắk Lắk 63000, Việt Nam' | maps_address='\ue52e' | url='https://www.google.com/maps/place/Riverside+Homestay/data=!4m10!3m9!1s0x310951455e57f91f:0xa0b1c4b4831ddd48!5m2!4m1!1i2!8m2!3d11.575022!4d104.926977!16s/g/11zddk390_!19sChIJH_lXXkVRCTERSN0dg7TEsaA?authuser=0&hl=vi&g_ep=EgoyMDI2MDkwMi4wIJJjKgBIAVAD&rclk=1'
2026-09-08 08:28:47,845 | INFO | Navigation start | attempt=1/3 | timeout=15000ms | url=https://www.google.com/maps/place/Macura+Resort/data=!4m10!3m9!1s0x3104123da520945d:0x9c6a1bff6941e200!5m2!4m1!1i2!8m2!3d12.086944!4d102.279656!16s/g/11bwzyxr_f!19sChIJXZQgpT0SBDERAOJBaf8bapw?authuser=0&hl=vi&g_ep=EgoyMDI2MDkwMi4wIJJjKgBIAVAD&rclk=1
2026-09-08 08:28:48,063 | INFO | Navigation success | attempt=1/3 | 0.22s | url=https://www.google.com/maps/place/Macura+Resort/data=!4m10!3m9!1s0x3104123da520945d:0x9c6a1bff6941e200!5m2!4m1!1i2!8m2!3d12.086944!4d102.279656!16s/g/11bwzyxr_f!19sChIJXZQgpT0SBDERAOJBaf8bapw?authuser=0&hl=vi&g_ep=EgoyMDI2MDkwMi4wIJJjKgBIAVAD&rclk=1
2026-09-08 08:28:49,259 | INFO | VERIFY CANDIDATE | input_title='Đan Khang Homestay' | actual_title='' | input_address='Thôn 2, Ea Kao, Đắk Lắk 63000, Việt Nam' | actual_address='\ue52e' | url='https://www.google.com/maps/place/Macura+Resort/data=!4m10!3m9!1s0x3104123da520945d:0x9c6a1bff6941e200!5m2!4m1!1i2!8m2!3d12.086944!4d102.279656!16s/g/11bwzyxr_f!19sChIJXZQgpT0SBDERAOJBaf8bapw?authuser=0&hl=vi&g_ep=EgoyMDI2MDkwMi4wIJJjKgBIAVAD&rclk=1' | coordinates=(12.086944, 102.2)
2026-09-08 08:28:49,262 | INFO | VERIFY FINAL | success=False | reason=TITLE_UNAVAILABLE | title_ok=False | address_ok=False | input_title='Đan Khang Homestay' | maps_title='' | input_address='Thôn 2, Ea Kao, Đắk Lắk 63000, Việt Nam' | maps_address='\ue52e' | url='https://www.google.com/maps/place/Macura+Resort/data=!4m10!3m9!1s0x3104123da520945d:0x9c6a1bff6941e200!5m2!4m1!1i2!8m2!3d12.086944!4d102.279656!16s/g/11bwzyxr_f!19sChIJXZQgpT0SBDERAOJBaf8bapw?authuser=0&hl=vi&g_ep=EgoyMDI2MDkwMi4wIJJjKgBIAVAD&rclk=1'
2026-09-08 08:28:49,263 | INFO | Google Maps address search variant 2/12: Thôn 2, Ea Kao, Đắk Lắk 63000, Việt Nam
2026-09-08 08:28:49,263 | INFO | Navigation start | attempt=1/3 | timeout=15000ms | url=https://www.google.com/maps/search/?api=1&query=Th%C3%B4n%202%2C%20Ea%20Kao%2C%20%C4%90%E1%BA%AFk%20L%E1%BA%AFk%2063000%2C%20Vi%E1%BB%87t%20Nam
2026-09-08 08:28:49,501 | INFO | Navigation success | attempt=1/3 | 0.24s | url=https://www.google.com/maps/search/?api=1&query=Th%C3%B4n%202%2C%20Ea%20Kao%2C%20%C4%90%E1%BA%AFk%20L%E1%BA%AFk%2063000%2C%20Vi%E1%BB%87t%20Nam
2026-09-08 08:28:57,903 | INFO | Navigation start | attempt=1/3 | timeout=15000ms | url=https://www.google.com/maps/place/thôn+2/data=!4m7!3m6!1s0x317202e2b9d041b9:0xd7a6fcb15dd87ae3!8m2!3d12.7568961!4d107.9990981!16s/g/1tdh5yky!19sChIJuUHQueICcjER43rYXbH8ptc?authuser=0&hl=vi&g_ep=EgoyMDI2MDkwMi4wIJJjKgBIAVAD&rclk=1
2026-09-08 08:28:58,105 | INFO | Navigation success | attempt=1/3 | 0.20s | url=https://www.google.com/maps/place/thôn+2/data=!4m7!3m6!1s0x317202e2b9d041b9:0xd7a6fcb15dd87ae3!8m2!3d12.7568961!4d107.9990981!16s/g/1tdh5yky!19sChIJuUHQueICcjER43rYXbH8ptc?authuser=0&hl=vi&g_ep=EgoyMDI2MDkwMi4wIJJjKgBIAVAD&rclk=1
2026-09-08 08:28:59,380 | INFO | VERIFY CANDIDATE | input_title='Đan Khang Homestay' | actual_title='Thôn 2' | input_address='Thôn 2, Ea Kao, Đắk Lắk 63000, Việt Nam' | actual_address='Thôn 2' | url='https://www.google.com/maps/place/th%C3%B4n+2/data=!4m7!3m6!1s0x317202e2b9d041b9:0xd7a6fcb15dd87ae3!8m2!3d12.7568961!4d107.9990981!16s/g/1tdh5yky!19sChIJuUHQueICcjER43rYXbH8ptc?authuser=0&hl=vi&g_ep=EgoyMDI2MDkwMi4wIJJjKgBIAVAD&rclk=1' | coordinates=(12.7568961, 107.9)
2026-09-08 08:28:59,383 | INFO | VERIFY FINAL | success=False | reason=TITLE_MISMATCH | title_ok=False | address_ok=False | input_title='Đan Khang Homestay' | maps_title='Thôn 2' | input_address='Thôn 2, Ea Kao, Đắk Lắk 63000, Việt Nam' | maps_address='Thôn 2' | url='https://www.google.com/maps/place/th%C3%B4n+2/data=!4m7!3m6!1s0x317202e2b9d041b9:0xd7a6fcb15dd87ae3!8m2!3d12.7568961!4d107.9990981!16s/g/1tdh5yky!19sChIJuUHQueICcjER43rYXbH8ptc?authuser=0&hl=vi&g_ep=EgoyMDI2MDkwMi4wIJJjKgBIAVAD&rclk=1'
2026-09-08 08:28:59,384 | INFO | Navigation start | attempt=1/3 | timeout=15000ms | url=https://www.google.com/maps/place/Thôn+2/data=!4m7!3m6!1s0x316e00490154d98f:0x59c1c314cb7a78e5!8m2!3d12.9225588!4d108.0868824!16s/g/11wfpldk73!19sChIJj9lUAUkAbjER5Xh6yxTDwVk?authuser=0&hl=vi&g_ep=EgoyMDI2MDkwMi4wIJJjKgBIAVAD&rclk=1
2026-09-08 08:28:59,615 | INFO | Navigation success | attempt=1/3 | 0.23s | url=https://www.google.com/maps/place/Thôn+2/data=!4m7!3m6!1s0x316e00490154d98f:0x59c1c314cb7a78e5!8m2!3d12.9225588!4d108.0868824!16s/g/11wfpldk73!19sChIJj9lUAUkAbjER5Xh6yxTDwVk?authuser=0&hl=vi&g_ep=EgoyMDI2MDkwMi4wIJJjKgBIAVAD&rclk=1
2026-09-08 08:29:00,643 | INFO | VERIFY CANDIDATE | input_title='Đan Khang Homestay' | actual_title='Thôn 2' | input_address='Thôn 2, Ea Kao, Đắk Lắk 63000, Việt Nam' | actual_address='Thôn 2' | url='https://www.google.com/maps/place/Th%C3%B4n+2/data=!4m7!3m6!1s0x316e00490154d98f:0x59c1c314cb7a78e5!8m2!3d12.9225588!4d108.0868824!16s/g/11wfpldk73!19sChIJj9lUAUkAbjER5Xh6yxTDwVk?authuser=0&hl=vi&g_ep=EgoyMDI2MDkwMi4wIJJjKgBIAVAD&rclk=1' | coordinates=(12.9225588, 108.0)
2026-09-08 08:29:00,646 | INFO | VERIFY FINAL | success=False | reason=TITLE_MISMATCH | title_ok=False | address_ok=False | input_title='Đan Khang Homestay' | maps_title='Thôn 2' | input_address='Thôn 2, Ea Kao, Đắk Lắk 63000, Việt Nam' | maps_address='Thôn 2' | url='https://www.google.com/maps/place/Th%C3%B4n+2/data=!4m7!3m6!1s0x316e00490154d98f:0x59c1c314cb7a78e5!8m2!3d12.9225588!4d108.0868824!16s/g/11wfpldk73!19sChIJj9lUAUkAbjER5Xh6yxTDwVk?authuser=0&hl=vi&g_ep=EgoyMDI2MDkwMi4wIJJjKgBIAVAD&rclk=1'
2026-09-08 08:29:00,650 | INFO | Google Maps address search variant 3/12: Thôn 2, Ea Kao, Đắk Lắk 63000, Việt Nam, Đan Khang Homestay
2026-09-08 08:29:00,651 | INFO | Navigation start | attempt=1/3 | timeout=15000ms | url=https://www.google.com/maps/search/?api=1&query=Th%C3%B4n%202%2C%20Ea%20Kao%2C%20%C4%90%E1%BA%AFk%20L%E1%BA%AFk%2063000%2C%20Vi%E1%BB%87t%20Nam%2C%20%C4%90an%20Khang%20Homestay
2026-09-08 08:29:00,860 | INFO | Navigation success | attempt=1/3 | 0.21s | url=https://www.google.com/maps/search/?api=1&query=Th%C3%B4n%202%2C%20Ea%20Kao%2C%20%C4%90%E1%BA%AFk%20L%E1%BA%AFk%2063000%2C%20Vi%E1%BB%87t%20Nam%2C%20%C4%90an%20Khang%20Homestay
2026-09-08 08:29:10,436 | INFO | Google Maps address search variant 4/12: Đan Khang Homestay, Thôn 2, Ea Kao, Đắk Lắk 63000, Việt Nam
2026-09-08 08:29:10,436 | INFO | Navigation start | attempt=1/3 | timeout=15000ms | url=https://www.google.com/maps/search/?api=1&query=%C4%90an%20Khang%20Homestay%2C%20Th%C3%B4n%202%2C%20Ea%20Kao%2C%20%C4%90%E1%BA%AFk%20L%E1%BA%AFk%2063000%2C%20Vi%E1%BB%87t%20Nam
2026-09-08 08:29:10,616 | INFO | Navigation success | attempt=1/3 | 0.18s | url=https://www.google.com/maps/search/?api=1&query=%C4%90an%20Khang%20Homestay%2C%20Th%C3%B4n%202%2C%20Ea%20Kao%2C%20%C4%90%E1%BA%AFk%20L%E1%BA%AFk%2063000%2C%20Vi%E1%BB%87t%20Nam
2026-09-08 08:29:18,791 | INFO | Google Maps address search variant 5/12: thon 2, ea kao, đak lak 63000
2026-09-08 08:29:18,791 | INFO | Navigation start | attempt=1/3 | timeout=15000ms | url=https://www.google.com/maps/search/?api=1&query=thon%202%2C%20ea%20kao%2C%20%C4%91ak%20lak%2063000
2026-09-08 08:29:19,018 | INFO | Navigation success | attempt=1/3 | 0.23s | url=https://www.google.com/maps/search/?api=1&query=thon%202%2C%20ea%20kao%2C%20%C4%91ak%20lak%2063000
2026-09-08 08:29:28,467 | INFO | Google Maps address search variant 6/12: ea kao, đak lak 63000
2026-09-08 08:29:28,467 | INFO | Navigation start | attempt=1/3 | timeout=15000ms | url=https://www.google.com/maps/search/?api=1&query=ea%20kao%2C%20%C4%91ak%20lak%2063000
2026-09-08 08:29:28,677 | INFO | Navigation success | attempt=1/3 | 0.21s | url=https://www.google.com/maps/search/?api=1&query=ea%20kao%2C%20%C4%91ak%20lak%2063000
2026-09-08 08:29:37,890 | INFO | Google Maps address search variant 7/12: Đan Khang Homestay, thon 2, ea kao, đak lak 63000
2026-09-08 08:29:37,891 | INFO | Navigation start | attempt=1/3 | timeout=15000ms | url=https://www.google.com/maps/search/?api=1&query=%C4%90an%20Khang%20Homestay%2C%20thon%202%2C%20ea%20kao%2C%20%C4%91ak%20lak%2063000
2026-09-08 08:29:38,118 | INFO | Navigation success | attempt=1/3 | 0.23s | url=https://www.google.com/maps/search/?api=1&query=%C4%90an%20Khang%20Homestay%2C%20thon%202%2C%20ea%20kao%2C%20%C4%91ak%20lak%2063000
2026-09-08 08:29:47,600 | INFO | Google Maps address search variant 8/12: Đan Khang Homestay, ea kao, đak lak 63000
2026-09-08 08:29:47,601 | INFO | Navigation start | attempt=1/3 | timeout=15000ms | url=https://www.google.com/maps/search/?api=1&query=%C4%90an%20Khang%20Homestay%2C%20ea%20kao%2C%20%C4%91ak%20lak%2063000
2026-09-08 08:29:47,838 | INFO | Navigation success | attempt=1/3 | 0.24s | url=https://www.google.com/maps/search/?api=1&query=%C4%90an%20Khang%20Homestay%2C%20ea%20kao%2C%20%C4%91ak%20lak%2063000
2026-09-08 08:29:56,073 | INFO | Google Maps address search variant 9/12: Đan Khang Homestay, thon 2
2026-09-08 08:29:56,074 | INFO | Navigation start | attempt=1/3 | timeout=15000ms | url=https://www.google.com/maps/search/?api=1&query=%C4%90an%20Khang%20Homestay%2C%20thon%202
2026-09-08 08:29:56,304 | INFO | Navigation success | attempt=1/3 | 0.23s | url=https://www.google.com/maps/search/?api=1&query=%C4%90an%20Khang%20Homestay%2C%20thon%202
2026-09-08 08:30:06,197 | INFO | Navigation start | attempt=1/3 | timeout=15000ms | url=https://www.google.com/maps/place/Homestay+Me+Khang+2/data=!4m10!3m9!1s0x310b33b9df045b09:0x13bf16b8c690d78!5m2!4m1!1i2!8m2!3d11.0649276!4d106.5277537!16s/g/11l68tpvfh!19sChIJCVsE37kzCzEReA1pjGvxOwE?authuser=0&hl=vi&g_ep=EgoyMDI2MDkwMi4wIJJjKgBIAVAD&rclk=1
2026-09-08 08:30:06,424 | INFO | Navigation success | attempt=1/3 | 0.23s | url=https://www.google.com/maps/place/Homestay+Me+Khang+2/data=!4m10!3m9!1s0x310b33b9df045b09:0x13bf16b8c690d78!5m2!4m1!1i2!8m2!3d11.0649276!4d106.5277537!16s/g/11l68tpvfh!19sChIJCVsE37kzCzEReA1pjGvxOwE?authuser=0&hl=vi&g_ep=EgoyMDI2MDkwMi4wIJJjKgBIAVAD&rclk=1
2026-09-08 08:30:08,302 | INFO | VERIFY CANDIDATE | input_title='Đan Khang Homestay' | actual_title='' | input_address='Thôn 2, Ea Kao, Đắk Lắk 63000, Việt Nam' | actual_address='\ue52e' | url='https://www.google.com/maps/place/Homestay+Me+Khang+2/data=!4m10!3m9!1s0x310b33b9df045b09:0x13bf16b8c690d78!5m2!4m1!1i2!8m2!3d11.0649276!4d106.5277537!16s/g/11l68tpvfh!19sChIJCVsE37kzCzEReA1pjGvxOwE?authuser=0&hl=vi&g_ep=EgoyMDI2MDkwMi4wIJJjKgBIAVAD&rclk=1' | coordinates=(11.0649276, 106.5)
2026-09-08 08:30:08,305 | INFO | VERIFY FINAL | success=False | reason=TITLE_UNAVAILABLE | title_ok=False | address_ok=False | input_title='Đan Khang Homestay' | maps_title='' | input_address='Thôn 2, Ea Kao, Đắk Lắk 63000, Việt Nam' | maps_address='\ue52e' | url='https://www.google.com/maps/place/Homestay+Me+Khang+2/data=!4m10!3m9!1s0x310b33b9df045b09:0x13bf16b8c690d78!5m2!4m1!1i2!8m2!3d11.0649276!4d106.5277537!16s/g/11l68tpvfh!19sChIJCVsE37kzCzEReA1pjGvxOwE?authuser=0&hl=vi&g_ep=EgoyMDI2MDkwMi4wIJJjKgBIAVAD&rclk=1'
2026-09-08 08:30:08,306 | INFO | Navigation start | attempt=1/3 | timeout=15000ms | url=https://www.google.com/maps/place/Homestay+Vinh+Khang/data=!4m10!3m9!1s0x31420ffb068418d1:0xd7c6235b82928f6a!5m2!4m1!1i2!8m2!3d15.8811494!4d108.3274416!16s/g/11fsm4b2d2!19sChIJ0RiEBvsPQjERao-Sglsjxtc?authuser=0&hl=vi&g_ep=EgoyMDI2MDkwMi4wIJJjKgBIAVAD&rclk=1
2026-09-08 08:30:08,537 | INFO | Navigation success | attempt=1/3 | 0.23s | url=https://www.google.com/maps/place/Homestay+Vinh+Khang/data=!4m10!3m9!1s0x31420ffb068418d1:0xd7c6235b82928f6a!5m2!4m1!1i2!8m2!3d15.8811494!4d108.3274416!16s/g/11fsm4b2d2!19sChIJ0RiEBvsPQjERao-Sglsjxtc?authuser=0&hl=vi&g_ep=EgoyMDI2MDkwMi4wIJJjKgBIAVAD&rclk=1
2026-09-08 08:30:10,687 | INFO | VERIFY CANDIDATE | input_title='Đan Khang Homestay' | actual_title='' | input_address='Thôn 2, Ea Kao, Đắk Lắk 63000, Việt Nam' | actual_address='\ue52e' | url='https://www.google.com/maps/place/Homestay+Vinh+Khang/data=!4m10!3m9!1s0x31420ffb068418d1:0xd7c6235b82928f6a!5m2!4m1!1i2!8m2!3d15.8811494!4d108.3274416!16s/g/11fsm4b2d2!19sChIJ0RiEBvsPQjERao-Sglsjxtc?authuser=0&hl=vi&g_ep=EgoyMDI2MDkwMi4wIJJjKgBIAVAD&rclk=1' | coordinates=(15.8811494, 108.3)
2026-09-08 08:30:10,689 | INFO | VERIFY FINAL | success=False | reason=TITLE_UNAVAILABLE | title_ok=False | address_ok=False | input_title='Đan Khang Homestay' | maps_title='' | input_address='Thôn 2, Ea Kao, Đắk Lắk 63000, Việt Nam' | maps_address='\ue52e' | url='https://www.google.com/maps/place/Homestay+Vinh+Khang/data=!4m10!3m9!1s0x31420ffb068418d1:0xd7c6235b82928f6a!5m2!4m1!1i2!8m2!3d15.8811494!4d108.3274416!16s/g/11fsm4b2d2!19sChIJ0RiEBvsPQjERao-Sglsjxtc?authuser=0&hl=vi&g_ep=EgoyMDI2MDkwMi4wIJJjKgBIAVAD&rclk=1'
2026-09-08 08:30:10,690 | INFO | Navigation start | attempt=1/3 | timeout=15000ms | url=https://www.google.com/maps/place/Homestay+Mẹ+Khang+2,ngay+Địa+Đạo+Củ+Chi+Bến+Đình/data=!4m11!3m10!1s0x310b32a9404fc6b7:0x12aa475617b2714f!5m2!4m1!1i2!8m2!3d11.0648299!4d106.5276108!16s/g/11nc4w7t4w!17BQ0FF!19sChIJt8ZPQKkyCzERT3GyF1ZHqhI?authuser=0&hl=vi&g_ep=EgoyMDI2MDkwMi4wIJJjKgBIAVAD&rclk=1
2026-09-08 08:30:10,884 | INFO | Navigation success | attempt=1/3 | 0.19s | url=https://www.google.com/maps/place/Homestay+Mẹ+Khang+2,ngay+Địa+Đạo+Củ+Chi+Bến+Đình/data=!4m11!3m10!1s0x310b32a9404fc6b7:0x12aa475617b2714f!5m2!4m1!1i2!8m2!3d11.0648299!4d106.5276108!16s/g/11nc4w7t4w!17BQ0FF!19sChIJt8ZPQKkyCzERT3GyF1ZHqhI?authuser=0&hl=vi&g_ep=EgoyMDI2MDkwMi4wIJJjKgBIAVAD&rclk=1
2026-09-08 08:30:11,882 | INFO | VERIFY CANDIDATE | input_title='Đan Khang Homestay' | actual_title='' | input_address='Thôn 2, Ea Kao, Đắk Lắk 63000, Việt Nam' | actual_address='\ue52e' | url='https://www.google.com/maps/place/Homestay+M%E1%BA%B9+Khang+2,ngay+%C4%90%E1%BB%8Ba+%C4%90%E1%BA%A1o+C%E1%BB%A7+Chi+B%E1%BA%BFn+%C4%90%C3%ACnh/data=!4m11!3m10!1s0x310b32a9404fc6b7:0x12aa475617b2714f!5m2!4m1!1i2!8m2!3d11.0648299!4d106.5276108!16s/g/11nc4w7t4w!17BQ0FF!19sChIJt8ZPQKkyCzERT3GyF1ZHqhI?authuser=0&hl=vi&g_ep=EgoyMDI2MDkwMi4wIJJjKgBIAVAD&rclk=1' | coordinates=(11.0648299, 106.5)
2026-09-08 08:30:11,884 | INFO | VERIFY FINAL | success=False | reason=TITLE_UNAVAILABLE | title_ok=False | address_ok=False | input_title='Đan Khang Homestay' | maps_title='' | input_address='Thôn 2, Ea Kao, Đắk Lắk 63000, Việt Nam' | maps_address='\ue52e' | url='https://www.google.com/maps/place/Homestay+M%E1%BA%B9+Khang+2,ngay+%C4%90%E1%BB%8Ba+%C4%90%E1%BA%A1o+C%E1%BB%A7+Chi+B%E1%BA%BFn+%C4%90%C3%ACnh/data=!4m11!3m10!1s0x310b32a9404fc6b7:0x12aa475617b2714f!5m2!4m1!1i2!8m2!3d11.0648299!4d106.5276108!16s/g/11nc4w7t4w!17BQ0FF!19sChIJt8ZPQKkyCzERT3GyF1ZHqhI?authuser=0&hl=vi&g_ep=EgoyMDI2MDkwMi4wIJJjKgBIAVAD&rclk=1'
2026-09-08 08:30:11,885 | INFO | Navigation start | attempt=1/3 | timeout=15000ms | url=https://www.google.com/maps/place/KHANG+HOMESTAY+ĐÀ+NẴNG/data=!4m10!3m9!1s0x314219ceafc8ffff:0xc087643386f3e5c9!5m2!4m1!1i2!8m2!3d16.0579016!4d108.2203421!16s/g/11fjtpqpd8!19sChIJ___Ir84ZQjERyeXzhjNkh8A?authuser=0&hl=vi&g_ep=EgoyMDI2MDkwMi4wIJJjKgBIAVAD&rclk=1
2026-09-08 08:30:12,122 | INFO | Navigation success | attempt=1/3 | 0.24s | url=https://www.google.com/maps/place/KHANG+HOMESTAY+ĐÀ+NẴNG/data=!4m10!3m9!1s0x314219ceafc8ffff:0xc087643386f3e5c9!5m2!4m1!1i2!8m2!3d16.0579016!4d108.2203421!16s/g/11fjtpqpd8!19sChIJ___Ir84ZQjERyeXzhjNkh8A?authuser=0&hl=vi&g_ep=EgoyMDI2MDkwMi4wIJJjKgBIAVAD&rclk=1
2026-09-08 08:30:13,515 | INFO | VERIFY CANDIDATE | input_title='Đan Khang Homestay' | actual_title='' | input_address='Thôn 2, Ea Kao, Đắk Lắk 63000, Việt Nam' | actual_address='\ue52e' | url='https://www.google.com/maps/place/KHANG+HOMESTAY+%C4%90%C3%80+N%E1%BA%B4NG/data=!4m10!3m9!1s0x314219ceafc8ffff:0xc087643386f3e5c9!5m2!4m1!1i2!8m2!3d16.0579016!4d108.2203421!16s/g/11fjtpqpd8!19sChIJ___Ir84ZQjERyeXzhjNkh8A?authuser=0&hl=vi&g_ep=EgoyMDI2MDkwMi4wIJJjKgBIAVAD&rclk=1' | coordinates=(16.0579016, 108.2)
2026-09-08 08:30:13,519 | INFO | VERIFY FINAL | success=False | reason=TITLE_UNAVAILABLE | title_ok=False | address_ok=False | input_title='Đan Khang Homestay' | maps_title='' | input_address='Thôn 2, Ea Kao, Đắk Lắk 63000, Việt Nam' | maps_address='\ue52e' | url='https://www.google.com/maps/place/KHANG+HOMESTAY+%C4%90%C3%80+N%E1%BA%B4NG/data=!4m10!3m9!1s0x314219ceafc8ffff:0xc087643386f3e5c9!5m2!4m1!1i2!8m2!3d16.0579016!4d108.2203421!16s/g/11fjtpqpd8!19sChIJ___Ir84ZQjERyeXzhjNkh8A?authuser=0&hl=vi&g_ep=EgoyMDI2MDkwMi4wIJJjKgBIAVAD&rclk=1'
2026-09-08 08:30:13,520 | INFO | Navigation start | attempt=1/3 | timeout=15000ms | url=https://www.google.com/maps/place/Thắng+Homestay/data=!4m10!3m9!1s0x317529b96c255941:0x1a14901b2105e790!5m2!4m1!1i2!8m2!3d10.8451996!4d106.673034!16s/g/11z955pdxf!19sChIJQVklbLkpdTERkOcFIRuQFBo?authuser=0&hl=vi&g_ep=EgoyMDI2MDkwMi4wIJJjKgBIAVAD&rclk=1
2026-09-08 08:30:13,724 | INFO | Navigation success | attempt=1/3 | 0.20s | url=https://www.google.com/maps/place/Thắng+Homestay/data=!4m10!3m9!1s0x317529b96c255941:0x1a14901b2105e790!5m2!4m1!1i2!8m2!3d10.8451996!4d106.673034!16s/g/11z955pdxf!19sChIJQVklbLkpdTERkOcFIRuQFBo?authuser=0&hl=vi&g_ep=EgoyMDI2MDkwMi4wIJJjKgBIAVAD&rclk=1
2026-09-08 08:30:14,803 | INFO | VERIFY CANDIDATE | input_title='Đan Khang Homestay' | actual_title='' | input_address='Thôn 2, Ea Kao, Đắk Lắk 63000, Việt Nam' | actual_address='\ue52e' | url='https://www.google.com/maps/place/Th%E1%BA%AFng+Homestay/data=!4m10!3m9!1s0x317529b96c255941:0x1a14901b2105e790!5m2!4m1!1i2!8m2!3d10.8451996!4d106.673034!16s/g/11z955pdxf!19sChIJQVklbLkpdTERkOcFIRuQFBo?authuser=0&hl=vi&g_ep=EgoyMDI2MDkwMi4wIJJjKgBIAVAD&rclk=1' | coordinates=(10.8451996, 106.6)
2026-09-08 08:30:14,808 | INFO | VERIFY FINAL | success=False | reason=TITLE_UNAVAILABLE | title_ok=False | address_ok=False | input_title='Đan Khang Homestay' | maps_title='' | input_address='Thôn 2, Ea Kao, Đắk Lắk 63000, Việt Nam' | maps_address='\ue52e' | url='https://www.google.com/maps/place/Th%E1%BA%AFng+Homestay/data=!4m10!3m9!1s0x317529b96c255941:0x1a14901b2105e790!5m2!4m1!1i2!8m2!3d10.8451996!4d106.673034!16s/g/11z955pdxf!19sChIJQVklbLkpdTERkOcFIRuQFBo?authuser=0&hl=vi&g_ep=EgoyMDI2MDkwMi4wIJJjKgBIAVAD&rclk=1'
2026-09-08 08:30:14,809 | INFO | Navigation start | attempt=1/3 | timeout=15000ms | url=https://www.google.com/maps/place/Ms.+Yang+Homestay+2/data=!4m10!3m9!1s0x31752f224f310ef3:0x5bd2b380d5bc7251!5m2!4m1!1i2!8m2!3d10.7704045!4d106.6841376!16s/g/11bztv71bg!19sChIJ8w4xTyIvdTERUXK81YCz0ls?authuser=0&hl=vi&g_ep=EgoyMDI2MDkwMi4wIJJjKgBIAVAD&rclk=1
2026-09-08 08:30:15,031 | INFO | Navigation success | attempt=1/3 | 0.22s | url=https://www.google.com/maps/place/Ms.+Yang+Homestay+2/data=!4m10!3m9!1s0x31752f224f310ef3:0x5bd2b380d5bc7251!5m2!4m1!1i2!8m2!3d10.7704045!4d106.6841376!16s/g/11bztv71bg!19sChIJ8w4xTyIvdTERUXK81YCz0ls?authuser=0&hl=vi&g_ep=EgoyMDI2MDkwMi4wIJJjKgBIAVAD&rclk=1
2026-09-08 08:30:16,620 | INFO | VERIFY CANDIDATE | input_title='Đan Khang Homestay' | actual_title='' | input_address='Thôn 2, Ea Kao, Đắk Lắk 63000, Việt Nam' | actual_address='\ue52e' | url='https://www.google.com/maps/place/Ms.+Yang+Homestay+2/data=!4m10!3m9!1s0x31752f224f310ef3:0x5bd2b380d5bc7251!5m2!4m1!1i2!8m2!3d10.7704045!4d106.6841376!16s/g/11bztv71bg!19sChIJ8w4xTyIvdTERUXK81YCz0ls?authuser=0&hl=vi&g_ep=EgoyMDI2MDkwMi4wIJJjKgBIAVAD&rclk=1' | coordinates=(10.7704045, 106.6)
2026-09-08 08:30:16,622 | INFO | VERIFY FINAL | success=False | reason=TITLE_UNAVAILABLE | title_ok=False | address_ok=False | input_title='Đan Khang Homestay' | maps_title='' | input_address='Thôn 2, Ea Kao, Đắk Lắk 63000, Việt Nam' | maps_address='\ue52e' | url='https://www.google.com/maps/place/Ms.+Yang+Homestay+2/data=!4m10!3m9!1s0x31752f224f310ef3:0x5bd2b380d5bc7251!5m2!4m1!1i2!8m2!3d10.7704045!4d106.6841376!16s/g/11bztv71bg!19sChIJ8w4xTyIvdTERUXK81YCz0ls?authuser=0&hl=vi&g_ep=EgoyMDI2MDkwMi4wIJJjKgBIAVAD&rclk=1'
2026-09-08 08:30:16,623 | INFO | Navigation start | attempt=1/3 | timeout=15000ms | url=https://www.google.com/maps/place/Bắp+homestay/data=!4m7!3m6!1s0x317529000e00a307:0x74c906acf313d2b6!8m2!3d10.8193114!4d106.6354234!16s/g/11ym_chz4_!19sChIJB6MADgApdTERttIT86wGyXQ?authuser=0&hl=vi&g_ep=EgoyMDI2MDkwMi4wIJJjKgBIAVAD&rclk=1
2026-09-08 08:30:16,867 | INFO | Navigation success | attempt=1/3 | 0.24s | url=https://www.google.com/maps/place/Bắp+homestay/data=!4m7!3m6!1s0x317529000e00a307:0x74c906acf313d2b6!8m2!3d10.8193114!4d106.6354234!16s/g/11ym_chz4_!19sChIJB6MADgApdTERttIT86wGyXQ?authuser=0&hl=vi&g_ep=EgoyMDI2MDkwMi4wIJJjKgBIAVAD&rclk=1
2026-09-08 08:30:18,094 | INFO | VERIFY CANDIDATE | input_title='Đan Khang Homestay' | actual_title='' | input_address='Thôn 2, Ea Kao, Đắk Lắk 63000, Việt Nam' | actual_address='\ue52e' | url='https://www.google.com/maps/place/B%E1%BA%AFp+homestay/data=!4m7!3m6!1s0x317529000e00a307:0x74c906acf313d2b6!8m2!3d10.8193114!4d106.6354234!16s/g/11ym_chz4_!19sChIJB6MADgApdTERttIT86wGyXQ?authuser=0&hl=vi&g_ep=EgoyMDI2MDkwMi4wIJJjKgBIAVAD&rclk=1' | coordinates=(10.8193114, 106.6)
2026-09-08 08:30:18,097 | INFO | VERIFY FINAL | success=False | reason=TITLE_UNAVAILABLE | title_ok=False | address_ok=False | input_title='Đan Khang Homestay' | maps_title='' | input_address='Thôn 2, Ea Kao, Đắk Lắk 63000, Việt Nam' | maps_address='\ue52e' | url='https://www.google.com/maps/place/B%E1%BA%AFp+homestay/data=!4m7!3m6!1s0x317529000e00a307:0x74c906acf313d2b6!8m2!3d10.8193114!4d106.6354234!16s/g/11ym_chz4_!19sChIJB6MADgApdTERttIT86wGyXQ?authuser=0&hl=vi&g_ep=EgoyMDI2MDkwMi4wIJJjKgBIAVAD&rclk=1'
2026-09-08 08:30:18,098 | INFO | Navigation start | attempt=1/3 | timeout=15000ms | url=https://www.google.com/maps/place/AIRPORT+HOMESTAY+2/data=!4m10!3m9!1s0x31421974afceb301:0x79c5c30baf3d32bf!5m2!4m1!1i2!8m2!3d16.0539875!4d108.2046706!16s/g/11myvcyhhp!19sChIJAbPOr3QZQjERvzI9rwvDxXk?authuser=0&hl=vi&g_ep=EgoyMDI2MDkwMi4wIJJjKgBIAVAD&rclk=1
2026-09-08 08:30:18,295 | INFO | Navigation success | attempt=1/3 | 0.20s | url=https://www.google.com/maps/place/AIRPORT+HOMESTAY+2/data=!4m10!3m9!1s0x31421974afceb301:0x79c5c30baf3d32bf!5m2!4m1!1i2!8m2!3d16.0539875!4d108.2046706!16s/g/11myvcyhhp!19sChIJAbPOr3QZQjERvzI9rwvDxXk?authuser=0&hl=vi&g_ep=EgoyMDI2MDkwMi4wIJJjKgBIAVAD&rclk=1
2026-09-08 08:30:19,660 | INFO | VERIFY CANDIDATE | input_title='Đan Khang Homestay' | actual_title='' | input_address='Thôn 2, Ea Kao, Đắk Lắk 63000, Việt Nam' | actual_address='\ue52e' | url='https://www.google.com/maps/place/AIRPORT+HOMESTAY+2/data=!4m10!3m9!1s0x31421974afceb301:0x79c5c30baf3d32bf!5m2!4m1!1i2!8m2!3d16.0539875!4d108.2046706!16s/g/11myvcyhhp!19sChIJAbPOr3QZQjERvzI9rwvDxXk?authuser=0&hl=vi&g_ep=EgoyMDI2MDkwMi4wIJJjKgBIAVAD&rclk=1' | coordinates=(16.0539875, 108.2)
2026-09-08 08:30:19,663 | INFO | VERIFY FINAL | success=False | reason=TITLE_UNAVAILABLE | title_ok=False | address_ok=False | input_title='Đan Khang Homestay' | maps_title='' | input_address='Thôn 2, Ea Kao, Đắk Lắk 63000, Việt Nam' | maps_address='\ue52e' | url='https://www.google.com/maps/place/AIRPORT+HOMESTAY+2/data=!4m10!3m9!1s0x31421974afceb301:0x79c5c30baf3d32bf!5m2!4m1!1i2!8m2!3d16.0539875!4d108.2046706!16s/g/11myvcyhhp!19sChIJAbPOr3QZQjERvzI9rwvDxXk?authuser=0&hl=vi&g_ep=EgoyMDI2MDkwMi4wIJJjKgBIAVAD&rclk=1'
2026-09-08 08:30:19,664 | INFO | Navigation start | attempt=1/3 | timeout=15000ms | url=https://www.google.com/maps/place/Tom's+Homestay+–+Tự+check-in+gần+sân+bay+Tân+Sơn+Nhất/data=!4m10!3m9!1s0x3175294811a47187:0x947ed272c4b316f!5m2!4m1!1i2!8m2!3d10.801888!4d106.6517261!16s/g/11wby7wnnq!19sChIJh3GkEUgpdTERbzFLLCftRwk?authuser=0&hl=vi&g_ep=EgoyMDI2MDkwMi4wIJJjKgBIAVAD&rclk=1
2026-09-08 08:30:19,867 | INFO | Navigation success | attempt=1/3 | 0.20s | url=https://www.google.com/maps/place/Tom's+Homestay+–+Tự+check-in+gần+sân+bay+Tân+Sơn+Nhất/data=!4m10!3m9!1s0x3175294811a47187:0x947ed272c4b316f!5m2!4m1!1i2!8m2!3d10.801888!4d106.6517261!16s/g/11wby7wnnq!19sChIJh3GkEUgpdTERbzFLLCftRwk?authuser=0&hl=vi&g_ep=EgoyMDI2MDkwMi4wIJJjKgBIAVAD&rclk=1
2026-09-08 08:30:21,399 | INFO | VERIFY CANDIDATE | input_title='Đan Khang Homestay' | actual_title='' | input_address='Thôn 2, Ea Kao, Đắk Lắk 63000, Việt Nam' | actual_address='\ue52e' | url="https://www.google.com/maps/place/Tom's+Homestay+%E2%80%93+T%E1%BB%B1+check-in+g%E1%BA%A7n+s%C3%A2n+bay+T%C3%A2n+S%C6%A1n+Nh%E1%BA%A5t/data=!4m10!3m9!1s0x3175294811a47187:0x947ed272c4b316f!5m2!4m1!1i2!8m2!3d10.801888!4d106.6517261!16s/g/11wby7wnnq!19sChIJh3GkEUgpdTERbzFLLCftRwk?authuser=0&hl=vi&g_ep=EgoyMDI2MDkwMi4wIJJjKgBIAVAD&rclk=1" | coordinates=(10.801888, 106.6)
2026-09-08 08:30:21,402 | INFO | VERIFY FINAL | success=False | reason=TITLE_UNAVAILABLE | title_ok=False | address_ok=False | input_title='Đan Khang Homestay' | maps_title='' | input_address='Thôn 2, Ea Kao, Đắk Lắk 63000, Việt Nam' | maps_address='\ue52e' | url="https://www.google.com/maps/place/Tom's+Homestay+%E2%80%93+T%E1%BB%B1+check-in+g%E1%BA%A7n+s%C3%A2n+bay+T%C3%A2n+S%C6%A1n+Nh%E1%BA%A5t/data=!4m10!3m9!1s0x3175294811a47187:0x947ed272c4b316f!5m2!4m1!1i2!8m2!3d10.801888!4d106.6517261!16s/g/11wby7wnnq!19sChIJh3GkEUgpdTERbzFLLCftRwk?authuser=0&hl=vi&g_ep=EgoyMDI2MDkwMi4wIJJjKgBIAVAD&rclk=1"
2026-09-08 08:30:21,402 | INFO | Navigation start | attempt=1/3 | timeout=15000ms | url=https://www.google.com/maps/place/Calmigo+Homestay+Saigon+(chi+nhánh+2)/data=!4m7!3m6!1s0x31752f1c449084ed:0x9d4f4b2608913c19!8m2!3d10.7675384!4d106.6914054!16s/g/11z3wnmdfz!19sChIJ7YSQRBwvdTERGTyRCCZLT50?authuser=0&hl=vi&g_ep=EgoyMDI2MDkwMi4wIJJjKgBIAVAD&rclk=1
2026-09-08 08:30:21,602 | INFO | Navigation success | attempt=1/3 | 0.20s | url=https://www.google.com/maps/place/Calmigo+Homestay+Saigon+(chi+nhánh+2)/data=!4m7!3m6!1s0x31752f1c449084ed:0x9d4f4b2608913c19!8m2!3d10.7675384!4d106.6914054!16s/g/11z3wnmdfz!19sChIJ7YSQRBwvdTERGTyRCCZLT50?authuser=0&hl=vi&g_ep=EgoyMDI2MDkwMi4wIJJjKgBIAVAD&rclk=1
2026-09-08 08:30:23,073 | INFO | VERIFY CANDIDATE | input_title='Đan Khang Homestay' | actual_title='' | input_address='Thôn 2, Ea Kao, Đắk Lắk 63000, Việt Nam' | actual_address='\ue52e' | url='https://www.google.com/maps/place/Calmigo+Homestay+Saigon+(chi+nh%C3%A1nh+2)/data=!4m7!3m6!1s0x31752f1c449084ed:0x9d4f4b2608913c19!8m2!3d10.7675384!4d106.6914054!16s/g/11z3wnmdfz!19sChIJ7YSQRBwvdTERGTyRCCZLT50?authuser=0&hl=vi&g_ep=EgoyMDI2MDkwMi4wIJJjKgBIAVAD&rclk=1' | coordinates=(10.7675384, 106.6)
2026-09-08 08:30:23,076 | INFO | VERIFY FINAL | success=False | reason=TITLE_UNAVAILABLE | title_ok=False | address_ok=False | input_title='Đan Khang Homestay' | maps_title='' | input_address='Thôn 2, Ea Kao, Đắk Lắk 63000, Việt Nam' | maps_address='\ue52e' | url='https://www.google.com/maps/place/Calmigo+Homestay+Saigon+(chi+nh%C3%A1nh+2)/data=!4m7!3m6!1s0x31752f1c449084ed:0x9d4f4b2608913c19!8m2!3d10.7675384!4d106.6914054!16s/g/11z3wnmdfz!19sChIJ7YSQRBwvdTERGTyRCCZLT50?authuser=0&hl=vi&g_ep=EgoyMDI2MDkwMi4wIJJjKgBIAVAD&rclk=1'
2026-09-08 08:30:23,076 | INFO | Google Maps address search variant 10/12: Đan Khang Homestay, ea kao
2026-09-08 08:30:23,077 | INFO | Navigation start | attempt=1/3 | timeout=15000ms | url=https://www.google.com/maps/search/?api=1&query=%C4%90an%20Khang%20Homestay%2C%20ea%20kao
2026-09-08 08:30:23,292 | INFO | Navigation success | attempt=1/3 | 0.22s | url=https://www.google.com/maps/search/?api=1&query=%C4%90an%20Khang%20Homestay%2C%20ea%20kao
2026-09-08 08:30:33,069 | INFO | Google Maps address search variant 11/12: Đan Khang Homestay, đak lak 63000
2026-09-08 08:30:33,070 | INFO | Navigation start | attempt=1/3 | timeout=15000ms | url=https://www.google.com/maps/search/?api=1&query=%C4%90an%20Khang%20Homestay%2C%20%C4%91ak%20lak%2063000
2026-09-08 08:30:33,362 | INFO | Navigation success | attempt=1/3 | 0.29s | url=https://www.google.com/maps/search/?api=1&query=%C4%90an%20Khang%20Homestay%2C%20%C4%91ak%20lak%2063000
2026-09-08 08:30:45,101 | WARNING | Google Maps NOT_FOUND / NO_VALID_PLACE_URL: Đan Khang Homestay | Thôn 2, Ea Kao, Đắk Lắk 63000, Việt Nam
2026-09-08 08:30:45,101 | INFO | EXCEL SEARCH RESULT | success=False | reason=NOT_FOUND | google_maps_url=None | url=None | cleaned_url=''
2026-09-08 08:30:46,482 | INFO | Existing URL check | maps_col=google_maps_url | url_col=URL | maps='' | url='' | reusable=''
2026-09-08 08:30:46,878 | WARNING | CURRENT MAPS PLACE TITLE/ADDRESS MISMATCH | input_title='Dream House Homestay' | actual_title='Đan Khang Homestay' | input_address='Từ Nham, Sông Cầu, Đắk Lắk, Việt Nam' | actual_address='Thôn 2, Ea Kao, Đắk Lắk 63000, Việt Nam' | url='https://www.google.com/maps/place/%C4%90an+Khang+Homestay/@12.5901602,108.0354912,17z/data=!3m1!4b1!4m6!3m5!1s0x31721fa1ba2c36f3:0xf83c976d81b49af0!8m2!3d12.5901602!4d108.0354912!16s%2Fg%2F11krl1ylbn?entry=ttu&g_ep=EgoyMDI2MDkwMi4wIKXMDSoASAFQAw%3D%3D'
2026-09-08 08:30:46,879 | INFO | Google Maps title search variant 1/12: Dream House Homestay
2026-09-08 08:30:46,879 | INFO | Navigation start | attempt=1/3 | timeout=15000ms | url=https://www.google.com/maps/search/?api=1&query=Dream%20House%20Homestay
2026-09-08 08:30:47,081 | INFO | Navigation success | attempt=1/3 | 0.20s | url=https://www.google.com/maps/search/?api=1&query=Dream%20House%20Homestay
2026-09-08 08:30:58,492 | INFO | Navigation start | attempt=1/3 | timeout=15000ms | url=https://www.google.com/maps/place/Dream+House+Hotel+Homestay/data=!4m10!3m9!1s0x317599fac65c7155:0x81d0cba1776d18dc!5m2!4m1!1i2!8m2!3d10.4764047!4d107.4249009!16s/g/11vsvpr5_q!19sChIJVXFcxvqZdTER3Bhtd6HL0IE?authuser=0&hl=vi&g_ep=EgoyMDI2MDkwMi4wIJJjKgBIAVAD&rclk=1
2026-09-08 08:30:59,715 | INFO | Navigation success | attempt=1/3 | 1.22s | url=https://www.google.com/maps/place/Dream+House+Hotel+Homestay/data=!4m10!3m9!1s0x317599fac65c7155:0x81d0cba1776d18dc!5m2!4m1!1i2!8m2!3d10.4764047!4d107.4249009!16s/g/11vsvpr5_q!19sChIJVXFcxvqZdTER3Bhtd6HL0IE?authuser=0&hl=vi&g_ep=EgoyMDI2MDkwMi4wIJJjKgBIAVAD&rclk=1
2026-09-08 08:31:01,321 | INFO | VERIFY CANDIDATE | input_title='Dream House Homestay' | actual_title='' | input_address='Từ Nham, Sông Cầu, Đắk Lắk, Việt Nam' | actual_address='\ue52e' | url='https://www.google.com/maps/place/Dream+House+Hotel+Homestay/data=!4m10!3m9!1s0x317599fac65c7155:0x81d0cba1776d18dc!5m2!4m1!1i2!8m2!3d10.4764047!4d107.4249009!16s/g/11vsvpr5_q!19sChIJVXFcxvqZdTER3Bhtd6HL0IE?authuser=0&hl=vi&g_ep=EgoyMDI2MDkwMi4wIJJjKgBIAVAD&rclk=1' | coordinates=(10.4764047, 107.4)
2026-09-08 08:31:01,324 | INFO | VERIFY FINAL | success=False | reason=TITLE_UNAVAILABLE | title_ok=False | address_ok=False | input_title='Dream House Homestay' | maps_title='' | input_address='Từ Nham, Sông Cầu, Đắk Lắk, Việt Nam' | maps_address='\ue52e' | url='https://www.google.com/maps/place/Dream+House+Hotel+Homestay/data=!4m10!3m9!1s0x317599fac65c7155:0x81d0cba1776d18dc!5m2!4m1!1i2!8m2!3d10.4764047!4d107.4249009!16s/g/11vsvpr5_q!19sChIJVXFcxvqZdTER3Bhtd6HL0IE?authuser=0&hl=vi&g_ep=EgoyMDI2MDkwMi4wIJJjKgBIAVAD&rclk=1'
2026-09-08 08:31:01,324 | INFO | Navigation start | attempt=1/3 | timeout=15000ms | url=https://www.google.com/maps/place/Dream+House/data=!4m7!3m6!1s0x31752fa5034eaf4d:0x8f1da32bfcc09fcb!8m2!3d10.7897494!4d106.6908298!16s/g/11jp358pjx!19sChIJTa9OA6UvdTERy5_A_CujHY8?authuser=0&hl=vi&g_ep=EgoyMDI2MDkwMi4wIJJjKgBIAVAD&rclk=1
2026-09-08 08:31:01,542 | INFO | Navigation success | attempt=1/3 | 0.22s | url=https://www.google.com/maps/place/Dream+House/data=!4m7!3m6!1s0x31752fa5034eaf4d:0x8f1da32bfcc09fcb!8m2!3d10.7897494!4d106.6908298!16s/g/11jp358pjx!19sChIJTa9OA6UvdTERy5_A_CujHY8?authuser=0&hl=vi&g_ep=EgoyMDI2MDkwMi4wIJJjKgBIAVAD&rclk=1
2026-09-08 08:31:02,710 | INFO | VERIFY CANDIDATE | input_title='Dream House Homestay' | actual_title='' | input_address='Từ Nham, Sông Cầu, Đắk Lắk, Việt Nam' | actual_address='\ue52e' | url='https://www.google.com/maps/place/Dream+House/data=!4m7!3m6!1s0x31752fa5034eaf4d:0x8f1da32bfcc09fcb!8m2!3d10.7897494!4d106.6908298!16s/g/11jp358pjx!19sChIJTa9OA6UvdTERy5_A_CujHY8?authuser=0&hl=vi&g_ep=EgoyMDI2MDkwMi4wIJJjKgBIAVAD&rclk=1' | coordinates=(10.7897494, 106.6)
2026-09-08 08:31:02,713 | INFO | VERIFY FINAL | success=False | reason=TITLE_UNAVAILABLE | title_ok=False | address_ok=False | input_title='Dream House Homestay' | maps_title='' | input_address='Từ Nham, Sông Cầu, Đắk Lắk, Việt Nam' | maps_address='\ue52e' | url='https://www.google.com/maps/place/Dream+House/data=!4m7!3m6!1s0x31752fa5034eaf4d:0x8f1da32bfcc09fcb!8m2!3d10.7897494!4d106.6908298!16s/g/11jp358pjx!19sChIJTa9OA6UvdTERy5_A_CujHY8?authuser=0&hl=vi&g_ep=EgoyMDI2MDkwMi4wIJJjKgBIAVAD&rclk=1'
2026-09-08 08:31:02,714 | INFO | Navigation start | attempt=1/3 | timeout=15000ms | url=https://www.google.com/maps/place/Dream+House/data=!4m7!3m6!1s0x31752e8e0a4625fd:0x4d6c305b8693d29c!8m2!3d10.7583274!4d106.6466623!16s/g/11f7nym4tg!19sChIJ_SVGCo4udTERnNKThlswbE0?authuser=0&hl=vi&g_ep=EgoyMDI2MDkwMi4wIJJjKgBIAVAD&rclk=1
2026-09-08 08:31:02,941 | INFO | Navigation success | attempt=1/3 | 0.23s | url=https://www.google.com/maps/place/Dream+House/data=!4m7!3m6!1s0x31752e8e0a4625fd:0x4d6c305b8693d29c!8m2!3d10.7583274!4d106.6466623!16s/g/11f7nym4tg!19sChIJ_SVGCo4udTERnNKThlswbE0?authuser=0&hl=vi&g_ep=EgoyMDI2MDkwMi4wIJJjKgBIAVAD&rclk=1
2026-09-08 08:31:04,424 | INFO | VERIFY CANDIDATE | input_title='Dream House Homestay' | actual_title='' | input_address='Từ Nham, Sông Cầu, Đắk Lắk, Việt Nam' | actual_address='\ue52e' | url='https://www.google.com/maps/place/Dream+House/data=!4m7!3m6!1s0x31752e8e0a4625fd:0x4d6c305b8693d29c!8m2!3d10.7583274!4d106.6466623!16s/g/11f7nym4tg!19sChIJ_SVGCo4udTERnNKThlswbE0?authuser=0&hl=vi&g_ep=EgoyMDI2MDkwMi4wIJJjKgBIAVAD&rclk=1' | coordinates=(10.7583274, 106.6)
2026-09-08 08:31:04,427 | INFO | VERIFY FINAL | success=False | reason=TITLE_UNAVAILABLE | title_ok=False | address_ok=False | input_title='Dream House Homestay' | maps_title='' | input_address='Từ Nham, Sông Cầu, Đắk Lắk, Việt Nam' | maps_address='\ue52e' | url='https://www.google.com/maps/place/Dream+House/data=!4m7!3m6!1s0x31752e8e0a4625fd:0x4d6c305b8693d29c!8m2!3d10.7583274!4d106.6466623!16s/g/11f7nym4tg!19sChIJ_SVGCo4udTERnNKThlswbE0?authuser=0&hl=vi&g_ep=EgoyMDI2MDkwMi4wIJJjKgBIAVAD&rclk=1'
2026-09-08 08:31:04,427 | INFO | Navigation start | attempt=1/3 | timeout=15000ms | url=https://www.google.com/maps/place/Dream+House+Hotel/data=!4m10!3m9!1s0x317529004260acc1:0x463a6c034c9feff9!5m2!4m1!1i2!8m2!3d10.7921985!4d106.6595213!16s/g/11vst0s1b8!19sChIJwaxgQgApdTER-e-fTANsOkY?authuser=0&hl=vi&g_ep=EgoyMDI2MDkwMi4wIJJjKgBIAVAD&rclk=1
2026-09-08 08:31:04,651 | INFO | Navigation success | attempt=1/3 | 0.22s | url=https://www.google.com/maps/place/Dream+House+Hotel/data=!4m10!3m9!1s0x317529004260acc1:0x463a6c034c9feff9!5m2!4m1!1i2!8m2!3d10.7921985!4d106.6595213!16s/g/11vst0s1b8!19sChIJwaxgQgApdTER-e-fTANsOkY?authuser=0&hl=vi&g_ep=EgoyMDI2MDkwMi4wIJJjKgBIAVAD&rclk=1
2026-09-08 08:31:06,520 | INFO | VERIFY CANDIDATE | input_title='Dream House Homestay' | actual_title='' | input_address='Từ Nham, Sông Cầu, Đắk Lắk, Việt Nam' | actual_address='\ue52e' | url='https://www.google.com/maps/place/Dream+House+Hotel/data=!4m10!3m9!1s0x317529004260acc1:0x463a6c034c9feff9!5m2!4m1!1i2!8m2!3d10.7921985!4d106.6595213!16s/g/11vst0s1b8!19sChIJwaxgQgApdTER-e-fTANsOkY?authuser=0&hl=vi&g_ep=EgoyMDI2MDkwMi4wIJJjKgBIAVAD&rclk=1' | coordinates=(10.7921985, 106.6)
2026-09-08 08:31:06,524 | INFO | VERIFY FINAL | success=False | reason=TITLE_UNAVAILABLE | title_ok=False | address_ok=False | input_title='Dream House Homestay' | maps_title='' | input_address='Từ Nham, Sông Cầu, Đắk Lắk, Việt Nam' | maps_address='\ue52e' | url='https://www.google.com/maps/place/Dream+House+Hotel/data=!4m10!3m9!1s0x317529004260acc1:0x463a6c034c9feff9!5m2!4m1!1i2!8m2!3d10.7921985!4d106.6595213!16s/g/11vst0s1b8!19sChIJwaxgQgApdTER-e-fTANsOkY?authuser=0&hl=vi&g_ep=EgoyMDI2MDkwMi4wIJJjKgBIAVAD&rclk=1'
2026-09-08 08:31:06,524 | INFO | Navigation start | attempt=1/3 | timeout=15000ms | url=https://www.google.com/maps/place/Saigon+Dream+House/data=!4m10!3m9!1s0x317529283d5bc857:0x4e12857b46b5c4c4!5m2!4m1!1i2!8m2!3d10.7924599!4d106.6984659!16s/g/11gxg_4wvb!19sChIJV8hbPSgpdTERxMS1RnuFEk4?authuser=0&hl=vi&g_ep=EgoyMDI2MDkwMi4wIJJjKgBIAVAD&rclk=1
2026-09-08 08:31:06,726 | INFO | Navigation success | attempt=1/3 | 0.20s | url=https://www.google.com/maps/place/Saigon+Dream+House/data=!4m10!3m9!1s0x317529283d5bc857:0x4e12857b46b5c4c4!5m2!4m1!1i2!8m2!3d10.7924599!4d106.6984659!16s/g/11gxg_4wvb!19sChIJV8hbPSgpdTERxMS1RnuFEk4?authuser=0&hl=vi&g_ep=EgoyMDI2MDkwMi4wIJJjKgBIAVAD&rclk=1
2026-09-08 08:31:08,529 | INFO | VERIFY CANDIDATE | input_title='Dream House Homestay' | actual_title='' | input_address='Từ Nham, Sông Cầu, Đắk Lắk, Việt Nam' | actual_address='\ue52e' | url='https://www.google.com/maps/place/Saigon+Dream+House/data=!4m10!3m9!1s0x317529283d5bc857:0x4e12857b46b5c4c4!5m2!4m1!1i2!8m2!3d10.7924599!4d106.6984659!16s/g/11gxg_4wvb!19sChIJV8hbPSgpdTERxMS1RnuFEk4?authuser=0&hl=vi&g_ep=EgoyMDI2MDkwMi4wIJJjKgBIAVAD&rclk=1' | coordinates=(10.7924599, 106.6)
2026-09-08 08:31:08,532 | INFO | VERIFY FINAL | success=False | reason=TITLE_UNAVAILABLE | title_ok=False | address_ok=False | input_title='Dream House Homestay' | maps_title='' | input_address='Từ Nham, Sông Cầu, Đắk Lắk, Việt Nam' | maps_address='\ue52e' | url='https://www.google.com/maps/place/Saigon+Dream+House/data=!4m10!3m9!1s0x317529283d5bc857:0x4e12857b46b5c4c4!5m2!4m1!1i2!8m2!3d10.7924599!4d106.6984659!16s/g/11gxg_4wvb!19sChIJV8hbPSgpdTERxMS1RnuFEk4?authuser=0&hl=vi&g_ep=EgoyMDI2MDkwMi4wIJJjKgBIAVAD&rclk=1'
2026-09-08 08:31:08,533 | INFO | Navigation start | attempt=1/3 | timeout=15000ms | url=https://www.google.com/maps/place/Beige+Hotel+Saigon/data=!4m10!3m9!1s0x31752f3e09383ff9:0x8f30c11e2db439bc!5m2!4m1!1i2!8m2!3d10.768621!4d106.694297!16s/g/11n4fcv_cb!19sChIJ-T84CT4vdTERvDm0LR7BMI8?authuser=0&hl=vi&g_ep=EgoyMDI2MDkwMi4wIJJjKgBIAVAD&rclk=1
2026-09-08 08:31:08,734 | INFO | Navigation success | attempt=1/3 | 0.20s | url=https://www.google.com/maps/place/Beige+Hotel+Saigon/data=!4m10!3m9!1s0x31752f3e09383ff9:0x8f30c11e2db439bc!5m2!4m1!1i2!8m2!3d10.768621!4d106.694297!16s/g/11n4fcv_cb!19sChIJ-T84CT4vdTERvDm0LR7BMI8?authuser=0&hl=vi&g_ep=EgoyMDI2MDkwMi4wIJJjKgBIAVAD&rclk=1
2026-09-08 08:31:09,868 | INFO | VERIFY CANDIDATE | input_title='Dream House Homestay' | actual_title='' | input_address='Từ Nham, Sông Cầu, Đắk Lắk, Việt Nam' | actual_address='\ue52e' | url='https://www.google.com/maps/place/Beige+Hotel+Saigon/data=!4m10!3m9!1s0x31752f3e09383ff9:0x8f30c11e2db439bc!5m2!4m1!1i2!8m2!3d10.768621!4d106.694297!16s/g/11n4fcv_cb!19sChIJ-T84CT4vdTERvDm0LR7BMI8?authuser=0&hl=vi&g_ep=EgoyMDI2MDkwMi4wIJJjKgBIAVAD&rclk=1' | coordinates=(10.768621, 106.6)
2026-09-08 08:31:09,878 | INFO | VERIFY FINAL | success=False | reason=TITLE_UNAVAILABLE | title_ok=False | address_ok=False | input_title='Dream House Homestay' | maps_title='' | input_address='Từ Nham, Sông Cầu, Đắk Lắk, Việt Nam' | maps_address='\ue52e' | url='https://www.google.com/maps/place/Beige+Hotel+Saigon/data=!4m10!3m9!1s0x31752f3e09383ff9:0x8f30c11e2db439bc!5m2!4m1!1i2!8m2!3d10.768621!4d106.694297!16s/g/11n4fcv_cb!19sChIJ-T84CT4vdTERvDm0LR7BMI8?authuser=0&hl=vi&g_ep=EgoyMDI2MDkwMi4wIJJjKgBIAVAD&rclk=1'
2026-09-08 08:31:09,879 | INFO | Navigation start | attempt=1/3 | timeout=15000ms | url=https://www.google.com/maps/place/Khách+Sạn+Ahu/data=!4m10!3m9!1s0x31752f17b8414975:0x98c0c1b4b0075528!5m2!4m1!1i2!8m2!3d10.766451!4d106.690185!16s/g/11y1xb2465!19sChIJdUlBuBcvdTERKFUHsLTBwJg?authuser=0&hl=vi&g_ep=EgoyMDI2MDkwMi4wIJJjKgBIAVAD&rclk=1
2026-09-08 08:31:10,111 | INFO | Navigation success | attempt=1/3 | 0.23s | url=https://www.google.com/maps/place/Khách+Sạn+Ahu/data=!4m10!3m9!1s0x31752f17b8414975:0x98c0c1b4b0075528!5m2!4m1!1i2!8m2!3d10.766451!4d106.690185!16s/g/11y1xb2465!19sChIJdUlBuBcvdTERKFUHsLTBwJg?authuser=0&hl=vi&g_ep=EgoyMDI2MDkwMi4wIJJjKgBIAVAD&rclk=1
2026-09-08 08:31:11,267 | INFO | VERIFY CANDIDATE | input_title='Dream House Homestay' | actual_title='' | input_address='Từ Nham, Sông Cầu, Đắk Lắk, Việt Nam' | actual_address='\ue52e' | url='https://www.google.com/maps/place/Kh%C3%A1ch+S%E1%BA%A1n+Ahu/data=!4m10!3m9!1s0x31752f17b8414975:0x98c0c1b4b0075528!5m2!4m1!1i2!8m2!3d10.766451!4d106.690185!16s/g/11y1xb2465!19sChIJdUlBuBcvdTERKFUHsLTBwJg?authuser=0&hl=vi&g_ep=EgoyMDI2MDkwMi4wIJJjKgBIAVAD&rclk=1' | coordinates=(10.766451, 106.6)
2026-09-08 08:31:11,270 | INFO | VERIFY FINAL | success=False | reason=TITLE_UNAVAILABLE | title_ok=False | address_ok=False | input_title='Dream House Homestay' | maps_title='' | input_address='Từ Nham, Sông Cầu, Đắk Lắk, Việt Nam' | maps_address='\ue52e' | url='https://www.google.com/maps/place/Kh%C3%A1ch+S%E1%BA%A1n+Ahu/data=!4m10!3m9!1s0x31752f17b8414975:0x98c0c1b4b0075528!5m2!4m1!1i2!8m2!3d10.766451!4d106.690185!16s/g/11y1xb2465!19sChIJdUlBuBcvdTERKFUHsLTBwJg?authuser=0&hl=vi&g_ep=EgoyMDI2MDkwMi4wIJJjKgBIAVAD&rclk=1'
2026-09-08 08:31:11,271 | INFO | Google Maps address search variant 2/12: Từ Nham, Sông Cầu, Đắk Lắk, Việt Nam
2026-09-08 08:31:11,271 | INFO | Navigation start | attempt=1/3 | timeout=15000ms | url=https://www.google.com/maps/search/?api=1&query=T%E1%BB%AB%20Nham%2C%20S%C3%B4ng%20C%E1%BA%A7u%2C%20%C4%90%E1%BA%AFk%20L%E1%BA%AFk%2C%20Vi%E1%BB%87t%20Nam
2026-09-08 08:31:11,470 | INFO | Navigation success | attempt=1/3 | 0.20s | url=https://www.google.com/maps/search/?api=1&query=T%E1%BB%AB%20Nham%2C%20S%C3%B4ng%20C%E1%BA%A7u%2C%20%C4%90%E1%BA%AFk%20L%E1%BA%AFk%2C%20Vi%E1%BB%87t%20Nam
2026-09-08 08:31:20,813 | INFO | Google Maps address search variant 3/12: Từ Nham, Sông Cầu, Đắk Lắk, Việt Nam, Dream House Homestay
2026-09-08 08:31:20,814 | INFO | Navigation start | attempt=1/3 | timeout=15000ms | url=https://www.google.com/maps/search/?api=1&query=T%E1%BB%AB%20Nham%2C%20S%C3%B4ng%20C%E1%BA%A7u%2C%20%C4%90%E1%BA%AFk%20L%E1%BA%AFk%2C%20Vi%E1%BB%87t%20Nam%2C%20Dream%20House%20Homestay
2026-09-08 08:31:21,024 | INFO | Navigation success | attempt=1/3 | 0.21s | url=https://www.google.com/maps/search/?api=1&query=T%E1%BB%AB%20Nham%2C%20S%C3%B4ng%20C%E1%BA%A7u%2C%20%C4%90%E1%BA%AFk%20L%E1%BA%AFk%2C%20Vi%E1%BB%87t%20Nam%2C%20Dream%20House%20Homestay
2026-09-08 08:31:30,035 | INFO | Google Maps address search variant 4/12: Dream House Homestay, Từ Nham, Sông Cầu, Đắk Lắk, Việt Nam
2026-09-08 08:31:30,035 | INFO | Navigation start | attempt=1/3 | timeout=15000ms | url=https://www.google.com/maps/search/?api=1&query=Dream%20House%20Homestay%2C%20T%E1%BB%AB%20Nham%2C%20S%C3%B4ng%20C%E1%BA%A7u%2C%20%C4%90%E1%BA%AFk%20L%E1%BA%AFk%2C%20Vi%E1%BB%87t%20Nam
2026-09-08 08:31:30,210 | INFO | Navigation success | attempt=1/3 | 0.17s | url=https://www.google.com/maps/search/?api=1&query=Dream%20House%20Homestay%2C%20T%E1%BB%AB%20Nham%2C%20S%C3%B4ng%20C%E1%BA%A7u%2C%20%C4%90%E1%BA%AFk%20L%E1%BA%AFk%2C%20Vi%E1%BB%87t%20Nam
2026-09-08 08:31:39,377 | INFO | Google Maps address search variant 5/12: tu nham, song cau, đak lak
2026-09-08 08:31:39,377 | INFO | Navigation start | attempt=1/3 | timeout=15000ms | url=https://www.google.com/maps/search/?api=1&query=tu%20nham%2C%20song%20cau%2C%20%C4%91ak%20lak
2026-09-08 08:31:39,583 | INFO | Navigation success | attempt=1/3 | 0.21s | url=https://www.google.com/maps/search/?api=1&query=tu%20nham%2C%20song%20cau%2C%20%C4%91ak%20lak
2026-09-08 08:31:48,072 | INFO | Google Maps address search variant 6/12: song cau, đak lak
2026-09-08 08:31:48,072 | INFO | Navigation start | attempt=1/3 | timeout=15000ms | url=https://www.google.com/maps/search/?api=1&query=song%20cau%2C%20%C4%91ak%20lak
2026-09-08 08:31:48,309 | INFO | Navigation success | attempt=1/3 | 0.24s | url=https://www.google.com/maps/search/?api=1&query=song%20cau%2C%20%C4%91ak%20lak
2026-09-08 08:31:56,725 | INFO | Google Maps address search variant 7/12: Dream House Homestay, tu nham, song cau, đak lak
2026-09-08 08:31:56,727 | INFO | Navigation start | attempt=1/3 | timeout=15000ms | url=https://www.google.com/maps/search/?api=1&query=Dream%20House%20Homestay%2C%20tu%20nham%2C%20song%20cau%2C%20%C4%91ak%20lak
2026-09-08 08:31:56,929 | INFO | Navigation success | attempt=1/3 | 0.20s | url=https://www.google.com/maps/search/?api=1&query=Dream%20House%20Homestay%2C%20tu%20nham%2C%20song%20cau%2C%20%C4%91ak%20lak
2026-09-08 08:32:05,426 | INFO | Google Maps address search variant 8/12: Dream House Homestay, song cau, đak lak
2026-09-08 08:32:05,426 | INFO | Navigation start | attempt=1/3 | timeout=15000ms | url=https://www.google.com/maps/search/?api=1&query=Dream%20House%20Homestay%2C%20song%20cau%2C%20%C4%91ak%20lak
2026-09-08 08:32:05,627 | INFO | Navigation success | attempt=1/3 | 0.20s | url=https://www.google.com/maps/search/?api=1&query=Dream%20House%20Homestay%2C%20song%20cau%2C%20%C4%91ak%20lak
2026-09-08 08:32:15,098 | INFO | Google Maps address search variant 9/12: Dream House Homestay, tu nham
2026-09-08 08:32:15,098 | INFO | Navigation start | attempt=1/3 | timeout=15000ms | url=https://www.google.com/maps/search/?api=1&query=Dream%20House%20Homestay%2C%20tu%20nham
2026-09-08 08:32:15,331 | INFO | Navigation success | attempt=1/3 | 0.23s | url=https://www.google.com/maps/search/?api=1&query=Dream%20House%20Homestay%2C%20tu%20nham
2026-09-08 08:32:26,351 | INFO | Navigation start | attempt=1/3 | timeout=15000ms | url=https://www.google.com/maps/place/Dream+House+Hotel+Homestay/data=!4m10!3m9!1s0x317599fac65c7155:0x81d0cba1776d18dc!5m2!4m1!1i2!8m2!3d10.4764047!4d107.4249009!16s/g/11vsvpr5_q!19sChIJVXFcxvqZdTER3Bhtd6HL0IE?authuser=0&hl=vi&g_ep=EgoyMDI2MDkwMi4wIJJjKgBIAVAD&rclk=1
2026-09-08 08:32:26,582 | INFO | Navigation success | attempt=1/3 | 0.23s | url=https://www.google.com/maps/place/Dream+House+Hotel+Homestay/data=!4m10!3m9!1s0x317599fac65c7155:0x81d0cba1776d18dc!5m2!4m1!1i2!8m2!3d10.4764047!4d107.4249009!16s/g/11vsvpr5_q!19sChIJVXFcxvqZdTER3Bhtd6HL0IE?authuser=0&hl=vi&g_ep=EgoyMDI2MDkwMi4wIJJjKgBIAVAD&rclk=1
2026-09-08 08:32:27,560 | INFO | VERIFY CANDIDATE | input_title='Dream House Homestay' | actual_title='' | input_address='Từ Nham, Sông Cầu, Đắk Lắk, Việt Nam' | actual_address='\ue52e' | url='https://www.google.com/maps/place/Dream+House+Hotel+Homestay/data=!4m10!3m9!1s0x317599fac65c7155:0x81d0cba1776d18dc!5m2!4m1!1i2!8m2!3d10.4764047!4d107.4249009!16s/g/11vsvpr5_q!19sChIJVXFcxvqZdTER3Bhtd6HL0IE?authuser=0&hl=vi&g_ep=EgoyMDI2MDkwMi4wIJJjKgBIAVAD&rclk=1' | coordinates=(10.4764047, 107.4)
2026-09-08 08:32:27,563 | INFO | VERIFY FINAL | success=False | reason=TITLE_UNAVAILABLE | title_ok=False | address_ok=False | input_title='Dream House Homestay' | maps_title='' | input_address='Từ Nham, Sông Cầu, Đắk Lắk, Việt Nam' | maps_address='\ue52e' | url='https://www.google.com/maps/place/Dream+House+Hotel+Homestay/data=!4m10!3m9!1s0x317599fac65c7155:0x81d0cba1776d18dc!5m2!4m1!1i2!8m2!3d10.4764047!4d107.4249009!16s/g/11vsvpr5_q!19sChIJVXFcxvqZdTER3Bhtd6HL0IE?authuser=0&hl=vi&g_ep=EgoyMDI2MDkwMi4wIJJjKgBIAVAD&rclk=1'
2026-09-08 08:32:27,563 | INFO | Navigation start | attempt=1/3 | timeout=15000ms | url=https://www.google.com/maps/place/Dream+House/data=!4m7!3m6!1s0x31752e8e0a4625fd:0x4d6c305b8693d29c!8m2!3d10.7583274!4d106.6466623!16s/g/11f7nym4tg!19sChIJ_SVGCo4udTERnNKThlswbE0?authuser=0&hl=vi&g_ep=EgoyMDI2MDkwMi4wIJJjKgBIAVAD&rclk=1
2026-09-08 08:32:27,790 | INFO | Navigation success | attempt=1/3 | 0.23s | url=https://www.google.com/maps/place/Dream+House/data=!4m7!3m6!1s0x31752e8e0a4625fd:0x4d6c305b8693d29c!8m2!3d10.7583274!4d106.6466623!16s/g/11f7nym4tg!19sChIJ_SVGCo4udTERnNKThlswbE0?authuser=0&hl=vi&g_ep=EgoyMDI2MDkwMi4wIJJjKgBIAVAD&rclk=1
2026-09-08 08:32:28,871 | INFO | VERIFY CANDIDATE | input_title='Dream House Homestay' | actual_title='' | input_address='Từ Nham, Sông Cầu, Đắk Lắk, Việt Nam' | actual_address='\ue52e' | url='https://www.google.com/maps/place/Dream+House/data=!4m7!3m6!1s0x31752e8e0a4625fd:0x4d6c305b8693d29c!8m2!3d10.7583274!4d106.6466623!16s/g/11f7nym4tg!19sChIJ_SVGCo4udTERnNKThlswbE0?authuser=0&hl=vi&g_ep=EgoyMDI2MDkwMi4wIJJjKgBIAVAD&rclk=1' | coordinates=(10.7583274, 106.6)
2026-09-08 08:32:28,873 | INFO | VERIFY FINAL | success=False | reason=TITLE_UNAVAILABLE | title_ok=False | address_ok=False | input_title='Dream House Homestay' | maps_title='' | input_address='Từ Nham, Sông Cầu, Đắk Lắk, Việt Nam' | maps_address='\ue52e' | url='https://www.google.com/maps/place/Dream+House/data=!4m7!3m6!1s0x31752e8e0a4625fd:0x4d6c305b8693d29c!8m2!3d10.7583274!4d106.6466623!16s/g/11f7nym4tg!19sChIJ_SVGCo4udTERnNKThlswbE0?authuser=0&hl=vi&g_ep=EgoyMDI2MDkwMi4wIJJjKgBIAVAD&rclk=1'
2026-09-08 08:32:28,874 | INFO | Navigation start | attempt=1/3 | timeout=15000ms | url=https://www.google.com/maps/place/Dream+House+Hotel/data=!4m10!3m9!1s0x317529004260acc1:0x463a6c034c9feff9!5m2!4m1!1i2!8m2!3d10.7921985!4d106.6595213!16s/g/11vst0s1b8!19sChIJwaxgQgApdTER-e-fTANsOkY?authuser=0&hl=vi&g_ep=EgoyMDI2MDkwMi4wIJJjKgBIAVAD&rclk=1
2026-09-08 08:32:29,072 | INFO | Navigation success | attempt=1/3 | 0.20s | url=https://www.google.com/maps/place/Dream+House+Hotel/data=!4m10!3m9!1s0x317529004260acc1:0x463a6c034c9feff9!5m2!4m1!1i2!8m2!3d10.7921985!4d106.6595213!16s/g/11vst0s1b8!19sChIJwaxgQgApdTER-e-fTANsOkY?authuser=0&hl=vi&g_ep=EgoyMDI2MDkwMi4wIJJjKgBIAVAD&rclk=1
2026-09-08 08:32:29,823 | INFO | VERIFY CANDIDATE | input_title='Dream House Homestay' | actual_title='' | input_address='Từ Nham, Sông Cầu, Đắk Lắk, Việt Nam' | actual_address='\ue52e' | url='https://www.google.com/maps/place/Dream+House+Hotel/data=!4m10!3m9!1s0x317529004260acc1:0x463a6c034c9feff9!5m2!4m1!1i2!8m2!3d10.7921985!4d106.6595213!16s/g/11vst0s1b8!19sChIJwaxgQgApdTER-e-fTANsOkY?authuser=0&hl=vi&g_ep=EgoyMDI2MDkwMi4wIJJjKgBIAVAD&rclk=1' | coordinates=(10.7921985, 106.6)
2026-09-08 08:32:29,826 | INFO | VERIFY FINAL | success=False | reason=TITLE_UNAVAILABLE | title_ok=False | address_ok=False | input_title='Dream House Homestay' | maps_title='' | input_address='Từ Nham, Sông Cầu, Đắk Lắk, Việt Nam' | maps_address='\ue52e' | url='https://www.google.com/maps/place/Dream+House+Hotel/data=!4m10!3m9!1s0x317529004260acc1:0x463a6c034c9feff9!5m2!4m1!1i2!8m2!3d10.7921985!4d106.6595213!16s/g/11vst0s1b8!19sChIJwaxgQgApdTER-e-fTANsOkY?authuser=0&hl=vi&g_ep=EgoyMDI2MDkwMi4wIJJjKgBIAVAD&rclk=1'
2026-09-08 08:32:29,826 | INFO | Navigation start | attempt=1/3 | timeout=15000ms | url=https://www.google.com/maps/place/DreamHome+-+Starry/data=!4m10!3m9!1s0x3175297fc5ae71c1:0x9cd660bd4d4620d8!5m2!4m1!1i2!8m2!3d10.7912134!4d106.6922276!16s/g/11yn4_87jc!19sChIJwXGuxX8pdTER2CBGTb1g1pw?authuser=0&hl=vi&g_ep=EgoyMDI2MDkwMi4wIJJjKgBIAVAD&rclk=1
2026-09-08 08:32:30,035 | INFO | Navigation success | attempt=1/3 | 0.21s | url=https://www.google.com/maps/place/DreamHome+-+Starry/data=!4m10!3m9!1s0x3175297fc5ae71c1:0x9cd660bd4d4620d8!5m2!4m1!1i2!8m2!3d10.7912134!4d106.6922276!16s/g/11yn4_87jc!19sChIJwXGuxX8pdTER2CBGTb1g1pw?authuser=0&hl=vi&g_ep=EgoyMDI2MDkwMi4wIJJjKgBIAVAD&rclk=1
2026-09-08 08:32:30,853 | INFO | VERIFY CANDIDATE | input_title='Dream House Homestay' | actual_title='' | input_address='Từ Nham, Sông Cầu, Đắk Lắk, Việt Nam' | actual_address='\ue52e' | url='https://www.google.com/maps/place/DreamHome+-+Starry/data=!4m10!3m9!1s0x3175297fc5ae71c1:0x9cd660bd4d4620d8!5m2!4m1!1i2!8m2!3d10.7912134!4d106.6922276!16s/g/11yn4_87jc!19sChIJwXGuxX8pdTER2CBGTb1g1pw?authuser=0&hl=vi&g_ep=EgoyMDI2MDkwMi4wIJJjKgBIAVAD&rclk=1' | coordinates=(10.7912134, 106.6)
2026-09-08 08:32:30,856 | INFO | VERIFY FINAL | success=False | reason=TITLE_UNAVAILABLE | title_ok=False | address_ok=False | input_title='Dream House Homestay' | maps_title='' | input_address='Từ Nham, Sông Cầu, Đắk Lắk, Việt Nam' | maps_address='\ue52e' | url='https://www.google.com/maps/place/DreamHome+-+Starry/data=!4m10!3m9!1s0x3175297fc5ae71c1:0x9cd660bd4d4620d8!5m2!4m1!1i2!8m2!3d10.7912134!4d106.6922276!16s/g/11yn4_87jc!19sChIJwXGuxX8pdTER2CBGTb1g1pw?authuser=0&hl=vi&g_ep=EgoyMDI2MDkwMi4wIJJjKgBIAVAD&rclk=1'
2026-09-08 08:32:30,856 | INFO | Navigation start | attempt=1/3 | timeout=15000ms | url=https://www.google.com/maps/place/DreamHome+-+Sunset/data=!4m10!3m9!1s0x31752d905e932ced:0x5d12633f571ed4a4!5m2!4m1!1i2!8m2!3d10.7586075!4d106.5946825!16s/g/11ymr636w1!19sChIJ7SyTXpAtdTERpNQeVz9jEl0?authuser=0&hl=vi&g_ep=EgoyMDI2MDkwMi4wIJJjKgBIAVAD&rclk=1
2026-09-08 08:32:31,080 | INFO | Navigation success | attempt=1/3 | 0.22s | url=https://www.google.com/maps/place/DreamHome+-+Sunset/data=!4m10!3m9!1s0x31752d905e932ced:0x5d12633f571ed4a4!5m2!4m1!1i2!8m2!3d10.7586075!4d106.5946825!16s/g/11ymr636w1!19sChIJ7SyTXpAtdTERpNQeVz9jEl0?authuser=0&hl=vi&g_ep=EgoyMDI2MDkwMi4wIJJjKgBIAVAD&rclk=1
2026-09-08 08:32:32,129 | INFO | VERIFY CANDIDATE | input_title='Dream House Homestay' | actual_title='' | input_address='Từ Nham, Sông Cầu, Đắk Lắk, Việt Nam' | actual_address='\ue52e' | url='https://www.google.com/maps/place/DreamHome+-+Sunset/data=!4m10!3m9!1s0x31752d905e932ced:0x5d12633f571ed4a4!5m2!4m1!1i2!8m2!3d10.7586075!4d106.5946825!16s/g/11ymr636w1!19sChIJ7SyTXpAtdTERpNQeVz9jEl0?authuser=0&hl=vi&g_ep=EgoyMDI2MDkwMi4wIJJjKgBIAVAD&rclk=1' | coordinates=(10.7586075, 106.5)
2026-09-08 08:32:32,133 | INFO | VERIFY FINAL | success=False | reason=TITLE_UNAVAILABLE | title_ok=False | address_ok=False | input_title='Dream House Homestay' | maps_title='' | input_address='Từ Nham, Sông Cầu, Đắk Lắk, Việt Nam' | maps_address='\ue52e' | url='https://www.google.com/maps/place/DreamHome+-+Sunset/data=!4m10!3m9!1s0x31752d905e932ced:0x5d12633f571ed4a4!5m2!4m1!1i2!8m2!3d10.7586075!4d106.5946825!16s/g/11ymr636w1!19sChIJ7SyTXpAtdTERpNQeVz9jEl0?authuser=0&hl=vi&g_ep=EgoyMDI2MDkwMi4wIJJjKgBIAVAD&rclk=1'
2026-09-08 08:32:32,134 | INFO | Navigation start | attempt=1/3 | timeout=15000ms | url=https://www.google.com/maps/place/Homestay+BinGo+Lagi/data=!4m10!3m9!1s0x3175c8d38ea5d80f:0xd3086639d52b3f6c!5m2!4m1!1i2!8m2!3d10.679765!4d107.759573!16s/g/11tnblhgvv!19sChIJD9iljtPIdTERbD8r1TlmCNM?authuser=0&hl=vi&g_ep=EgoyMDI2MDkwMi4wIJJjKgBIAVAD&rclk=1
2026-09-08 08:32:32,478 | INFO | Navigation success | attempt=1/3 | 0.34s | url=https://www.google.com/maps/place/Homestay+BinGo+Lagi/data=!4m10!3m9!1s0x3175c8d38ea5d80f:0xd3086639d52b3f6c!5m2!4m1!1i2!8m2!3d10.679765!4d107.759573!16s/g/11tnblhgvv!19sChIJD9iljtPIdTERbD8r1TlmCNM?authuser=0&hl=vi&g_ep=EgoyMDI2MDkwMi4wIJJjKgBIAVAD&rclk=1
2026-09-08 08:32:33,415 | INFO | VERIFY CANDIDATE | input_title='Dream House Homestay' | actual_title='' | input_address='Từ Nham, Sông Cầu, Đắk Lắk, Việt Nam' | actual_address='\ue52e' | url='https://www.google.com/maps/place/Homestay+BinGo+Lagi/data=!4m10!3m9!1s0x3175c8d38ea5d80f:0xd3086639d52b3f6c!5m2!4m1!1i2!8m2!3d10.679765!4d107.759573!16s/g/11tnblhgvv!19sChIJD9iljtPIdTERbD8r1TlmCNM?authuser=0&hl=vi&g_ep=EgoyMDI2MDkwMi4wIJJjKgBIAVAD&rclk=1' | coordinates=(10.679765, 107.7)
2026-09-08 08:32:33,418 | INFO | VERIFY FINAL | success=False | reason=TITLE_UNAVAILABLE | title_ok=False | address_ok=False | input_title='Dream House Homestay' | maps_title='' | input_address='Từ Nham, Sông Cầu, Đắk Lắk, Việt Nam' | maps_address='\ue52e' | url='https://www.google.com/maps/place/Homestay+BinGo+Lagi/data=!4m10!3m9!1s0x3175c8d38ea5d80f:0xd3086639d52b3f6c!5m2!4m1!1i2!8m2!3d10.679765!4d107.759573!16s/g/11tnblhgvv!19sChIJD9iljtPIdTERbD8r1TlmCNM?authuser=0&hl=vi&g_ep=EgoyMDI2MDkwMi4wIJJjKgBIAVAD&rclk=1'
2026-09-08 08:32:33,418 | INFO | Navigation start | attempt=1/3 | timeout=15000ms | url=https://www.google.com/maps/place/Khách+Sạn+Tiệc+Cưới+Nhật+Minh/data=!4m10!3m9!1s0x3175c8cb7e36e9bb:0x75493c61df7a8405!5m2!4m1!1i2!8m2!3d10.669181!4d107.760876!16s/g/11bc7t1myx!19sChIJu-k2fsvIdTERBYR632E8SXU?authuser=0&hl=vi&g_ep=EgoyMDI2MDkwMi4wIJJjKgBIAVAD&rclk=1
2026-09-08 08:32:33,620 | INFO | Navigation success | attempt=1/3 | 0.20s | url=https://www.google.com/maps/place/Khách+Sạn+Tiệc+Cưới+Nhật+Minh/data=!4m10!3m9!1s0x3175c8cb7e36e9bb:0x75493c61df7a8405!5m2!4m1!1i2!8m2!3d10.669181!4d107.760876!16s/g/11bc7t1myx!19sChIJu-k2fsvIdTERBYR632E8SXU?authuser=0&hl=vi&g_ep=EgoyMDI2MDkwMi4wIJJjKgBIAVAD&rclk=1
2026-09-08 08:32:34,424 | INFO | VERIFY CANDIDATE | input_title='Dream House Homestay' | actual_title='' | input_address='Từ Nham, Sông Cầu, Đắk Lắk, Việt Nam' | actual_address='\ue52e' | url='https://www.google.com/maps/place/Kh%C3%A1ch+S%E1%BA%A1n+Ti%E1%BB%87c+C%C6%B0%E1%BB%9Bi+Nh%E1%BA%ADt+Minh/data=!4m10!3m9!1s0x3175c8cb7e36e9bb:0x75493c61df7a8405!5m2!4m1!1i2!8m2!3d10.669181!4d107.760876!16s/g/11bc7t1myx!19sChIJu-k2fsvIdTERBYR632E8SXU?authuser=0&hl=vi&g_ep=EgoyMDI2MDkwMi4wIJJjKgBIAVAD&rclk=1' | coordinates=(10.669181, 107.7)
2026-09-08 08:32:34,427 | INFO | VERIFY FINAL | success=False | reason=TITLE_UNAVAILABLE | title_ok=False | address_ok=False | input_title='Dream House Homestay' | maps_title='' | input_address='Từ Nham, Sông Cầu, Đắk Lắk, Việt Nam' | maps_address='\ue52e' | url='https://www.google.com/maps/place/Kh%C3%A1ch+S%E1%BA%A1n+Ti%E1%BB%87c+C%C6%B0%E1%BB%9Bi+Nh%E1%BA%ADt+Minh/data=!4m10!3m9!1s0x3175c8cb7e36e9bb:0x75493c61df7a8405!5m2!4m1!1i2!8m2!3d10.669181!4d107.760876!16s/g/11bc7t1myx!19sChIJu-k2fsvIdTERBYR632E8SXU?authuser=0&hl=vi&g_ep=EgoyMDI2MDkwMi4wIJJjKgBIAVAD&rclk=1'
2026-09-08 08:32:34,428 | INFO | Google Maps address search variant 10/12: Dream House Homestay, song cau
2026-09-08 08:32:34,428 | INFO | Navigation start | attempt=1/3 | timeout=15000ms | url=https://www.google.com/maps/search/?api=1&query=Dream%20House%20Homestay%2C%20song%20cau
2026-09-08 08:32:34,628 | INFO | Navigation success | attempt=1/3 | 0.20s | url=https://www.google.com/maps/search/?api=1&query=Dream%20House%20Homestay%2C%20song%20cau
2026-09-08 08:32:43,840 | INFO | Google Maps address search variant 11/12: Dream House Homestay, đak lak
2026-09-08 08:32:43,841 | INFO | Navigation start | attempt=1/3 | timeout=15000ms | url=https://www.google.com/maps/search/?api=1&query=Dream%20House%20Homestay%2C%20%C4%91ak%20lak
2026-09-08 08:32:44,023 | INFO | Navigation success | attempt=1/3 | 0.18s | url=https://www.google.com/maps/search/?api=1&query=Dream%20House%20Homestay%2C%20%C4%91ak%20lak
2026-09-08 08:32:53,283 | WARNING | Google Maps NOT_FOUND / NO_VALID_PLACE_URL: Dream House Homestay | Từ Nham, Sông Cầu, Đắk Lắk, Việt Nam
2026-09-08 08:32:53,283 | INFO | EXCEL SEARCH RESULT | success=False | reason=NOT_FOUND | google_maps_url=None | url=None | cleaned_url=''
2026-09-08 08:32:54,736 | INFO | Existing URL check | maps_col=google_maps_url | url_col=URL | maps='' | url='' | reusable=''
2026-09-08 08:32:54,922 | WARNING | CURRENT MAPS PLACE TITLE/ADDRESS MISMATCH | input_title='Du Mục Homestay' | actual_title='Dream House Homestay' | input_address='100 Săm Brăm, Ea Kao, Đắk Lắk, Việt Nam' | actual_address='Từ Nham, Sông Cầu, Đắk Lắk, Việt Nam' | url='https://www.google.com/maps/place/Dream+House+Homestay/@13.4637981,109.3189196,17z/data=!3m1!4b1!4m6!3m5!1s0x316f9f0050ad1a4f:0x51c4af1fb04d5159!8m2!3d13.4637981!4d109.3189196!16s%2Fg%2F11xnr8tt4g?entry=ttu&g_ep=EgoyMDI2MDkwMi4wIKXMDSoASAFQAw%3D%3D'
2026-09-08 08:32:54,923 | INFO | Google Maps title search variant 1/12: Du Mục Homestay
2026-09-08 08:32:54,923 | INFO | Navigation start | attempt=1/3 | timeout=15000ms | url=https://www.google.com/maps/search/?api=1&query=Du%20M%E1%BB%A5c%20Homestay
2026-09-08 08:32:55,138 | INFO | Navigation success | attempt=1/3 | 0.22s | url=https://www.google.com/maps/search/?api=1&query=Du%20M%E1%BB%A5c%20Homestay
2026-09-08 08:33:04,460 | INFO | Navigation start | attempt=1/3 | timeout=15000ms | url=https://www.google.com/maps/place/Du+Mục+Homestay/data=!4m7!3m6!1s0x31721dd8525d470b:0x362b7b78cb145247!8m2!3d12.6546212!4d108.0232188!16s/g/11xsv5zngb!19sChIJC0ddUtgdcjERR1IUy3h7KzY?authuser=0&hl=vi&g_ep=EgoyMDI2MDkwMi4wIJJjKgBIAVAD&rclk=1
2026-09-08 08:33:04,661 | INFO | Navigation success | attempt=1/3 | 0.20s | url=https://www.google.com/maps/place/Du+Mục+Homestay/data=!4m7!3m6!1s0x31721dd8525d470b:0x362b7b78cb145247!8m2!3d12.6546212!4d108.0232188!16s/g/11xsv5zngb!19sChIJC0ddUtgdcjERR1IUy3h7KzY?authuser=0&hl=vi&g_ep=EgoyMDI2MDkwMi4wIJJjKgBIAVAD&rclk=1
2026-09-08 08:33:05,778 | INFO | VERIFY CANDIDATE | input_title='Du Mục Homestay' | actual_title='' | input_address='100 Săm Brăm, Ea Kao, Đắk Lắk, Việt Nam' | actual_address='\ue52e' | url='https://www.google.com/maps/place/Du+M%E1%BB%A5c+Homestay/data=!4m7!3m6!1s0x31721dd8525d470b:0x362b7b78cb145247!8m2!3d12.6546212!4d108.0232188!16s/g/11xsv5zngb!19sChIJC0ddUtgdcjERR1IUy3h7KzY?authuser=0&hl=vi&g_ep=EgoyMDI2MDkwMi4wIJJjKgBIAVAD&rclk=1' | coordinates=(12.6546212, 108.0)
2026-09-08 08:33:05,782 | INFO | VERIFY FINAL | success=False | reason=TITLE_UNAVAILABLE | title_ok=False | address_ok=False | input_title='Du Mục Homestay' | maps_title='' | input_address='100 Săm Brăm, Ea Kao, Đắk Lắk, Việt Nam' | maps_address='\ue52e' | url='https://www.google.com/maps/place/Du+M%E1%BB%A5c+Homestay/data=!4m7!3m6!1s0x31721dd8525d470b:0x362b7b78cb145247!8m2!3d12.6546212!4d108.0232188!16s/g/11xsv5zngb!19sChIJC0ddUtgdcjERR1IUy3h7KzY?authuser=0&hl=vi&g_ep=EgoyMDI2MDkwMi4wIJJjKgBIAVAD&rclk=1'
2026-09-08 08:33:05,782 | INFO | Navigation start | attempt=1/3 | timeout=15000ms | url=https://www.google.com/maps/place/Du+Homestay+-+Apartment+For+Rent/data=!4m10!3m9!1s0x3175299a9e4a7135:0xd415148f3fbf690f!5m2!4m1!1i2!8m2!3d10.7887244!4d106.7087323!16s/g/11fn7t25hp!19sChIJNXFKnpopdTERD2m_P48UFdQ?authuser=0&hl=vi&g_ep=EgoyMDI2MDkwMi4wIJJjKgBIAVAD&rclk=1
2026-09-08 08:33:05,985 | INFO | Navigation success | attempt=1/3 | 0.20s | url=https://www.google.com/maps/place/Du+Homestay+-+Apartment+For+Rent/data=!4m10!3m9!1s0x3175299a9e4a7135:0xd415148f3fbf690f!5m2!4m1!1i2!8m2!3d10.7887244!4d106.7087323!16s/g/11fn7t25hp!19sChIJNXFKnpopdTERD2m_P48UFdQ?authuser=0&hl=vi&g_ep=EgoyMDI2MDkwMi4wIJJjKgBIAVAD&rclk=1
2026-09-08 08:33:07,324 | INFO | VERIFY CANDIDATE | input_title='Du Mục Homestay' | actual_title='' | input_address='100 Săm Brăm, Ea Kao, Đắk Lắk, Việt Nam' | actual_address='\ue52e' | url='https://www.google.com/maps/place/Du+Homestay+-+Apartment+For+Rent/data=!4m10!3m9!1s0x3175299a9e4a7135:0xd415148f3fbf690f!5m2!4m1!1i2!8m2!3d10.7887244!4d106.7087323!16s/g/11fn7t25hp!19sChIJNXFKnpopdTERD2m_P48UFdQ?authuser=0&hl=vi&g_ep=EgoyMDI2MDkwMi4wIJJjKgBIAVAD&rclk=1' | coordinates=(10.7887244, 106.7)
2026-09-08 08:33:07,327 | INFO | VERIFY FINAL | success=False | reason=TITLE_UNAVAILABLE | title_ok=False | address_ok=False | input_title='Du Mục Homestay' | maps_title='' | input_address='100 Săm Brăm, Ea Kao, Đắk Lắk, Việt Nam' | maps_address='\ue52e' | url='https://www.google.com/maps/place/Du+Homestay+-+Apartment+For+Rent/data=!4m10!3m9!1s0x3175299a9e4a7135:0xd415148f3fbf690f!5m2!4m1!1i2!8m2!3d10.7887244!4d106.7087323!16s/g/11fn7t25hp!19sChIJNXFKnpopdTERD2m_P48UFdQ?authuser=0&hl=vi&g_ep=EgoyMDI2MDkwMi4wIJJjKgBIAVAD&rclk=1'
2026-09-08 08:33:07,328 | INFO | Google Maps address search variant 2/12: 100 Săm Brăm, Ea Kao, Đắk Lắk, Việt Nam
2026-09-08 08:33:07,328 | INFO | Navigation start | attempt=1/3 | timeout=15000ms | url=https://www.google.com/maps/search/?api=1&query=100%20S%C4%83m%20Br%C4%83m%2C%20Ea%20Kao%2C%20%C4%90%E1%BA%AFk%20L%E1%BA%AFk%2C%20Vi%E1%BB%87t%20Nam
2026-09-08 08:33:07,556 | INFO | Navigation success | attempt=1/3 | 0.23s | url=https://www.google.com/maps/search/?api=1&query=100%20S%C4%83m%20Br%C4%83m%2C%20Ea%20Kao%2C%20%C4%90%E1%BA%AFk%20L%E1%BA%AFk%2C%20Vi%E1%BB%87t%20Nam
2026-09-08 08:33:18,220 | INFO | Google Maps address search variant 3/12: 100 Săm Brăm, Ea Kao, Đắk Lắk, Việt Nam, Du Mục Homestay
2026-09-08 08:33:18,220 | INFO | Navigation start | attempt=1/3 | timeout=15000ms | url=https://www.google.com/maps/search/?api=1&query=100%20S%C4%83m%20Br%C4%83m%2C%20Ea%20Kao%2C%20%C4%90%E1%BA%AFk%20L%E1%BA%AFk%2C%20Vi%E1%BB%87t%20Nam%2C%20Du%20M%E1%BB%A5c%20Homestay
2026-09-08 08:33:18,424 | INFO | Navigation success | attempt=1/3 | 0.20s | url=https://www.google.com/maps/search/?api=1&query=100%20S%C4%83m%20Br%C4%83m%2C%20Ea%20Kao%2C%20%C4%90%E1%BA%AFk%20L%E1%BA%AFk%2C%20Vi%E1%BB%87t%20Nam%2C%20Du%20M%E1%BB%A5c%20Homestay
2026-09-08 08:33:28,727 | INFO | Google Maps address search variant 4/12: Du Mục Homestay, 100 Săm Brăm, Ea Kao, Đắk Lắk, Việt Nam
2026-09-08 08:33:28,727 | INFO | Navigation start | attempt=1/3 | timeout=15000ms | url=https://www.google.com/maps/search/?api=1&query=Du%20M%E1%BB%A5c%20Homestay%2C%20100%20S%C4%83m%20Br%C4%83m%2C%20Ea%20Kao%2C%20%C4%90%E1%BA%AFk%20L%E1%BA%AFk%2C%20Vi%E1%BB%87t%20Nam
2026-09-08 08:33:28,927 | INFO | Navigation success | attempt=1/3 | 0.20s | url=https://www.google.com/maps/search/?api=1&query=Du%20M%E1%BB%A5c%20Homestay%2C%20100%20S%C4%83m%20Br%C4%83m%2C%20Ea%20Kao%2C%20%C4%90%E1%BA%AFk%20L%E1%BA%AFk%2C%20Vi%E1%BB%87t%20Nam
2026-09-08 08:33:39,169 | INFO | Google Maps address search variant 5/12: 100 sam bram, ea kao, đak lak
2026-09-08 08:33:39,169 | INFO | Navigation start | attempt=1/3 | timeout=15000ms | url=https://www.google.com/maps/search/?api=1&query=100%20sam%20bram%2C%20ea%20kao%2C%20%C4%91ak%20lak
2026-09-08 08:33:39,734 | INFO | Navigation success | attempt=1/3 | 0.56s | url=https://www.google.com/maps/search/?api=1&query=100%20sam%20bram%2C%20ea%20kao%2C%20%C4%91ak%20lak
2026-09-08 08:33:50,041 | INFO | Google Maps address search variant 6/12: ea kao, đak lak
2026-09-08 08:33:50,041 | INFO | Navigation start | attempt=1/3 | timeout=15000ms | url=https://www.google.com/maps/search/?api=1&query=ea%20kao%2C%20%C4%91ak%20lak
2026-09-08 08:33:50,260 | INFO | Navigation success | attempt=1/3 | 0.22s | url=https://www.google.com/maps/search/?api=1&query=ea%20kao%2C%20%C4%91ak%20lak
2026-09-08 08:33:59,479 | INFO | Google Maps address search variant 7/12: Du Mục Homestay, 100 sam bram, ea kao, đak lak
2026-09-08 08:33:59,479 | INFO | Navigation start | attempt=1/3 | timeout=15000ms | url=https://www.google.com/maps/search/?api=1&query=Du%20M%E1%BB%A5c%20Homestay%2C%20100%20sam%20bram%2C%20ea%20kao%2C%20%C4%91ak%20lak
2026-09-08 08:33:59,725 | INFO | Navigation success | attempt=1/3 | 0.25s | url=https://www.google.com/maps/search/?api=1&query=Du%20M%E1%BB%A5c%20Homestay%2C%20100%20sam%20bram%2C%20ea%20kao%2C%20%C4%91ak%20lak
2026-09-08 08:34:09,997 | INFO | Google Maps address search variant 8/12: Du Mục Homestay, ea kao, đak lak
2026-09-08 08:34:09,997 | INFO | Navigation start | attempt=1/3 | timeout=15000ms | url=https://www.google.com/maps/search/?api=1&query=Du%20M%E1%BB%A5c%20Homestay%2C%20ea%20kao%2C%20%C4%91ak%20lak
2026-09-08 08:34:10,222 | INFO | Navigation success | attempt=1/3 | 0.23s | url=https://www.google.com/maps/search/?api=1&query=Du%20M%E1%BB%A5c%20Homestay%2C%20ea%20kao%2C%20%C4%91ak%20lak
2026-09-08 08:34:20,411 | INFO | Google Maps address search variant 9/12: Du Mục Homestay, 100 sam bram
2026-09-08 08:34:20,411 | INFO | Navigation start | attempt=1/3 | timeout=15000ms | url=https://www.google.com/maps/search/?api=1&query=Du%20M%E1%BB%A5c%20Homestay%2C%20100%20sam%20bram
2026-09-08 08:34:20,616 | INFO | Navigation success | attempt=1/3 | 0.20s | url=https://www.google.com/maps/search/?api=1&query=Du%20M%E1%BB%A5c%20Homestay%2C%20100%20sam%20bram
2026-09-08 08:34:31,043 | INFO | Google Maps address search variant 10/12: Du Mục Homestay, ea kao
2026-09-08 08:34:31,043 | INFO | Navigation start | attempt=1/3 | timeout=15000ms | url=https://www.google.com/maps/search/?api=1&query=Du%20M%E1%BB%A5c%20Homestay%2C%20ea%20kao
2026-09-08 08:34:31,579 | INFO | Navigation success | attempt=1/3 | 0.54s | url=https://www.google.com/maps/search/?api=1&query=Du%20M%E1%BB%A5c%20Homestay%2C%20ea%20kao
2026-09-08 08:34:41,895 | INFO | Google Maps address search variant 11/12: Du Mục Homestay, đak lak
2026-09-08 08:34:41,896 | INFO | Navigation start | attempt=1/3 | timeout=15000ms | url=https://www.google.com/maps/search/?api=1&query=Du%20M%E1%BB%A5c%20Homestay%2C%20%C4%91ak%20lak
2026-09-08 08:34:42,121 | INFO | Navigation success | attempt=1/3 | 0.23s | url=https://www.google.com/maps/search/?api=1&query=Du%20M%E1%BB%A5c%20Homestay%2C%20%C4%91ak%20lak
2026-09-08 08:34:51,265 | WARNING | Google Maps NOT_FOUND / NO_VALID_PLACE_URL: Du Mục Homestay | 100 Săm Brăm, Ea Kao, Đắk Lắk, Việt Nam
2026-09-08 08:34:51,265 | INFO | EXCEL SEARCH RESULT | success=False | reason=NOT_FOUND | google_maps_url=None | url=None | cleaned_url=''
2026-09-08 08:34:52,588 | INFO | Existing URL check | maps_col=google_maps_url | url_col=URL | maps='' | url='' | reusable=''
2026-09-08 08:34:52,882 | WARNING | CURRENT MAPS PLACE TITLE/ADDRESS MISMATCH | input_title='Dương Đoàn Homestay Cù Lao Mái Nhà Phú Yên' | actual_title='Du Mục Homestay' | input_address='78F4QJ8 Gềnh Đá Hang Cọp, Phước Đồng, Ô Loan, Đắk Lắk 56200, Việt Nam' | actual_address='\ue413' | url='https://www.google.com/maps/place/Du+M%E1%BB%A5c+Homestay/@12.6546212,108.0232188,17z/data=!3m1!4b1!4m6!3m5!1s0x31721dd8525d470b:0x362b7b78cb145247!8m2!3d12.6546212!4d108.0232188!16s%2Fg%2F11xsv5zngb?entry=ttu&g_ep=EgoyMDI2MDkwMi4wIKXMDSoASAFQAw%3D%3D'
2026-09-08 08:34:52,883 | INFO | Google Maps title search variant 1/12: Dương Đoàn Homestay Cù Lao Mái Nhà Phú Yên
2026-09-08 08:34:52,884 | INFO | Navigation start | attempt=1/3 | timeout=15000ms | url=https://www.google.com/maps/search/?api=1&query=D%C6%B0%C6%A1ng%20%C4%90o%C3%A0n%20Homestay%20C%C3%B9%20Lao%20M%C3%A1i%20Nh%C3%A0%20Ph%C3%BA%20Y%C3%AAn
2026-09-08 08:34:53,107 | INFO | Navigation success | attempt=1/3 | 0.22s | url=https://www.google.com/maps/search/?api=1&query=D%C6%B0%C6%A1ng%20%C4%90o%C3%A0n%20Homestay%20C%C3%B9%20Lao%20M%C3%A1i%20Nh%C3%A0%20Ph%C3%BA%20Y%C3%AAn
2026-09-08 08:35:02,571 | INFO | Google Maps address search variant 2/12: 78F4QJ8 Gềnh Đá Hang Cọp, Phước Đồng, Ô Loan, Đắk Lắk 56200, Việt Nam
2026-09-08 08:35:02,572 | INFO | Navigation start | attempt=1/3 | timeout=15000ms | url=https://www.google.com/maps/search/?api=1&query=78F4QJ8%20G%E1%BB%81nh%20%C4%90%C3%A1%20Hang%20C%E1%BB%8Dp%2C%20Ph%C6%B0%E1%BB%9Bc%20%C4%90%E1%BB%93ng%2C%20%C3%94%20Loan%2C%20%C4%90%E1%BA%AFk%20L%E1%BA%AFk%2056200%2C%20Vi%E1%BB%87t%20Nam
2026-09-08 08:35:02,780 | INFO | Navigation success | attempt=1/3 | 0.21s | url=https://www.google.com/maps/search/?api=1&query=78F4QJ8%20G%E1%BB%81nh%20%C4%90%C3%A1%20Hang%20C%E1%BB%8Dp%2C%20Ph%C6%B0%E1%BB%9Bc%20%C4%90%E1%BB%93ng%2C%20%C3%94%20Loan%2C%20%C4%90%E1%BA%AFk%20L%E1%BA%AFk%2056200%2C%20Vi%E1%BB%87t%20Nam
2026-09-08 08:35:11,383 | INFO | Navigation start | attempt=1/3 | timeout=15000ms | url=https://www.google.com/maps/place/Gềnh+Đá+Hang+Cọp+&+Phước+Đồng/data=!4m7!3m6!1s0x316f91159d24d375:0xdf31f3fe935a3785!8m2!3d13.2728972!4d109.307748!16s/g/11gdz2p9mw!19sImYiZAoUChIJddMknRWRbzERhTdak_7zMd8SFAoSCXXTJJ0VkW8xEYU3WpP-8zHfGhQKEgl10ySdFZFvMRHeHgvU1ZUy7BoUChIJZ3otUDmRbzERwzedz9afBuUiCg2MSOkHFegJJ0E?authuser=0&hl=vi&g_ep=EgoyMDI2MDkwMi4wIJJjKgBIAVAD&rclk=1
2026-09-08 08:35:11,600 | INFO | Navigation success | attempt=1/3 | 0.22s | url=https://www.google.com/maps/place/Gềnh+Đá+Hang+Cọp+&+Phước+Đồng/data=!4m7!3m6!1s0x316f91159d24d375:0xdf31f3fe935a3785!8m2!3d13.2728972!4d109.307748!16s/g/11gdz2p9mw!19sImYiZAoUChIJddMknRWRbzERhTdak_7zMd8SFAoSCXXTJJ0VkW8xEYU3WpP-8zHfGhQKEgl10ySdFZFvMRHeHgvU1ZUy7BoUChIJZ3otUDmRbzERwzedz9afBuUiCg2MSOkHFegJJ0E?authuser=0&hl=vi&g_ep=EgoyMDI2MDkwMi4wIJJjKgBIAVAD&rclk=1
2026-09-08 08:35:12,715 | INFO | VERIFY CANDIDATE | input_title='Dương Đoàn Homestay Cù Lao Mái Nhà Phú Yên' | actual_title='' | input_address='78F4QJ8 Gềnh Đá Hang Cọp, Phước Đồng, Ô Loan, Đắk Lắk 56200, Việt Nam' | actual_address='\ue52e' | url='https://www.google.com/maps/place/G%E1%BB%81nh+%C4%90%C3%A1+Hang+C%E1%BB%8Dp+&+Ph%C6%B0%E1%BB%9Bc+%C4%90%E1%BB%93ng/data=!4m7!3m6!1s0x316f91159d24d375:0xdf31f3fe935a3785!8m2!3d13.2728972!4d109.307748!16s/g/11gdz2p9mw!19sImYiZAoUChIJddMknRWRbzERhTdak_7zMd8SFAoSCXXTJJ0VkW8xEYU3WpP-8zHfGhQKEgl10ySdFZFvMRHeHgvU1ZUy7BoUChIJZ3otUDmRbzERwzedz9afBuUiCg2MSOkHFegJJ0E?authuser=0&hl=vi&g_ep=EgoyMDI2MDkwMi4wIJJjKgBIAVAD&rclk=1' | coordinates=(13.2728972, 109.3)
2026-09-08 08:35:12,721 | INFO | VERIFY FINAL | success=False | reason=TITLE_UNAVAILABLE | title_ok=False | address_ok=False | input_title='Dương Đoàn Homestay Cù Lao Mái Nhà Phú Yên' | maps_title='' | input_address='78F4QJ8 Gềnh Đá Hang Cọp, Phước Đồng, Ô Loan, Đắk Lắk 56200, Việt Nam' | maps_address='\ue52e' | url='https://www.google.com/maps/place/G%E1%BB%81nh+%C4%90%C3%A1+Hang+C%E1%BB%8Dp+&+Ph%C6%B0%E1%BB%9Bc+%C4%90%E1%BB%93ng/data=!4m7!3m6!1s0x316f91159d24d375:0xdf31f3fe935a3785!8m2!3d13.2728972!4d109.307748!16s/g/11gdz2p9mw!19sImYiZAoUChIJddMknRWRbzERhTdak_7zMd8SFAoSCXXTJJ0VkW8xEYU3WpP-8zHfGhQKEgl10ySdFZFvMRHeHgvU1ZUy7BoUChIJZ3otUDmRbzERwzedz9afBuUiCg2MSOkHFegJJ0E?authuser=0&hl=vi&g_ep=EgoyMDI2MDkwMi4wIJJjKgBIAVAD&rclk=1'
2026-09-08 08:35:12,721 | INFO | Google Maps address search variant 3/12: 78F4QJ8 Gềnh Đá Hang Cọp, Phước Đồng, Ô Loan, Đắk Lắk 56200, Việt Nam, Dương Đoàn Homestay Cù Lao Mái Nhà Phú Yên
2026-09-08 08:35:12,722 | INFO | Navigation start | attempt=1/3 | timeout=15000ms | url=https://www.google.com/maps/search/?api=1&query=78F4QJ8%20G%E1%BB%81nh%20%C4%90%C3%A1%20Hang%20C%E1%BB%8Dp%2C%20Ph%C6%B0%E1%BB%9Bc%20%C4%90%E1%BB%93ng%2C%20%C3%94%20Loan%2C%20%C4%90%E1%BA%AFk%20L%E1%BA%AFk%2056200%2C%20Vi%E1%BB%87t%20Nam%2C%20D%C6%B0%C6%A1ng%20%C4%90o%C3%A0n%20Homestay%20C%C3%B9%20Lao%20M%C3%A1i%20Nh%C3%A0%20Ph%C3%BA%20Y%C3%AAn
2026-09-08 08:35:12,973 | INFO | Navigation success | attempt=1/3 | 0.25s | url=https://www.google.com/maps/search/?api=1&query=78F4QJ8%20G%E1%BB%81nh%20%C4%90%C3%A1%20Hang%20C%E1%BB%8Dp%2C%20Ph%C6%B0%E1%BB%9Bc%20%C4%90%E1%BB%93ng%2C%20%C3%94%20Loan%2C%20%C4%90%E1%BA%AFk%20L%E1%BA%AFk%2056200%2C%20Vi%E1%BB%87t%20Nam%2C%20D%C6%B0%C6%A1ng%20%C4%90o%C3%A0n%20Homestay%20C%C3%B9%20Lao%20M%C3%A1i%20Nh%C3%A0%20Ph%C3%BA%20Y%C3%AAn
2026-09-08 08:35:23,068 | INFO | Navigation start | attempt=1/3 | timeout=15000ms | url=https://www.google.com/maps/place/Dương+Đoàn+Homestay+Cù+Lao+Mái+Nhà+Phú+Yên/data=!4m7!3m6!1s0x316f91308df2a0c9:0xa1506175c2bf7158!8m2!3d13.2744049!4d109.3065955!16s/g/11ll3m9n2w!19sChIJyaDyjTCRbzERWHG_wnVhUKE?authuser=0&hl=vi&g_ep=EgoyMDI2MDkwMi4wIJJjKgBIAVAD&rclk=1
2026-09-08 08:35:23,269 | INFO | Navigation success | attempt=1/3 | 0.20s | url=https://www.google.com/maps/place/Dương+Đoàn+Homestay+Cù+Lao+Mái+Nhà+Phú+Yên/data=!4m7!3m6!1s0x316f91308df2a0c9:0xa1506175c2bf7158!8m2!3d13.2744049!4d109.3065955!16s/g/11ll3m9n2w!19sChIJyaDyjTCRbzERWHG_wnVhUKE?authuser=0&hl=vi&g_ep=EgoyMDI2MDkwMi4wIJJjKgBIAVAD&rclk=1
2026-09-08 08:35:24,191 | INFO | VERIFY CANDIDATE | input_title='Dương Đoàn Homestay Cù Lao Mái Nhà Phú Yên' | actual_title='' | input_address='78F4QJ8 Gềnh Đá Hang Cọp, Phước Đồng, Ô Loan, Đắk Lắk 56200, Việt Nam' | actual_address='\ue52e' | url='https://www.google.com/maps/place/D%C6%B0%C6%A1ng+%C4%90o%C3%A0n+Homestay+C%C3%B9+Lao+M%C3%A1i+Nh%C3%A0+Ph%C3%BA+Y%C3%AAn/data=!4m7!3m6!1s0x316f91308df2a0c9:0xa1506175c2bf7158!8m2!3d13.2744049!4d109.3065955!16s/g/11ll3m9n2w!19sChIJyaDyjTCRbzERWHG_wnVhUKE?authuser=0&hl=vi&g_ep=EgoyMDI2MDkwMi4wIJJjKgBIAVAD&rclk=1' | coordinates=(13.2744049, 109.3)
2026-09-08 08:35:24,194 | INFO | VERIFY FINAL | success=False | reason=TITLE_UNAVAILABLE | title_ok=False | address_ok=False | input_title='Dương Đoàn Homestay Cù Lao Mái Nhà Phú Yên' | maps_title='' | input_address='78F4QJ8 Gềnh Đá Hang Cọp, Phước Đồng, Ô Loan, Đắk Lắk 56200, Việt Nam' | maps_address='\ue52e' | url='https://www.google.com/maps/place/D%C6%B0%C6%A1ng+%C4%90o%C3%A0n+Homestay+C%C3%B9+Lao+M%C3%A1i+Nh%C3%A0+Ph%C3%BA+Y%C3%AAn/data=!4m7!3m6!1s0x316f91308df2a0c9:0xa1506175c2bf7158!8m2!3d13.2744049!4d109.3065955!16s/g/11ll3m9n2w!19sChIJyaDyjTCRbzERWHG_wnVhUKE?authuser=0&hl=vi&g_ep=EgoyMDI2MDkwMi4wIJJjKgBIAVAD&rclk=1'
2026-09-08 08:35:24,195 | INFO | Navigation start | attempt=1/3 | timeout=15000ms | url=https://www.google.com/maps/place/Muối+Homestay+-+Làng+Chài+An+Hải,+Cù+Lao+Mái+Nhà/data=!4m7!3m6!1s0x316f91840785e301:0x915448f6c65d91f3!8m2!3d13.2729795!4d109.3091736!16s/g/11n9rhdw8z!19sChIJAeOFB4SRbzER85FdxvZIVJE?authuser=0&hl=vi&g_ep=EgoyMDI2MDkwMi4wIJJjKgBIAVAD&rclk=1
2026-09-08 08:35:24,486 | INFO | Navigation success | attempt=1/3 | 0.29s | url=https://www.google.com/maps/place/Muối+Homestay+-+Làng+Chài+An+Hải,+Cù+Lao+Mái+Nhà/data=!4m7!3m6!1s0x316f91840785e301:0x915448f6c65d91f3!8m2!3d13.2729795!4d109.3091736!16s/g/11n9rhdw8z!19sChIJAeOFB4SRbzER85FdxvZIVJE?authuser=0&hl=vi&g_ep=EgoyMDI2MDkwMi4wIJJjKgBIAVAD&rclk=1
2026-09-08 08:35:25,672 | INFO | VERIFY CANDIDATE | input_title='Dương Đoàn Homestay Cù Lao Mái Nhà Phú Yên' | actual_title='' | input_address='78F4QJ8 Gềnh Đá Hang Cọp, Phước Đồng, Ô Loan, Đắk Lắk 56200, Việt Nam' | actual_address='\ue52e' | url='https://www.google.com/maps/place/Mu%E1%BB%91i+Homestay+-+L%C3%A0ng+Ch%C3%A0i+An+H%E1%BA%A3i,+C%C3%B9+Lao+Ma%CC%81i+Nha%CC%80/data=!4m7!3m6!1s0x316f91840785e301:0x915448f6c65d91f3!8m2!3d13.2729795!4d109.3091736!16s/g/11n9rhdw8z!19sChIJAeOFB4SRbzER85FdxvZIVJE?authuser=0&hl=vi&g_ep=EgoyMDI2MDkwMi4wIJJjKgBIAVAD&rclk=1' | coordinates=(13.2729795, 109.3)
2026-09-08 08:35:25,674 | INFO | VERIFY FINAL | success=False | reason=TITLE_UNAVAILABLE | title_ok=False | address_ok=False | input_title='Dương Đoàn Homestay Cù Lao Mái Nhà Phú Yên' | maps_title='' | input_address='78F4QJ8 Gềnh Đá Hang Cọp, Phước Đồng, Ô Loan, Đắk Lắk 56200, Việt Nam' | maps_address='\ue52e' | url='https://www.google.com/maps/place/Mu%E1%BB%91i+Homestay+-+L%C3%A0ng+Ch%C3%A0i+An+H%E1%BA%A3i,+C%C3%B9+Lao+Ma%CC%81i+Nha%CC%80/data=!4m7!3m6!1s0x316f91840785e301:0x915448f6c65d91f3!8m2!3d13.2729795!4d109.3091736!16s/g/11n9rhdw8z!19sChIJAeOFB4SRbzER85FdxvZIVJE?authuser=0&hl=vi&g_ep=EgoyMDI2MDkwMi4wIJJjKgBIAVAD&rclk=1'
2026-09-08 08:35:25,675 | INFO | Navigation start | attempt=1/3 | timeout=15000ms | url=https://www.google.com/maps/place/Om+Homestay+Cù+Lao+Mái+Nhà+-+Phú+Yên/data=!4m7!3m6!1s0x316f91ac785ffad1:0x51899c8c0aee1237!8m2!3d13.2762508!4d109.307317!16s/g/11xktjz63c!19sChIJ0fpfeKyRbzERNxLuCoyciVE?authuser=0&hl=vi&g_ep=EgoyMDI2MDkwMi4wIJJjKgBIAVAD&rclk=1
2026-09-08 08:35:25,877 | INFO | Navigation success | attempt=1/3 | 0.20s | url=https://www.google.com/maps/place/Om+Homestay+Cù+Lao+Mái+Nhà+-+Phú+Yên/data=!4m7!3m6!1s0x316f91ac785ffad1:0x51899c8c0aee1237!8m2!3d13.2762508!4d109.307317!16s/g/11xktjz63c!19sChIJ0fpfeKyRbzERNxLuCoyciVE?authuser=0&hl=vi&g_ep=EgoyMDI2MDkwMi4wIJJjKgBIAVAD&rclk=1
2026-09-08 08:35:26,866 | INFO | VERIFY CANDIDATE | input_title='Dương Đoàn Homestay Cù Lao Mái Nhà Phú Yên' | actual_title='' | input_address='78F4QJ8 Gềnh Đá Hang Cọp, Phước Đồng, Ô Loan, Đắk Lắk 56200, Việt Nam' | actual_address='\ue52e' | url='https://www.google.com/maps/place/Om+Homestay+C%C3%B9+Lao+M%C3%A1i+Nh%C3%A0+-+Ph%C3%BA+Y%C3%AAn/data=!4m7!3m6!1s0x316f91ac785ffad1:0x51899c8c0aee1237!8m2!3d13.2762508!4d109.307317!16s/g/11xktjz63c!19sChIJ0fpfeKyRbzERNxLuCoyciVE?authuser=0&hl=vi&g_ep=EgoyMDI2MDkwMi4wIJJjKgBIAVAD&rclk=1' | coordinates=(13.2762508, 109.3)
2026-09-08 08:35:26,870 | INFO | VERIFY FINAL | success=False | reason=TITLE_UNAVAILABLE | title_ok=False | address_ok=False | input_title='Dương Đoàn Homestay Cù Lao Mái Nhà Phú Yên' | maps_title='' | input_address='78F4QJ8 Gềnh Đá Hang Cọp, Phước Đồng, Ô Loan, Đắk Lắk 56200, Việt Nam' | maps_address='\ue52e' | url='https://www.google.com/maps/place/Om+Homestay+C%C3%B9+Lao+M%C3%A1i+Nh%C3%A0+-+Ph%C3%BA+Y%C3%AAn/data=!4m7!3m6!1s0x316f91ac785ffad1:0x51899c8c0aee1237!8m2!3d13.2762508!4d109.307317!16s/g/11xktjz63c!19sChIJ0fpfeKyRbzERNxLuCoyciVE?authuser=0&hl=vi&g_ep=EgoyMDI2MDkwMi4wIJJjKgBIAVAD&rclk=1'
2026-09-08 08:35:26,871 | INFO | Navigation start | attempt=1/3 | timeout=15000ms | url=https://www.google.com/maps/place/Phước+Đồng+Homestay+-+Cù+Lao+Mái+Nhà/data=!4m10!3m9!1s0x316f91d12a1c1c0b:0x2a586564d2282e30!5m2!4m1!1i2!8m2!3d13.2730349!4d109.3090452!16s/g/11j36n6q9g!19sChIJCxwcKtGRbzERMC4o0mRlWCo?authuser=0&hl=vi&g_ep=EgoyMDI2MDkwMi4wIJJjKgBIAVAD&rclk=1
2026-09-08 08:35:27,057 | INFO | Navigation success | attempt=1/3 | 0.19s | url=https://www.google.com/maps/place/Phước+Đồng+Homestay+-+Cù+Lao+Mái+Nhà/data=!4m10!3m9!1s0x316f91d12a1c1c0b:0x2a586564d2282e30!5m2!4m1!1i2!8m2!3d13.2730349!4d109.3090452!16s/g/11j36n6q9g!19sChIJCxwcKtGRbzERMC4o0mRlWCo?authuser=0&hl=vi&g_ep=EgoyMDI2MDkwMi4wIJJjKgBIAVAD&rclk=1
2026-09-08 08:35:27,742 | INFO | VERIFY CANDIDATE | input_title='Dương Đoàn Homestay Cù Lao Mái Nhà Phú Yên' | actual_title='' | input_address='78F4QJ8 Gềnh Đá Hang Cọp, Phước Đồng, Ô Loan, Đắk Lắk 56200, Việt Nam' | actual_address='\ue52e' | url='https://www.google.com/maps/place/Ph%C6%B0%E1%BB%9Bc+%C4%90%E1%BB%93ng+Homestay+-+C%C3%B9+Lao+M%C3%A1i+Nh%C3%A0/data=!4m10!3m9!1s0x316f91d12a1c1c0b:0x2a586564d2282e30!5m2!4m1!1i2!8m2!3d13.2730349!4d109.3090452!16s/g/11j36n6q9g!19sChIJCxwcKtGRbzERMC4o0mRlWCo?authuser=0&hl=vi&g_ep=EgoyMDI2MDkwMi4wIJJjKgBIAVAD&rclk=1' | coordinates=(13.2730349, 109.3)
2026-09-08 08:35:27,745 | INFO | VERIFY FINAL | success=False | reason=TITLE_UNAVAILABLE | title_ok=False | address_ok=False | input_title='Dương Đoàn Homestay Cù Lao Mái Nhà Phú Yên' | maps_title='' | input_address='78F4QJ8 Gềnh Đá Hang Cọp, Phước Đồng, Ô Loan, Đắk Lắk 56200, Việt Nam' | maps_address='\ue52e' | url='https://www.google.com/maps/place/Ph%C6%B0%E1%BB%9Bc+%C4%90%E1%BB%93ng+Homestay+-+C%C3%B9+Lao+M%C3%A1i+Nh%C3%A0/data=!4m10!3m9!1s0x316f91d12a1c1c0b:0x2a586564d2282e30!5m2!4m1!1i2!8m2!3d13.2730349!4d109.3090452!16s/g/11j36n6q9g!19sChIJCxwcKtGRbzERMC4o0mRlWCo?authuser=0&hl=vi&g_ep=EgoyMDI2MDkwMi4wIJJjKgBIAVAD&rclk=1'
2026-09-08 08:35:27,745 | INFO | Navigation start | attempt=1/3 | timeout=15000ms | url=https://www.google.com/maps/place/Làng+chài+homestay+-+Cù+lao+mái+nhà/data=!4m7!3m6!1s0x316f91cc6d3b32f5:0x1d57a386528270cb!8m2!3d13.2735587!4d109.3073726!16s/g/11yqsl29r2!19sChIJ9TI7bcyRbzERy3CCUoajVx0?authuser=0&hl=vi&g_ep=EgoyMDI2MDkwMi4wIJJjKgBIAVAD&rclk=1
2026-09-08 08:35:27,963 | INFO | Navigation success | attempt=1/3 | 0.22s | url=https://www.google.com/maps/place/Làng+chài+homestay+-+Cù+lao+mái+nhà/data=!4m7!3m6!1s0x316f91cc6d3b32f5:0x1d57a386528270cb!8m2!3d13.2735587!4d109.3073726!16s/g/11yqsl29r2!19sChIJ9TI7bcyRbzERy3CCUoajVx0?authuser=0&hl=vi&g_ep=EgoyMDI2MDkwMi4wIJJjKgBIAVAD&rclk=1
2026-09-08 08:35:28,834 | INFO | VERIFY CANDIDATE | input_title='Dương Đoàn Homestay Cù Lao Mái Nhà Phú Yên' | actual_title='' | input_address='78F4QJ8 Gềnh Đá Hang Cọp, Phước Đồng, Ô Loan, Đắk Lắk 56200, Việt Nam' | actual_address='\ue52e' | url='https://www.google.com/maps/place/L%C3%A0ng+ch%C3%A0i+homestay+-+C%C3%B9+lao+m%C3%A1i+nh%C3%A0/data=!4m7!3m6!1s0x316f91cc6d3b32f5:0x1d57a386528270cb!8m2!3d13.2735587!4d109.3073726!16s/g/11yqsl29r2!19sChIJ9TI7bcyRbzERy3CCUoajVx0?authuser=0&hl=vi&g_ep=EgoyMDI2MDkwMi4wIJJjKgBIAVAD&rclk=1' | coordinates=(13.2735587, 109.3)
2026-09-08 08:35:28,838 | INFO | VERIFY FINAL | success=False | reason=TITLE_UNAVAILABLE | title_ok=False | address_ok=False | input_title='Dương Đoàn Homestay Cù Lao Mái Nhà Phú Yên' | maps_title='' | input_address='78F4QJ8 Gềnh Đá Hang Cọp, Phước Đồng, Ô Loan, Đắk Lắk 56200, Việt Nam' | maps_address='\ue52e' | url='https://www.google.com/maps/place/L%C3%A0ng+ch%C3%A0i+homestay+-+C%C3%B9+lao+m%C3%A1i+nh%C3%A0/data=!4m7!3m6!1s0x316f91cc6d3b32f5:0x1d57a386528270cb!8m2!3d13.2735587!4d109.3073726!16s/g/11yqsl29r2!19sChIJ9TI7bcyRbzERy3CCUoajVx0?authuser=0&hl=vi&g_ep=EgoyMDI2MDkwMi4wIJJjKgBIAVAD&rclk=1'
2026-09-08 08:35:28,838 | INFO | Navigation start | attempt=1/3 | timeout=15000ms | url=https://www.google.com/maps/place/Trang+Homestay+-+Cù+Lao+Mái+Nhà/data=!4m7!3m6!1s0x316f91000f8479db:0xaac6669e1272e428!8m2!3d13.2727266!4d109.3093793!16s/g/11mm18fyl6!19sChIJ23mEDwCRbzERKORyEp5mxqo?authuser=0&hl=vi&g_ep=EgoyMDI2MDkwMi4wIJJjKgBIAVAD&rclk=1
2026-09-08 08:35:29,066 | INFO | Navigation success | attempt=1/3 | 0.23s | url=https://www.google.com/maps/place/Trang+Homestay+-+Cù+Lao+Mái+Nhà/data=!4m7!3m6!1s0x316f91000f8479db:0xaac6669e1272e428!8m2!3d13.2727266!4d109.3093793!16s/g/11mm18fyl6!19sChIJ23mEDwCRbzERKORyEp5mxqo?authuser=0&hl=vi&g_ep=EgoyMDI2MDkwMi4wIJJjKgBIAVAD&rclk=1
2026-09-08 08:35:30,505 | INFO | VERIFY CANDIDATE | input_title='Dương Đoàn Homestay Cù Lao Mái Nhà Phú Yên' | actual_title='' | input_address='78F4QJ8 Gềnh Đá Hang Cọp, Phước Đồng, Ô Loan, Đắk Lắk 56200, Việt Nam' | actual_address='\ue52e' | url='https://www.google.com/maps/place/Trang+Homestay+-+C%C3%B9+Lao+M%C3%A1i+Nh%C3%A0/data=!4m7!3m6!1s0x316f91000f8479db:0xaac6669e1272e428!8m2!3d13.2727266!4d109.3093793!16s/g/11mm18fyl6!19sChIJ23mEDwCRbzERKORyEp5mxqo?authuser=0&hl=vi&g_ep=EgoyMDI2MDkwMi4wIJJjKgBIAVAD&rclk=1' | coordinates=(13.2727266, 109.3)
2026-09-08 08:35:30,509 | INFO | VERIFY FINAL | success=False | reason=TITLE_UNAVAILABLE | title_ok=False | address_ok=False | input_title='Dương Đoàn Homestay Cù Lao Mái Nhà Phú Yên' | maps_title='' | input_address='78F4QJ8 Gềnh Đá Hang Cọp, Phước Đồng, Ô Loan, Đắk Lắk 56200, Việt Nam' | maps_address='\ue52e' | url='https://www.google.com/maps/place/Trang+Homestay+-+C%C3%B9+Lao+M%C3%A1i+Nh%C3%A0/data=!4m7!3m6!1s0x316f91000f8479db:0xaac6669e1272e428!8m2!3d13.2727266!4d109.3093793!16s/g/11mm18fyl6!19sChIJ23mEDwCRbzERKORyEp5mxqo?authuser=0&hl=vi&g_ep=EgoyMDI2MDkwMi4wIJJjKgBIAVAD&rclk=1'
2026-09-08 08:35:30,510 | INFO | Navigation start | attempt=1/3 | timeout=15000ms | url=https://www.google.com/maps/place/Homestay+Gia+Đình+-+Cù+lao+Mái+nhà/data=!4m7!3m6!1s0x316f91674b948443:0xee5c1cfc7105ebb1!8m2!3d13.273972!4d109.3072863!16s/g/11vpv3nmw0!19sChIJQ4SUS2eRbzERsesFcfwcXO4?authuser=0&hl=vi&g_ep=EgoyMDI2MDkwMi4wIJJjKgBIAVAD&rclk=1
2026-09-08 08:35:30,720 | INFO | Navigation success | attempt=1/3 | 0.21s | url=https://www.google.com/maps/place/Homestay+Gia+Đình+-+Cù+lao+Mái+nhà/data=!4m7!3m6!1s0x316f91674b948443:0xee5c1cfc7105ebb1!8m2!3d13.273972!4d109.3072863!16s/g/11vpv3nmw0!19sChIJQ4SUS2eRbzERsesFcfwcXO4?authuser=0&hl=vi&g_ep=EgoyMDI2MDkwMi4wIJJjKgBIAVAD&rclk=1
2026-09-08 08:35:31,708 | INFO | VERIFY CANDIDATE | input_title='Dương Đoàn Homestay Cù Lao Mái Nhà Phú Yên' | actual_title='' | input_address='78F4QJ8 Gềnh Đá Hang Cọp, Phước Đồng, Ô Loan, Đắk Lắk 56200, Việt Nam' | actual_address='\ue52e' | url='https://www.google.com/maps/place/Homestay+Gia+%C4%90%C3%ACnh+-+C%C3%B9+lao+M%C3%A1i+nh%C3%A0/data=!4m7!3m6!1s0x316f91674b948443:0xee5c1cfc7105ebb1!8m2!3d13.273972!4d109.3072863!16s/g/11vpv3nmw0!19sChIJQ4SUS2eRbzERsesFcfwcXO4?authuser=0&hl=vi&g_ep=EgoyMDI2MDkwMi4wIJJjKgBIAVAD&rclk=1' | coordinates=(13.273972, 109.3)
2026-09-08 08:35:31,715 | INFO | VERIFY FINAL | success=False | reason=TITLE_UNAVAILABLE | title_ok=False | address_ok=False | input_title='Dương Đoàn Homestay Cù Lao Mái Nhà Phú Yên' | maps_title='' | input_address='78F4QJ8 Gềnh Đá Hang Cọp, Phước Đồng, Ô Loan, Đắk Lắk 56200, Việt Nam' | maps_address='\ue52e' | url='https://www.google.com/maps/place/Homestay+Gia+%C4%90%C3%ACnh+-+C%C3%B9+lao+M%C3%A1i+nh%C3%A0/data=!4m7!3m6!1s0x316f91674b948443:0xee5c1cfc7105ebb1!8m2!3d13.273972!4d109.3072863!16s/g/11vpv3nmw0!19sChIJQ4SUS2eRbzERsesFcfwcXO4?authuser=0&hl=vi&g_ep=EgoyMDI2MDkwMi4wIJJjKgBIAVAD&rclk=1'
2026-09-08 08:35:31,716 | INFO | Navigation start | attempt=1/3 | timeout=15000ms | url=https://www.google.com/maps/place/Robinson+Homestay+-+Cù+Lao+Mái+Nhà+Phú+Yên/data=!4m10!3m9!1s0x316f91c3e3dcda37:0x6e7473383b03fa03!5m2!4m1!1i2!8m2!3d13.2758198!4d109.3073129!16s/g/11wh3bfydf!19sChIJN9rc48ORbzERA_oDOzhzdG4?authuser=0&hl=vi&g_ep=EgoyMDI2MDkwMi4wIJJjKgBIAVAD&rclk=1
2026-09-08 08:35:31,926 | INFO | Navigation success | attempt=1/3 | 0.21s | url=https://www.google.com/maps/place/Robinson+Homestay+-+Cù+Lao+Mái+Nhà+Phú+Yên/data=!4m10!3m9!1s0x316f91c3e3dcda37:0x6e7473383b03fa03!5m2!4m1!1i2!8m2!3d13.2758198!4d109.3073129!16s/g/11wh3bfydf!19sChIJN9rc48ORbzERA_oDOzhzdG4?authuser=0&hl=vi&g_ep=EgoyMDI2MDkwMi4wIJJjKgBIAVAD&rclk=1
2026-09-08 08:35:33,734 | INFO | VERIFY CANDIDATE | input_title='Dương Đoàn Homestay Cù Lao Mái Nhà Phú Yên' | actual_title='' | input_address='78F4QJ8 Gềnh Đá Hang Cọp, Phước Đồng, Ô Loan, Đắk Lắk 56200, Việt Nam' | actual_address='\ue52e' | url='https://www.google.com/maps/place/Robinson+Homestay+-+C%C3%B9+Lao+M%C3%A1i+Nh%C3%A0+Ph%C3%BA+Y%C3%AAn/data=!4m10!3m9!1s0x316f91c3e3dcda37:0x6e7473383b03fa03!5m2!4m1!1i2!8m2!3d13.2758198!4d109.3073129!16s/g/11wh3bfydf!19sChIJN9rc48ORbzERA_oDOzhzdG4?authuser=0&hl=vi&g_ep=EgoyMDI2MDkwMi4wIJJjKgBIAVAD&rclk=1' | coordinates=(13.2758198, 109.3)
2026-09-08 08:35:33,739 | INFO | VERIFY FINAL | success=False | reason=TITLE_UNAVAILABLE | title_ok=False | address_ok=False | input_title='Dương Đoàn Homestay Cù Lao Mái Nhà Phú Yên' | maps_title='' | input_address='78F4QJ8 Gềnh Đá Hang Cọp, Phước Đồng, Ô Loan, Đắk Lắk 56200, Việt Nam' | maps_address='\ue52e' | url='https://www.google.com/maps/place/Robinson+Homestay+-+C%C3%B9+Lao+M%C3%A1i+Nh%C3%A0+Ph%C3%BA+Y%C3%AAn/data=!4m10!3m9!1s0x316f91c3e3dcda37:0x6e7473383b03fa03!5m2!4m1!1i2!8m2!3d13.2758198!4d109.3073129!16s/g/11wh3bfydf!19sChIJN9rc48ORbzERA_oDOzhzdG4?authuser=0&hl=vi&g_ep=EgoyMDI2MDkwMi4wIJJjKgBIAVAD&rclk=1'
2026-09-08 08:35:33,739 | INFO | Navigation start | attempt=1/3 | timeout=15000ms | url=https://www.google.com/maps/place/Kim+Vàng+Homestay+-+Cù+Lao+Mái+Nhà/data=!4m10!3m9!1s0x316f912229f15c67:0x5d91a21a78dba01e!5m2!4m1!1i2!8m2!3d13.2730643!4d109.3090371!16s/g/11st8v6ky_!19sChIJZ1zxKSKRbzERHqDbeBqikV0?authuser=0&hl=vi&g_ep=EgoyMDI2MDkwMi4wIJJjKgBIAVAD&rclk=1
2026-09-08 08:35:33,960 | INFO | Navigation success | attempt=1/3 | 0.22s | url=https://www.google.com/maps/place/Kim+Vàng+Homestay+-+Cù+Lao+Mái+Nhà/data=!4m10!3m9!1s0x316f912229f15c67:0x5d91a21a78dba01e!5m2!4m1!1i2!8m2!3d13.2730643!4d109.3090371!16s/g/11st8v6ky_!19sChIJZ1zxKSKRbzERHqDbeBqikV0?authuser=0&hl=vi&g_ep=EgoyMDI2MDkwMi4wIJJjKgBIAVAD&rclk=1
2026-09-08 08:35:35,198 | INFO | VERIFY CANDIDATE | input_title='Dương Đoàn Homestay Cù Lao Mái Nhà Phú Yên' | actual_title='' | input_address='78F4QJ8 Gềnh Đá Hang Cọp, Phước Đồng, Ô Loan, Đắk Lắk 56200, Việt Nam' | actual_address='\ue52e' | url='https://www.google.com/maps/place/Kim+V%C3%A0ng+Homestay+-+C%C3%B9+Lao+M%C3%A1i+Nh%C3%A0/data=!4m10!3m9!1s0x316f912229f15c67:0x5d91a21a78dba01e!5m2!4m1!1i2!8m2!3d13.2730643!4d109.3090371!16s/g/11st8v6ky_!19sChIJZ1zxKSKRbzERHqDbeBqikV0?authuser=0&hl=vi&g_ep=EgoyMDI2MDkwMi4wIJJjKgBIAVAD&rclk=1' | coordinates=(13.2730643, 109.3)
2026-09-08 08:35:35,203 | INFO | VERIFY FINAL | success=False | reason=TITLE_UNAVAILABLE | title_ok=False | address_ok=False | input_title='Dương Đoàn Homestay Cù Lao Mái Nhà Phú Yên' | maps_title='' | input_address='78F4QJ8 Gềnh Đá Hang Cọp, Phước Đồng, Ô Loan, Đắk Lắk 56200, Việt Nam' | maps_address='\ue52e' | url='https://www.google.com/maps/place/Kim+V%C3%A0ng+Homestay+-+C%C3%B9+Lao+M%C3%A1i+Nh%C3%A0/data=!4m10!3m9!1s0x316f912229f15c67:0x5d91a21a78dba01e!5m2!4m1!1i2!8m2!3d13.2730643!4d109.3090371!16s/g/11st8v6ky_!19sChIJZ1zxKSKRbzERHqDbeBqikV0?authuser=0&hl=vi&g_ep=EgoyMDI2MDkwMi4wIJJjKgBIAVAD&rclk=1'
2026-09-08 08:35:35,204 | INFO | Google Maps address search variant 4/12: Dương Đoàn Homestay Cù Lao Mái Nhà Phú Yên, 78F4QJ8 Gềnh Đá Hang Cọp, Phước Đồng, Ô Loan, Đắk Lắk 56200, Việt Nam
2026-09-08 08:35:35,204 | INFO | Navigation start | attempt=1/3 | timeout=15000ms | url=https://www.google.com/maps/search/?api=1&query=D%C6%B0%C6%A1ng%20%C4%90o%C3%A0n%20Homestay%20C%C3%B9%20Lao%20M%C3%A1i%20Nh%C3%A0%20Ph%C3%BA%20Y%C3%AAn%2C%2078F4QJ8%20G%E1%BB%81nh%20%C4%90%C3%A1%20Hang%20C%E1%BB%8Dp%2C%20Ph%C6%B0%E1%BB%9Bc%20%C4%90%E1%BB%93ng%2C%20%C3%94%20Loan%2C%20%C4%90%E1%BA%AFk%20L%E1%BA%AFk%2056200%2C%20Vi%E1%BB%87t%20Nam
2026-09-08 08:35:35,436 | INFO | Navigation success | attempt=1/3 | 0.23s | url=https://www.google.com/maps/search/?api=1&query=D%C6%B0%C6%A1ng%20%C4%90o%C3%A0n%20Homestay%20C%C3%B9%20Lao%20M%C3%A1i%20Nh%C3%A0%20Ph%C3%BA%20Y%C3%AAn%2C%2078F4QJ8%20G%E1%BB%81nh%20%C4%90%C3%A1%20Hang%20C%E1%BB%8Dp%2C%20Ph%C6%B0%E1%BB%9Bc%20%C4%90%E1%BB%93ng%2C%20%C3%94%20Loan%2C%20%C4%90%E1%BA%AFk%20L%E1%BA%AFk%2056200%2C%20Vi%E1%BB%87t%20Nam
2026-09-08 08:35:43,905 | INFO | Google Maps address search variant 5/12: phuoc đong, o loan, đak lak 56200
2026-09-08 08:35:43,906 | INFO | Navigation start | attempt=1/3 | timeout=15000ms | url=https://www.google.com/maps/search/?api=1&query=phuoc%20%C4%91ong%2C%20o%20loan%2C%20%C4%91ak%20lak%2056200
2026-09-08 08:35:44,135 | INFO | Navigation success | attempt=1/3 | 0.23s | url=https://www.google.com/maps/search/?api=1&query=phuoc%20%C4%91ong%2C%20o%20loan%2C%20%C4%91ak%20lak%2056200
2026-09-08 08:35:54,958 | INFO | Navigation start | attempt=1/3 | timeout=15000ms | url=https://www.google.com/maps/place/Cafe+Dương+Đoàn/data=!4m7!3m6!1s0x316f91002806d70d:0xa8597e825923e4!8m2!3d13.2744117!4d109.3065743!16s/g/11vyg36bfc!19sChIJDdcGKACRbzER5CNZgn5ZqAA?authuser=0&hl=vi&g_ep=EgoyMDI2MDkwMi4wIJJjKgBIAVAD&rclk=1
2026-09-08 08:35:55,411 | INFO | Navigation success | attempt=1/3 | 0.45s | url=https://www.google.com/maps/place/Cafe+Dương+Đoàn/data=!4m7!3m6!1s0x316f91002806d70d:0xa8597e825923e4!8m2!3d13.2744117!4d109.3065743!16s/g/11vyg36bfc!19sChIJDdcGKACRbzER5CNZgn5ZqAA?authuser=0&hl=vi&g_ep=EgoyMDI2MDkwMi4wIJJjKgBIAVAD&rclk=1
2026-09-08 08:35:56,622 | INFO | VERIFY CANDIDATE | input_title='Dương Đoàn Homestay Cù Lao Mái Nhà Phú Yên' | actual_title='' | input_address='78F4QJ8 Gềnh Đá Hang Cọp, Phước Đồng, Ô Loan, Đắk Lắk 56200, Việt Nam' | actual_address='\ue52e' | url='https://www.google.com/maps/place/Cafe+D%C6%B0%C6%A1ng+%C4%90o%C3%A0n/data=!4m7!3m6!1s0x316f91002806d70d:0xa8597e825923e4!8m2!3d13.2744117!4d109.3065743!16s/g/11vyg36bfc!19sChIJDdcGKACRbzER5CNZgn5ZqAA?authuser=0&hl=vi&g_ep=EgoyMDI2MDkwMi4wIJJjKgBIAVAD&rclk=1' | coordinates=(13.2744117, 109.3)
2026-09-08 08:35:56,628 | INFO | VERIFY FINAL | success=False | reason=TITLE_UNAVAILABLE | title_ok=False | address_ok=False | input_title='Dương Đoàn Homestay Cù Lao Mái Nhà Phú Yên' | maps_title='' | input_address='78F4QJ8 Gềnh Đá Hang Cọp, Phước Đồng, Ô Loan, Đắk Lắk 56200, Việt Nam' | maps_address='\ue52e' | url='https://www.google.com/maps/place/Cafe+D%C6%B0%C6%A1ng+%C4%90o%C3%A0n/data=!4m7!3m6!1s0x316f91002806d70d:0xa8597e825923e4!8m2!3d13.2744117!4d109.3065743!16s/g/11vyg36bfc!19sChIJDdcGKACRbzER5CNZgn5ZqAA?authuser=0&hl=vi&g_ep=EgoyMDI2MDkwMi4wIJJjKgBIAVAD&rclk=1'
2026-09-08 08:35:56,631 | INFO | Navigation start | attempt=1/3 | timeout=15000ms | url=https://www.google.com/maps/place/Lán+Liên+Á/data=!4m7!3m6!1s0x316f9100255d7e91:0xa8703c9367b9fa71!8m2!3d13.2766816!4d109.3075024!16s/g/11z8k40y4z!19sChIJkX5dJQCRbzERcfq5Z5M8cKg?authuser=0&hl=vi&g_ep=EgoyMDI2MDkwMi4wIJJjKgBIAVAD&rclk=1
2026-09-08 08:35:56,867 | INFO | Navigation success | attempt=1/3 | 0.24s | url=https://www.google.com/maps/place/Lán+Liên+Á/data=!4m7!3m6!1s0x316f9100255d7e91:0xa8703c9367b9fa71!8m2!3d13.2766816!4d109.3075024!16s/g/11z8k40y4z!19sChIJkX5dJQCRbzERcfq5Z5M8cKg?authuser=0&hl=vi&g_ep=EgoyMDI2MDkwMi4wIJJjKgBIAVAD&rclk=1
2026-09-08 08:35:58,651 | INFO | VERIFY CANDIDATE | input_title='Dương Đoàn Homestay Cù Lao Mái Nhà Phú Yên' | actual_title='' | input_address='78F4QJ8 Gềnh Đá Hang Cọp, Phước Đồng, Ô Loan, Đắk Lắk 56200, Việt Nam' | actual_address='\ue52e' | url='https://www.google.com/maps/place/L%C3%A1n+Li%C3%AAn+%C3%81/data=!4m7!3m6!1s0x316f9100255d7e91:0xa8703c9367b9fa71!8m2!3d13.2766816!4d109.3075024!16s/g/11z8k40y4z!19sChIJkX5dJQCRbzERcfq5Z5M8cKg?authuser=0&hl=vi&g_ep=EgoyMDI2MDkwMi4wIJJjKgBIAVAD&rclk=1' | coordinates=(13.2766816, 109.3)
2026-09-08 08:35:58,656 | INFO | VERIFY FINAL | success=False | reason=TITLE_UNAVAILABLE | title_ok=False | address_ok=False | input_title='Dương Đoàn Homestay Cù Lao Mái Nhà Phú Yên' | maps_title='' | input_address='78F4QJ8 Gềnh Đá Hang Cọp, Phước Đồng, Ô Loan, Đắk Lắk 56200, Việt Nam' | maps_address='\ue52e' | url='https://www.google.com/maps/place/L%C3%A1n+Li%C3%AAn+%C3%81/data=!4m7!3m6!1s0x316f9100255d7e91:0xa8703c9367b9fa71!8m2!3d13.2766816!4d109.3075024!16s/g/11z8k40y4z!19sChIJkX5dJQCRbzERcfq5Z5M8cKg?authuser=0&hl=vi&g_ep=EgoyMDI2MDkwMi4wIJJjKgBIAVAD&rclk=1'
2026-09-08 08:35:58,657 | INFO | Google Maps address search variant 6/12: o loan, đak lak 56200
2026-09-08 08:35:58,657 | INFO | Navigation start | attempt=1/3 | timeout=15000ms | url=https://www.google.com/maps/search/?api=1&query=o%20loan%2C%20%C4%91ak%20lak%2056200
2026-09-08 08:35:58,886 | INFO | Navigation success | attempt=1/3 | 0.23s | url=https://www.google.com/maps/search/?api=1&query=o%20loan%2C%20%C4%91ak%20lak%2056200
2026-09-08 08:36:09,611 | INFO | Navigation start | attempt=1/3 | timeout=15000ms | url=https://www.google.com/maps/place/Ô+Loan/data=!4m7!3m6!1s0x316f969e6b7be0fb:0x9284d95a2a17984d!8m2!3d13.2637089!4d109.2474701!16s/g/11nbb6nvj5!19sChIJ--B7a56WbzERTZgXKlrZhJI?authuser=0&hl=vi&g_ep=EgoyMDI2MDkwMi4wIJJjKgBIAVAD&rclk=1
2026-09-08 08:36:09,925 | INFO | Navigation success | attempt=1/3 | 0.31s | url=https://www.google.com/maps/place/Ô+Loan/data=!4m7!3m6!1s0x316f969e6b7be0fb:0x9284d95a2a17984d!8m2!3d13.2637089!4d109.2474701!16s/g/11nbb6nvj5!19sChIJ--B7a56WbzERTZgXKlrZhJI?authuser=0&hl=vi&g_ep=EgoyMDI2MDkwMi4wIJJjKgBIAVAD&rclk=1
2026-09-08 08:36:12,582 | INFO | VERIFY CANDIDATE | input_title='Dương Đoàn Homestay Cù Lao Mái Nhà Phú Yên' | actual_title='Ô Loan' | input_address='78F4QJ8 Gềnh Đá Hang Cọp, Phước Đồng, Ô Loan, Đắk Lắk 56200, Việt Nam' | actual_address='Ô Loan' | url='https://www.google.com/maps/place/%C3%94+Loan/data=!4m7!3m6!1s0x316f969e6b7be0fb:0x9284d95a2a17984d!8m2!3d13.2637089!4d109.2474701!16s/g/11nbb6nvj5!19sChIJ--B7a56WbzERTZgXKlrZhJI?authuser=0&hl=vi&g_ep=EgoyMDI2MDkwMi4wIJJjKgBIAVAD&rclk=1' | coordinates=(13.2637089, 109.2)
2026-09-08 08:36:12,605 | INFO | VERIFY FINAL | success=False | reason=TITLE_MISMATCH | title_ok=False | address_ok=False | input_title='Dương Đoàn Homestay Cù Lao Mái Nhà Phú Yên' | maps_title='Ô Loan' | input_address='78F4QJ8 Gềnh Đá Hang Cọp, Phước Đồng, Ô Loan, Đắk Lắk 56200, Việt Nam' | maps_address='Ô Loan' | url='https://www.google.com/maps/place/%C3%94+Loan/data=!4m7!3m6!1s0x316f969e6b7be0fb:0x9284d95a2a17984d!8m2!3d13.2637089!4d109.2474701!16s/g/11nbb6nvj5!19sChIJ--B7a56WbzERTZgXKlrZhJI?authuser=0&hl=vi&g_ep=EgoyMDI2MDkwMi4wIJJjKgBIAVAD&rclk=1'
2026-09-08 08:36:12,635 | INFO | Navigation start | attempt=1/3 | timeout=15000ms | url=https://www.google.com/maps/place/Ô+Loan/data=!4m7!3m6!1s0x316f96a8801fb367:0xd9f6616bf02aaf30!8m2!3d13.2637089!4d109.2474701!16s/g/11y_zln3_1!19sChIJZ7MfgKiWbzERMK8q8Gth9tk?authuser=0&hl=vi&g_ep=EgoyMDI2MDkwMi4wIJJjKgBIAVAD&rclk=1
2026-09-08 08:36:13,255 | INFO | Navigation success | attempt=1/3 | 0.62s | url=https://www.google.com/maps/place/Ô+Loan/data=!4m7!3m6!1s0x316f96a8801fb367:0xd9f6616bf02aaf30!8m2!3d13.2637089!4d109.2474701!16s/g/11y_zln3_1!19sChIJZ7MfgKiWbzERMK8q8Gth9tk?authuser=0&hl=vi&g_ep=EgoyMDI2MDkwMi4wIJJjKgBIAVAD&rclk=1
2026-09-08 08:36:15,300 | INFO | VERIFY CANDIDATE | input_title='Dương Đoàn Homestay Cù Lao Mái Nhà Phú Yên' | actual_title='Ô Loan' | input_address='78F4QJ8 Gềnh Đá Hang Cọp, Phước Đồng, Ô Loan, Đắk Lắk 56200, Việt Nam' | actual_address='Ô Loan' | url='https://www.google.com/maps/place/%C3%94+Loan/data=!4m7!3m6!1s0x316f96a8801fb367:0xd9f6616bf02aaf30!8m2!3d13.2637089!4d109.2474701!16s/g/11y_zln3_1!19sChIJZ7MfgKiWbzERMK8q8Gth9tk?authuser=0&hl=vi&g_ep=EgoyMDI2MDkwMi4wIJJjKgBIAVAD&rclk=1' | coordinates=(13.2637089, 109.2)
2026-09-08 08:36:15,305 | INFO | VERIFY FINAL | success=False | reason=TITLE_MISMATCH | title_ok=False | address_ok=False | input_title='Dương Đoàn Homestay Cù Lao Mái Nhà Phú Yên' | maps_title='Ô Loan' | input_address='78F4QJ8 Gềnh Đá Hang Cọp, Phước Đồng, Ô Loan, Đắk Lắk 56200, Việt Nam' | maps_address='Ô Loan' | url='https://www.google.com/maps/place/%C3%94+Loan/data=!4m7!3m6!1s0x316f96a8801fb367:0xd9f6616bf02aaf30!8m2!3d13.2637089!4d109.2474701!16s/g/11y_zln3_1!19sChIJZ7MfgKiWbzERMK8q8Gth9tk?authuser=0&hl=vi&g_ep=EgoyMDI2MDkwMi4wIJJjKgBIAVAD&rclk=1'
2026-09-08 08:36:15,306 | INFO | Google Maps address search variant 7/12: Dương Đoàn Homestay Cù Lao Mái Nhà Phú Yên, phuoc đong, o loan, đak lak 56200
2026-09-08 08:36:15,306 | INFO | Navigation start | attempt=1/3 | timeout=15000ms | url=https://www.google.com/maps/search/?api=1&query=D%C6%B0%C6%A1ng%20%C4%90o%C3%A0n%20Homestay%20C%C3%B9%20Lao%20M%C3%A1i%20Nh%C3%A0%20Ph%C3%BA%20Y%C3%AAn%2C%20phuoc%20%C4%91ong%2C%20o%20loan%2C%20%C4%91ak%20lak%2056200
2026-09-08 08:36:15,565 | INFO | Navigation success | attempt=1/3 | 0.26s | url=https://www.google.com/maps/search/?api=1&query=D%C6%B0%C6%A1ng%20%C4%90o%C3%A0n%20Homestay%20C%C3%B9%20Lao%20M%C3%A1i%20Nh%C3%A0%20Ph%C3%BA%20Y%C3%AAn%2C%20phuoc%20%C4%91ong%2C%20o%20loan%2C%20%C4%91ak%20lak%2056200
2026-09-08 08:36:23,700 | INFO | Google Maps address search variant 8/12: Dương Đoàn Homestay Cù Lao Mái Nhà Phú Yên, o loan, đak lak 56200
2026-09-08 08:36:23,700 | INFO | Navigation start | attempt=1/3 | timeout=15000ms | url=https://www.google.com/maps/search/?api=1&query=D%C6%B0%C6%A1ng%20%C4%90o%C3%A0n%20Homestay%20C%C3%B9%20Lao%20M%C3%A1i%20Nh%C3%A0%20Ph%C3%BA%20Y%C3%AAn%2C%20o%20loan%2C%20%C4%91ak%20lak%2056200
2026-09-08 08:36:23,894 | INFO | Navigation success | attempt=1/3 | 0.19s | url=https://www.google.com/maps/search/?api=1&query=D%C6%B0%C6%A1ng%20%C4%90o%C3%A0n%20Homestay%20C%C3%B9%20Lao%20M%C3%A1i%20Nh%C3%A0%20Ph%C3%BA%20Y%C3%AAn%2C%20o%20loan%2C%20%C4%91ak%20lak%2056200
2026-09-08 08:36:30,166 | INFO | Google Maps address search variant 9/12: Dương Đoàn Homestay Cù Lao Mái Nhà Phú Yên, phuoc đong
2026-09-08 08:36:30,166 | INFO | Navigation start | attempt=1/3 | timeout=15000ms | url=https://www.google.com/maps/search/?api=1&query=D%C6%B0%C6%A1ng%20%C4%90o%C3%A0n%20Homestay%20C%C3%B9%20Lao%20M%C3%A1i%20Nh%C3%A0%20Ph%C3%BA%20Y%C3%AAn%2C%20phuoc%20%C4%91ong
2026-09-08 08:36:30,413 | INFO | Navigation success | attempt=1/3 | 0.25s | url=https://www.google.com/maps/search/?api=1&query=D%C6%B0%C6%A1ng%20%C4%90o%C3%A0n%20Homestay%20C%C3%B9%20Lao%20M%C3%A1i%20Nh%C3%A0%20Ph%C3%BA%20Y%C3%AAn%2C%20phuoc%20%C4%91ong
2026-09-08 08:36:36,910 | INFO | Google Maps address search variant 10/12: Dương Đoàn Homestay Cù Lao Mái Nhà Phú Yên, o loan
2026-09-08 08:36:36,910 | INFO | Navigation start | attempt=1/3 | timeout=15000ms | url=https://www.google.com/maps/search/?api=1&query=D%C6%B0%C6%A1ng%20%C4%90o%C3%A0n%20Homestay%20C%C3%B9%20Lao%20M%C3%A1i%20Nh%C3%A0%20Ph%C3%BA%20Y%C3%AAn%2C%20o%20loan
2026-09-08 08:36:37,103 | INFO | Navigation success | attempt=1/3 | 0.19s | url=https://www.google.com/maps/search/?api=1&query=D%C6%B0%C6%A1ng%20%C4%90o%C3%A0n%20Homestay%20C%C3%B9%20Lao%20M%C3%A1i%20Nh%C3%A0%20Ph%C3%BA%20Y%C3%AAn%2C%20o%20loan
2026-09-08 08:36:43,550 | INFO | Google Maps address search variant 11/12: Dương Đoàn Homestay Cù Lao Mái Nhà Phú Yên, đak lak 56200
2026-09-08 08:36:43,551 | INFO | Navigation start | attempt=1/3 | timeout=15000ms | url=https://www.google.com/maps/search/?api=1&query=D%C6%B0%C6%A1ng%20%C4%90o%C3%A0n%20Homestay%20C%C3%B9%20Lao%20M%C3%A1i%20Nh%C3%A0%20Ph%C3%BA%20Y%C3%AAn%2C%20%C4%91ak%20lak%2056200
2026-09-08 08:36:43,759 | INFO | Navigation success | attempt=1/3 | 0.21s | url=https://www.google.com/maps/search/?api=1&query=D%C6%B0%C6%A1ng%20%C4%90o%C3%A0n%20Homestay%20C%C3%B9%20Lao%20M%C3%A1i%20Nh%C3%A0%20Ph%C3%BA%20Y%C3%AAn%2C%20%C4%91ak%20lak%2056200
2026-09-08 08:36:51,218 | WARNING | Google Maps NOT_FOUND / NO_VALID_PLACE_URL: Dương Đoàn Homestay Cù Lao Mái Nhà Phú Yên | 78F4QJ8 Gềnh Đá Hang Cọp, Phước Đồng, Ô Loan, Đắk Lắk 56200, Việt Nam
2026-09-08 08:36:51,219 | INFO | EXCEL SEARCH RESULT | success=False | reason=NOT_FOUND | google_maps_url=None | url=None | cleaned_url=''
2026-09-08 08:36:52,732 | INFO | Existing URL check | maps_col=google_maps_url | url_col=URL | maps='' | url='' | reusable=''
2026-09-08 08:36:53,079 | WARNING | CURRENT MAPS PLACE TITLE/ADDRESS MISMATCH | input_title='Family Phú Yên Homestay' | actual_title='Dương Đoàn Homestay Cù Lao Mái Nhà Phú Yên' | input_address='2934WC, Hòa Hiệp, Đắk Lắk, Việt Nam' | actual_address='78F4+QJ8 Gềnh Đá Hang Cọp, Phước Đồng, Ô Loan, Đắk Lắk 56200, Việt Nam' | url='https://www.google.com/maps/place/D%C6%B0%C6%A1ng+%C4%90o%C3%A0n+Homestay+C%C3%B9+Lao+M%C3%A1i+Nh%C3%A0+Ph%C3%BA+Y%C3%AAn/@13.2744049,109.3065955,17z/data=!3m1!4b1!4m6!3m5!1s0x316f91308df2a0c9:0xa1506175c2bf7158!8m2!3d13.2744049!4d109.3065955!16s%2Fg%2F11ll3m9n2w?entry=ttu&g_ep=EgoyMDI2MDkwMi4wIKXMDSoASAFQAw%3D%3D'
2026-09-08 08:36:53,085 | INFO | Google Maps title search variant 1/12: Family Phú Yên Homestay
2026-09-08 08:36:53,085 | INFO | Navigation start | attempt=1/3 | timeout=15000ms | url=https://www.google.com/maps/search/?api=1&query=Family%20Ph%C3%BA%20Y%C3%AAn%20Homestay
2026-09-08 08:36:53,312 | INFO | Navigation success | attempt=1/3 | 0.23s | url=https://www.google.com/maps/search/?api=1&query=Family%20Ph%C3%BA%20Y%C3%AAn%20Homestay
2026-09-08 08:37:02,392 | INFO | Google Maps address search variant 2/12: 2934WC, Hòa Hiệp, Đắk Lắk, Việt Nam
2026-09-08 08:37:02,392 | INFO | Navigation start | attempt=1/3 | timeout=15000ms | url=https://www.google.com/maps/search/?api=1&query=2934WC%2C%20H%C3%B2a%20Hi%E1%BB%87p%2C%20%C4%90%E1%BA%AFk%20L%E1%BA%AFk%2C%20Vi%E1%BB%87t%20Nam
2026-09-08 08:37:02,590 | INFO | Navigation success | attempt=1/3 | 0.20s | url=https://www.google.com/maps/search/?api=1&query=2934WC%2C%20H%C3%B2a%20Hi%E1%BB%87p%2C%20%C4%90%E1%BA%AFk%20L%E1%BA%AFk%2C%20Vi%E1%BB%87t%20Nam
2026-09-08 08:37:13,048 | INFO | Navigation start | attempt=1/3 | timeout=15000ms | url=https://www.google.com/maps/place/Family+Phú+Yên+Homestay/data=!4m7!3m6!1s0x316fef00139bd5d7:0x20c3326368f29b9c!8m2!3d13.0053056!4d109.3547222!16s/g/11w3bww0rn!19sChIJ19WbEwDvbzERnJvyaGMywyA?authuser=0&hl=vi&g_ep=EgoyMDI2MDkwMi4wIJJjKgBIAVAD&rclk=1
2026-09-08 08:37:13,574 | INFO | Navigation success | attempt=1/3 | 0.53s | url=https://www.google.com/maps/place/Family+Phú+Yên+Homestay/data=!4m7!3m6!1s0x316fef00139bd5d7:0x20c3326368f29b9c!8m2!3d13.0053056!4d109.3547222!16s/g/11w3bww0rn!19sChIJ19WbEwDvbzERnJvyaGMywyA?authuser=0&hl=vi&g_ep=EgoyMDI2MDkwMi4wIJJjKgBIAVAD&rclk=1
2026-09-08 08:37:14,593 | INFO | VERIFY CANDIDATE | input_title='Family Phú Yên Homestay' | actual_title='' | input_address='2934WC, Hòa Hiệp, Đắk Lắk, Việt Nam' | actual_address='\ue52e' | url='https://www.google.com/maps/place/Family+Ph%C3%BA+Y%C3%AAn+Homestay/data=!4m7!3m6!1s0x316fef00139bd5d7:0x20c3326368f29b9c!8m2!3d13.0053056!4d109.3547222!16s/g/11w3bww0rn!19sChIJ19WbEwDvbzERnJvyaGMywyA?authuser=0&hl=vi&g_ep=EgoyMDI2MDkwMi4wIJJjKgBIAVAD&rclk=1' | coordinates=(13.0053056, 109.3)
2026-09-08 08:37:14,595 | INFO | VERIFY FINAL | success=False | reason=TITLE_UNAVAILABLE | title_ok=False | address_ok=False | input_title='Family Phú Yên Homestay' | maps_title='' | input_address='2934WC, Hòa Hiệp, Đắk Lắk, Việt Nam' | maps_address='\ue52e' | url='https://www.google.com/maps/place/Family+Ph%C3%BA+Y%C3%AAn+Homestay/data=!4m7!3m6!1s0x316fef00139bd5d7:0x20c3326368f29b9c!8m2!3d13.0053056!4d109.3547222!16s/g/11w3bww0rn!19sChIJ19WbEwDvbzERnJvyaGMywyA?authuser=0&hl=vi&g_ep=EgoyMDI2MDkwMi4wIJJjKgBIAVAD&rclk=1'
2026-09-08 08:37:14,596 | INFO | Navigation start | attempt=1/3 | timeout=15000ms | url=https://www.google.com/maps/place/Hòa+Hiệp/data=!4m7!3m6!1s0x316fefe356b82597:0xf09c9843ee52f02d!8m2!3d12.9951822!4d109.3723721!16s/g/11z42h5z1c!19sChIJlyW4VuPvbzERLfBS7kOYnPA?authuser=0&hl=vi&g_ep=EgoyMDI2MDkwMi4wIJJjKgBIAVAD&rclk=1
2026-09-08 08:37:14,822 | INFO | Navigation success | attempt=1/3 | 0.23s | url=https://www.google.com/maps/place/Hòa+Hiệp/data=!4m7!3m6!1s0x316fefe356b82597:0xf09c9843ee52f02d!8m2!3d12.9951822!4d109.3723721!16s/g/11z42h5z1c!19sChIJlyW4VuPvbzERLfBS7kOYnPA?authuser=0&hl=vi&g_ep=EgoyMDI2MDkwMi4wIJJjKgBIAVAD&rclk=1
2026-09-08 08:37:15,740 | INFO | VERIFY CANDIDATE | input_title='Family Phú Yên Homestay' | actual_title='' | input_address='2934WC, Hòa Hiệp, Đắk Lắk, Việt Nam' | actual_address='\ue52e' | url='https://www.google.com/maps/place/H%C3%B2a+Hi%E1%BB%87p/data=!4m7!3m6!1s0x316fefe356b82597:0xf09c9843ee52f02d!8m2!3d12.9951822!4d109.3723721!16s/g/11z42h5z1c!19sChIJlyW4VuPvbzERLfBS7kOYnPA?authuser=0&hl=vi&g_ep=EgoyMDI2MDkwMi4wIJJjKgBIAVAD&rclk=1' | coordinates=(12.9951822, 109.3)
2026-09-08 08:37:15,742 | INFO | VERIFY FINAL | success=False | reason=TITLE_UNAVAILABLE | title_ok=False | address_ok=False | input_title='Family Phú Yên Homestay' | maps_title='' | input_address='2934WC, Hòa Hiệp, Đắk Lắk, Việt Nam' | maps_address='\ue52e' | url='https://www.google.com/maps/place/H%C3%B2a+Hi%E1%BB%87p/data=!4m7!3m6!1s0x316fefe356b82597:0xf09c9843ee52f02d!8m2!3d12.9951822!4d109.3723721!16s/g/11z42h5z1c!19sChIJlyW4VuPvbzERLfBS7kOYnPA?authuser=0&hl=vi&g_ep=EgoyMDI2MDkwMi4wIJJjKgBIAVAD&rclk=1'
2026-09-08 08:37:15,743 | INFO | Navigation start | attempt=1/3 | timeout=15000ms | url=https://www.google.com/maps/place/Hòa+Hiệp/data=!4m7!3m6!1s0x316ff020000777d5:0x6fcda085da676453!8m2!3d12.9951822!4d109.3723721!16s/g/11y_zb6v98!19sChIJ1XcHACDwbzERU2Rn2oWgzW8?authuser=0&hl=vi&g_ep=EgoyMDI2MDkwMi4wIJJjKgBIAVAD&rclk=1
2026-09-08 08:37:15,928 | INFO | Navigation success | attempt=1/3 | 0.19s | url=https://www.google.com/maps/place/Hòa+Hiệp/data=!4m7!3m6!1s0x316ff020000777d5:0x6fcda085da676453!8m2!3d12.9951822!4d109.3723721!16s/g/11y_zb6v98!19sChIJ1XcHACDwbzERU2Rn2oWgzW8?authuser=0&hl=vi&g_ep=EgoyMDI2MDkwMi4wIJJjKgBIAVAD&rclk=1
2026-09-08 08:37:16,740 | INFO | VERIFY CANDIDATE | input_title='Family Phú Yên Homestay' | actual_title='' | input_address='2934WC, Hòa Hiệp, Đắk Lắk, Việt Nam' | actual_address='\ue52e' | url='https://www.google.com/maps/place/H%C3%B2a+Hi%E1%BB%87p/data=!4m7!3m6!1s0x316ff020000777d5:0x6fcda085da676453!8m2!3d12.9951822!4d109.3723721!16s/g/11y_zb6v98!19sChIJ1XcHACDwbzERU2Rn2oWgzW8?authuser=0&hl=vi&g_ep=EgoyMDI2MDkwMi4wIJJjKgBIAVAD&rclk=1' | coordinates=(12.9951822, 109.3)
2026-09-08 08:37:16,742 | INFO | VERIFY FINAL | success=False | reason=TITLE_UNAVAILABLE | title_ok=False | address_ok=False | input_title='Family Phú Yên Homestay' | maps_title='' | input_address='2934WC, Hòa Hiệp, Đắk Lắk, Việt Nam' | maps_address='\ue52e' | url='https://www.google.com/maps/place/H%C3%B2a+Hi%E1%BB%87p/data=!4m7!3m6!1s0x316ff020000777d5:0x6fcda085da676453!8m2!3d12.9951822!4d109.3723721!16s/g/11y_zb6v98!19sChIJ1XcHACDwbzERU2Rn2oWgzW8?authuser=0&hl=vi&g_ep=EgoyMDI2MDkwMi4wIJJjKgBIAVAD&rclk=1'
2026-09-08 08:37:16,743 | INFO | Google Maps address search variant 3/12: 2934WC, Hòa Hiệp, Đắk Lắk, Việt Nam, Family Phú Yên Homestay
2026-09-08 08:37:16,743 | INFO | Navigation start | attempt=1/3 | timeout=15000ms | url=https://www.google.com/maps/search/?api=1&query=2934WC%2C%20H%C3%B2a%20Hi%E1%BB%87p%2C%20%C4%90%E1%BA%AFk%20L%E1%BA%AFk%2C%20Vi%E1%BB%87t%20Nam%2C%20Family%20Ph%C3%BA%20Y%C3%AAn%20Homestay
2026-09-08 08:37:16,963 | INFO | Navigation success | attempt=1/3 | 0.22s | url=https://www.google.com/maps/search/?api=1&query=2934WC%2C%20H%C3%B2a%20Hi%E1%BB%87p%2C%20%C4%90%E1%BA%AFk%20L%E1%BA%AFk%2C%20Vi%E1%BB%87t%20Nam%2C%20Family%20Ph%C3%BA%20Y%C3%AAn%20Homestay
2026-09-08 08:37:26,150 | INFO | Google Maps address search variant 4/12: Family Phú Yên Homestay, 2934WC, Hòa Hiệp, Đắk Lắk, Việt Nam
2026-09-08 08:37:26,151 | INFO | Navigation start | attempt=1/3 | timeout=15000ms | url=https://www.google.com/maps/search/?api=1&query=Family%20Ph%C3%BA%20Y%C3%AAn%20Homestay%2C%202934WC%2C%20H%C3%B2a%20Hi%E1%BB%87p%2C%20%C4%90%E1%BA%AFk%20L%E1%BA%AFk%2C%20Vi%E1%BB%87t%20Nam
2026-09-08 08:37:26,362 | INFO | Navigation success | attempt=1/3 | 0.21s | url=https://www.google.com/maps/search/?api=1&query=Family%20Ph%C3%BA%20Y%C3%AAn%20Homestay%2C%202934WC%2C%20H%C3%B2a%20Hi%E1%BB%87p%2C%20%C4%90%E1%BA%AFk%20L%E1%BA%AFk%2C%20Vi%E1%BB%87t%20Nam
2026-09-08 08:37:38,235 | INFO | Google Maps address search variant 5/12: 2934wc, hoa hiep, đak lak
2026-09-08 08:37:38,236 | INFO | Navigation start | attempt=1/3 | timeout=15000ms | url=https://www.google.com/maps/search/?api=1&query=2934wc%2C%20hoa%20hiep%2C%20%C4%91ak%20lak
2026-09-08 08:37:38,764 | INFO | Navigation success | attempt=1/3 | 0.53s | url=https://www.google.com/maps/search/?api=1&query=2934wc%2C%20hoa%20hiep%2C%20%C4%91ak%20lak
2026-09-08 08:37:48,283 | INFO | Navigation start | attempt=1/3 | timeout=15000ms | url=https://www.google.com/maps/place/Family+Phú+Yên+Homestay/data=!4m7!3m6!1s0x316fef00139bd5d7:0x20c3326368f29b9c!8m2!3d13.0053056!4d109.3547222!16s/g/11w3bww0rn!19sChIJ19WbEwDvbzERnJvyaGMywyA?authuser=0&hl=vi&g_ep=EgoyMDI2MDkwMi4wIJJjKgBIAVAD&rclk=1
2026-09-08 08:37:48,503 | INFO | Navigation success | attempt=1/3 | 0.22s | url=https://www.google.com/maps/place/Family+Phú+Yên+Homestay/data=!4m7!3m6!1s0x316fef00139bd5d7:0x20c3326368f29b9c!8m2!3d13.0053056!4d109.3547222!16s/g/11w3bww0rn!19sChIJ19WbEwDvbzERnJvyaGMywyA?authuser=0&hl=vi&g_ep=EgoyMDI2MDkwMi4wIJJjKgBIAVAD&rclk=1
2026-09-08 08:37:49,378 | INFO | VERIFY CANDIDATE | input_title='Family Phú Yên Homestay' | actual_title='' | input_address='2934WC, Hòa Hiệp, Đắk Lắk, Việt Nam' | actual_address='\ue52e' | url='https://www.google.com/maps/place/Family+Ph%C3%BA+Y%C3%AAn+Homestay/data=!4m7!3m6!1s0x316fef00139bd5d7:0x20c3326368f29b9c!8m2!3d13.0053056!4d109.3547222!16s/g/11w3bww0rn!19sChIJ19WbEwDvbzERnJvyaGMywyA?authuser=0&hl=vi&g_ep=EgoyMDI2MDkwMi4wIJJjKgBIAVAD&rclk=1' | coordinates=(13.0053056, 109.3)
2026-09-08 08:37:49,380 | INFO | VERIFY FINAL | success=False | reason=TITLE_UNAVAILABLE | title_ok=False | address_ok=False | input_title='Family Phú Yên Homestay' | maps_title='' | input_address='2934WC, Hòa Hiệp, Đắk Lắk, Việt Nam' | maps_address='\ue52e' | url='https://www.google.com/maps/place/Family+Ph%C3%BA+Y%C3%AAn+Homestay/data=!4m7!3m6!1s0x316fef00139bd5d7:0x20c3326368f29b9c!8m2!3d13.0053056!4d109.3547222!16s/g/11w3bww0rn!19sChIJ19WbEwDvbzERnJvyaGMywyA?authuser=0&hl=vi&g_ep=EgoyMDI2MDkwMi4wIJJjKgBIAVAD&rclk=1'
2026-09-08 08:37:49,381 | INFO | Navigation start | attempt=1/3 | timeout=15000ms | url=https://www.google.com/maps/place/Khu+công+nghiệp+Hoà+Hiệp/data=!4m7!3m6!1s0x316fefa7f53ba59b:0x86ecb79983c23b8e!8m2!3d13.0170113!4d109.3603308!16s/g/11frrsj763!19sChIJm6U79afvbzERjjvCg5m37IY?authuser=0&hl=vi&g_ep=EgoyMDI2MDkwMi4wIJJjKgBIAVAD&rclk=1
2026-09-08 08:37:49,558 | INFO | Navigation success | attempt=1/3 | 0.18s | url=https://www.google.com/maps/place/Khu+công+nghiệp+Hoà+Hiệp/data=!4m7!3m6!1s0x316fefa7f53ba59b:0x86ecb79983c23b8e!8m2!3d13.0170113!4d109.3603308!16s/g/11frrsj763!19sChIJm6U79afvbzERjjvCg5m37IY?authuser=0&hl=vi&g_ep=EgoyMDI2MDkwMi4wIJJjKgBIAVAD&rclk=1
2026-09-08 08:37:51,528 | INFO | VERIFY CANDIDATE | input_title='Family Phú Yên Homestay' | actual_title='' | input_address='2934WC, Hòa Hiệp, Đắk Lắk, Việt Nam' | actual_address='\ue52e' | url='https://www.google.com/maps/place/Khu+c%C3%B4ng+nghi%E1%BB%87p+Ho%C3%A0+Hi%E1%BB%87p/data=!4m7!3m6!1s0x316fefa7f53ba59b:0x86ecb79983c23b8e!8m2!3d13.0170113!4d109.3603308!16s/g/11frrsj763!19sChIJm6U79afvbzERjjvCg5m37IY?authuser=0&hl=vi&g_ep=EgoyMDI2MDkwMi4wIJJjKgBIAVAD&rclk=1' | coordinates=(13.0170113, 109.3)
2026-09-08 08:37:51,530 | INFO | VERIFY FINAL | success=False | reason=TITLE_UNAVAILABLE | title_ok=False | address_ok=False | input_title='Family Phú Yên Homestay' | maps_title='' | input_address='2934WC, Hòa Hiệp, Đắk Lắk, Việt Nam' | maps_address='\ue52e' | url='https://www.google.com/maps/place/Khu+c%C3%B4ng+nghi%E1%BB%87p+Ho%C3%A0+Hi%E1%BB%87p/data=!4m7!3m6!1s0x316fefa7f53ba59b:0x86ecb79983c23b8e!8m2!3d13.0170113!4d109.3603308!16s/g/11frrsj763!19sChIJm6U79afvbzERjjvCg5m37IY?authuser=0&hl=vi&g_ep=EgoyMDI2MDkwMi4wIJJjKgBIAVAD&rclk=1'
2026-09-08 08:37:51,531 | INFO | Navigation start | attempt=1/3 | timeout=15000ms | url=https://www.google.com/maps/place/hoà+hiệp+trung/data=!4m7!3m6!1s0x316fefacca235add:0x818cae3a837ea524!8m2!3d12.9938344!4d109.3773061!16s/g/11ssq7smn6!19sChIJ3VojyqzvbzERJKV-gzqujIE?authuser=0&hl=vi&g_ep=EgoyMDI2MDkwMi4wIJJjKgBIAVAD&rclk=1
2026-09-08 08:37:52,373 | INFO | Navigation success | attempt=1/3 | 0.84s | url=https://www.google.com/maps/place/hoà+hiệp+trung/data=!4m7!3m6!1s0x316fefacca235add:0x818cae3a837ea524!8m2!3d12.9938344!4d109.3773061!16s/g/11ssq7smn6!19sChIJ3VojyqzvbzERJKV-gzqujIE?authuser=0&hl=vi&g_ep=EgoyMDI2MDkwMi4wIJJjKgBIAVAD&rclk=1
2026-09-08 08:37:53,493 | INFO | VERIFY CANDIDATE | input_title='Family Phú Yên Homestay' | actual_title='' | input_address='2934WC, Hòa Hiệp, Đắk Lắk, Việt Nam' | actual_address='\ue52e' | url='https://www.google.com/maps/place/ho%C3%A0+hi%E1%BB%87p+trung/data=!4m7!3m6!1s0x316fefacca235add:0x818cae3a837ea524!8m2!3d12.9938344!4d109.3773061!16s/g/11ssq7smn6!19sChIJ3VojyqzvbzERJKV-gzqujIE?authuser=0&hl=vi&g_ep=EgoyMDI2MDkwMi4wIJJjKgBIAVAD&rclk=1' | coordinates=(12.9938344, 109.3)
2026-09-08 08:37:53,496 | INFO | VERIFY FINAL | success=False | reason=TITLE_UNAVAILABLE | title_ok=False | address_ok=False | input_title='Family Phú Yên Homestay' | maps_title='' | input_address='2934WC, Hòa Hiệp, Đắk Lắk, Việt Nam' | maps_address='\ue52e' | url='https://www.google.com/maps/place/ho%C3%A0+hi%E1%BB%87p+trung/data=!4m7!3m6!1s0x316fefacca235add:0x818cae3a837ea524!8m2!3d12.9938344!4d109.3773061!16s/g/11ssq7smn6!19sChIJ3VojyqzvbzERJKV-gzqujIE?authuser=0&hl=vi&g_ep=EgoyMDI2MDkwMi4wIJJjKgBIAVAD&rclk=1'
2026-09-08 08:37:53,497 | INFO | Navigation start | attempt=1/3 | timeout=15000ms | url=https://www.google.com/maps/place/PAMY+Homestay/data=!4m10!3m9!1s0x316fef11461aea0f:0xccf5154d4260a034!5m2!4m1!1i2!8m2!3d13.0047982!4d109.3560203!16s/g/11s2pl4qnc!19sChIJD-oaRhHvbzERNKBgQk0V9cw?authuser=0&hl=vi&g_ep=EgoyMDI2MDkwMi4wIJJjKgBIAVAD&rclk=1
2026-09-08 08:37:53,692 | INFO | Navigation success | attempt=1/3 | 0.20s | url=https://www.google.com/maps/place/PAMY+Homestay/data=!4m10!3m9!1s0x316fef11461aea0f:0xccf5154d4260a034!5m2!4m1!1i2!8m2!3d13.0047982!4d109.3560203!16s/g/11s2pl4qnc!19sChIJD-oaRhHvbzERNKBgQk0V9cw?authuser=0&hl=vi&g_ep=EgoyMDI2MDkwMi4wIJJjKgBIAVAD&rclk=1
2026-09-08 08:37:55,297 | INFO | VERIFY CANDIDATE | input_title='Family Phú Yên Homestay' | actual_title='' | input_address='2934WC, Hòa Hiệp, Đắk Lắk, Việt Nam' | actual_address='\ue52e' | url='https://www.google.com/maps/place/PAMY+Homestay/data=!4m10!3m9!1s0x316fef11461aea0f:0xccf5154d4260a034!5m2!4m1!1i2!8m2!3d13.0047982!4d109.3560203!16s/g/11s2pl4qnc!19sChIJD-oaRhHvbzERNKBgQk0V9cw?authuser=0&hl=vi&g_ep=EgoyMDI2MDkwMi4wIJJjKgBIAVAD&rclk=1' | coordinates=(13.0047982, 109.3)
2026-09-08 08:37:55,300 | INFO | VERIFY FINAL | success=False | reason=TITLE_UNAVAILABLE | title_ok=False | address_ok=False | input_title='Family Phú Yên Homestay' | maps_title='' | input_address='2934WC, Hòa Hiệp, Đắk Lắk, Việt Nam' | maps_address='\ue52e' | url='https://www.google.com/maps/place/PAMY+Homestay/data=!4m10!3m9!1s0x316fef11461aea0f:0xccf5154d4260a034!5m2!4m1!1i2!8m2!3d13.0047982!4d109.3560203!16s/g/11s2pl4qnc!19sChIJD-oaRhHvbzERNKBgQk0V9cw?authuser=0&hl=vi&g_ep=EgoyMDI2MDkwMi4wIJJjKgBIAVAD&rclk=1'
2026-09-08 08:37:55,300 | INFO | Navigation start | attempt=1/3 | timeout=15000ms | url=https://www.google.com/maps/place/Phú+Hòa/data=!4m7!3m6!1s0x316fef0009d6a3ef:0xeaa0fcc32e9a247!8m2!3d12.9876959!4d109.3725651!16s/g/11yz98qbnw!19sChIJ76PWCQDvbzERR6LpMswPqg4?authuser=0&hl=vi&g_ep=EgoyMDI2MDkwMi4wIJJjKgBIAVAD&rclk=1
2026-09-08 08:37:55,491 | INFO | Navigation success | attempt=1/3 | 0.19s | url=https://www.google.com/maps/place/Phú+Hòa/data=!4m7!3m6!1s0x316fef0009d6a3ef:0xeaa0fcc32e9a247!8m2!3d12.9876959!4d109.3725651!16s/g/11yz98qbnw!19sChIJ76PWCQDvbzERR6LpMswPqg4?authuser=0&hl=vi&g_ep=EgoyMDI2MDkwMi4wIJJjKgBIAVAD&rclk=1
2026-09-08 08:37:56,720 | INFO | VERIFY CANDIDATE | input_title='Family Phú Yên Homestay' | actual_title='' | input_address='2934WC, Hòa Hiệp, Đắk Lắk, Việt Nam' | actual_address='\ue52e' | url='https://www.google.com/maps/place/Ph%C3%BA+H%C3%B2a/data=!4m7!3m6!1s0x316fef0009d6a3ef:0xeaa0fcc32e9a247!8m2!3d12.9876959!4d109.3725651!16s/g/11yz98qbnw!19sChIJ76PWCQDvbzERR6LpMswPqg4?authuser=0&hl=vi&g_ep=EgoyMDI2MDkwMi4wIJJjKgBIAVAD&rclk=1' | coordinates=(12.9876959, 109.3)
2026-09-08 08:37:56,722 | INFO | VERIFY FINAL | success=False | reason=TITLE_UNAVAILABLE | title_ok=False | address_ok=False | input_title='Family Phú Yên Homestay' | maps_title='' | input_address='2934WC, Hòa Hiệp, Đắk Lắk, Việt Nam' | maps_address='\ue52e' | url='https://www.google.com/maps/place/Ph%C3%BA+H%C3%B2a/data=!4m7!3m6!1s0x316fef0009d6a3ef:0xeaa0fcc32e9a247!8m2!3d12.9876959!4d109.3725651!16s/g/11yz98qbnw!19sChIJ76PWCQDvbzERR6LpMswPqg4?authuser=0&hl=vi&g_ep=EgoyMDI2MDkwMi4wIJJjKgBIAVAD&rclk=1'
2026-09-08 08:37:56,723 | INFO | Google Maps address search variant 6/12: hoa hiep, đak lak
2026-09-08 08:37:56,723 | INFO | Navigation start | attempt=1/3 | timeout=15000ms | url=https://www.google.com/maps/search/?api=1&query=hoa%20hiep%2C%20%C4%91ak%20lak
2026-09-08 08:37:56,941 | INFO | Navigation success | attempt=1/3 | 0.22s | url=https://www.google.com/maps/search/?api=1&query=hoa%20hiep%2C%20%C4%91ak%20lak
2026-09-08 08:38:06,916 | INFO | Google Maps address search variant 7/12: Family Phú Yên Homestay, 2934wc, hoa hiep, đak lak
2026-09-08 08:38:06,917 | INFO | Navigation start | attempt=1/3 | timeout=15000ms | url=https://www.google.com/maps/search/?api=1&query=Family%20Ph%C3%BA%20Y%C3%AAn%20Homestay%2C%202934wc%2C%20hoa%20hiep%2C%20%C4%91ak%20lak
2026-09-08 08:38:07,375 | INFO | Navigation success | attempt=1/3 | 0.46s | url=https://www.google.com/maps/search/?api=1&query=Family%20Ph%C3%BA%20Y%C3%AAn%20Homestay%2C%202934wc%2C%20hoa%20hiep%2C%20%C4%91ak%20lak
2026-09-08 08:38:17,834 | INFO | Google Maps address search variant 8/12: Family Phú Yên Homestay, hoa hiep, đak lak
2026-09-08 08:38:17,835 | INFO | Navigation start | attempt=1/3 | timeout=15000ms | url=https://www.google.com/maps/search/?api=1&query=Family%20Ph%C3%BA%20Y%C3%AAn%20Homestay%2C%20hoa%20hiep%2C%20%C4%91ak%20lak
2026-09-08 08:38:18,014 | INFO | Navigation success | attempt=1/3 | 0.18s | url=https://www.google.com/maps/search/?api=1&query=Family%20Ph%C3%BA%20Y%C3%AAn%20Homestay%2C%20hoa%20hiep%2C%20%C4%91ak%20lak
2026-09-08 08:38:27,154 | INFO | Google Maps address search variant 9/12: Family Phú Yên Homestay, 2934wc
2026-09-08 08:38:27,154 | INFO | Navigation start | attempt=1/3 | timeout=15000ms | url=https://www.google.com/maps/search/?api=1&query=Family%20Ph%C3%BA%20Y%C3%AAn%20Homestay%2C%202934wc
2026-09-08 08:38:27,366 | INFO | Navigation success | attempt=1/3 | 0.21s | url=https://www.google.com/maps/search/?api=1&query=Family%20Ph%C3%BA%20Y%C3%AAn%20Homestay%2C%202934wc
2026-09-08 08:38:36,960 | INFO | Google Maps address search variant 10/12: Family Phú Yên Homestay, hoa hiep
2026-09-08 08:38:36,960 | INFO | Navigation start | attempt=1/3 | timeout=15000ms | url=https://www.google.com/maps/search/?api=1&query=Family%20Ph%C3%BA%20Y%C3%AAn%20Homestay%2C%20hoa%20hiep
2026-09-08 08:38:37,185 | INFO | Navigation success | attempt=1/3 | 0.22s | url=https://www.google.com/maps/search/?api=1&query=Family%20Ph%C3%BA%20Y%C3%AAn%20Homestay%2C%20hoa%20hiep
2026-09-08 08:38:46,960 | INFO | Google Maps address search variant 11/12: Family Phú Yên Homestay, đak lak
2026-09-08 08:38:46,961 | INFO | Navigation start | attempt=1/3 | timeout=15000ms | url=https://www.google.com/maps/search/?api=1&query=Family%20Ph%C3%BA%20Y%C3%AAn%20Homestay%2C%20%C4%91ak%20lak
2026-09-08 08:38:47,168 | INFO | Navigation success | attempt=1/3 | 0.21s | url=https://www.google.com/maps/search/?api=1&query=Family%20Ph%C3%BA%20Y%C3%AAn%20Homestay%2C%20%C4%91ak%20lak
2026-09-08 08:38:57,909 | WARNING | Google Maps NOT_FOUND / NO_VALID_PLACE_URL: Family Phú Yên Homestay | 2934WC, Hòa Hiệp, Đắk Lắk, Việt Nam
2026-09-08 08:38:57,909 | INFO | EXCEL SEARCH RESULT | success=False | reason=NOT_FOUND | google_maps_url=None | url=None | cleaned_url=''
2026-09-08 08:38:59,170 | INFO | Existing URL check | maps_col=google_maps_url | url_col=URL | maps='' | url='' | reusable=''
2026-09-08 08:38:59,340 | WARNING | CURRENT MAPS PLACE TITLE/ADDRESS MISMATCH | input_title='Gió Nồm Villa ( Trải nghiệm cuộc sống làng chài )' | actual_title='Family Phú Yên Homestay' | input_address='X9VM995, Lê Hanh, Hòa Hiệp, Đắk Lắk, Việt Nam' | actual_address='\ue0c8 2934+WC, Hòa Hiệp, Đắk Lắk, Việt Nam' | url='https://www.google.com/maps/place/Family+Ph%C3%BA+Y%C3%AAn+Homestay/@13.0053056,109.3547222,17z/data=!3m1!4b1!4m6!3m5!1s0x316fef00139bd5d7:0x20c3326368f29b9c!8m2!3d13.0053056!4d109.3547222!16s%2Fg%2F11w3bww0rn?entry=ttu&g_ep=EgoyMDI2MDkwMi4wIKXMDSoASAFQAw%3D%3D'
2026-09-08 08:38:59,341 | INFO | Google Maps title search variant 1/12: Gió Nồm Villa ( Trải nghiệm cuộc sống làng chài )
2026-09-08 08:38:59,341 | INFO | Navigation start | attempt=1/3 | timeout=15000ms | url=https://www.google.com/maps/search/?api=1&query=Gi%C3%B3%20N%E1%BB%93m%20Villa%20%28%20Tr%E1%BA%A3i%20nghi%E1%BB%87m%20cu%E1%BB%99c%20s%E1%BB%91ng%20l%C3%A0ng%20ch%C3%A0i%20%29
2026-09-08 08:38:59,532 | INFO | Navigation success | attempt=1/3 | 0.19s | url=https://www.google.com/maps/search/?api=1&query=Gi%C3%B3%20N%E1%BB%93m%20Villa%20%28%20Tr%E1%BA%A3i%20nghi%E1%BB%87m%20cu%E1%BB%99c%20s%E1%BB%91ng%20l%C3%A0ng%20ch%C3%A0i%20%29
2026-09-08 08:39:09,997 | INFO | Google Maps address search variant 2/12: X9VM995, Lê Hanh, Hòa Hiệp, Đắk Lắk, Việt Nam
2026-09-08 08:39:09,998 | INFO | Navigation start | attempt=1/3 | timeout=15000ms | url=https://www.google.com/maps/search/?api=1&query=X9VM995%2C%20L%C3%AA%20Hanh%2C%20H%C3%B2a%20Hi%E1%BB%87p%2C%20%C4%90%E1%BA%AFk%20L%E1%BA%AFk%2C%20Vi%E1%BB%87t%20Nam
2026-09-08 08:39:10,185 | INFO | Navigation success | attempt=1/3 | 0.19s | url=https://www.google.com/maps/search/?api=1&query=X9VM995%2C%20L%C3%AA%20Hanh%2C%20H%C3%B2a%20Hi%E1%BB%87p%2C%20%C4%90%E1%BA%AFk%20L%E1%BA%AFk%2C%20Vi%E1%BB%87t%20Nam
2026-09-08 08:39:20,556 | INFO | Navigation start | attempt=1/3 | timeout=15000ms | url=https://www.google.com/maps/place/Lê+Hanh/data=!4m7!3m6!1s0x316ff01cfb427a3b:0x977fc06214787956!8m2!3d12.9897463!4d109.3806629!16s/g/11lpn8x4t3!19sChIJO3pC-xzwbzERVnl4FGLAf5c?authuser=0&hl=vi&g_ep=EgoyMDI2MDkwMi4wIJJjKgBIAVAD&rclk=1
2026-09-08 08:39:20,735 | INFO | Navigation success | attempt=1/3 | 0.18s | url=https://www.google.com/maps/place/Lê+Hanh/data=!4m7!3m6!1s0x316ff01cfb427a3b:0x977fc06214787956!8m2!3d12.9897463!4d109.3806629!16s/g/11lpn8x4t3!19sChIJO3pC-xzwbzERVnl4FGLAf5c?authuser=0&hl=vi&g_ep=EgoyMDI2MDkwMi4wIJJjKgBIAVAD&rclk=1
2026-09-08 08:39:21,522 | INFO | VERIFY CANDIDATE | input_title='Gió Nồm Villa ( Trải nghiệm cuộc sống làng chài )' | actual_title='' | input_address='X9VM995, Lê Hanh, Hòa Hiệp, Đắk Lắk, Việt Nam' | actual_address='\ue52e' | url='https://www.google.com/maps/place/L%C3%AA+Hanh/data=!4m7!3m6!1s0x316ff01cfb427a3b:0x977fc06214787956!8m2!3d12.9897463!4d109.3806629!16s/g/11lpn8x4t3!19sChIJO3pC-xzwbzERVnl4FGLAf5c?authuser=0&hl=vi&g_ep=EgoyMDI2MDkwMi4wIJJjKgBIAVAD&rclk=1' | coordinates=(12.9897463, 109.3)
2026-09-08 08:39:21,524 | INFO | VERIFY FINAL | success=False | reason=TITLE_UNAVAILABLE | title_ok=False | address_ok=False | input_title='Gió Nồm Villa ( Trải nghiệm cuộc sống làng chài )' | maps_title='' | input_address='X9VM995, Lê Hanh, Hòa Hiệp, Đắk Lắk, Việt Nam' | maps_address='\ue52e' | url='https://www.google.com/maps/place/L%C3%AA+Hanh/data=!4m7!3m6!1s0x316ff01cfb427a3b:0x977fc06214787956!8m2!3d12.9897463!4d109.3806629!16s/g/11lpn8x4t3!19sChIJO3pC-xzwbzERVnl4FGLAf5c?authuser=0&hl=vi&g_ep=EgoyMDI2MDkwMi4wIJJjKgBIAVAD&rclk=1'
2026-09-08 08:39:21,524 | INFO | Google Maps address search variant 3/12: X9VM995, Lê Hanh, Hòa Hiệp, Đắk Lắk, Việt Nam, Gió Nồm Villa ( Trải nghiệm cuộc sống làng chài )
2026-09-08 08:39:21,525 | INFO | Navigation start | attempt=1/3 | timeout=15000ms | url=https://www.google.com/maps/search/?api=1&query=X9VM995%2C%20L%C3%AA%20Hanh%2C%20H%C3%B2a%20Hi%E1%BB%87p%2C%20%C4%90%E1%BA%AFk%20L%E1%BA%AFk%2C%20Vi%E1%BB%87t%20Nam%2C%20Gi%C3%B3%20N%E1%BB%93m%20Villa%20%28%20Tr%E1%BA%A3i%20nghi%E1%BB%87m%20cu%E1%BB%99c%20s%E1%BB%91ng%20l%C3%A0ng%20ch%C3%A0i%20%29
2026-09-08 08:39:21,717 | INFO | Navigation success | attempt=1/3 | 0.19s | url=https://www.google.com/maps/search/?api=1&query=X9VM995%2C%20L%C3%AA%20Hanh%2C%20H%C3%B2a%20Hi%E1%BB%87p%2C%20%C4%90%E1%BA%AFk%20L%E1%BA%AFk%2C%20Vi%E1%BB%87t%20Nam%2C%20Gi%C3%B3%20N%E1%BB%93m%20Villa%20%28%20Tr%E1%BA%A3i%20nghi%E1%BB%87m%20cu%E1%BB%99c%20s%E1%BB%91ng%20l%C3%A0ng%20ch%C3%A0i%20%29
2026-09-08 08:39:33,615 | INFO | Navigation start | attempt=1/3 | timeout=15000ms | url=https://www.google.com/maps/place/Gió+Nồm+Villa+(+Trải+nghiệm+cuộc+sống+làng+chài+)/data=!4m10!3m9!1s0x316ff10049ba70a5:0x98d0cb9b8c717b60!5m2!4m1!1i2!8m2!3d12.9933955!4d109.3834798!16s/g/11zkt60wgj!19sChIJpXC6SQDxbzERYHtxjJvL0Jg?authuser=0&hl=vi&g_ep=EgoyMDI2MDkwMi4wIJJjKgBIAVAD&rclk=1
2026-09-08 08:39:33,795 | INFO | Navigation success | attempt=1/3 | 0.18s | url=https://www.google.com/maps/place/Gió+Nồm+Villa+(+Trải+nghiệm+cuộc+sống+làng+chài+)/data=!4m10!3m9!1s0x316ff10049ba70a5:0x98d0cb9b8c717b60!5m2!4m1!1i2!8m2!3d12.9933955!4d109.3834798!16s/g/11zkt60wgj!19sChIJpXC6SQDxbzERYHtxjJvL0Jg?authuser=0&hl=vi&g_ep=EgoyMDI2MDkwMi4wIJJjKgBIAVAD&rclk=1
2026-09-08 08:39:34,587 | INFO | VERIFY CANDIDATE | input_title='Gió Nồm Villa ( Trải nghiệm cuộc sống làng chài )' | actual_title='' | input_address='X9VM995, Lê Hanh, Hòa Hiệp, Đắk Lắk, Việt Nam' | actual_address='\ue52e' | url='https://www.google.com/maps/place/Gi%C3%B3+N%E1%BB%93m+Villa+(+Tr%E1%BA%A3i+nghi%E1%BB%87m+cu%E1%BB%99c+s%E1%BB%91ng+l%C3%A0ng+ch%C3%A0i+)/data=!4m10!3m9!1s0x316ff10049ba70a5:0x98d0cb9b8c717b60!5m2!4m1!1i2!8m2!3d12.9933955!4d109.3834798!16s/g/11zkt60wgj!19sChIJpXC6SQDxbzERYHtxjJvL0Jg?authuser=0&hl=vi&g_ep=EgoyMDI2MDkwMi4wIJJjKgBIAVAD&rclk=1' | coordinates=(12.9933955, 109.3)
2026-09-08 08:39:34,591 | INFO | VERIFY FINAL | success=False | reason=TITLE_UNAVAILABLE | title_ok=False | address_ok=False | input_title='Gió Nồm Villa ( Trải nghiệm cuộc sống làng chài )' | maps_title='' | input_address='X9VM995, Lê Hanh, Hòa Hiệp, Đắk Lắk, Việt Nam' | maps_address='\ue52e' | url='https://www.google.com/maps/place/Gi%C3%B3+N%E1%BB%93m+Villa+(+Tr%E1%BA%A3i+nghi%E1%BB%87m+cu%E1%BB%99c+s%E1%BB%91ng+l%C3%A0ng+ch%C3%A0i+)/data=!4m10!3m9!1s0x316ff10049ba70a5:0x98d0cb9b8c717b60!5m2!4m1!1i2!8m2!3d12.9933955!4d109.3834798!16s/g/11zkt60wgj!19sChIJpXC6SQDxbzERYHtxjJvL0Jg?authuser=0&hl=vi&g_ep=EgoyMDI2MDkwMi4wIJJjKgBIAVAD&rclk=1'
2026-09-08 08:39:34,591 | INFO | Navigation start | attempt=1/3 | timeout=15000ms | url=https://www.google.com/maps/place/Nồm+Village/data=!4m7!3m6!1s0x316ff10074a68c39:0x5368009525144675!8m2!3d12.991162!4d109.3818073!16s/g/11ms2dx13d!19sChIJOYymdADxbzERdUYUJZUAaFM?authuser=0&hl=vi&g_ep=EgoyMDI2MDkwMi4wIJJjKgBIAVAD&rclk=1
2026-09-08 08:39:34,779 | INFO | Navigation success | attempt=1/3 | 0.19s | url=https://www.google.com/maps/place/Nồm+Village/data=!4m7!3m6!1s0x316ff10074a68c39:0x5368009525144675!8m2!3d12.991162!4d109.3818073!16s/g/11ms2dx13d!19sChIJOYymdADxbzERdUYUJZUAaFM?authuser=0&hl=vi&g_ep=EgoyMDI2MDkwMi4wIJJjKgBIAVAD&rclk=1
2026-09-08 08:39:35,722 | INFO | VERIFY CANDIDATE | input_title='Gió Nồm Villa ( Trải nghiệm cuộc sống làng chài )' | actual_title='' | input_address='X9VM995, Lê Hanh, Hòa Hiệp, Đắk Lắk, Việt Nam' | actual_address='\ue52e' | url='https://www.google.com/maps/place/N%E1%BB%93m+Village/data=!4m7!3m6!1s0x316ff10074a68c39:0x5368009525144675!8m2!3d12.991162!4d109.3818073!16s/g/11ms2dx13d!19sChIJOYymdADxbzERdUYUJZUAaFM?authuser=0&hl=vi&g_ep=EgoyMDI2MDkwMi4wIJJjKgBIAVAD&rclk=1' | coordinates=(12.991162, 109.3)
2026-09-08 08:39:35,726 | INFO | VERIFY FINAL | success=False | reason=TITLE_UNAVAILABLE | title_ok=False | address_ok=False | input_title='Gió Nồm Villa ( Trải nghiệm cuộc sống làng chài )' | maps_title='' | input_address='X9VM995, Lê Hanh, Hòa Hiệp, Đắk Lắk, Việt Nam' | maps_address='\ue52e' | url='https://www.google.com/maps/place/N%E1%BB%93m+Village/data=!4m7!3m6!1s0x316ff10074a68c39:0x5368009525144675!8m2!3d12.991162!4d109.3818073!16s/g/11ms2dx13d!19sChIJOYymdADxbzERdUYUJZUAaFM?authuser=0&hl=vi&g_ep=EgoyMDI2MDkwMi4wIJJjKgBIAVAD&rclk=1'
2026-09-08 08:39:35,726 | INFO | Google Maps address search variant 4/12: Gió Nồm Villa ( Trải nghiệm cuộc sống làng chài ), X9VM995, Lê Hanh, Hòa Hiệp, Đắk Lắk, Việt Nam
2026-09-08 08:39:35,726 | INFO | Navigation start | attempt=1/3 | timeout=15000ms | url=https://www.google.com/maps/search/?api=1&query=Gi%C3%B3%20N%E1%BB%93m%20Villa%20%28%20Tr%E1%BA%A3i%20nghi%E1%BB%87m%20cu%E1%BB%99c%20s%E1%BB%91ng%20l%C3%A0ng%20ch%C3%A0i%20%29%2C%20X9VM995%2C%20L%C3%AA%20Hanh%2C%20H%C3%B2a%20Hi%E1%BB%87p%2C%20%C4%90%E1%BA%AFk%20L%E1%BA%AFk%2C%20Vi%E1%BB%87t%20Nam
2026-09-08 08:39:35,924 | INFO | Navigation success | attempt=1/3 | 0.20s | url=https://www.google.com/maps/search/?api=1&query=Gi%C3%B3%20N%E1%BB%93m%20Villa%20%28%20Tr%E1%BA%A3i%20nghi%E1%BB%87m%20cu%E1%BB%99c%20s%E1%BB%91ng%20l%C3%A0ng%20ch%C3%A0i%20%29%2C%20X9VM995%2C%20L%C3%AA%20Hanh%2C%20H%C3%B2a%20Hi%E1%BB%87p%2C%20%C4%90%E1%BA%AFk%20L%E1%BA%AFk%2C%20Vi%E1%BB%87t%20Nam
2026-09-08 08:39:45,211 | INFO | Google Maps address search variant 5/12: le hanh, hoa hiep, đak lak
2026-09-08 08:39:45,211 | INFO | Navigation start | attempt=1/3 | timeout=15000ms | url=https://www.google.com/maps/search/?api=1&query=le%20hanh%2C%20hoa%20hiep%2C%20%C4%91ak%20lak
2026-09-08 08:39:45,435 | INFO | Navigation success | attempt=1/3 | 0.22s | url=https://www.google.com/maps/search/?api=1&query=le%20hanh%2C%20hoa%20hiep%2C%20%C4%91ak%20lak
2026-09-08 08:39:57,476 | INFO | Google Maps address search variant 6/12: hoa hiep, đak lak
2026-09-08 08:39:57,476 | INFO | Navigation start | attempt=1/3 | timeout=15000ms | url=https://www.google.com/maps/search/?api=1&query=hoa%20hiep%2C%20%C4%91ak%20lak
2026-09-08 08:39:58,715 | INFO | Navigation success | attempt=1/3 | 1.24s | url=https://www.google.com/maps/search/?api=1&query=hoa%20hiep%2C%20%C4%91ak%20lak
2026-09-08 08:40:09,637 | INFO | Google Maps address search variant 7/12: Gió Nồm Villa ( Trải nghiệm cuộc sống làng chài ), le hanh, hoa hiep, đak lak
2026-09-08 08:40:09,637 | INFO | Navigation start | attempt=1/3 | timeout=15000ms | url=https://www.google.com/maps/search/?api=1&query=Gi%C3%B3%20N%E1%BB%93m%20Villa%20%28%20Tr%E1%BA%A3i%20nghi%E1%BB%87m%20cu%E1%BB%99c%20s%E1%BB%91ng%20l%C3%A0ng%20ch%C3%A0i%20%29%2C%20le%20hanh%2C%20hoa%20hiep%2C%20%C4%91ak%20lak
2026-09-08 08:40:09,830 | INFO | Navigation success | attempt=1/3 | 0.19s | url=https://www.google.com/maps/search/?api=1&query=Gi%C3%B3%20N%E1%BB%93m%20Villa%20%28%20Tr%E1%BA%A3i%20nghi%E1%BB%87m%20cu%E1%BB%99c%20s%E1%BB%91ng%20l%C3%A0ng%20ch%C3%A0i%20%29%2C%20le%20hanh%2C%20hoa%20hiep%2C%20%C4%91ak%20lak
2026-09-08 08:40:20,105 | INFO | Google Maps address search variant 8/12: Gió Nồm Villa ( Trải nghiệm cuộc sống làng chài ), hoa hiep, đak lak
2026-09-08 08:40:20,106 | INFO | Navigation start | attempt=1/3 | timeout=15000ms | url=https://www.google.com/maps/search/?api=1&query=Gi%C3%B3%20N%E1%BB%93m%20Villa%20%28%20Tr%E1%BA%A3i%20nghi%E1%BB%87m%20cu%E1%BB%99c%20s%E1%BB%91ng%20l%C3%A0ng%20ch%C3%A0i%20%29%2C%20hoa%20hiep%2C%20%C4%91ak%20lak
2026-09-08 08:40:20,295 | INFO | Navigation success | attempt=1/3 | 0.19s | url=https://www.google.com/maps/search/?api=1&query=Gi%C3%B3%20N%E1%BB%93m%20Villa%20%28%20Tr%E1%BA%A3i%20nghi%E1%BB%87m%20cu%E1%BB%99c%20s%E1%BB%91ng%20l%C3%A0ng%20ch%C3%A0i%20%29%2C%20hoa%20hiep%2C%20%C4%91ak%20lak
2026-09-08 08:40:30,545 | INFO | Google Maps address search variant 9/12: Gió Nồm Villa ( Trải nghiệm cuộc sống làng chài ), le hanh
2026-09-08 08:40:30,545 | INFO | Navigation start | attempt=1/3 | timeout=15000ms | url=https://www.google.com/maps/search/?api=1&query=Gi%C3%B3%20N%E1%BB%93m%20Villa%20%28%20Tr%E1%BA%A3i%20nghi%E1%BB%87m%20cu%E1%BB%99c%20s%E1%BB%91ng%20l%C3%A0ng%20ch%C3%A0i%20%29%2C%20le%20hanh
2026-09-08 08:40:30,744 | INFO | Navigation success | attempt=1/3 | 0.20s | url=https://www.google.com/maps/search/?api=1&query=Gi%C3%B3%20N%E1%BB%93m%20Villa%20%28%20Tr%E1%BA%A3i%20nghi%E1%BB%87m%20cu%E1%BB%99c%20s%E1%BB%91ng%20l%C3%A0ng%20ch%C3%A0i%20%29%2C%20le%20hanh
2026-09-08 08:40:41,445 | INFO | Google Maps address search variant 10/12: Gió Nồm Villa ( Trải nghiệm cuộc sống làng chài ), hoa hiep
2026-09-08 08:40:41,446 | INFO | Navigation start | attempt=1/3 | timeout=15000ms | url=https://www.google.com/maps/search/?api=1&query=Gi%C3%B3%20N%E1%BB%93m%20Villa%20%28%20Tr%E1%BA%A3i%20nghi%E1%BB%87m%20cu%E1%BB%99c%20s%E1%BB%91ng%20l%C3%A0ng%20ch%C3%A0i%20%29%2C%20hoa%20hiep
2026-09-08 08:40:41,732 | INFO | Navigation success | attempt=1/3 | 0.29s | url=https://www.google.com/maps/search/?api=1&query=Gi%C3%B3%20N%E1%BB%93m%20Villa%20%28%20Tr%E1%BA%A3i%20nghi%E1%BB%87m%20cu%E1%BB%99c%20s%E1%BB%91ng%20l%C3%A0ng%20ch%C3%A0i%20%29%2C%20hoa%20hiep
