2026-09-07 15:53:13,138 | INFO | JSON lookup loaded: 0 Maps URLs
2026-09-07 15:53:16,469 | INFO | Existing URL check | maps_col=google_maps_url | url_col=URL | maps='' | url='' | reusable=''
2026-09-07 15:53:16,474 | INFO | Google Maps ADDRESS search 1/3: 48 đường 14A, Đức Hòa, Tây Ninh 82700, Vietnam, FURATON HOTEL 富来登酒店
2026-09-07 15:53:27,696 | INFO | VERIFY ADDRESS | input_title='FURATON HOTEL 富来登酒店' | actual_title='FURATON HOTEL 富来登酒店' | input_address='48 đường 14A, Đức Hòa, Tây Ninh 82700, Vietnam' | actual_address='48 đường 14A, Đức Hòa, Tây Ninh 82700, Việt Nam' | title_score=1.000 | address_score=1.000 | location_score=1.000 | exact_identity=True | input_has_address=True | success=True | reason=ADDRESS_SEARCH_ACCEPTED | url='https://www.google.com/maps/place/FURATON+HOTEL+%E5%AF%8C%E6%9D%A5%E7%99%BB%E9%85%92%E5%BA%97/@10.7969177,106.4618513,17z/data=!3m1!4b1!4m9!3m8!1s0x310ad3003e031d2b:0x7d32845a8ee8ef1d!5m2!4m1!1i2!8m2!3d10.7969177!4d106.4618513!16s%2Fg%2F11x5s2v2p1?entry=ttu&g_ep=EgoyMDI2MDkwMi4wIKXMDSoASAFQAw%3D%3D'
2026-09-07 15:53:27,698 | INFO | EXCEL SEARCH RESULT | success=True | status=FOUND | reason=VERIFIED | detail_reason=ADDRESS_SEARCH_ACCEPTED | google_maps_url='https://www.google.com/maps/place/FURATON+HOTEL+%E5%AF%8C%E6%9D%A5%E7%99%BB%E9%85%92%E5%BA%97/@10.7969177,106.4618513,17z/data=!3m1!4b1!4m9!3m8!1s0x310ad3003e031d2b:0x7d32845a8ee8ef1d!5m2!4m1!1i2!8m2!3d10.7969177!4d106.4618513!16s%2Fg%2F11x5s2v2p1?entry=ttu&g_ep=EgoyMDI2MDkwMi4wIKXMDSoASAFQAw%3D%3D' | url='https://www.google.com/maps/place/FURATON+HOTEL+%E5%AF%8C%E6%9D%A5%E7%99%BB%E9%85%92%E5%BA%97/@10.7969177,106.4618513,17z/data=!3m1!4b1!4m9!3m8!1s0x310ad3003e031d2b:0x7d32845a8ee8ef1d!5m2!4m1!1i2!8m2!3d10.7969177!4d106.4618513!16s%2Fg%2F11x5s2v2p1?entry=ttu&g_ep=EgoyMDI2MDkwMi4wIKXMDSoASAFQAw%3D%3D' | cleaned_url='https://www.google.com/maps/place/FURATON+HOTEL+%E5%AF%8C%E6%9D%A5%E7%99%BB%E9%85%92%E5%BA%97/@10.7969177,106.4618513,17z/data=!3m1!4b1!4m9!3m8!1s0x310ad3003e031d2b:0x7d32845a8ee8ef1d!5m2!4m1!1i2!8m2!3d10.7969177!4d106.4618513!16s%2Fg%2F11x5s2v2p1?entry=ttu&g_ep=EgoyMDI2MDkwMi4wIKXMDSoASAFQAw%3D%3D'
2026-09-07 15:53:28,951 | INFO | Existing URL check | maps_col=google_maps_url | url_col=URL | maps='' | url='' | reusable=''
2026-09-07 15:53:29,163 | INFO | Google Maps ADDRESS search 1/3: Binh Duc, Tay Ninh, Vietnam, Hana Villa - Entire Place
2026-09-07 15:53:37,531 | INFO | VERIFY ADDRESS | input_title='Hana Villa - Entire Place' | actual_title='Pickleball Hana' | input_address='Binh Duc, Tay Ninh, Vietnam' | actual_address='' | title_score=0.210 | address_score=0.000 | location_score=0.000 | exact_identity=False | input_has_address=True | success=False | reason=ADDRESS_TITLE_MISMATCH | url='https://www.google.com/maps/place/Pickleball+Hana/@10.6384531,106.436366,17z/data=!3m1!4b1!4m6!3m5!1s0x310acf747a0479b7:0xa372411d9abf07f2!8m2!3d10.6384531!4d106.436366!16s%2Fg%2F11jsdgwmyp?entry=ttu&g_ep=EgoyMDI2MDkwMi4wIKXMDSoASAFQAw%3D%3D'
2026-09-07 15:53:37,533 | INFO | Google Maps ADDRESS search 2/3: Hana Villa - Entire Place, Binh Duc, Tay Ninh, Vietnam
2026-09-07 15:53:45,955 | INFO | VERIFY ADDRESS | input_title='Hana Villa - Entire Place' | actual_title='Hana Villa' | input_address='Binh Duc, Tay Ninh, Vietnam' | actual_address='' | title_score=0.900 | address_score=0.000 | location_score=0.000 | exact_identity=False | input_has_address=True | success=False | reason=ADDRESS_UNAVAILABLE | url='https://www.google.com/maps/place/Hana+Villa/data=!4m7!3m6!1s0x317531000ee5f09b:0xe4f644a464b8fd1!8m2!3d10.6939158!4d106.7229733!16s/g/11ln0cr0m6!19sChIJm_DlDgAxdTER0Y9LRkpkTw4?authuser=0&hl=vi&g_ep=EgoyMDI2MDkwMi4wIJJjKgBIAVAD&rclk=1'
2026-09-07 15:53:45,957 | INFO | Google Maps ADDRESS search 3/3: Binh Duc, Tay Ninh, Vietnam
2026-09-07 15:53:51,053 | INFO | NO_CANDIDATES | mode=address | title='Hana Villa - Entire Place' | address='Binh Duc, Tay Ninh, Vietnam' | page_url='https://www.google.com/maps/place/B%C3%ACnh+%C4%90%E1%BB%A9c,+Long+An,+Vi%E1%BB%87t+Nam/@10.6425364,106.4287015,13z/data=!3m1!4b1!4m6!3m5!1s0x310acea7de00dce5:0x5a0fe0d6bd9467c4!8m2!3d10.6175291!4d106.4523662!16s%2Fg%2F11nbb6qcdg?entry=ttu&g_ep=EgoyMDI2MDkwMi4wIKXMDSoASAFQAw%3D%3D'
2026-09-07 15:53:51,056 | INFO | ADDRESS PHASE FAILED -> TITLE FALLBACK | Hana Villa - Entire Place | Binh Duc, Tay Ninh, Vietnam
2026-09-07 15:53:51,065 | INFO | Google Maps TITLE fallback 1/3: Hana Villa - Entire Place
2026-09-07 15:54:02,299 | INFO | VERIFY TITLE | input_title='Hana Villa - Entire Place' | actual_title='Hana Villa' | input_address='Binh Duc, Tay Ninh, Vietnam' | actual_address='' | title_score=0.900 | address_score=0.000 | location_score=0.000 | exact_identity=False | input_has_address=True | success=False | reason=TITLE_MISMATCH | url='https://www.google.com/maps/place/Hana+Villa/data=!4m7!3m6!1s0x317531000ee5f09b:0xe4f644a464b8fd1!8m2!3d10.6939158!4d106.7229733!16s/g/11ln0cr0m6!19sChIJm_DlDgAxdTER0Y9LRkpkTw4?authuser=0&hl=vi&g_ep=EgoyMDI2MDkwMi4wIJJjKgBIAVAD&rclk=1'
2026-09-07 15:54:04,666 | INFO | VERIFY TITLE | input_title='Hana Villa - Entire Place' | actual_title='Hana Villa' | input_address='Binh Duc, Tay Ninh, Vietnam' | actual_address='' | title_score=0.900 | address_score=0.000 | location_score=0.000 | exact_identity=False | input_has_address=True | success=False | reason=TITLE_MISMATCH | url='https://www.google.com/maps/place/Hana+Villa/data=!4m7!3m6!1s0x31752536aa39beb7:0x10b8b81035be1471!8m2!3d10.7705206!4d106.7547606!16s/g/11lp_77vsx!19sChIJt745qjYldTERcRS-NRC4uBA?authuser=0&hl=vi&g_ep=EgoyMDI2MDkwMi4wIJJjKgBIAVAD&rclk=1'
2026-09-07 15:54:06,770 | INFO | VERIFY TITLE | input_title='Hana Villa - Entire Place' | actual_title='Hana Villa' | input_address='Binh Duc, Tay Ninh, Vietnam' | actual_address='' | title_score=0.900 | address_score=0.000 | location_score=0.000 | exact_identity=False | input_has_address=True | success=False | reason=TITLE_MISMATCH | url='https://www.google.com/maps/place/Hana+Villa/data=!4m7!3m6!1s0x31421770f287e47b:0x677b7bc6d843eef!8m2!3d16.0763042!4d108.2413598!16s/g/11mqwkjm3d!19sChIJe-SH8nAXQjER7z6Ebby3dwY?authuser=0&hl=vi&g_ep=EgoyMDI2MDkwMi4wIJJjKgBIAVAD&rclk=1'
2026-09-07 15:54:10,749 | INFO | VERIFY TITLE | input_title='Hana Villa - Entire Place' | actual_title='Hana Villa' | input_address='Binh Duc, Tay Ninh, Vietnam' | actual_address='' | title_score=0.900 | address_score=0.000 | location_score=0.000 | exact_identity=False | input_has_address=True | success=False | reason=TITLE_MISMATCH | url='https://www.google.com/maps/place/Hana+Villa/data=!4m7!3m6!1s0x3174d90064f9f011:0xada686205a86a475!8m2!3d10.9489205!4d106.7466724!16s/g/11y8ngrp07!19sChIJEfD5ZADZdDERdaSGWiCGpq0?authuser=0&hl=vi&g_ep=EgoyMDI2MDkwMi4wIJJjKgBIAVAD&rclk=1'
2026-09-07 15:54:16,027 | INFO | VERIFY TITLE | input_title='Hana Villa - Entire Place' | actual_title='HANA VILLA' | input_address='Binh Duc, Tay Ninh, Vietnam' | actual_address='' | title_score=0.900 | address_score=0.000 | location_score=0.000 | exact_identity=False | input_has_address=True | success=False | reason=TITLE_MISMATCH | url='https://www.google.com/maps/place/HANA+VILLA/data=!4m7!3m6!1s0x314211006dfe1e97:0x6a0071df02e04114!8m2!3d15.9603534!4d108.2736417!16s/g/11xf8mwzqg!19sChIJlx7-bQARQjERFEHgAt9xAGo?authuser=0&hl=vi&g_ep=EgoyMDI2MDkwMi4wIJJjKgBIAVAD&rclk=1'
2026-09-07 15:54:16,030 | INFO | Google Maps TITLE fallback 2/3: Hana Villa - Entire Place, binh duc, tay ninh
2026-09-07 15:54:24,071 | INFO | VERIFY TITLE | input_title='Hana Villa - Entire Place' | actual_title='Hana Villa' | input_address='Binh Duc, Tay Ninh, Vietnam' | actual_address='' | title_score=0.900 | address_score=0.000 | location_score=0.000 | exact_identity=False | input_has_address=True | success=False | reason=TITLE_MISMATCH | url='https://www.google.com/maps/place/Hana+Villa/data=!4m7!3m6!1s0x317531000ee5f09b:0xe4f644a464b8fd1!8m2!3d10.6939158!4d106.7229733!16s/g/11ln0cr0m6!19sChIJm_DlDgAxdTER0Y9LRkpkTw4?authuser=0&hl=vi&g_ep=EgoyMDI2MDkwMi4wIJJjKgBIAVAD&rclk=1'
2026-09-07 15:54:24,078 | INFO | Google Maps TITLE fallback 3/3: Hana Villa - Entire Place, Binh Duc, Tay Ninh, Vietnam
2026-09-07 15:54:33,448 | INFO | VERIFY TITLE | input_title='Hana Villa - Entire Place' | actual_title='Hana Villa' | input_address='Binh Duc, Tay Ninh, Vietnam' | actual_address='' | title_score=0.900 | address_score=0.000 | location_score=0.000 | exact_identity=False | input_has_address=True | success=False | reason=TITLE_MISMATCH | url='https://www.google.com/maps/place/Hana+Villa/data=!4m7!3m6!1s0x317531000ee5f09b:0xe4f644a464b8fd1!8m2!3d10.6939158!4d106.7229733!16s/g/11ln0cr0m6!19sChIJm_DlDgAxdTER0Y9LRkpkTw4?authuser=0&hl=vi&g_ep=EgoyMDI2MDkwMi4wIJJjKgBIAVAD&rclk=1'
2026-09-07 15:54:33,449 | WARNING | Google Maps NOT_VERIFIED after ADDRESS + TITLE fallback | title='Hana Villa - Entire Place' | address='Binh Duc, Tay Ninh, Vietnam' | detail_reason=ADDRESS_UNAVAILABLE
2026-09-07 15:54:33,450 | INFO | EXCEL SEARCH RESULT | success=False | status=MISSING | reason=NOT_VERIFIED | detail_reason=ADDRESS_UNAVAILABLE | google_maps_url=None | url=None | cleaned_url=''
2026-09-07 15:54:34,842 | INFO | Existing URL check | maps_col=google_maps_url | url_col=URL | maps='' | url='' | reusable=''
2026-09-07 15:54:34,845 | INFO | Google Maps ADDRESS search 1/3: Khu phố 4, Tan Ninh, Tay Ninh, Vietnam, HANZ Mai Vy Hotel - Double Room
2026-09-07 15:54:42,061 | INFO | VERIFY ADDRESS | input_title='HANZ Mai Vy Hotel - Double Room' | actual_title='Mai Vy Hotel Tây Ninh' | input_address='Khu phố 4, Tan Ninh, Tay Ninh, Vietnam' | actual_address='' | title_score=0.560 | address_score=0.000 | location_score=0.000 | exact_identity=False | input_has_address=True | success=False | reason=ADDRESS_TITLE_MISMATCH | url='https://www.google.com/maps/place/Mai+Vy+Hotel+T%C3%A2y+Ninh/@11.3002892,106.1022921,17z/data=!4m9!3m8!1s0x310b6b2730355873:0xe89d9bbfb87c6857!5m2!4m1!1i2!8m2!3d11.3002892!4d106.1022921!16s%2Fg%2F11nnrfm3bw?entry=ttu&g_ep=EgoyMDI2MDkwMi4wIKXMDSoASAFQAw%3D%3D'
2026-09-07 15:54:42,062 | INFO | Google Maps ADDRESS search 2/3: HANZ Mai Vy Hotel - Double Room, Khu phố 4, Tan Ninh, Tay Ninh, Vietnam
2026-09-07 15:54:48,187 | INFO | VERIFY ADDRESS | input_title='HANZ Mai Vy Hotel - Double Room' | actual_title='Mai Vy Hotel Tây Ninh' | input_address='Khu phố 4, Tan Ninh, Tay Ninh, Vietnam' | actual_address='' | title_score=0.560 | address_score=0.000 | location_score=0.000 | exact_identity=False | input_has_address=True | success=False | reason=ADDRESS_TITLE_MISMATCH | url='https://www.google.com/maps/place/Mai+Vy+Hotel+T%C3%A2y+Ninh/@11.3002892,106.1022921,17z/data=!3m1!4b1!4m9!3m8!1s0x310b6b2730355873:0xe89d9bbfb87c6857!5m2!4m1!1i2!8m2!3d11.3002892!4d106.1022921!16s%2Fg%2F11nnrfm3bw?entry=ttu&g_ep=EgoyMDI2MDkwMi4wIKXMDSoASAFQAw%3D%3D'
2026-09-07 15:54:48,187 | INFO | Google Maps ADDRESS search 3/3: Khu phố 4, Tan Ninh, Tay Ninh, Vietnam
2026-09-07 15:54:52,641 | INFO | NO_CANDIDATES | mode=address | title='HANZ Mai Vy Hotel - Double Room' | address='Khu phố 4, Tan Ninh, Tay Ninh, Vietnam' | page_url='https://www.google.com/maps/place/Khu+ph%E1%BB%91+4,+Ph%C6%B0%E1%BB%9Dng+3,+T%C3%A2n+Ninh,+T%C3%A2y+Ninh,+Vi%E1%BB%87t+Nam/@11.2994516,106.1017514,16z/data=!3m1!4b1!4m6!3m5!1s0x310b6b065db99b2b:0x6f9acbf646eba2f9!8m2!3d11.2993867!4d106.1007608!16s%2Fg%2F1tfjsr3t?entry=ttu&g_ep=EgoyMDI2MDkwMi4wIKXMDSoASAFQAw%3D%3D'
2026-09-07 15:54:52,641 | INFO | ADDRESS PHASE FAILED -> TITLE FALLBACK | HANZ Mai Vy Hotel - Double Room | Khu phố 4, Tan Ninh, Tay Ninh, Vietnam
2026-09-07 15:54:52,642 | INFO | Google Maps TITLE fallback 1/3: HANZ Mai Vy Hotel - Double Room
2026-09-07 15:54:58,527 | INFO | VERIFY TITLE | input_title='HANZ Mai Vy Hotel - Double Room' | actual_title='HANZ Mai Vy Hotel' | input_address='Khu phố 4, Tan Ninh, Tay Ninh, Vietnam' | actual_address='' | title_score=0.900 | address_score=0.000 | location_score=0.000 | exact_identity=False | input_has_address=True | success=False | reason=TITLE_MISMATCH | url='https://www.google.com/maps/place/HANZ+Mai+Vy+Hotel/data=!4m11!3m10!1s0x310b6b065623264f:0xb88aa913224a71da!5m2!4m1!1i2!8m2!3d11.3002396!4d106.1021881!16s/g/11zwyyqgfn!17BQ0FF!19sChIJTyYjVgZrCzER2nFKIhOpirg?authuser=0&hl=vi&g_ep=EgoyMDI2MDkwMi4wIJJjKgBIAVAD&rclk=1'
2026-09-07 15:55:00,283 | INFO | VERIFY TITLE | input_title='HANZ Mai Vy Hotel - Double Room' | actual_title='Mai Vy Hotel' | input_address='Khu phố 4, Tan Ninh, Tay Ninh, Vietnam' | actual_address='' | title_score=0.900 | address_score=0.000 | location_score=0.000 | exact_identity=False | input_has_address=True | success=False | reason=TITLE_MISMATCH | url='https://www.google.com/maps/place/Mai+Vy+Hotel/data=!4m10!3m9!1s0x31752f46271a4731:0xd80a843705998ad5!5m2!4m1!1i2!8m2!3d10.7677555!4d106.6925309!16s/g/11h3ngc75g!19sChIJMUcaJ0YvdTER1YqZBTeECtg?authuser=0&hl=vi&g_ep=EgoyMDI2MDkwMi4wIJJjKgBIAVAD&rclk=1'
2026-09-07 15:55:00,284 | INFO | Google Maps TITLE fallback 2/3: HANZ Mai Vy Hotel - Double Room, tan ninh, tay ninh
2026-09-07 15:55:04,056 | INFO | NO_CANDIDATES | mode=title | title='HANZ Mai Vy Hotel - Double Room' | address='Khu phố 4, Tan Ninh, Tay Ninh, Vietnam' | page_url='https://www.google.com/maps/search/?api=1&query=HANZ%20Mai%20Vy%20Hotel%20-%20Double%20Room%2C%20tan%20ninh%2C%20tay%20ninh'
2026-09-07 15:55:04,056 | INFO | Google Maps TITLE fallback 3/3: HANZ Mai Vy Hotel - Double Room, Khu phố 4, Tan Ninh, Tay Ninh, Vietnam
2026-09-07 15:55:08,452 | INFO | NO_CANDIDATES | mode=title | title='HANZ Mai Vy Hotel - Double Room' | address='Khu phố 4, Tan Ninh, Tay Ninh, Vietnam' | page_url='https://www.google.com/maps/search/?api=1&query=HANZ%20Mai%20Vy%20Hotel%20-%20Double%20Room%2C%20Khu%20ph%E1%BB%91%204%2C%20Tan%20Ninh%2C%20Tay%20Ninh%2C%20Vietnam'
2026-09-07 15:55:08,452 | WARNING | Google Maps NOT_VERIFIED after ADDRESS + TITLE fallback | title='HANZ Mai Vy Hotel - Double Room' | address='Khu phố 4, Tan Ninh, Tay Ninh, Vietnam' | detail_reason=TITLE_MISMATCH
2026-09-07 15:55:08,452 | INFO | EXCEL SEARCH RESULT | success=False | status=MISSING | reason=NOT_VERIFIED | detail_reason=TITLE_MISMATCH | google_maps_url=None | url=None | cleaned_url=''
2026-09-07 15:55:09,852 | INFO | Existing URL check | maps_col=google_maps_url | url_col=URL | maps='' | url='' | reusable=''
2026-09-07 15:55:09,852 | INFO | Google Maps ADDRESS search 1/3: Khu phố 4, Tan Ninh, Tay Ninh, Vietnam, HANZ Mai Vy Hotel - Junior Suite
2026-09-07 15:55:13,572 | INFO | NO_CANDIDATES | mode=address | title='HANZ Mai Vy Hotel - Junior Suite' | address='Khu phố 4, Tan Ninh, Tay Ninh, Vietnam' | page_url='https://www.google.com/maps/search/?api=1&query=Khu%20ph%E1%BB%91%204%2C%20Tan%20Ninh%2C%20Tay%20Ninh%2C%20Vietnam%2C%20HANZ%20Mai%20Vy%20Hotel%20-%20Junior%20Suite'
2026-09-07 15:55:13,572 | INFO | Google Maps ADDRESS search 2/3: HANZ Mai Vy Hotel - Junior Suite, Khu phố 4, Tan Ninh, Tay Ninh, Vietnam
2026-09-07 15:55:18,551 | INFO | NO_CANDIDATES | mode=address | title='HANZ Mai Vy Hotel - Junior Suite' | address='Khu phố 4, Tan Ninh, Tay Ninh, Vietnam' | page_url='https://www.google.com/maps/search/?api=1&query=HANZ%20Mai%20Vy%20Hotel%20-%20Junior%20Suite%2C%20Khu%20ph%E1%BB%91%204%2C%20Tan%20Ninh%2C%20Tay%20Ninh%2C%20Vietnam'
2026-09-07 15:55:18,552 | INFO | Google Maps ADDRESS search 3/3: Khu phố 4, Tan Ninh, Tay Ninh, Vietnam
2026-09-07 15:55:22,574 | INFO | NO_CANDIDATES | mode=address | title='HANZ Mai Vy Hotel - Junior Suite' | address='Khu phố 4, Tan Ninh, Tay Ninh, Vietnam' | page_url='https://www.google.com/maps/search/?api=1&query=Khu%20ph%E1%BB%91%204%2C%20Tan%20Ninh%2C%20Tay%20Ninh%2C%20Vietnam'
2026-09-07 15:55:22,575 | INFO | ADDRESS PHASE FAILED -> TITLE FALLBACK | HANZ Mai Vy Hotel - Junior Suite | Khu phố 4, Tan Ninh, Tay Ninh, Vietnam
2026-09-07 15:55:22,575 | INFO | Google Maps TITLE fallback 1/3: HANZ Mai Vy Hotel - Junior Suite
2026-09-07 15:55:32,162 | INFO | VERIFY TITLE | input_title='HANZ Mai Vy Hotel - Junior Suite' | actual_title='HANZ Mai Vy Hotel' | input_address='Khu phố 4, Tan Ninh, Tay Ninh, Vietnam' | actual_address='' | title_score=0.900 | address_score=0.000 | location_score=0.000 | exact_identity=False | input_has_address=True | success=False | reason=TITLE_MISMATCH | url='https://www.google.com/maps/place/HANZ+Mai+Vy+Hotel/data=!4m11!3m10!1s0x310b6b065623264f:0xb88aa913224a71da!5m2!4m1!1i2!8m2!3d11.3002396!4d106.1021881!16s/g/11zwyyqgfn!17BQ0FF!19sChIJTyYjVgZrCzER2nFKIhOpirg?authuser=0&hl=vi&g_ep=EgoyMDI2MDkwMi4wIJJjKgBIAVAD&rclk=1'
2026-09-07 15:55:32,163 | INFO | Google Maps TITLE fallback 2/3: HANZ Mai Vy Hotel - Junior Suite, tan ninh, tay ninh
2026-09-07 15:55:35,373 | INFO | Google Maps TITLE fallback 3/3: HANZ Mai Vy Hotel - Junior Suite, Khu phố 4, Tan Ninh, Tay Ninh, Vietnam
2026-09-07 15:55:40,307 | INFO | NO_CANDIDATES | mode=title | title='HANZ Mai Vy Hotel - Junior Suite' | address='Khu phố 4, Tan Ninh, Tay Ninh, Vietnam' | page_url='https://www.google.com/maps/search/?api=1&query=HANZ%20Mai%20Vy%20Hotel%20-%20Junior%20Suite%2C%20Khu%20ph%E1%BB%91%204%2C%20Tan%20Ninh%2C%20Tay%20Ninh%2C%20Vietnam'
2026-09-07 15:55:40,308 | WARNING | Google Maps NOT_VERIFIED after ADDRESS + TITLE fallback | title='HANZ Mai Vy Hotel - Junior Suite' | address='Khu phố 4, Tan Ninh, Tay Ninh, Vietnam' | detail_reason=TITLE_MISMATCH
2026-09-07 15:55:40,308 | INFO | EXCEL SEARCH RESULT | success=False | status=MISSING | reason=NOT_VERIFIED | detail_reason=TITLE_MISMATCH | google_maps_url=None | url=None | cleaned_url=''
2026-09-07 15:55:41,530 | INFO | Existing URL check | maps_col=google_maps_url | url_col=URL | maps='' | url='' | reusable=''
2026-09-07 15:55:41,531 | INFO | Google Maps ADDRESS search 1/3: 3a Long Trung, Khu phố 3, Long Hoa, Tây Ninh, Vietnam, Hoàng Family’s Homestay
2026-09-07 15:55:45,905 | INFO | NO_CANDIDATES | mode=address | title='Hoàng Family’s Homestay' | address='3a Long Trung, Khu phố 3, Long Hoa, Tây Ninh, Vietnam' | page_url='https://www.google.com/maps/search/?api=1&query=3a%20Long%20Trung%2C%20Khu%20ph%E1%BB%91%203%2C%20Long%20Hoa%2C%20T%C3%A2y%20Ninh%2C%20Vietnam%2C%20Ho%C3%A0ng%20Family%E2%80%99s%20Homestay'
2026-09-07 15:55:45,905 | INFO | Google Maps ADDRESS search 2/3: Hoàng Family’s Homestay, 3a Long Trung, Khu phố 3, Long Hoa, Tây Ninh, Vietnam
2026-09-07 15:55:49,572 | INFO | NO_CANDIDATES | mode=address | title='Hoàng Family’s Homestay' | address='3a Long Trung, Khu phố 3, Long Hoa, Tây Ninh, Vietnam' | page_url='https://www.google.com/maps/search/?api=1&query=Ho%C3%A0ng%20Family%E2%80%99s%20Homestay%2C%203a%20Long%20Trung%2C%20Khu%20ph%E1%BB%91%203%2C%20Long%20Hoa%2C%20T%C3%A2y%20Ninh%2C%20Vietnam'
2026-09-07 15:55:49,573 | INFO | Google Maps ADDRESS search 3/3: 3a Long Trung, Khu phố 3, Long Hoa, Tây Ninh, Vietnam
2026-09-07 15:55:57,430 | INFO | VERIFY ADDRESS | input_title='Hoàng Family’s Homestay' | actual_title='Hoàng Family’s Homestay' | input_address='3a Long Trung, Khu phố 3, Long Hoa, Tây Ninh, Vietnam' | actual_address='' | title_score=1.000 | address_score=0.000 | location_score=0.000 | exact_identity=True | input_has_address=True | success=False | reason=ADDRESS_UNAVAILABLE | url='https://www.google.com/maps/place/Ho%C3%A0ng+Family%E2%80%99s+Homestay/data=!4m7!3m6!1s0x310b6b006c38106f:0x3261fe8dc9286b8d!8m2!3d11.284332!4d106.1242384!16s/g/11ms6n5qtn!19sChIJbxA4bABrCzERjWsoyY3-YTI?authuser=0&hl=vi&g_ep=EgoyMDI2MDkwMi4wIJJjKgBIAVAD&rclk=1'
2026-09-07 15:55:57,431 | INFO | ADDRESS PHASE FAILED -> TITLE FALLBACK | Hoàng Family’s Homestay | 3a Long Trung, Khu phố 3, Long Hoa, Tây Ninh, Vietnam
2026-09-07 15:55:57,431 | INFO | Google Maps TITLE fallback 1/3: Hoàng Family’s Homestay
2026-09-07 15:56:02,699 | INFO | NO_CANDIDATES | mode=title | title='Hoàng Family’s Homestay' | address='3a Long Trung, Khu phố 3, Long Hoa, Tây Ninh, Vietnam' | page_url='https://www.google.com/maps/search/?api=1&query=Ho%C3%A0ng%20Family%E2%80%99s%20Homestay'
2026-09-07 15:56:02,701 | INFO | Google Maps TITLE fallback 2/3: Hoàng Family’s Homestay, long hoa, tay ninh
2026-09-07 15:56:07,432 | INFO | NO_CANDIDATES | mode=title | title='Hoàng Family’s Homestay' | address='3a Long Trung, Khu phố 3, Long Hoa, Tây Ninh, Vietnam' | page_url='https://www.google.com/maps/search/?api=1&query=Ho%C3%A0ng%20Family%E2%80%99s%20Homestay%2C%20long%20hoa%2C%20tay%20ninh'
2026-09-07 15:56:07,434 | INFO | Google Maps TITLE fallback 3/3: Hoàng Family’s Homestay, 3a Long Trung, Khu phố 3, Long Hoa, Tây Ninh, Vietnam
2026-09-07 15:56:12,026 | INFO | NO_CANDIDATES | mode=title | title='Hoàng Family’s Homestay' | address='3a Long Trung, Khu phố 3, Long Hoa, Tây Ninh, Vietnam' | page_url='https://www.google.com/maps/search/?api=1&query=Ho%C3%A0ng%20Family%E2%80%99s%20Homestay%2C%203a%20Long%20Trung%2C%20Khu%20ph%E1%BB%91%203%2C%20Long%20Hoa%2C%20T%C3%A2y%20Ninh%2C%20Vietnam'
2026-09-07 15:56:12,026 | WARNING | Google Maps NOT_VERIFIED after ADDRESS + TITLE fallback | title='Hoàng Family’s Homestay' | address='3a Long Trung, Khu phố 3, Long Hoa, Tây Ninh, Vietnam' | detail_reason=ADDRESS_UNAVAILABLE
2026-09-07 15:56:12,028 | INFO | EXCEL SEARCH RESULT | success=False | status=MISSING | reason=NOT_VERIFIED | detail_reason=ADDRESS_UNAVAILABLE | google_maps_url=None | url=None | cleaned_url=''
2026-09-07 15:56:13,718 | INFO | Existing URL check | maps_col=google_maps_url | url_col=URL | maps='' | url='' | reusable=''
2026-09-07 15:56:13,723 | INFO | Google Maps ADDRESS search 1/3: 74PC6CC, Khu phố 3, Hòa Thành, Tây Ninh, Vietnam, Hoàng Gia Family’s Homestay
2026-09-07 15:56:17,953 | INFO | NO_CANDIDATES | mode=address | title='Hoàng Gia Family’s Homestay' | address='74PC6CC, Khu phố 3, Hòa Thành, Tây Ninh, Vietnam' | page_url='https://www.google.com/maps/search/?api=1&query=74PC6CC%2C%20Khu%20ph%E1%BB%91%203%2C%20H%C3%B2a%20Th%C3%A0nh%2C%20T%C3%A2y%20Ninh%2C%20Vietnam%2C%20Ho%C3%A0ng%20Gia%20Family%E2%80%99s%20Homestay'
2026-09-07 15:56:17,954 | INFO | Google Maps ADDRESS search 2/3: Hoàng Gia Family’s Homestay, 74PC6CC, Khu phố 3, Hòa Thành, Tây Ninh, Vietnam
2026-09-07 15:56:23,164 | INFO | VERIFY ADDRESS | input_title='Hoàng Gia Family’s Homestay' | actual_title='Hoàng Gia Family’s Homestay' | input_address='74PC6CC, Khu phố 3, Hòa Thành, Tây Ninh, Vietnam' | actual_address='' | title_score=1.000 | address_score=0.000 | location_score=0.000 | exact_identity=True | input_has_address=True | success=False | reason=ADDRESS_UNAVAILABLE | url='https://www.google.com/maps/place/Ho%C3%A0ng+Gia+Family%E2%80%99s+Homestay/data=!4m7!3m6!1s0x310b6b001a0314bd:0x6c7c2113d87c2cf4!8m2!3d11.2843294!4d106.1206767!16s/g/11yvy5sz7b!19sChIJvRQDGgBrCzER9Cx82BMhfGw?authuser=0&hl=vi&g_ep=EgoyMDI2MDkwMi4wIJJjKgBIAVAD&rclk=1'
2026-09-07 15:56:26,280 | INFO | VERIFY ADDRESS | input_title='Hoàng Gia Family’s Homestay' | actual_title='Hoàng Family’s Homestay' | input_address='74PC6CC, Khu phố 3, Hòa Thành, Tây Ninh, Vietnam' | actual_address='' | title_score=0.920 | address_score=0.000 | location_score=0.000 | exact_identity=False | input_has_address=True | success=False | reason=ADDRESS_UNAVAILABLE | url='https://www.google.com/maps/place/Ho%C3%A0ng+Family%E2%80%99s+Homestay/data=!4m7!3m6!1s0x310b6b006c38106f:0x3261fe8dc9286b8d!8m2!3d11.284332!4d106.1242384!16s/g/11ms6n5qtn!19sChIJbxA4bABrCzERjWsoyY3-YTI?authuser=0&hl=vi&g_ep=EgoyMDI2MDkwMi4wIJJjKgBIAVAD&rclk=1'
2026-09-07 15:56:26,281 | INFO | Google Maps ADDRESS search 3/3: 74PC6CC, Khu phố 3, Hòa Thành, Tây Ninh, Vietnam
2026-09-07 15:56:29,087 | INFO | ADDRESS PHASE FAILED -> TITLE FALLBACK | Hoàng Gia Family’s Homestay | 74PC6CC, Khu phố 3, Hòa Thành, Tây Ninh, Vietnam
2026-09-07 15:56:29,087 | INFO | Google Maps TITLE fallback 1/3: Hoàng Gia Family’s Homestay
2026-09-07 15:56:32,300 | INFO | NO_CANDIDATES | mode=title | title='Hoàng Gia Family’s Homestay' | address='74PC6CC, Khu phố 3, Hòa Thành, Tây Ninh, Vietnam' | page_url='https://www.google.com/maps/search/?api=1&query=Ho%C3%A0ng%20Gia%20Family%E2%80%99s%20Homestay'
2026-09-07 15:56:32,300 | INFO | Google Maps TITLE fallback 2/3: Hoàng Gia Family’s Homestay, hoa thanh, tay ninh
2026-09-07 15:56:37,280 | INFO | NO_CANDIDATES | mode=title | title='Hoàng Gia Family’s Homestay' | address='74PC6CC, Khu phố 3, Hòa Thành, Tây Ninh, Vietnam' | page_url='https://www.google.com/maps/search/?api=1&query=Ho%C3%A0ng%20Gia%20Family%E2%80%99s%20Homestay%2C%20hoa%20thanh%2C%20tay%20ninh'
2026-09-07 15:56:37,282 | INFO | Google Maps TITLE fallback 3/3: Hoàng Gia Family’s Homestay, 74PC6CC, Khu phố 3, Hòa Thành, Tây Ninh, Vietnam
2026-09-07 15:56:42,851 | INFO | VERIFY TITLE | input_title='Hoàng Gia Family’s Homestay' | actual_title='Hoàng Gia Family’s Homestay' | input_address='74PC6CC, Khu phố 3, Hòa Thành, Tây Ninh, Vietnam' | actual_address='' | title_score=1.000 | address_score=0.000 | location_score=0.000 | exact_identity=True | input_has_address=True | success=False | reason=ADDRESS_UNAVAILABLE | url='https://www.google.com/maps/place/Ho%C3%A0ng+Gia+Family%E2%80%99s+Homestay/data=!4m7!3m6!1s0x310b6b001a0314bd:0x6c7c2113d87c2cf4!8m2!3d11.2843294!4d106.1206767!16s/g/11yvy5sz7b!19sChIJvRQDGgBrCzER9Cx82BMhfGw?authuser=0&hl=vi&g_ep=EgoyMDI2MDkwMi4wIJJjKgBIAVAD&rclk=1'
2026-09-07 15:56:46,021 | INFO | VERIFY TITLE | input_title='Hoàng Gia Family’s Homestay' | actual_title='Hoàng Family’s Homestay' | input_address='74PC6CC, Khu phố 3, Hòa Thành, Tây Ninh, Vietnam' | actual_address='' | title_score=0.920 | address_score=0.000 | location_score=0.000 | exact_identity=False | input_has_address=True | success=False | reason=ADDRESS_UNAVAILABLE | url='https://www.google.com/maps/place/Ho%C3%A0ng+Family%E2%80%99s+Homestay/data=!4m7!3m6!1s0x310b6b006c38106f:0x3261fe8dc9286b8d!8m2!3d11.284332!4d106.1242384!16s/g/11ms6n5qtn!19sChIJbxA4bABrCzERjWsoyY3-YTI?authuser=0&hl=vi&g_ep=EgoyMDI2MDkwMi4wIJJjKgBIAVAD&rclk=1'
2026-09-07 15:56:46,022 | WARNING | Google Maps NOT_VERIFIED after ADDRESS + TITLE fallback | title='Hoàng Gia Family’s Homestay' | address='74PC6CC, Khu phố 3, Hòa Thành, Tây Ninh, Vietnam' | detail_reason=ADDRESS_UNAVAILABLE
2026-09-07 15:56:46,022 | INFO | EXCEL SEARCH RESULT | success=False | status=MISSING | reason=NOT_VERIFIED | detail_reason=ADDRESS_UNAVAILABLE | google_maps_url=None | url=None | cleaned_url=''
2026-09-07 15:56:47,704 | INFO | Existing URL check | maps_col=google_maps_url | url_col=URL | maps='' | url='' | reusable=''
2026-09-07 15:56:47,707 | INFO | Google Maps ADDRESS search 1/3: 81 Nguyễn Thị Kiểu, Mỹ Lộc, Tây Ninh, Vietnam, Home stay
2026-09-07 15:56:52,462 | INFO | NO_CANDIDATES | mode=address | title='Home stay' | address='81 Nguyễn Thị Kiểu, Mỹ Lộc, Tây Ninh, Vietnam' | page_url='https://www.google.com/maps/search/?api=1&query=81%20Nguy%E1%BB%85n%20Th%E1%BB%8B%20Ki%E1%BB%83u%2C%20M%E1%BB%B9%20L%E1%BB%99c%2C%20T%C3%A2y%20Ninh%2C%20Vietnam%2C%20Home%20stay'
2026-09-07 15:56:52,463 | INFO | Google Maps ADDRESS search 2/3: Home stay, 81 Nguyễn Thị Kiểu, Mỹ Lộc, Tây Ninh, Vietnam
2026-09-07 15:56:55,941 | INFO | NO_CANDIDATES | mode=address | title='Home stay' | address='81 Nguyễn Thị Kiểu, Mỹ Lộc, Tây Ninh, Vietnam' | page_url='https://www.google.com/maps/search/?api=1&query=Home%20stay%2C%2081%20Nguy%E1%BB%85n%20Th%E1%BB%8B%20Ki%E1%BB%83u%2C%20M%E1%BB%B9%20L%E1%BB%99c%2C%20T%C3%A2y%20Ninh%2C%20Vietnam'
2026-09-07 15:56:55,941 | INFO | Google Maps ADDRESS search 3/3: 81 Nguyễn Thị Kiểu, Mỹ Lộc, Tây Ninh, Vietnam
2026-09-07 15:57:09,200 | INFO | VERIFY ADDRESS | input_title='Home stay' | actual_title='Home stay' | input_address='81 Nguyễn Thị Kiểu, Mỹ Lộc, Tây Ninh, Vietnam' | actual_address='81 Nguyễn Thị Kiểu, Mỹ Lộc, Tây Ninh, Việt Nam' | title_score=1.000 | address_score=1.000 | location_score=1.000 | exact_identity=True | input_has_address=True | success=True | reason=ADDRESS_SEARCH_ACCEPTED | url='https://www.google.com/maps/place/Home+stay/@10.5959345,106.6266918,17z/data=!3m1!4b1!4m6!3m5!1s0x317535002e40241f:0x913892358496836f!8m2!3d10.5959345!4d106.6266918!16s%2Fg%2F11yzvvb6_c?entry=ttu&g_ep=EgoyMDI2MDkwMi4wIKXMDSoASAFQAw%3D%3D'
2026-09-07 15:57:09,201 | INFO | EXCEL SEARCH RESULT | success=True | status=FOUND | reason=VERIFIED | detail_reason=ADDRESS_SEARCH_ACCEPTED | google_maps_url='https://www.google.com/maps/place/Home+stay/@10.5959345,106.6266918,17z/data=!3m1!4b1!4m6!3m5!1s0x317535002e40241f:0x913892358496836f!8m2!3d10.5959345!4d106.6266918!16s%2Fg%2F11yzvvb6_c?entry=ttu&g_ep=EgoyMDI2MDkwMi4wIKXMDSoASAFQAw%3D%3D' | url='https://www.google.com/maps/place/Home+stay/@10.5959345,106.6266918,17z/data=!3m1!4b1!4m6!3m5!1s0x317535002e40241f:0x913892358496836f!8m2!3d10.5959345!4d106.6266918!16s%2Fg%2F11yzvvb6_c?entry=ttu&g_ep=EgoyMDI2MDkwMi4wIKXMDSoASAFQAw%3D%3D' | cleaned_url='https://www.google.com/maps/place/Home+stay/@10.5959345,106.6266918,17z/data=!3m1!4b1!4m6!3m5!1s0x317535002e40241f:0x913892358496836f!8m2!3d10.5959345!4d106.6266918!16s%2Fg%2F11yzvvb6_c?entry=ttu&g_ep=EgoyMDI2MDkwMi4wIKXMDSoASAFQAw%3D%3D'
2026-09-07 15:57:09,926 | INFO | Existing URL check | maps_col=google_maps_url | url_col=URL | maps='' | url='' | reusable=''
2026-09-07 15:57:09,929 | INFO | Google Maps ADDRESS search 1/3: 179 ấp hoà quới, Thạnh Phước, Tây Ninh, Vietnam, Homestay bà thu
2026-09-07 15:57:15,108 | INFO | NO_CANDIDATES | mode=address | title='Homestay bà thu' | address='179 ấp hoà quới, Thạnh Phước, Tây Ninh, Vietnam' | page_url='https://www.google.com/maps/search/?api=1&query=179%20%E1%BA%A5p%20ho%C3%A0%20qu%E1%BB%9Bi%2C%20Th%E1%BA%A1nh%20Ph%C6%B0%E1%BB%9Bc%2C%20T%C3%A2y%20Ninh%2C%20Vietnam%2C%20Homestay%20b%C3%A0%20thu'
2026-09-07 15:57:15,109 | INFO | Google Maps ADDRESS search 2/3: Homestay bà thu, 179 ấp hoà quới, Thạnh Phước, Tây Ninh, Vietnam
2026-09-07 15:57:19,606 | INFO | NO_CANDIDATES | mode=address | title='Homestay bà thu' | address='179 ấp hoà quới, Thạnh Phước, Tây Ninh, Vietnam' | page_url='https://www.google.com/maps/search/?api=1&query=Homestay%20b%C3%A0%20thu%2C%20179%20%E1%BA%A5p%20ho%C3%A0%20qu%E1%BB%9Bi%2C%20Th%E1%BA%A1nh%20Ph%C6%B0%E1%BB%9Bc%2C%20T%C3%A2y%20Ninh%2C%20Vietnam'
2026-09-07 15:57:19,606 | INFO | Google Maps ADDRESS search 3/3: 179 ấp hoà quới, Thạnh Phước, Tây Ninh, Vietnam
2026-09-07 15:57:24,393 | INFO | NO_CANDIDATES | mode=address | title='Homestay bà thu' | address='179 ấp hoà quới, Thạnh Phước, Tây Ninh, Vietnam' | page_url='https://www.google.com/maps/search/?api=1&query=179%20%E1%BA%A5p%20ho%C3%A0%20qu%E1%BB%9Bi%2C%20Th%E1%BA%A1nh%20Ph%C6%B0%E1%BB%9Bc%2C%20T%C3%A2y%20Ninh%2C%20Vietnam'
2026-09-07 15:57:24,394 | INFO | ADDRESS PHASE FAILED -> TITLE FALLBACK | Homestay bà thu | 179 ấp hoà quới, Thạnh Phước, Tây Ninh, Vietnam
2026-09-07 15:57:24,394 | INFO | Google Maps TITLE fallback 1/3: Homestay bà thu
2026-09-07 15:57:30,457 | INFO | VERIFY TITLE | input_title='Homestay bà thu' | actual_title='Nature House | Homestay Thu Duc - Ho Chi Minh - Viet Nam' | input_address='179 ấp hoà quới, Thạnh Phước, Tây Ninh, Vietnam' | actual_address='' | title_score=0.369 | address_score=0.000 | location_score=0.000 | exact_identity=False | input_has_address=True | success=False | reason=TITLE_MISMATCH | url='https://www.google.com/maps/place/Nature+House+%7C+Homestay+Thu+Duc+-+Ho+Chi+Minh+-+Viet+Nam/data=!4m10!3m9!1s0x317527d2937ba66d:0x94eda5a30434d47!5m2!4m1!1i2!8m2!3d10.8369885!4d106.7256968!16s/g/11fn50nxmc!19sChIJbaZ7k9IndTERR01DMFraTgk?authuser=0&hl=vi&g_ep=EgoyMDI2MDkwMi4wIJJjKgBIAVAD&rclk=1'
2026-09-07 15:57:31,109 | INFO | VERIFY TITLE | input_title='Homestay bà thu' | actual_title='Hagi’s House – Homestay Thu Duc | Near Van Phuc City' | input_address='179 ấp hoà quới, Thạnh Phước, Tây Ninh, Vietnam' | actual_address='' | title_score=0.381 | address_score=0.000 | location_score=0.000 | exact_identity=False | input_has_address=True | success=False | reason=TITLE_MISMATCH | url='https://www.google.com/maps/place/Hagi%E2%80%99s+House+%E2%80%93+Homestay+Thu+Duc+%7C+Near+Van+Phuc+City/data=!4m10!3m9!1s0x3175295bfb5a6e93:0x5975e4412b572022!5m2!4m1!1i2!8m2!3d10.8369935!4d106.7208068!16s/g/11ynygp5jb!19sChIJk25a-1spdTERIiBXK0HkdVk?authuser=0&hl=vi&g_ep=EgoyMDI2MDkwMi4wIJJjKgBIAVAD&rclk=1'
2026-09-07 15:57:31,109 | INFO | Google Maps TITLE fallback 2/3: Homestay bà thu, thanh phuoc, tay ninh
2026-09-07 15:57:34,078 | INFO | NO_CANDIDATES | mode=title | title='Homestay bà thu' | address='179 ấp hoà quới, Thạnh Phước, Tây Ninh, Vietnam' | page_url='https://www.google.com/maps/search/?api=1&query=Homestay%20b%C3%A0%20thu%2C%20thanh%20phuoc%2C%20tay%20ninh'
2026-09-07 15:57:34,078 | INFO | Google Maps TITLE fallback 3/3: Homestay bà thu, 179 ấp hoà quới, Thạnh Phước, Tây Ninh, Vietnam
2026-09-07 15:57:41,878 | INFO | VERIFY TITLE | input_title='Homestay bà thu' | actual_title='Homestay bà thu' | input_address='179 ấp hoà quới, Thạnh Phước, Tây Ninh, Vietnam' | actual_address='179 ấp hoà quới, Thạnh Phước, Tây Ninh, Việt Nam' | title_score=1.000 | address_score=1.000 | location_score=1.000 | exact_identity=True | input_has_address=True | success=True | reason=TITLE_SEARCH_ACCEPTED | url='https://www.google.com/maps/place/Homestay+b%C3%A0+thu/@10.6851454,106.2051484,17z/data=!3m1!4b1!4m6!3m5!1s0x310ac3730680e1c1:0x17807afcf8d4bee2!8m2!3d10.6851454!4d106.2051484!16s%2Fg%2F11wflnjqvg?entry=ttu&g_ep=EgoyMDI2MDkwMi4wIKXMDSoASAFQAw%3D%3D'
2026-09-07 15:57:41,879 | INFO | EXCEL SEARCH RESULT | success=True | status=FOUND | reason=VERIFIED | detail_reason=TITLE_SEARCH_ACCEPTED | google_maps_url='https://www.google.com/maps/place/Homestay+b%C3%A0+thu/@10.6851454,106.2051484,17z/data=!3m1!4b1!4m6!3m5!1s0x310ac3730680e1c1:0x17807afcf8d4bee2!8m2!3d10.6851454!4d106.2051484!16s%2Fg%2F11wflnjqvg?entry=ttu&g_ep=EgoyMDI2MDkwMi4wIKXMDSoASAFQAw%3D%3D' | url='https://www.google.com/maps/place/Homestay+b%C3%A0+thu/@10.6851454,106.2051484,17z/data=!3m1!4b1!4m6!3m5!1s0x310ac3730680e1c1:0x17807afcf8d4bee2!8m2!3d10.6851454!4d106.2051484!16s%2Fg%2F11wflnjqvg?entry=ttu&g_ep=EgoyMDI2MDkwMi4wIKXMDSoASAFQAw%3D%3D' | cleaned_url='https://www.google.com/maps/place/Homestay+b%C3%A0+thu/@10.6851454,106.2051484,17z/data=!3m1!4b1!4m6!3m5!1s0x310ac3730680e1c1:0x17807afcf8d4bee2!8m2!3d10.6851454!4d106.2051484!16s%2Fg%2F11wflnjqvg?entry=ttu&g_ep=EgoyMDI2MDkwMi4wIKXMDSoASAFQAw%3D%3D'
2026-09-07 15:57:42,557 | INFO | Existing URL check | maps_col=google_maps_url | url_col=URL | maps='' | url='' | reusable=''
2026-09-07 15:57:42,558 | INFO | Google Maps ADDRESS search 1/3: 61 Đ. Nguyễn Chí Thanh, Khu phố 1, Tân Ninh, Tây Ninh, Vietnam, HomeStay DTT
2026-09-07 15:57:46,658 | INFO | Google Maps ADDRESS search 2/3: HomeStay DTT, 61 Đ. Nguyễn Chí Thanh, Khu phố 1, Tân Ninh, Tây Ninh, Vietnam
2026-09-07 15:57:50,565 | INFO | NO_CANDIDATES | mode=address | title='HomeStay DTT' | address='61 Đ. Nguyễn Chí Thanh, Khu phố 1, Tân Ninh, Tây Ninh, Vietnam' | page_url='https://www.google.com/maps/search/?api=1&query=HomeStay%20DTT%2C%2061%20%C4%90.%20Nguy%E1%BB%85n%20Ch%C3%AD%20Thanh%2C%20Khu%20ph%E1%BB%91%201%2C%20T%C3%A2n%20Ninh%2C%20T%C3%A2y%20Ninh%2C%20Vietnam'
2026-09-07 15:57:50,566 | INFO | Google Maps ADDRESS search 3/3: 61 Đ. Nguyễn Chí Thanh, Khu phố 1, Tân Ninh, Tây Ninh, Vietnam
2026-09-07 15:57:54,339 | INFO | NO_CANDIDATES | mode=address | title='HomeStay DTT' | address='61 Đ. Nguyễn Chí Thanh, Khu phố 1, Tân Ninh, Tây Ninh, Vietnam' | page_url='https://www.google.com/maps/search/?api=1&query=61%20%C4%90.%20Nguy%E1%BB%85n%20Ch%C3%AD%20Thanh%2C%20Khu%20ph%E1%BB%91%201%2C%20T%C3%A2n%20Ninh%2C%20T%C3%A2y%20Ninh%2C%20Vietnam'
2026-09-07 15:57:54,339 | INFO | ADDRESS PHASE FAILED -> TITLE FALLBACK | HomeStay DTT | 61 Đ. Nguyễn Chí Thanh, Khu phố 1, Tân Ninh, Tây Ninh, Vietnam
2026-09-07 15:57:54,340 | INFO | Google Maps TITLE fallback 1/3: HomeStay DTT
2026-09-07 15:57:59,390 | INFO | Google Maps TITLE fallback 2/3: HomeStay DTT, tan ninh, tay ninh
2026-09-07 15:58:03,230 | INFO | NO_CANDIDATES | mode=title | title='HomeStay DTT' | address='61 Đ. Nguyễn Chí Thanh, Khu phố 1, Tân Ninh, Tây Ninh, Vietnam' | page_url='https://www.google.com/maps/search/?api=1&query=HomeStay%20DTT%2C%20tan%20ninh%2C%20tay%20ninh'
2026-09-07 15:58:03,231 | INFO | Google Maps TITLE fallback 3/3: HomeStay DTT, 61 Đ. Nguyễn Chí Thanh, Khu phố 1, Tân Ninh, Tây Ninh, Vietnam
2026-09-07 15:58:07,655 | INFO | NO_CANDIDATES | mode=title | title='HomeStay DTT' | address='61 Đ. Nguyễn Chí Thanh, Khu phố 1, Tân Ninh, Tây Ninh, Vietnam' | page_url='https://www.google.com/maps/search/?api=1&query=HomeStay%20DTT%2C%2061%20%C4%90.%20Nguy%E1%BB%85n%20Ch%C3%AD%20Thanh%2C%20Khu%20ph%E1%BB%91%201%2C%20T%C3%A2n%20Ninh%2C%20T%C3%A2y%20Ninh%2C%20Vietnam'
2026-09-07 15:58:07,656 | WARNING | Google Maps NOT_VERIFIED after ADDRESS + TITLE fallback | title='HomeStay DTT' | address='61 Đ. Nguyễn Chí Thanh, Khu phố 1, Tân Ninh, Tây Ninh, Vietnam' | detail_reason=ADDRESS_NO_CANDIDATES
2026-09-07 15:58:07,656 | INFO | EXCEL SEARCH RESULT | success=False | status=MISSING | reason=NOT_VERIFIED | detail_reason=ADDRESS_NO_CANDIDATES | google_maps_url=None | url=None | cleaned_url=''
2026-09-07 15:58:09,282 | INFO | Existing URL check | maps_col=google_maps_url | url_col=URL | maps='' | url='' | reusable=''
2026-09-07 15:58:09,283 | INFO | Google Maps ADDRESS search 1/3: 30 Đường 28 Điện Biên Phủ, Ninh Hòa, Ninh Thạnh, Tây Ninh 840000, Vietnam, Homestay Gâu Gâu
2026-09-07 15:58:13,749 | INFO | NO_CANDIDATES | mode=address | title='Homestay Gâu Gâu' | address='30 Đường 28 Điện Biên Phủ, Ninh Hòa, Ninh Thạnh, Tây Ninh 840000, Vietnam' | page_url='https://www.google.com/maps/search/?api=1&query=30%20%C4%90%C6%B0%E1%BB%9Dng%2028%20%C4%90i%E1%BB%87n%20Bi%C3%AAn%20Ph%E1%BB%A7%2C%20Ninh%20H%C3%B2a%2C%20Ninh%20Th%E1%BA%A1nh%2C%20T%C3%A2y%20Ninh%20840000%2C%20Vietnam%2C%20Homestay%20G%C3%A2u%20G%C3%A2u'
2026-09-07 15:58:13,750 | INFO | Google Maps ADDRESS search 2/3: Homestay Gâu Gâu, 30 Đường 28 Điện Biên Phủ, Ninh Hòa, Ninh Thạnh, Tây Ninh 840000, Vietnam
2026-09-07 15:58:20,141 | INFO | NO_CANDIDATES | mode=address | title='Homestay Gâu Gâu' | address='30 Đường 28 Điện Biên Phủ, Ninh Hòa, Ninh Thạnh, Tây Ninh 840000, Vietnam' | page_url='https://www.google.com/maps/search/?api=1&query=Homestay%20G%C3%A2u%20G%C3%A2u%2C%2030%20%C4%90%C6%B0%E1%BB%9Dng%2028%20%C4%90i%E1%BB%87n%20Bi%C3%AAn%20Ph%E1%BB%A7%2C%20Ninh%20H%C3%B2a%2C%20Ninh%20Th%E1%BA%A1nh%2C%20T%C3%A2y%20Ninh%20840000%2C%20Vietnam'
2026-09-07 15:58:20,141 | INFO | Google Maps ADDRESS search 3/3: 30 Đường 28 Điện Biên Phủ, Ninh Hòa, Ninh Thạnh, Tây Ninh 840000, Vietnam
2026-09-07 15:58:25,586 | INFO | NO_CANDIDATES | mode=address | title='Homestay Gâu Gâu' | address='30 Đường 28 Điện Biên Phủ, Ninh Hòa, Ninh Thạnh, Tây Ninh 840000, Vietnam' | page_url='https://www.google.com/maps/search/?api=1&query=30%20%C4%90%C6%B0%E1%BB%9Dng%2028%20%C4%90i%E1%BB%87n%20Bi%C3%AAn%20Ph%E1%BB%A7%2C%20Ninh%20H%C3%B2a%2C%20Ninh%20Th%E1%BA%A1nh%2C%20T%C3%A2y%20Ninh%20840000%2C%20Vietnam'
2026-09-07 15:58:25,588 | INFO | ADDRESS PHASE FAILED -> TITLE FALLBACK | Homestay Gâu Gâu | 30 Đường 28 Điện Biên Phủ, Ninh Hòa, Ninh Thạnh, Tây Ninh 840000, Vietnam
2026-09-07 15:58:25,588 | INFO | Google Maps TITLE fallback 1/3: Homestay Gâu Gâu
2026-09-07 15:58:36,753 | INFO | VERIFY TITLE | input_title='Homestay Gâu Gâu' | actual_title='Gâu Homestay Phan Thiết' | input_address='30 Đường 28 Điện Biên Phủ, Ninh Hòa, Ninh Thạnh, Tây Ninh 840000, Vietnam' | actual_address='' | title_score=0.564 | address_score=0.000 | location_score=0.000 | exact_identity=False | input_has_address=True | success=False | reason=TITLE_MISMATCH | url='https://www.google.com/maps/place/G%C3%A2u+Homestay+Phan+Thi%E1%BA%BFt/data=!4m10!3m9!1s0x3176838923878343:0x667cbb2d5dc3eca6!5m2!4m1!1i2!8m2!3d10.9422905!4d108.1166457!16s/g/11gydlhz62!19sChIJQ4OHI4mDdjERpuzDXS27fGY?authuser=0&hl=vi&g_ep=EgoyMDI2MDkwMi4wIJJjKgBIAVAD&rclk=1'
2026-09-07 15:58:38,959 | INFO | VERIFY TITLE | input_title='Homestay Gâu Gâu' | actual_title='Homestay Gâu Gâu' | input_address='30 Đường 28 Điện Biên Phủ, Ninh Hòa, Ninh Thạnh, Tây Ninh 840000, Vietnam' | actual_address='' | title_score=1.000 | address_score=0.000 | location_score=0.000 | exact_identity=True | input_has_address=True | success=False | reason=ADDRESS_UNAVAILABLE | url='https://www.google.com/maps/place/Homestay+G%C3%A2u+G%C3%A2u/data=!4m7!3m6!1s0x310b6b0907ef61f3:0xfe1cce4b0cbe1f61!8m2!3d11.3221427!4d106.1363474!16s/g/11jscp_jhg!19sChIJ82HvBwlrCzERYR--DEvOHP4?authuser=0&hl=vi&g_ep=EgoyMDI2MDkwMi4wIJJjKgBIAVAD&rclk=1'
2026-09-07 15:58:40,086 | INFO | VERIFY TITLE | input_title='Homestay Gâu Gâu' | actual_title='Gấu Homestay' | input_address='30 Đường 28 Điện Biên Phủ, Ninh Hòa, Ninh Thạnh, Tây Ninh 840000, Vietnam' | actual_address='' | title_score=0.571 | address_score=0.000 | location_score=0.000 | exact_identity=False | input_has_address=True | success=False | reason=TITLE_MISMATCH | url='https://www.google.com/maps/place/G%E1%BA%A5u+Homestay/data=!4m10!3m9!1s0x317113266066ad5d:0xe6c60ba872652c0e!5m2!4m1!1i2!8m2!3d11.93027!4d108.4523856!16s/g/11hz1t00tv!19sChIJXa1mYCYTcTERDixlcqgLxuY?authuser=0&hl=vi&g_ep=EgoyMDI2MDkwMi4wIJJjKgBIAVAD&rclk=1'
2026-09-07 15:58:41,272 | INFO | VERIFY TITLE | input_title='Homestay Gâu Gâu' | actual_title='Gấu Homestay' | input_address='30 Đường 28 Điện Biên Phủ, Ninh Hòa, Ninh Thạnh, Tây Ninh 840000, Vietnam' | actual_address='' | title_score=0.571 | address_score=0.000 | location_score=0.000 | exact_identity=False | input_has_address=True | success=False | reason=TITLE_MISMATCH | url='https://www.google.com/maps/place/G%E1%BA%A5u+Homestay/data=!4m10!3m9!1s0x316fedacca681b0b:0x385f7978fa1e7916!5m2!4m1!1i2!8m2!3d13.1000124!4d109.3104587!16s/g/11gm9wfg_c!19sChIJCxtoyqztbzERFnke-nh5Xzg?authuser=0&hl=vi&g_ep=EgoyMDI2MDkwMi4wIJJjKgBIAVAD&rclk=1'
2026-09-07 15:58:42,818 | INFO | VERIFY TITLE | input_title='Homestay Gâu Gâu' | actual_title="Gấu's Homestay" | input_address='30 Đường 28 Điện Biên Phủ, Ninh Hòa, Ninh Thạnh, Tây Ninh 840000, Vietnam' | actual_address='' | title_score=0.533 | address_score=0.000 | location_score=0.000 | exact_identity=False | input_has_address=True | success=False | reason=TITLE_MISMATCH | url="https://www.google.com/maps/place/G%E1%BA%A5u's+Homestay/data=!4m7!3m6!1s0x3171133a300636cd:0x1b8a61da6cb9bd19!8m2!3d11.933245!4d108.4417131!16s/g/11ggtbd20c!19sChIJzTYGMDoTcTERGb25bNphihs?authuser=0&hl=vi&g_ep=EgoyMDI2MDkwMi4wIJJjKgBIAVAD&rclk=1"
2026-09-07 15:58:42,818 | INFO | Google Maps TITLE fallback 2/3: Homestay Gâu Gâu, ninh thanh, tay ninh 840000
2026-09-07 15:58:46,705 | INFO | NO_CANDIDATES | mode=title | title='Homestay Gâu Gâu' | address='30 Đường 28 Điện Biên Phủ, Ninh Hòa, Ninh Thạnh, Tây Ninh 840000, Vietnam' | page_url='https://www.google.com/maps/search/?api=1&query=Homestay%20G%C3%A2u%20G%C3%A2u%2C%20ninh%20thanh%2C%20tay%20ninh%20840000'
2026-09-07 15:58:46,705 | INFO | Google Maps TITLE fallback 3/3: Homestay Gâu Gâu, 30 Đường 28 Điện Biên Phủ, Ninh Hòa, Ninh Thạnh, Tây Ninh 840000, Vietnam
2026-09-07 15:58:56,170 | INFO | VERIFY TITLE | input_title='Homestay Gâu Gâu' | actual_title='Homestay Gâu Gâu' | input_address='30 Đường 28 Điện Biên Phủ, Ninh Hòa, Ninh Thạnh, Tây Ninh 840000, Vietnam' | actual_address='30 Đường 28 Điện Biên Phủ, Ninh Hòa, Ninh Thạnh, Tây Ninh 840000, Việt Nam' | title_score=1.000 | address_score=1.000 | location_score=1.000 | exact_identity=True | input_has_address=True | success=True | reason=TITLE_SEARCH_ACCEPTED | url='https://www.google.com/maps/place/Homestay+G%C3%A2u+G%C3%A2u/@11.3221427,106.1363474,17z/data=!3m1!4b1!4m6!3m5!1s0x310b6b0907ef61f3:0xfe1cce4b0cbe1f61!8m2!3d11.3221427!4d106.1363474!16s%2Fg%2F11jscp_jhg?entry=ttu&g_ep=EgoyMDI2MDkwMi4wIKXMDSoASAFQAw%3D%3D'
2026-09-07 15:58:56,171 | INFO | EXCEL SEARCH RESULT | success=True | status=FOUND | reason=VERIFIED | detail_reason=TITLE_SEARCH_ACCEPTED | google_maps_url='https://www.google.com/maps/place/Homestay+G%C3%A2u+G%C3%A2u/@11.3221427,106.1363474,17z/data=!3m1!4b1!4m6!3m5!1s0x310b6b0907ef61f3:0xfe1cce4b0cbe1f61!8m2!3d11.3221427!4d106.1363474!16s%2Fg%2F11jscp_jhg?entry=ttu&g_ep=EgoyMDI2MDkwMi4wIKXMDSoASAFQAw%3D%3D' | url='https://www.google.com/maps/place/Homestay+G%C3%A2u+G%C3%A2u/@11.3221427,106.1363474,17z/data=!3m1!4b1!4m6!3m5!1s0x310b6b0907ef61f3:0xfe1cce4b0cbe1f61!8m2!3d11.3221427!4d106.1363474!16s%2Fg%2F11jscp_jhg?entry=ttu&g_ep=EgoyMDI2MDkwMi4wIKXMDSoASAFQAw%3D%3D' | cleaned_url='https://www.google.com/maps/place/Homestay+G%C3%A2u+G%C3%A2u/@11.3221427,106.1363474,17z/data=!3m1!4b1!4m6!3m5!1s0x310b6b0907ef61f3:0xfe1cce4b0cbe1f61!8m2!3d11.3221427!4d106.1363474!16s%2Fg%2F11jscp_jhg?entry=ttu&g_ep=EgoyMDI2MDkwMi4wIKXMDSoASAFQAw%3D%3D'
2026-09-07 15:58:56,939 | INFO | Existing URL check | maps_col=google_maps_url | url_col=URL | maps='' | url='' | reusable=''
2026-09-07 15:58:56,940 | INFO | Google Maps ADDRESS search 1/3: 85MHMM, Ninh Hòa, Ninh Thạnh, Tây Ninh, Vietnam, Homestay GETA House 2
2026-09-07 15:59:02,636 | INFO | NO_CANDIDATES | mode=address | title='Homestay GETA House 2' | address='85MHMM, Ninh Hòa, Ninh Thạnh, Tây Ninh, Vietnam' | page_url='https://www.google.com/maps/search/?api=1&query=85MHMM%2C%20Ninh%20H%C3%B2a%2C%20Ninh%20Th%E1%BA%A1nh%2C%20T%C3%A2y%20Ninh%2C%20Vietnam%2C%20Homestay%20GETA%20House%202'
2026-09-07 15:59:02,637 | INFO | Google Maps ADDRESS search 2/3: Homestay GETA House 2, 85MHMM, Ninh Hòa, Ninh Thạnh, Tây Ninh, Vietnam
2026-09-07 15:59:07,988 | INFO | NO_CANDIDATES | mode=address | title='Homestay GETA House 2' | address='85MHMM, Ninh Hòa, Ninh Thạnh, Tây Ninh, Vietnam' | page_url='https://www.google.com/maps/search/?api=1&query=Homestay%20GETA%20House%202%2C%2085MHMM%2C%20Ninh%20H%C3%B2a%2C%20Ninh%20Th%E1%BA%A1nh%2C%20T%C3%A2y%20Ninh%2C%20Vietnam'
2026-09-07 15:59:07,988 | INFO | Google Maps ADDRESS search 3/3: 85MHMM, Ninh Hòa, Ninh Thạnh, Tây Ninh, Vietnam
2026-09-07 15:59:14,636 | INFO | ADDRESS PHASE FAILED -> TITLE FALLBACK | Homestay GETA House 2 | 85MHMM, Ninh Hòa, Ninh Thạnh, Tây Ninh, Vietnam
2026-09-07 15:59:14,636 | INFO | Google Maps TITLE fallback 1/3: Homestay GETA House 2
2026-09-07 15:59:21,746 | INFO | NO_CANDIDATES | mode=title | title='Homestay GETA House 2' | address='85MHMM, Ninh Hòa, Ninh Thạnh, Tây Ninh, Vietnam' | page_url='https://www.google.com/maps/search/?api=1&query=Homestay%20GETA%20House%202'
2026-09-07 15:59:21,746 | INFO | Google Maps TITLE fallback 2/3: Homestay GETA House 2, ninh thanh, tay ninh
2026-09-07 15:59:26,599 | INFO | NO_CANDIDATES | mode=title | title='Homestay GETA House 2' | address='85MHMM, Ninh Hòa, Ninh Thạnh, Tây Ninh, Vietnam' | page_url='https://www.google.com/maps/search/?api=1&query=Homestay%20GETA%20House%202%2C%20ninh%20thanh%2C%20tay%20ninh'
2026-09-07 15:59:26,600 | INFO | Google Maps TITLE fallback 3/3: Homestay GETA House 2, 85MHMM, Ninh Hòa, Ninh Thạnh, Tây Ninh, Vietnam
2026-09-07 15:59:39,313 | INFO | VERIFY TITLE | input_title='Homestay GETA House 2' | actual_title='Homestay GETA House 2' | input_address='85MHMM, Ninh Hòa, Ninh Thạnh, Tây Ninh, Vietnam' | actual_address='85MH+MM, Ninh Hòa, Ninh Thạnh, Tây Ninh, Việt Nam' | title_score=1.000 | address_score=1.000 | location_score=1.000 | exact_identity=True | input_has_address=True | success=True | reason=TITLE_SEARCH_ACCEPTED | url='https://www.google.com/maps/place/Homestay+GETA+House+2/@11.3341697,106.1779023,17z/data=!3m1!4b1!4m6!3m5!1s0x310b410063c382cb:0x6e29a3ad86b2ddd7!8m2!3d11.3341697!4d106.1779023!16s%2Fg%2F11z7qm8dsr?entry=ttu&g_ep=EgoyMDI2MDkwMi4wIKXMDSoASAFQAw%3D%3D'
2026-09-07 15:59:39,313 | INFO | EXCEL SEARCH RESULT | success=True | status=FOUND | reason=VERIFIED | detail_reason=TITLE_SEARCH_ACCEPTED | google_maps_url='https://www.google.com/maps/place/Homestay+GETA+House+2/@11.3341697,106.1779023,17z/data=!3m1!4b1!4m6!3m5!1s0x310b410063c382cb:0x6e29a3ad86b2ddd7!8m2!3d11.3341697!4d106.1779023!16s%2Fg%2F11z7qm8dsr?entry=ttu&g_ep=EgoyMDI2MDkwMi4wIKXMDSoASAFQAw%3D%3D' | url='https://www.google.com/maps/place/Homestay+GETA+House+2/@11.3341697,106.1779023,17z/data=!3m1!4b1!4m6!3m5!1s0x310b410063c382cb:0x6e29a3ad86b2ddd7!8m2!3d11.3341697!4d106.1779023!16s%2Fg%2F11z7qm8dsr?entry=ttu&g_ep=EgoyMDI2MDkwMi4wIKXMDSoASAFQAw%3D%3D' | cleaned_url='https://www.google.com/maps/place/Homestay+GETA+House+2/@11.3341697,106.1779023,17z/data=!3m1!4b1!4m6!3m5!1s0x310b410063c382cb:0x6e29a3ad86b2ddd7!8m2!3d11.3341697!4d106.1779023!16s%2Fg%2F11z7qm8dsr?entry=ttu&g_ep=EgoyMDI2MDkwMi4wIKXMDSoASAFQAw%3D%3D'
2026-09-07 15:59:40,007 | INFO | Existing URL check | maps_col=google_maps_url | url_col=URL | maps='' | url='' | reusable=''
2026-09-07 15:59:40,020 | INFO | Google Maps ADDRESS search 1/3: Hiệp Hòa, Thanh Dien, Tay Ninh, Vietnam, Homestay in Tay Ninh - 10-Bed Mixed Dormitory Room
2026-09-07 15:59:52,362 | INFO | VERIFY ADDRESS | input_title='Homestay in Tay Ninh - 10-Bed Mixed Dormitory Room' | actual_title='Homestay in Tay Ninh' | input_address='Hiệp Hòa, Thanh Dien, Tay Ninh, Vietnam' | actual_address='25 Đường số 14, Hiệp Hòa, Thanh Điền, Tây Ninh 70000, Việt Nam' | title_score=0.900 | address_score=1.000 | location_score=1.000 | exact_identity=False | input_has_address=True | success=True | reason=ADDRESS_SEARCH_ACCEPTED | url='https://www.google.com/maps/place/Homestay+in+Tay+Ninh/@11.2937687,106.111282,17z/data=!3m1!4b1!4m9!3m8!1s0x310b6afd615f68ab:0x365a16fa51279d75!5m2!4m1!1i2!8m2!3d11.2937687!4d106.111282!16s%2Fg%2F11g8cksvrv?entry=ttu&g_ep=EgoyMDI2MDkwMi4wIKXMDSoASAFQAw%3D%3D'
2026-09-07 15:59:52,368 | INFO | EXCEL SEARCH RESULT | success=True | status=FOUND | reason=VERIFIED | detail_reason=ADDRESS_SEARCH_ACCEPTED | google_maps_url='https://www.google.com/maps/place/Homestay+in+Tay+Ninh/@11.2937687,106.111282,17z/data=!3m1!4b1!4m9!3m8!1s0x310b6afd615f68ab:0x365a16fa51279d75!5m2!4m1!1i2!8m2!3d11.2937687!4d106.111282!16s%2Fg%2F11g8cksvrv?entry=ttu&g_ep=EgoyMDI2MDkwMi4wIKXMDSoASAFQAw%3D%3D' | url='https://www.google.com/maps/place/Homestay+in+Tay+Ninh/@11.2937687,106.111282,17z/data=!3m1!4b1!4m9!3m8!1s0x310b6afd615f68ab:0x365a16fa51279d75!5m2!4m1!1i2!8m2!3d11.2937687!4d106.111282!16s%2Fg%2F11g8cksvrv?entry=ttu&g_ep=EgoyMDI2MDkwMi4wIKXMDSoASAFQAw%3D%3D' | cleaned_url='https://www.google.com/maps/place/Homestay+in+Tay+Ninh/@11.2937687,106.111282,17z/data=!3m1!4b1!4m9!3m8!1s0x310b6afd615f68ab:0x365a16fa51279d75!5m2!4m1!1i2!8m2!3d11.2937687!4d106.111282!16s%2Fg%2F11g8cksvrv?entry=ttu&g_ep=EgoyMDI2MDkwMi4wIKXMDSoASAFQAw%3D%3D'
2026-09-07 15:59:53,073 | INFO | Existing URL check | maps_col=google_maps_url | url_col=URL | maps='' | url='' | reusable=''
2026-09-07 15:59:58,206 | INFO | VERIFY EXISTING | input_title='Homestay in Tay Ninh - Mixed Dormitory Room' | actual_title='Homestay in Tay Ninh' | input_address='Hiệp Hòa, Thanh Dien, Tay Ninh, Vietnam' | actual_address='25 Đường số 14, Hiệp Hòa, Thanh Điền, Tây Ninh 70000, Việt Nam' | title_score=0.900 | address_score=1.000 | location_score=1.000 | exact_identity=False | input_has_address=True | success=False | reason=EXISTING_TITLE_MISMATCH | url='https://www.google.com/maps/place/Homestay+in+Tay+Ninh/@11.2937687,106.111282,17z/data=!3m1!4b1!4m9!3m8!1s0x310b6afd615f68ab:0x365a16fa51279d75!5m2!4m1!1i2!8m2!3d11.2937687!4d106.111282!16s%2Fg%2F11g8cksvrv?entry=ttu&g_ep=EgoyMDI2MDkwMi4wIKXMDSoASAFQAw%3D%3D'
2026-09-07 15:59:58,207 | INFO | Google Maps ADDRESS search 1/3: Hiệp Hòa, Thanh Dien, Tay Ninh, Vietnam, Homestay in Tay Ninh - Mixed Dormitory Room
2026-09-07 16:00:03,020 | INFO | NO_CANDIDATES | mode=address | title='Homestay in Tay Ninh - Mixed Dormitory Room' | address='Hiệp Hòa, Thanh Dien, Tay Ninh, Vietnam' | page_url='https://www.google.com/maps/search/?api=1&query=Hi%E1%BB%87p%20H%C3%B2a%2C%20Thanh%20Dien%2C%20Tay%20Ninh%2C%20Vietnam%2C%20Homestay%20in%20Tay%20Ninh%20-%20Mixed%20Dormitory%20Room'
2026-09-07 16:00:03,021 | INFO | Google Maps ADDRESS search 2/3: Homestay in Tay Ninh - Mixed Dormitory Room, Hiệp Hòa, Thanh Dien, Tay Ninh, Vietnam
2026-09-07 16:00:09,745 | INFO | VERIFY ADDRESS | input_title='Homestay in Tay Ninh - Mixed Dormitory Room' | actual_title='Homestay in Tay Ninh' | input_address='Hiệp Hòa, Thanh Dien, Tay Ninh, Vietnam' | actual_address='25 Đường số 14, Hiệp Hòa, Thanh Điền, Tây Ninh 70000, Việt Nam' | title_score=0.900 | address_score=1.000 | location_score=1.000 | exact_identity=False | input_has_address=True | success=True | reason=ADDRESS_SEARCH_ACCEPTED | url='https://www.google.com/maps/place/Homestay+in+Tay+Ninh/@11.2937687,106.111282,17z/data=!3m1!4b1!4m9!3m8!1s0x310b6afd615f68ab:0x365a16fa51279d75!5m2!4m1!1i2!8m2!3d11.2937687!4d106.111282!16s%2Fg%2F11g8cksvrv?entry=ttu&g_ep=EgoyMDI2MDkwMi4wIKXMDSoASAFQAw%3D%3D'
2026-09-07 16:00:09,747 | INFO | EXCEL SEARCH RESULT | success=True | status=FOUND | reason=VERIFIED | detail_reason=ADDRESS_SEARCH_ACCEPTED | google_maps_url='https://www.google.com/maps/place/Homestay+in+Tay+Ninh/@11.2937687,106.111282,17z/data=!3m1!4b1!4m9!3m8!1s0x310b6afd615f68ab:0x365a16fa51279d75!5m2!4m1!1i2!8m2!3d11.2937687!4d106.111282!16s%2Fg%2F11g8cksvrv?entry=ttu&g_ep=EgoyMDI2MDkwMi4wIKXMDSoASAFQAw%3D%3D' | url='https://www.google.com/maps/place/Homestay+in+Tay+Ninh/@11.2937687,106.111282,17z/data=!3m1!4b1!4m9!3m8!1s0x310b6afd615f68ab:0x365a16fa51279d75!5m2!4m1!1i2!8m2!3d11.2937687!4d106.111282!16s%2Fg%2F11g8cksvrv?entry=ttu&g_ep=EgoyMDI2MDkwMi4wIKXMDSoASAFQAw%3D%3D' | cleaned_url='https://www.google.com/maps/place/Homestay+in+Tay+Ninh/@11.2937687,106.111282,17z/data=!3m1!4b1!4m9!3m8!1s0x310b6afd615f68ab:0x365a16fa51279d75!5m2!4m1!1i2!8m2!3d11.2937687!4d106.111282!16s%2Fg%2F11g8cksvrv?entry=ttu&g_ep=EgoyMDI2MDkwMi4wIKXMDSoASAFQAw%3D%3D'
2026-09-07 16:00:10,349 | INFO | Existing URL check | maps_col=google_maps_url | url_col=URL | maps='' | url='' | reusable=''
2026-09-07 16:00:10,350 | INFO | Google Maps ADDRESS search 1/3: 84QRV5W, Ninh Hòa, Ninh Thạnh, Tây Ninh, Vietnam, Homestay Lys
2026-09-07 16:00:13,791 | INFO | NO_CANDIDATES | mode=address | title='Homestay Lys' | address='84QRV5W, Ninh Hòa, Ninh Thạnh, Tây Ninh, Vietnam' | page_url='https://www.google.com/maps/search/?api=1&query=84QRV5W%2C%20Ninh%20H%C3%B2a%2C%20Ninh%20Th%E1%BA%A1nh%2C%20T%C3%A2y%20Ninh%2C%20Vietnam%2C%20Homestay%20Lys'
2026-09-07 16:00:13,791 | INFO | Google Maps ADDRESS search 2/3: Homestay Lys, 84QRV5W, Ninh Hòa, Ninh Thạnh, Tây Ninh, Vietnam
2026-09-07 16:00:17,951 | INFO | NO_CANDIDATES | mode=address | title='Homestay Lys' | address='84QRV5W, Ninh Hòa, Ninh Thạnh, Tây Ninh, Vietnam' | page_url='https://www.google.com/maps/search/?api=1&query=Homestay%20Lys%2C%2084QRV5W%2C%20Ninh%20H%C3%B2a%2C%20Ninh%20Th%E1%BA%A1nh%2C%20T%C3%A2y%20Ninh%2C%20Vietnam'
2026-09-07 16:00:17,952 | INFO | Google Maps ADDRESS search 3/3: 84QRV5W, Ninh Hòa, Ninh Thạnh, Tây Ninh, Vietnam
2026-09-07 16:00:20,031 | INFO | ADDRESS PHASE FAILED -> TITLE FALLBACK | Homestay Lys | 84QRV5W, Ninh Hòa, Ninh Thạnh, Tây Ninh, Vietnam
2026-09-07 16:00:20,032 | INFO | Google Maps TITLE fallback 1/3: Homestay Lys
2026-09-07 16:00:23,913 | INFO | Google Maps TITLE fallback 2/3: Homestay Lys, ninh thanh, tay ninh
2026-09-07 16:00:27,460 | INFO | NO_CANDIDATES | mode=title | title='Homestay Lys' | address='84QRV5W, Ninh Hòa, Ninh Thạnh, Tây Ninh, Vietnam' | page_url='https://www.google.com/maps/search/?api=1&query=Homestay%20Lys%2C%20ninh%20thanh%2C%20tay%20ninh'
2026-09-07 16:00:27,462 | INFO | Google Maps TITLE fallback 3/3: Homestay Lys, 84QRV5W, Ninh Hòa, Ninh Thạnh, Tây Ninh, Vietnam
2026-09-07 16:00:33,223 | INFO | NO_CANDIDATES | mode=title | title='Homestay Lys' | address='84QRV5W, Ninh Hòa, Ninh Thạnh, Tây Ninh, Vietnam' | page_url='https://www.google.com/maps/search/?api=1&query=Homestay%20Lys%2C%2084QRV5W%2C%20Ninh%20H%C3%B2a%2C%20Ninh%20Th%E1%BA%A1nh%2C%20T%C3%A2y%20Ninh%2C%20Vietnam'
2026-09-07 16:00:33,224 | WARNING | Google Maps NOT_VERIFIED after ADDRESS + TITLE fallback | title='Homestay Lys' | address='84QRV5W, Ninh Hòa, Ninh Thạnh, Tây Ninh, Vietnam' | detail_reason=ADDRESS_NO_CANDIDATES
2026-09-07 16:00:33,224 | INFO | EXCEL SEARCH RESULT | success=False | status=MISSING | reason=NOT_VERIFIED | detail_reason=ADDRESS_NO_CANDIDATES | google_maps_url=None | url=None | cleaned_url=''
2026-09-07 16:00:34,638 | INFO | Existing URL check | maps_col=google_maps_url | url_col=URL | maps='' | url='' | reusable=''
2026-09-07 16:00:34,639 | INFO | Google Maps ADDRESS search 1/3: Unnamed, Road, Nhơn Ninh, Tây Ninh, Vietnam, Homestay of KHAN
2026-09-07 16:00:38,279 | INFO | NO_CANDIDATES | mode=address | title='Homestay of KHAN' | address='Unnamed, Road, Nhơn Ninh, Tây Ninh, Vietnam' | page_url='https://www.google.com/maps/search/?api=1&query=Unnamed%2C%20Road%2C%20Nh%C6%A1n%20Ninh%2C%20T%C3%A2y%20Ninh%2C%20Vietnam%2C%20Homestay%20of%20KHAN'
2026-09-07 16:00:38,279 | INFO | Google Maps ADDRESS search 2/3: Homestay of KHAN, Unnamed, Road, Nhơn Ninh, Tây Ninh, Vietnam
2026-09-07 16:00:41,959 | INFO | NO_CANDIDATES | mode=address | title='Homestay of KHAN' | address='Unnamed, Road, Nhơn Ninh, Tây Ninh, Vietnam' | page_url='https://www.google.com/maps/search/?api=1&query=Homestay%20of%20KHAN%2C%20Unnamed%2C%20Road%2C%20Nh%C6%A1n%20Ninh%2C%20T%C3%A2y%20Ninh%2C%20Vietnam'
2026-09-07 16:00:41,960 | INFO | Google Maps ADDRESS search 3/3: Unnamed, Road, Nhơn Ninh, Tây Ninh, Vietnam
2026-09-07 16:00:49,633 | INFO | VERIFY ADDRESS | input_title='Homestay of KHAN' | actual_title='Homestay of KHAN' | input_address='Unnamed, Road, Nhơn Ninh, Tây Ninh, Vietnam' | actual_address='' | title_score=1.000 | address_score=0.000 | location_score=0.000 | exact_identity=True | input_has_address=True | success=False | reason=ADDRESS_UNAVAILABLE | url='https://www.google.com/maps/place/Homestay+of+KHAN/data=!4m7!3m6!1s0x310aedc7393c863b:0x457a66eb7891a0cc!8m2!3d10.5837488!4d105.977704!16s/g/11ly6wccbc!19sChIJO4Y8OcftCjERzKCReOtmekU?authuser=0&hl=vi&g_ep=EgoyMDI2MDkwMi4wIJJjKgBIAVAD&rclk=1'
2026-09-07 16:00:49,634 | INFO | ADDRESS PHASE FAILED -> TITLE FALLBACK | Homestay of KHAN | Unnamed, Road, Nhơn Ninh, Tây Ninh, Vietnam
2026-09-07 16:00:49,634 | INFO | Google Maps TITLE fallback 1/3: Homestay of KHAN
2026-09-07 16:00:54,841 | INFO | Google Maps TITLE fallback 2/3: Homestay of KHAN, nhon ninh, tay ninh
2026-09-07 16:00:58,491 | INFO | NO_CANDIDATES | mode=title | title='Homestay of KHAN' | address='Unnamed, Road, Nhơn Ninh, Tây Ninh, Vietnam' | page_url='https://www.google.com/maps/search/?api=1&query=Homestay%20of%20KHAN%2C%20nhon%20ninh%2C%20tay%20ninh'
2026-09-07 16:00:58,492 | INFO | Google Maps TITLE fallback 3/3: Homestay of KHAN, Unnamed, Road, Nhơn Ninh, Tây Ninh, Vietnam
2026-09-07 16:01:02,619 | INFO | NO_CANDIDATES | mode=title | title='Homestay of KHAN' | address='Unnamed, Road, Nhơn Ninh, Tây Ninh, Vietnam' | page_url='https://www.google.com/maps/search/?api=1&query=Homestay%20of%20KHAN%2C%20Unnamed%2C%20Road%2C%20Nh%C6%A1n%20Ninh%2C%20T%C3%A2y%20Ninh%2C%20Vietnam'
2026-09-07 16:01:02,619 | WARNING | Google Maps NOT_VERIFIED after ADDRESS + TITLE fallback | title='Homestay of KHAN' | address='Unnamed, Road, Nhơn Ninh, Tây Ninh, Vietnam' | detail_reason=ADDRESS_UNAVAILABLE
2026-09-07 16:01:02,624 | INFO | EXCEL SEARCH RESULT | success=False | status=MISSING | reason=NOT_VERIFIED | detail_reason=ADDRESS_UNAVAILABLE | google_maps_url=None | url=None | cleaned_url=''
2026-09-07 16:01:04,035 | INFO | Existing URL check | maps_col=google_maps_url | url_col=URL | maps='' | url='' | reusable=''
2026-09-07 16:01:04,050 | INFO | Google Maps ADDRESS search 1/3: 26 Trường Chinh, Ninh Thạnh, Tây Ninh, Vietnam, Homestay Phúc Lộc (Tây Ninh)
2026-09-07 16:01:10,456 | INFO | NO_CANDIDATES | mode=address | title='Homestay Phúc Lộc (Tây Ninh)' | address='26 Trường Chinh, Ninh Thạnh, Tây Ninh, Vietnam' | page_url='https://www.google.com/maps/place/Homestay+Ph%C3%BAc+L%E1%BB%99c+(T%C3%A2y+Ninh)/@11.3176827,106.1402011,17z/data=!3m1!4b1!4m6!3m5!1s0x310b6b0040a5bc39:0xb284123090759795!8m2!3d11.3176827!4d106.1402011!16s%2Fg%2F11xty0wwdm?entry=ttu&g_ep=EgoyMDI2MDkwMi4wIKXMDSoASAFQAw%3D%3D'
2026-09-07 16:01:10,457 | INFO | Google Maps ADDRESS search 2/3: Homestay Phúc Lộc (Tây Ninh), 26 Trường Chinh, Ninh Thạnh, Tây Ninh, Vietnam
2026-09-07 16:01:15,323 | INFO | NO_CANDIDATES | mode=address | title='Homestay Phúc Lộc (Tây Ninh)' | address='26 Trường Chinh, Ninh Thạnh, Tây Ninh, Vietnam' | page_url='https://www.google.com/maps/search/?api=1&query=Homestay%20Ph%C3%BAc%20L%E1%BB%99c%20%28T%C3%A2y%20Ninh%29%2C%2026%20Tr%C6%B0%E1%BB%9Dng%20Chinh%2C%20Ninh%20Th%E1%BA%A1nh%2C%20T%C3%A2y%20Ninh%2C%20Vietnam'
2026-09-07 16:01:15,323 | INFO | Google Maps ADDRESS search 3/3: 26 Trường Chinh, Ninh Thạnh, Tây Ninh, Vietnam
2026-09-07 16:01:18,832 | INFO | NO_CANDIDATES | mode=address | title='Homestay Phúc Lộc (Tây Ninh)' | address='26 Trường Chinh, Ninh Thạnh, Tây Ninh, Vietnam' | page_url='https://www.google.com/maps/search/?api=1&query=26%20Tr%C6%B0%E1%BB%9Dng%20Chinh%2C%20Ninh%20Th%E1%BA%A1nh%2C%20T%C3%A2y%20Ninh%2C%20Vietnam'
2026-09-07 16:01:18,833 | INFO | ADDRESS PHASE FAILED -> TITLE FALLBACK | Homestay Phúc Lộc (Tây Ninh) | 26 Trường Chinh, Ninh Thạnh, Tây Ninh, Vietnam
2026-09-07 16:01:18,833 | INFO | Google Maps TITLE fallback 1/3: Homestay Phúc Lộc (Tây Ninh)
2026-09-07 16:01:23,624 | INFO | NO_CANDIDATES | mode=title | title='Homestay Phúc Lộc (Tây Ninh)' | address='26 Trường Chinh, Ninh Thạnh, Tây Ninh, Vietnam' | page_url='https://www.google.com/maps/search/?api=1&query=Homestay%20Ph%C3%BAc%20L%E1%BB%99c%20%28T%C3%A2y%20Ninh%29'
2026-09-07 16:01:23,624 | INFO | Google Maps TITLE fallback 2/3: Homestay Phúc Lộc (Tây Ninh), ninh thanh, tay ninh
2026-09-07 16:01:27,891 | INFO | NO_CANDIDATES | mode=title | title='Homestay Phúc Lộc (Tây Ninh)' | address='26 Trường Chinh, Ninh Thạnh, Tây Ninh, Vietnam' | page_url='https://www.google.com/maps/search/?api=1&query=Homestay%20Ph%C3%BAc%20L%E1%BB%99c%20%28T%C3%A2y%20Ninh%29%2C%20ninh%20thanh%2C%20tay%20ninh'
2026-09-07 16:01:27,894 | INFO | Google Maps TITLE fallback 3/3: Homestay Phúc Lộc (Tây Ninh), 26 Trường Chinh, Ninh Thạnh, Tây Ninh, Vietnam
2026-09-07 16:01:32,547 | INFO | NO_CANDIDATES | mode=title | title='Homestay Phúc Lộc (Tây Ninh)' | address='26 Trường Chinh, Ninh Thạnh, Tây Ninh, Vietnam' | page_url='https://www.google.com/maps/place/Homestay+Ph%C3%BAc+L%E1%BB%99c+(T%C3%A2y+Ninh)/@11.3176827,106.1402011,17z/data=!3m1!4b1!4m6!3m5!1s0x310b6b0040a5bc39:0xb284123090759795!8m2!3d11.3176827!4d106.1402011!16s%2Fg%2F11xty0wwdm?entry=ttu&g_ep=EgoyMDI2MDkwMi4wIKXMDSoASAFQAw%3D%3D'
2026-09-07 16:01:32,548 | WARNING | Google Maps NOT_VERIFIED after ADDRESS + TITLE fallback | title='Homestay Phúc Lộc (Tây Ninh)' | address='26 Trường Chinh, Ninh Thạnh, Tây Ninh, Vietnam' | detail_reason=ADDRESS_NO_CANDIDATES
2026-09-07 16:01:32,548 | INFO | EXCEL SEARCH RESULT | success=False | status=MISSING | reason=NOT_VERIFIED | detail_reason=ADDRESS_NO_CANDIDATES | google_maps_url=None | url=None | cleaned_url=''
2026-09-07 16:01:33,611 | INFO | Existing URL check | maps_col=google_maps_url | url_col=URL | maps='' | url='' | reusable=''
2026-09-07 16:01:33,612 | INFO | Google Maps ADDRESS search 1/3: W9PQPG, Hậu Nghĩa, Tây Ninh, Vietnam, Homestay Star
2026-09-07 16:01:37,294 | INFO | NO_CANDIDATES | mode=address | title='Homestay Star' | address='W9PQPG, Hậu Nghĩa, Tây Ninh, Vietnam' | page_url='https://www.google.com/maps/search/?api=1&query=W9PQPG%2C%20H%E1%BA%ADu%20Ngh%C4%A9a%2C%20T%C3%A2y%20Ninh%2C%20Vietnam%2C%20Homestay%20Star'
2026-09-07 16:01:37,295 | INFO | Google Maps ADDRESS search 2/3: Homestay Star, W9PQPG, Hậu Nghĩa, Tây Ninh, Vietnam
2026-09-07 16:01:41,076 | INFO | NO_CANDIDATES | mode=address | title='Homestay Star' | address='W9PQPG, Hậu Nghĩa, Tây Ninh, Vietnam' | page_url='https://www.google.com/maps/search/?api=1&query=Homestay%20Star%2C%20W9PQPG%2C%20H%E1%BA%ADu%20Ngh%C4%A9a%2C%20T%C3%A2y%20Ninh%2C%20Vietnam'
2026-09-07 16:01:41,077 | INFO | Google Maps ADDRESS search 3/3: W9PQPG, Hậu Nghĩa, Tây Ninh, Vietnam
2026-09-07 16:01:44,715 | INFO | NO_CANDIDATES | mode=address | title='Homestay Star' | address='W9PQPG, Hậu Nghĩa, Tây Ninh, Vietnam' | page_url='https://www.google.com/maps/search/?api=1&query=W9PQPG%2C%20H%E1%BA%ADu%20Ngh%C4%A9a%2C%20T%C3%A2y%20Ninh%2C%20Vietnam'
2026-09-07 16:01:44,722 | INFO | ADDRESS PHASE FAILED -> TITLE FALLBACK | Homestay Star | W9PQPG, Hậu Nghĩa, Tây Ninh, Vietnam
2026-09-07 16:01:44,728 | INFO | Google Maps TITLE fallback 1/3: Homestay Star
2026-09-07 16:01:50,119 | INFO | VERIFY TITLE | input_title='Homestay Star' | actual_title='Lucky Star 2 Homestay' | input_address='W9PQPG, Hậu Nghĩa, Tây Ninh, Vietnam' | actual_address='' | title_score=0.471 | address_score=0.000 | location_score=0.000 | exact_identity=False | input_has_address=True | success=False | reason=TITLE_MISMATCH | url='https://www.google.com/maps/place/Lucky+Star+2+Homestay/data=!4m10!3m9!1s0x31752ed9130d53af:0x193f8d792a2de2c2!5m2!4m1!1i2!8m2!3d10.7761661!4d106.6718809!16s/g/11b73ppyp4!19sChIJr1MNE9kudTERwuItKnmNPxk?authuser=0&hl=vi&g_ep=EgoyMDI2MDkwMi4wIJJjKgBIAVAD&rclk=1'
2026-09-07 16:01:52,538 | INFO | VERIFY TITLE | input_title='Homestay Star' | actual_title='Homestay Star' | input_address='W9PQPG, Hậu Nghĩa, Tây Ninh, Vietnam' | actual_address='' | title_score=1.000 | address_score=0.000 | location_score=0.000 | exact_identity=True | input_has_address=True | success=False | reason=ADDRESS_UNAVAILABLE | url='https://www.google.com/maps/place/Homestay+Star/data=!4m7!3m6!1s0x310b29caf8370e7b:0x39d60c46dd2e1d49!8m2!3d10.9367728!4d106.3887839!16s/g/11kjm7k733!19sChIJew43-MopCzERSR0u3UYM1jk?authuser=0&hl=vi&g_ep=EgoyMDI2MDkwMi4wIJJjKgBIAVAD&rclk=1'
2026-09-07 16:01:52,539 | INFO | Google Maps TITLE fallback 2/3: Homestay Star, hau nghia, tay ninh
2026-09-07 16:01:55,753 | INFO | NO_CANDIDATES | mode=title | title='Homestay Star' | address='W9PQPG, Hậu Nghĩa, Tây Ninh, Vietnam' | page_url='https://www.google.com/maps/search/?api=1&query=Homestay%20Star%2C%20hau%20nghia%2C%20tay%20ninh'
2026-09-07 16:01:55,754 | INFO | Google Maps TITLE fallback 3/3: Homestay Star, W9PQPG, Hậu Nghĩa, Tây Ninh, Vietnam
2026-09-07 16:01:59,522 | INFO | NO_CANDIDATES | mode=title | title='Homestay Star' | address='W9PQPG, Hậu Nghĩa, Tây Ninh, Vietnam' | page_url='https://www.google.com/maps/search/?api=1&query=Homestay%20Star%2C%20W9PQPG%2C%20H%E1%BA%ADu%20Ngh%C4%A9a%2C%20T%C3%A2y%20Ninh%2C%20Vietnam'
2026-09-07 16:01:59,522 | WARNING | Google Maps NOT_VERIFIED after ADDRESS + TITLE fallback | title='Homestay Star' | address='W9PQPG, Hậu Nghĩa, Tây Ninh, Vietnam' | detail_reason=ADDRESS_UNAVAILABLE
2026-09-07 16:01:59,523 | INFO | EXCEL SEARCH RESULT | success=False | status=MISSING | reason=NOT_VERIFIED | detail_reason=ADDRESS_UNAVAILABLE | google_maps_url=None | url=None | cleaned_url=''
2026-09-07 16:02:01,188 | INFO | Existing URL check | maps_col=google_maps_url | url_col=URL | maps='' | url='' | reusable=''
2026-09-07 16:02:01,189 | INFO | Google Maps ADDRESS search 1/3: Khu phố 4, Tan Ninh, Tay Ninh, Vietnam, Homestay the rooftop villa
2026-09-07 16:02:06,380 | INFO | NO_CANDIDATES | mode=address | title='Homestay the rooftop villa' | address='Khu phố 4, Tan Ninh, Tay Ninh, Vietnam' | page_url='https://www.google.com/maps/search/?api=1&query=Khu%20ph%E1%BB%91%204%2C%20Tan%20Ninh%2C%20Tay%20Ninh%2C%20Vietnam%2C%20Homestay%20the%20rooftop%20villa'
2026-09-07 16:02:06,381 | INFO | Google Maps ADDRESS search 2/3: Homestay the rooftop villa, Khu phố 4, Tan Ninh, Tay Ninh, Vietnam
2026-09-07 16:02:10,453 | INFO | NO_CANDIDATES | mode=address | title='Homestay the rooftop villa' | address='Khu phố 4, Tan Ninh, Tay Ninh, Vietnam' | page_url='https://www.google.com/maps/search/?api=1&query=Homestay%20the%20rooftop%20villa%2C%20Khu%20ph%E1%BB%91%204%2C%20Tan%20Ninh%2C%20Tay%20Ninh%2C%20Vietnam'
2026-09-07 16:02:10,454 | INFO | Google Maps ADDRESS search 3/3: Khu phố 4, Tan Ninh, Tay Ninh, Vietnam
2026-09-07 16:02:14,243 | INFO | NO_CANDIDATES | mode=address | title='Homestay the rooftop villa' | address='Khu phố 4, Tan Ninh, Tay Ninh, Vietnam' | page_url='https://www.google.com/maps/search/?api=1&query=Khu%20ph%E1%BB%91%204%2C%20Tan%20Ninh%2C%20Tay%20Ninh%2C%20Vietnam'
2026-09-07 16:02:14,243 | INFO | ADDRESS PHASE FAILED -> TITLE FALLBACK | Homestay the rooftop villa | Khu phố 4, Tan Ninh, Tay Ninh, Vietnam
2026-09-07 16:02:14,243 | INFO | Google Maps TITLE fallback 1/3: Homestay the rooftop villa
2026-09-07 16:02:19,542 | INFO | VERIFY TITLE | input_title='Homestay the rooftop villa' | actual_title='The Rooftop Villa, Homestay & Coffee' | input_address='Khu phố 4, Tan Ninh, Tay Ninh, Vietnam' | actual_address='' | title_score=0.576 | address_score=0.000 | location_score=0.000 | exact_identity=False | input_has_address=True | success=False | reason=TITLE_MISMATCH | url='https://www.google.com/maps/place/The+Rooftop+Villa,+Homestay+&+Coffee/data=!4m10!3m9!1s0x310b6b04a3b2dc99:0x34577a2f56d2aab2!5m2!4m1!1i2!8m2!3d11.2984193!4d106.1163482!16s/g/11wjq59b2j!19sChIJmdyyowRrCzERsqrSVi96VzQ?authuser=0&hl=vi&g_ep=EgoyMDI2MDkwMi4wIJJjKgBIAVAD&rclk=1'
2026-09-07 16:02:21,476 | INFO | VERIFY TITLE | input_title='Homestay the rooftop villa' | actual_title='The Rooftop Villa, Homestay Coffee' | input_address='Khu phố 4, Tan Ninh, Tay Ninh, Vietnam' | actual_address='' | title_score=0.576 | address_score=0.000 | location_score=0.000 | exact_identity=False | input_has_address=True | success=False | reason=TITLE_MISMATCH | url='https://www.google.com/maps/place/The+Rooftop+Villa,+Homestay+Coffee/data=!4m11!3m10!1s0x310b6afec86f149f:0xf1719a4c01b3b618!5m2!4m1!1i2!8m2!3d11.2986498!4d106.1162567!16s/g/11xfpscswn!17BQ0FF!19sChIJnxRvyP5qCzERGLazAUyacfE?authuser=0&hl=vi&g_ep=EgoyMDI2MDkwMi4wIJJjKgBIAVAD&rclk=1'
2026-09-07 16:02:21,476 | INFO | Google Maps TITLE fallback 2/3: Homestay the rooftop villa, tan ninh, tay ninh
2026-09-07 16:02:31,973 | INFO | VERIFY TITLE | input_title='Homestay the rooftop villa' | actual_title='The Rooftop Villa, Homestay & Coffee' | input_address='Khu phố 4, Tan Ninh, Tay Ninh, Vietnam' | actual_address='' | title_score=0.576 | address_score=0.000 | location_score=0.000 | exact_identity=False | input_has_address=True | success=False | reason=TITLE_MISMATCH | url='https://www.google.com/maps/place/The+Rooftop+Villa,+Homestay+%26+Coffee/@11.2984193,106.1163482,17z/data=!3m1!4b1!4m9!3m8!1s0x310b6b04a3b2dc99:0x34577a2f56d2aab2!5m2!4m1!1i2!8m2!3d11.2984193!4d106.1163482!16s%2Fg%2F11wjq59b2j?entry=ttu&g_ep=EgoyMDI2MDkwMi4wIKXMDSoASAFQAw%3D%3D'
2026-09-07 16:02:31,974 | INFO | Google Maps TITLE fallback 3/3: Homestay the rooftop villa, Khu phố 4, Tan Ninh, Tay Ninh, Vietnam
2026-09-07 16:02:37,294 | INFO | NO_CANDIDATES | mode=title | title='Homestay the rooftop villa' | address='Khu phố 4, Tan Ninh, Tay Ninh, Vietnam' | page_url='https://www.google.com/maps/search/?api=1&query=Homestay%20the%20rooftop%20villa%2C%20Khu%20ph%E1%BB%91%204%2C%20Tan%20Ninh%2C%20Tay%20Ninh%2C%20Vietnam'
2026-09-07 16:02:37,294 | WARNING | Google Maps NOT_VERIFIED after ADDRESS + TITLE fallback | title='Homestay the rooftop villa' | address='Khu phố 4, Tan Ninh, Tay Ninh, Vietnam' | detail_reason=TITLE_MISMATCH
2026-09-07 16:02:37,294 | INFO | EXCEL SEARCH RESULT | success=False | status=MISSING | reason=NOT_VERIFIED | detail_reason=TITLE_MISMATCH | google_maps_url=None | url=None | cleaned_url=''
2026-09-07 16:02:38,659 | INFO | Existing URL check | maps_col=google_maps_url | url_col=URL | maps='' | url='' | reusable=''
2026-09-07 16:02:38,660 | INFO | Google Maps ADDRESS search 1/3: JHX6GW8, Phước Lý, Tây Ninh, Vietnam, Homestay Tuấn Nguyên
2026-09-07 16:02:43,692 | INFO | NO_CANDIDATES | mode=address | title='Homestay Tuấn Nguyên' | address='JHX6GW8, Phước Lý, Tây Ninh, Vietnam' | page_url='https://www.google.com/maps/search/?api=1&query=JHX6GW8%2C%20Ph%C6%B0%E1%BB%9Bc%20L%C3%BD%2C%20T%C3%A2y%20Ninh%2C%20Vietnam%2C%20Homestay%20Tu%E1%BA%A5n%20Nguy%C3%AAn'
2026-09-07 16:02:43,692 | INFO | Google Maps ADDRESS search 2/3: Homestay Tuấn Nguyên, JHX6GW8, Phước Lý, Tây Ninh, Vietnam
2026-09-07 16:02:47,261 | INFO | NO_CANDIDATES | mode=address | title='Homestay Tuấn Nguyên' | address='JHX6GW8, Phước Lý, Tây Ninh, Vietnam' | page_url='https://www.google.com/maps/search/?api=1&query=Homestay%20Tu%E1%BA%A5n%20Nguy%C3%AAn%2C%20JHX6GW8%2C%20Ph%C6%B0%E1%BB%9Bc%20L%C3%BD%2C%20T%C3%A2y%20Ninh%2C%20Vietnam'
2026-09-07 16:02:47,265 | INFO | Google Maps ADDRESS search 3/3: JHX6GW8, Phước Lý, Tây Ninh, Vietnam
2026-09-07 16:02:52,314 | INFO | ADDRESS PHASE FAILED -> TITLE FALLBACK | Homestay Tuấn Nguyên | JHX6GW8, Phước Lý, Tây Ninh, Vietnam
2026-09-07 16:02:52,315 | INFO | Google Maps TITLE fallback 1/3: Homestay Tuấn Nguyên
2026-09-07 16:02:58,554 | INFO | VERIFY TITLE | input_title='Homestay Tuấn Nguyên' | actual_title='Homestay Tuấn Nguyên' | input_address='JHX6GW8, Phước Lý, Tây Ninh, Vietnam' | actual_address='' | title_score=1.000 | address_score=0.000 | location_score=0.000 | exact_identity=True | input_has_address=True | success=False | reason=ADDRESS_UNAVAILABLE | url='https://www.google.com/maps/place/Homestay+Tu%E1%BA%A5n+Nguy%C3%AAn/data=!4m7!3m6!1s0x317533007079d23b:0x9b2da57f781ff675!8m2!3d10.6491267!4d106.5625478!16s/g/11x8_3tszs!19sChIJO9J5cAAzdTERdfYfeH-lLZs?authuser=0&hl=vi&g_ep=EgoyMDI2MDkwMi4wIJJjKgBIAVAD&rclk=1'
2026-09-07 16:02:59,879 | INFO | VERIFY TITLE | input_title='Homestay Tuấn Nguyên' | actual_title='Homestay Poker Tuấn' | input_address='JHX6GW8, Phước Lý, Tây Ninh, Vietnam' | actual_address='' | title_score=0.667 | address_score=0.000 | location_score=0.000 | exact_identity=False | input_has_address=True | success=False | reason=TITLE_MISMATCH | url='https://www.google.com/maps/place/Homestay+Poker+Tu%E1%BA%A5n/data=!4m7!3m6!1s0x31752bfd9f53c963:0xa18062ef1e3c5fc0!8m2!3d10.8009927!4d106.6276748!16s/g/11lgppt42r!19sChIJY8lTn_0rdTERwF88Hu9igKE?authuser=0&hl=vi&g_ep=EgoyMDI2MDkwMi4wIJJjKgBIAVAD&rclk=1'
2026-09-07 16:02:59,879 | INFO | Google Maps TITLE fallback 2/3: Homestay Tuấn Nguyên, phuoc ly, tay ninh
2026-09-07 16:03:03,244 | INFO | NO_CANDIDATES | mode=title | title='Homestay Tuấn Nguyên' | address='JHX6GW8, Phước Lý, Tây Ninh, Vietnam' | page_url='https://www.google.com/maps/search/?api=1&query=Homestay%20Tu%E1%BA%A5n%20Nguy%C3%AAn%2C%20phuoc%20ly%2C%20tay%20ninh'
2026-09-07 16:03:03,244 | INFO | Google Maps TITLE fallback 3/3: Homestay Tuấn Nguyên, JHX6GW8, Phước Lý, Tây Ninh, Vietnam
2026-09-07 16:03:06,965 | INFO | NO_CANDIDATES | mode=title | title='Homestay Tuấn Nguyên' | address='JHX6GW8, Phước Lý, Tây Ninh, Vietnam' | page_url='https://www.google.com/maps/search/?api=1&query=Homestay%20Tu%E1%BA%A5n%20Nguy%C3%AAn%2C%20JHX6GW8%2C%20Ph%C6%B0%E1%BB%9Bc%20L%C3%BD%2C%20T%C3%A2y%20Ninh%2C%20Vietnam'
2026-09-07 16:03:06,966 | WARNING | Google Maps NOT_VERIFIED after ADDRESS + TITLE fallback | title='Homestay Tuấn Nguyên' | address='JHX6GW8, Phước Lý, Tây Ninh, Vietnam' | detail_reason=ADDRESS_UNAVAILABLE
2026-09-07 16:03:06,966 | INFO | EXCEL SEARCH RESULT | success=False | status=MISSING | reason=NOT_VERIFIED | detail_reason=ADDRESS_UNAVAILABLE | google_maps_url=None | url=None | cleaned_url=''
2026-09-07 16:03:08,201 | INFO | Existing URL check | maps_col=google_maps_url | url_col=URL | maps='' | url='' | reusable=''
2026-09-07 16:03:08,202 | INFO | Google Maps ADDRESS search 1/3: 213 Nguyễn Văn Tuôi, Bến Lức, Tây Ninh, Vietnam, Hotel Le Meo
2026-09-07 16:03:13,345 | INFO | NO_CANDIDATES | mode=address | title='Hotel Le Meo' | address='213 Nguyễn Văn Tuôi, Bến Lức, Tây Ninh, Vietnam' | page_url='https://www.google.com/maps/search/?api=1&query=213%20Nguy%E1%BB%85n%20V%C4%83n%20Tu%C3%B4i%2C%20B%E1%BA%BFn%20L%E1%BB%A9c%2C%20T%C3%A2y%20Ninh%2C%20Vietnam%2C%20Hotel%20Le%20Meo'
2026-09-07 16:03:13,346 | INFO | Google Maps ADDRESS search 2/3: Hotel Le Meo, 213 Nguyễn Văn Tuôi, Bến Lức, Tây Ninh, Vietnam
2026-09-07 16:03:18,809 | INFO | NO_CANDIDATES | mode=address | title='Hotel Le Meo' | address='213 Nguyễn Văn Tuôi, Bến Lức, Tây Ninh, Vietnam' | page_url='https://www.google.com/maps/place/Kh%C3%A1ch+S%E1%BA%A1n+L%C3%AA+Meo/@10.625532,106.4858613,17z/data=!3m1!4b1!4m9!3m8!1s0x310acb8069699b67:0xabd89c574b193424!5m2!4m1!1i2!8m2!3d10.625532!4d106.4858613!16s%2Fg%2F1pp2v2t9y?entry=ttu&g_ep=EgoyMDI2MDkwMi4wIKXMDSoASAFQAw%3D%3D'
2026-09-07 16:03:18,810 | INFO | Google Maps ADDRESS search 3/3: 213 Nguyễn Văn Tuôi, Bến Lức, Tây Ninh, Vietnam
2026-09-07 16:03:22,558 | INFO | NO_CANDIDATES | mode=address | title='Hotel Le Meo' | address='213 Nguyễn Văn Tuôi, Bến Lức, Tây Ninh, Vietnam' | page_url='https://www.google.com/maps/search/?api=1&query=213%20Nguy%E1%BB%85n%20V%C4%83n%20Tu%C3%B4i%2C%20B%E1%BA%BFn%20L%E1%BB%A9c%2C%20T%C3%A2y%20Ninh%2C%20Vietnam'
2026-09-07 16:03:22,559 | INFO | ADDRESS PHASE FAILED -> TITLE FALLBACK | Hotel Le Meo | 213 Nguyễn Văn Tuôi, Bến Lức, Tây Ninh, Vietnam
2026-09-07 16:03:22,561 | INFO | Google Maps TITLE fallback 1/3: Hotel Le Meo
2026-09-07 16:03:26,920 | INFO | NO_CANDIDATES | mode=title | title='Hotel Le Meo' | address='213 Nguyễn Văn Tuôi, Bến Lức, Tây Ninh, Vietnam' | page_url='https://www.google.com/maps/search/?api=1&query=Hotel%20Le%20Meo'
2026-09-07 16:03:26,920 | INFO | Google Maps TITLE fallback 2/3: Hotel Le Meo, ben luc, tay ninh
2026-09-07 16:03:31,183 | INFO | NO_CANDIDATES | mode=title | title='Hotel Le Meo' | address='213 Nguyễn Văn Tuôi, Bến Lức, Tây Ninh, Vietnam' | page_url='https://www.google.com/maps/search/?api=1&query=Hotel%20Le%20Meo%2C%20ben%20luc%2C%20tay%20ninh'
2026-09-07 16:03:31,183 | INFO | Google Maps TITLE fallback 3/3: Hotel Le Meo, 213 Nguyễn Văn Tuôi, Bến Lức, Tây Ninh, Vietnam
2026-09-07 16:03:37,706 | INFO | NO_CANDIDATES | mode=title | title='Hotel Le Meo' | address='213 Nguyễn Văn Tuôi, Bến Lức, Tây Ninh, Vietnam' | page_url='https://www.google.com/maps/place/Kh%C3%A1ch+S%E1%BA%A1n+L%C3%AA+Meo/@10.625532,106.4858613,17z/data=!3m1!4b1!4m9!3m8!1s0x310acb8069699b67:0xabd89c574b193424!5m2!4m1!1i2!8m2!3d10.625532!4d106.4858613!16s%2Fg%2F1pp2v2t9y?entry=ttu&g_ep=EgoyMDI2MDkwMi4wIKXMDSoASAFQAw%3D%3D'
2026-09-07 16:03:37,718 | WARNING | Google Maps NOT_VERIFIED after ADDRESS + TITLE fallback | title='Hotel Le Meo' | address='213 Nguyễn Văn Tuôi, Bến Lức, Tây Ninh, Vietnam' | detail_reason=ADDRESS_NO_CANDIDATES
2026-09-07 16:03:37,733 | INFO | EXCEL SEARCH RESULT | success=False | status=MISSING | reason=NOT_VERIFIED | detail_reason=ADDRESS_NO_CANDIDATES | google_maps_url=None | url=None | cleaned_url=''
2026-09-07 16:03:39,444 | INFO | Existing URL check | maps_col=google_maps_url | url_col=URL | maps='' | url='' | reusable=''
2026-09-07 16:03:39,804 | INFO | Google Maps ADDRESS search 1/3: XC65R48, Bàu Công, Hậu Nghĩa, Tây Ninh, Vietnam, Hotel nhà Thẹn Đến
2026-09-07 16:03:49,756 | INFO | VERIFY ADDRESS | input_title='Hotel nhà Thẹn Đến' | actual_title='Hotel nhà Thẹn Đến' | input_address='XC65R48, Bàu Công, Hậu Nghĩa, Tây Ninh, Vietnam' | actual_address='XC65+R48, Bàu Công, Hậu Nghĩa, Tây Ninh, Việt Nam' | title_score=1.000 | address_score=1.000 | location_score=1.000 | exact_identity=True | input_has_address=True | success=True | reason=ADDRESS_SEARCH_ACCEPTED | url='https://www.google.com/maps/place/Hotel+nh%C3%A0+Th%E1%BA%B9n+%C4%90%E1%BA%BFn/@10.9627667,106.4083501,17z/data=!3m1!4b1!4m6!3m5!1s0x310b29acfe6e4995:0xe47fe0b6ce72229c!8m2!3d10.9627667!4d106.4083501!16s%2Fg%2F11s9mnflyf?entry=ttu&g_ep=EgoyMDI2MDkwMi4wIKXMDSoASAFQAw%3D%3D'
2026-09-07 16:03:49,825 | INFO | EXCEL SEARCH RESULT | success=True | status=FOUND | reason=VERIFIED | detail_reason=ADDRESS_SEARCH_ACCEPTED | google_maps_url='https://www.google.com/maps/place/Hotel+nh%C3%A0+Th%E1%BA%B9n+%C4%90%E1%BA%BFn/@10.9627667,106.4083501,17z/data=!3m1!4b1!4m6!3m5!1s0x310b29acfe6e4995:0xe47fe0b6ce72229c!8m2!3d10.9627667!4d106.4083501!16s%2Fg%2F11s9mnflyf?entry=ttu&g_ep=EgoyMDI2MDkwMi4wIKXMDSoASAFQAw%3D%3D' | url='https://www.google.com/maps/place/Hotel+nh%C3%A0+Th%E1%BA%B9n+%C4%90%E1%BA%BFn/@10.9627667,106.4083501,17z/data=!3m1!4b1!4m6!3m5!1s0x310b29acfe6e4995:0xe47fe0b6ce72229c!8m2!3d10.9627667!4d106.4083501!16s%2Fg%2F11s9mnflyf?entry=ttu&g_ep=EgoyMDI2MDkwMi4wIKXMDSoASAFQAw%3D%3D' | cleaned_url='https://www.google.com/maps/place/Hotel+nh%C3%A0+Th%E1%BA%B9n+%C4%90%E1%BA%BFn/@10.9627667,106.4083501,17z/data=!3m1!4b1!4m6!3m5!1s0x310b29acfe6e4995:0xe47fe0b6ce72229c!8m2!3d10.9627667!4d106.4083501!16s%2Fg%2F11s9mnflyf?entry=ttu&g_ep=EgoyMDI2MDkwMi4wIKXMDSoASAFQAw%3D%3D'
2026-09-07 16:03:51,705 | INFO | Existing URL check | maps_col=google_maps_url | url_col=URL | maps='' | url='' | reusable=''
2026-09-07 16:03:51,799 | INFO | Google Maps ADDRESS search 1/3: tờ bản đồ số 80, Khu phố An Quới, Trảng Bàng, Tây Ninh, Vietnam, HOTEL QILU
2026-09-07 16:04:01,509 | INFO | VERIFY ADDRESS | input_title='HOTEL QILU' | actual_title='HOTEL QILU' | input_address='tờ bản đồ số 80, Khu phố An Quới, Trảng Bàng, Tây Ninh, Vietnam' | actual_address='' | title_score=1.000 | address_score=0.000 | location_score=0.000 | exact_identity=True | input_has_address=True | success=False | reason=ADDRESS_UNAVAILABLE | url='https://www.google.com/maps/place/HOTEL+QILU/data=!4m10!3m9!1s0x310b258ee0ec9673:0x43f80caaabbab27c!5m2!4m1!1i2!8m2!3d11.0175979!4d106.318143!16s/g/11y18tjj8v!19sChIJc5bs4I4lCzERfLK6q6oM-EM?authuser=0&hl=vi&g_ep=EgoyMDI2MDkwMi4wIJJjKgBIAVAD&rclk=1'
2026-09-07 16:04:01,512 | INFO | Google Maps ADDRESS search 2/3: HOTEL QILU, tờ bản đồ số 80, Khu phố An Quới, Trảng Bàng, Tây Ninh, Vietnam
2026-09-07 16:04:13,897 | INFO | VERIFY ADDRESS | input_title='HOTEL QILU' | actual_title='HOTEL QILU' | input_address='tờ bản đồ số 80, Khu phố An Quới, Trảng Bàng, Tây Ninh, Vietnam' | actual_address='tờ bản đồ số 80, Khu phố An Quới, Trảng Bàng, Tây Ninh, Việt Nam' | title_score=1.000 | address_score=1.000 | location_score=1.000 | exact_identity=True | input_has_address=True | success=True | reason=ADDRESS_SEARCH_ACCEPTED | url='https://www.google.com/maps/place/HOTEL+QILU/@11.0175979,106.318143,17z/data=!4m9!3m8!1s0x310b258ee0ec9673:0x43f80caaabbab27c!5m2!4m1!1i2!8m2!3d11.0175979!4d106.318143!16s%2Fg%2F11y18tjj8v?entry=ttu&g_ep=EgoyMDI2MDkwMi4wIKXMDSoASAFQAw%3D%3D'
2026-09-07 16:04:13,948 | INFO | EXCEL SEARCH RESULT | success=True | status=FOUND | reason=VERIFIED | detail_reason=ADDRESS_SEARCH_ACCEPTED | google_maps_url='https://www.google.com/maps/place/HOTEL+QILU/@11.0175979,106.318143,17z/data=!4m9!3m8!1s0x310b258ee0ec9673:0x43f80caaabbab27c!5m2!4m1!1i2!8m2!3d11.0175979!4d106.318143!16s%2Fg%2F11y18tjj8v?entry=ttu&g_ep=EgoyMDI2MDkwMi4wIKXMDSoASAFQAw%3D%3D' | url='https://www.google.com/maps/place/HOTEL+QILU/@11.0175979,106.318143,17z/data=!4m9!3m8!1s0x310b258ee0ec9673:0x43f80caaabbab27c!5m2!4m1!1i2!8m2!3d11.0175979!4d106.318143!16s%2Fg%2F11y18tjj8v?entry=ttu&g_ep=EgoyMDI2MDkwMi4wIKXMDSoASAFQAw%3D%3D' | cleaned_url='https://www.google.com/maps/place/HOTEL+QILU/@11.0175979,106.318143,17z/data=!4m9!3m8!1s0x310b258ee0ec9673:0x43f80caaabbab27c!5m2!4m1!1i2!8m2!3d11.0175979!4d106.318143!16s%2Fg%2F11y18tjj8v?entry=ttu&g_ep=EgoyMDI2MDkwMi4wIKXMDSoASAFQAw%3D%3D'
2026-09-07 16:04:15,692 | INFO | Existing URL check | maps_col=google_maps_url | url_col=URL | maps='' | url='' | reusable=''
2026-09-07 16:04:15,760 | INFO | Google Maps ADDRESS search 1/3: G98QW49, QL1A, Khánh Hậu, Tây Ninh, Vietnam, HUONG VAM CO HOMESTAY
2026-09-07 16:04:24,232 | INFO | VERIFY ADDRESS | input_title='HUONG VAM CO HOMESTAY' | actual_title='HUONG VAM CO HOMESTAY' | input_address='G98QW49, QL1A, Khánh Hậu, Tây Ninh, Vietnam' | actual_address='G98Q+W49, QL1A, Khánh Hậu, Tây Ninh, Việt Nam' | title_score=1.000 | address_score=1.000 | location_score=1.000 | exact_identity=True | input_has_address=True | success=True | reason=ADDRESS_SEARCH_ACCEPTED | url='https://www.google.com/maps/place/HUONG+VAM+CO+HOMESTAY/@10.5172956,106.3878447,17z/data=!3m1!4b1!4m6!3m5!1s0x310ab7d86be4345d:0xf83d68c4868d91d6!8m2!3d10.5172956!4d106.3878447!16s%2Fg%2F11tnwwsrhn?entry=ttu&g_ep=EgoyMDI2MDkwMi4wIKXMDSoASAFQAw%3D%3D'
2026-09-07 16:04:24,281 | INFO | EXCEL SEARCH RESULT | success=True | status=FOUND | reason=VERIFIED | detail_reason=ADDRESS_SEARCH_ACCEPTED | google_maps_url='https://www.google.com/maps/place/HUONG+VAM+CO+HOMESTAY/@10.5172956,106.3878447,17z/data=!3m1!4b1!4m6!3m5!1s0x310ab7d86be4345d:0xf83d68c4868d91d6!8m2!3d10.5172956!4d106.3878447!16s%2Fg%2F11tnwwsrhn?entry=ttu&g_ep=EgoyMDI2MDkwMi4wIKXMDSoASAFQAw%3D%3D' | url='https://www.google.com/maps/place/HUONG+VAM+CO+HOMESTAY/@10.5172956,106.3878447,17z/data=!3m1!4b1!4m6!3m5!1s0x310ab7d86be4345d:0xf83d68c4868d91d6!8m2!3d10.5172956!4d106.3878447!16s%2Fg%2F11tnwwsrhn?entry=ttu&g_ep=EgoyMDI2MDkwMi4wIKXMDSoASAFQAw%3D%3D' | cleaned_url='https://www.google.com/maps/place/HUONG+VAM+CO+HOMESTAY/@10.5172956,106.3878447,17z/data=!3m1!4b1!4m6!3m5!1s0x310ab7d86be4345d:0xf83d68c4868d91d6!8m2!3d10.5172956!4d106.3878447!16s%2Fg%2F11tnwwsrhn?entry=ttu&g_ep=EgoyMDI2MDkwMi4wIKXMDSoASAFQAw%3D%3D'
2026-09-07 16:04:25,766 | INFO | Existing URL check | maps_col=google_maps_url | url_col=URL | maps='' | url='' | reusable=''
2026-09-07 16:04:25,832 | INFO | Google Maps ADDRESS search 1/3: W94RR67, Hậu Nghĩa, Tây Ninh, Vietnam, Jan's homestay
2026-09-07 16:04:33,699 | INFO | VERIFY ADDRESS | input_title="Jan's homestay" | actual_title="Jan's homestay" | input_address='W94RR67, Hậu Nghĩa, Tây Ninh, Vietnam' | actual_address='W94R+R67, Hậu Nghĩa, Tây Ninh, Việt Nam' | title_score=1.000 | address_score=1.000 | location_score=1.000 | exact_identity=True | input_has_address=True | success=True | reason=ADDRESS_SEARCH_ACCEPTED | url="https://www.google.com/maps/place/Jan's+homestay/@10.9070312,106.3905338,17z/data=!3m1!4b1!4m6!3m5!1s0x310b29007b82f19b:0xfef97dc1040c522!8m2!3d10.9070312!4d106.3905338!16s%2Fg%2F11xzpfm_j_?entry=ttu&g_ep=EgoyMDI2MDkwMi4wIKXMDSoASAFQAw%3D%3D"
2026-09-07 16:04:33,748 | INFO | EXCEL SEARCH RESULT | success=True | status=FOUND | reason=VERIFIED | detail_reason=ADDRESS_SEARCH_ACCEPTED | google_maps_url="https://www.google.com/maps/place/Jan's+homestay/@10.9070312,106.3905338,17z/data=!3m1!4b1!4m6!3m5!1s0x310b29007b82f19b:0xfef97dc1040c522!8m2!3d10.9070312!4d106.3905338!16s%2Fg%2F11xzpfm_j_?entry=ttu&g_ep=EgoyMDI2MDkwMi4wIKXMDSoASAFQAw%3D%3D" | url="https://www.google.com/maps/place/Jan's+homestay/@10.9070312,106.3905338,17z/data=!3m1!4b1!4m6!3m5!1s0x310b29007b82f19b:0xfef97dc1040c522!8m2!3d10.9070312!4d106.3905338!16s%2Fg%2F11xzpfm_j_?entry=ttu&g_ep=EgoyMDI2MDkwMi4wIKXMDSoASAFQAw%3D%3D" | cleaned_url="https://www.google.com/maps/place/Jan's+homestay/@10.9070312,106.3905338,17z/data=!3m1!4b1!4m6!3m5!1s0x310b29007b82f19b:0xfef97dc1040c522!8m2!3d10.9070312!4d106.3905338!16s%2Fg%2F11xzpfm_j_?entry=ttu&g_ep=EgoyMDI2MDkwMi4wIKXMDSoASAFQAw%3D%3D"
2026-09-07 16:04:35,314 | INFO | Existing URL check | maps_col=google_maps_url | url_col=URL | maps='' | url='' | reusable=''
2026-09-07 16:04:35,343 | INFO | Google Maps ADDRESS search 1/3: Ben Luc, Tay Ninh, Vietnam, KHÁCH SẠN 5 SAO
2026-09-07 16:04:42,822 | INFO | VERIFY ADDRESS | input_title='KHÁCH SẠN 5 SAO' | actual_title='KHÁCH SẠN 5 SAO' | input_address='Ben Luc, Tay Ninh, Vietnam' | actual_address='' | title_score=1.000 | address_score=0.000 | location_score=0.000 | exact_identity=True | input_has_address=True | success=False | reason=ADDRESS_UNAVAILABLE | url='https://www.google.com/maps/place/KH%C3%81CH+S%E1%BA%A0N+5+SAO/data=!4m10!3m9!1s0x310acddc5a305fc7:0x246a509c64acdccc!5m2!4m1!1i2!8m2!3d10.63207!4d106.4967709!16s/g/11t6pdx1q_!19sChIJx18wWtzNCjERzNysZJxQaiQ?authuser=0&hl=vi&g_ep=EgoyMDI2MDkwMi4wIJJjKgBIAVAD&rclk=1'
2026-09-07 16:04:44,975 | INFO | VERIFY ADDRESS | input_title='KHÁCH SẠN 5 SAO' | actual_title='nhà nghi 5 sao' | input_address='Ben Luc, Tay Ninh, Vietnam' | actual_address='' | title_score=0.621 | address_score=0.000 | location_score=0.000 | exact_identity=False | input_has_address=True | success=False | reason=ADDRESS_TITLE_MISMATCH | url='https://www.google.com/maps/place/nh%C3%A0+nghi+5+sao/data=!4m7!3m6!1s0x310acd2034d788ad:0x13c8c75d5b58f9c3!8m2!3d10.6319601!4d106.4967966!16s/g/11k45m0y4l!19sChIJrYjXNCDNCjERw_lYW13HyBM?authuser=0&hl=vi&g_ep=EgoyMDI2MDkwMi4wIJJjKgBIAVAD&rclk=1'
2026-09-07 16:04:44,977 | INFO | Google Maps ADDRESS search 2/3: KHÁCH SẠN 5 SAO, Ben Luc, Tay Ninh, Vietnam
2026-09-07 16:04:56,817 | INFO | VERIFY ADDRESS | input_title='KHÁCH SẠN 5 SAO' | actual_title='KHÁCH SẠN 5 SAO' | input_address='Ben Luc, Tay Ninh, Vietnam' | actual_address='' | title_score=1.000 | address_score=0.000 | location_score=0.000 | exact_identity=True | input_has_address=True | success=False | reason=ADDRESS_UNAVAILABLE | url='https://www.google.com/maps/place/KH%C3%81CH+S%E1%BA%A0N+5+SAO/data=!4m10!3m9!1s0x310acddc5a305fc7:0x246a509c64acdccc!5m2!4m1!1i2!8m2!3d10.63207!4d106.4967709!16s/g/11t6pdx1q_!19sChIJx18wWtzNCjERzNysZJxQaiQ?authuser=0&hl=vi&g_ep=EgoyMDI2MDkwMi4wIJJjKgBIAVAD&rclk=1'
2026-09-07 16:04:57,435 | INFO | VERIFY ADDRESS | input_title='KHÁCH SẠN 5 SAO' | actual_title='nhà nghi 5 sao' | input_address='Ben Luc, Tay Ninh, Vietnam' | actual_address='' | title_score=0.621 | address_score=0.000 | location_score=0.000 | exact_identity=False | input_has_address=True | success=False | reason=ADDRESS_TITLE_MISMATCH | url='https://www.google.com/maps/place/nh%C3%A0+nghi+5+sao/data=!4m7!3m6!1s0x310acd2034d788ad:0x13c8c75d5b58f9c3!8m2!3d10.6319601!4d106.4967966!16s/g/11k45m0y4l!19sChIJrYjXNCDNCjERw_lYW13HyBM?authuser=0&hl=vi&g_ep=EgoyMDI2MDkwMi4wIJJjKgBIAVAD&rclk=1'
2026-09-07 16:04:57,438 | INFO | Google Maps ADDRESS search 3/3: Ben Luc, Tay Ninh, Vietnam
2026-09-07 16:05:02,741 | INFO | VERIFY ADDRESS | input_title='KHÁCH SẠN 5 SAO' | actual_title='Bến Lức, Long An, Việt Nam' | input_address='Ben Luc, Tay Ninh, Vietnam' | actual_address='' | title_score=0.359 | address_score=0.000 | location_score=0.000 | exact_identity=False | input_has_address=True | success=False | reason=ADDRESS_TITLE_MISMATCH | url='https://www.google.com/maps/place/B%E1%BA%BFn+L%E1%BB%A9c,+Long+An,+Vi%E1%BB%87t+Nam/@10.662367,106.480645,13z/data=!3m1!4b1!4m6!3m5!1s0x310acc5722296fed:0x2481d328bb9cafe4!8m2!3d10.6649296!4d106.4818167!16s%2Fg%2F11z30dwwm1?entry=ttu&g_ep=EgoyMDI2MDkwMi4wIKXMDSoASAFQAw%3D%3D'
2026-09-07 16:05:02,744 | INFO | ADDRESS PHASE FAILED -> TITLE FALLBACK | KHÁCH SẠN 5 SAO | Ben Luc, Tay Ninh, Vietnam
2026-09-07 16:05:02,747 | INFO | Google Maps TITLE fallback 1/3: KHÁCH SẠN 5 SAO
2026-09-07 16:05:08,488 | INFO | VERIFY TITLE | input_title='KHÁCH SẠN 5 SAO' | actual_title='Hotel Equatorial Ho Chi Minh City' | input_address='Ben Luc, Tay Ninh, Vietnam' | actual_address='' | title_score=0.292 | address_score=0.000 | location_score=0.000 | exact_identity=False | input_has_address=True | success=False | reason=TITLE_MISMATCH | url='https://www.google.com/maps/place/Hotel+Equatorial+Ho+Chi+Minh+City/data=!4m10!3m9!1s0x31752f1e7a594605:0x1ef81c568253c68d!5m2!4m1!1i2!8m2!3d10.763075!4d106.6791469!16s/g/1tkbvqjy!19sChIJBUZZeh4vdTERjcZTglYc-B4?authuser=0&hl=vi&g_ep=EgoyMDI2MDkwMi4wIJJjKgBIAVAD&rclk=1'
2026-09-07 16:05:09,489 | INFO | VERIFY TITLE | input_title='KHÁCH SẠN 5 SAO' | actual_title='Khách sạn Tân Sơn Nhất' | input_address='Ben Luc, Tay Ninh, Vietnam' | actual_address='' | title_score=0.703 | address_score=0.000 | location_score=0.000 | exact_identity=False | input_has_address=True | success=False | reason=TITLE_MISMATCH | url='https://www.google.com/maps/place/Kh%C3%A1ch+s%E1%BA%A1n+T%C3%A2n+S%C6%A1n+Nh%E1%BA%A5t/data=!4m10!3m9!1s0x31752928b7208c15:0xc7aa798b94e48f8d!5m2!4m1!1i2!8m2!3d10.800512!4d106.6708833!16s/g/1v8hyxyz!19sChIJFYwgtygpdTERjY_klIt5qsc?authuser=0&hl=vi&g_ep=EgoyMDI2MDkwMi4wIJJjKgBIAVAD&rclk=1'
2026-09-07 16:05:10,129 | INFO | VERIFY TITLE | input_title='KHÁCH SẠN 5 SAO' | actual_title='La Siesta Premium Saigon' | input_address='Ben Luc, Tay Ninh, Vietnam' | actual_address='' | title_score=0.256 | address_score=0.000 | location_score=0.000 | exact_identity=False | input_has_address=True | success=False | reason=TITLE_MISMATCH | url='https://www.google.com/maps/place/La+Siesta+Premium+Saigon/data=!4m10!3m9!1s0x31752f12128c4f83:0xd2d5264091315bfc!5m2!4m1!1i2!8m2!3d10.7730741!4d106.695755!16s/g/11tjptd3jm!19sChIJg0-MEhIvdTER_FsxkUAm1dI?authuser=0&hl=vi&g_ep=EgoyMDI2MDkwMi4wIJJjKgBIAVAD&rclk=1'
2026-09-07 16:05:13,208 | INFO | VERIFY TITLE | input_title='KHÁCH SẠN 5 SAO' | actual_title='Khách sạn 5 sao LaChateau' | input_address='Ben Luc, Tay Ninh, Vietnam' | actual_address='' | title_score=0.950 | address_score=0.000 | location_score=0.000 | exact_identity=False | input_has_address=True | success=False | reason=ADDRESS_UNAVAILABLE | url='https://www.google.com/maps/place/Kh%C3%A1ch+s%E1%BA%A1n+5+sao+LaChateau/data=!4m10!3m9!1s0x31752d8ef603398f:0x39d46c3376b6b0ca!5m2!4m1!1i2!8m2!3d10.7286382!4d106.6257377!16s/g/11qgjcc1cg!19sChIJjzkD9o4tdTERyrC2djNs1Dk?authuser=0&hl=vi&g_ep=EgoyMDI2MDkwMi4wIJJjKgBIAVAD&rclk=1'
2026-09-07 16:05:13,213 | INFO | Google Maps TITLE fallback 2/3: KHÁCH SẠN 5 SAO, ben luc, tay ninh
2026-09-07 16:05:23,451 | INFO | VERIFY TITLE | input_title='KHÁCH SẠN 5 SAO' | actual_title='KHÁCH SẠN 5 SAO' | input_address='Ben Luc, Tay Ninh, Vietnam' | actual_address='' | title_score=1.000 | address_score=0.000 | location_score=0.000 | exact_identity=True | input_has_address=True | success=False | reason=ADDRESS_UNAVAILABLE | url='https://www.google.com/maps/place/KH%C3%81CH+S%E1%BA%A0N+5+SAO/data=!4m10!3m9!1s0x310acddc5a305fc7:0x246a509c64acdccc!5m2!4m1!1i2!8m2!3d10.63207!4d106.4967709!16s/g/11t6pdx1q_!19sChIJx18wWtzNCjERzNysZJxQaiQ?authuser=0&hl=vi&g_ep=EgoyMDI2MDkwMi4wIJJjKgBIAVAD&rclk=1'
2026-09-07 16:05:27,878 | INFO | VERIFY TITLE | input_title='KHÁCH SẠN 5 SAO' | actual_title='nhà nghi 5 sao' | input_address='Ben Luc, Tay Ninh, Vietnam' | actual_address='' | title_score=0.621 | address_score=0.000 | location_score=0.000 | exact_identity=False | input_has_address=True | success=False | reason=TITLE_MISMATCH | url='https://www.google.com/maps/place/nh%C3%A0+nghi+5+sao/data=!4m7!3m6!1s0x310acd2034d788ad:0x13c8c75d5b58f9c3!8m2!3d10.6319601!4d106.4967966!16s/g/11k45m0y4l!19sChIJrYjXNCDNCjERw_lYW13HyBM?authuser=0&hl=vi&g_ep=EgoyMDI2MDkwMi4wIJJjKgBIAVAD&rclk=1'
2026-09-07 16:05:27,879 | INFO | Google Maps TITLE fallback 3/3: KHÁCH SẠN 5 SAO, Ben Luc, Tay Ninh, Vietnam
2026-09-07 16:05:35,740 | INFO | VERIFY TITLE | input_title='KHÁCH SẠN 5 SAO' | actual_title='KHÁCH SẠN 5 SAO' | input_address='Ben Luc, Tay Ninh, Vietnam' | actual_address='' | title_score=1.000 | address_score=0.000 | location_score=0.000 | exact_identity=True | input_has_address=True | success=False | reason=ADDRESS_UNAVAILABLE | url='https://www.google.com/maps/place/KH%C3%81CH+S%E1%BA%A0N+5+SAO/data=!4m10!3m9!1s0x310acddc5a305fc7:0x246a509c64acdccc!5m2!4m1!1i2!8m2!3d10.63207!4d106.4967709!16s/g/11t6pdx1q_!19sChIJx18wWtzNCjERzNysZJxQaiQ?authuser=0&hl=vi&g_ep=EgoyMDI2MDkwMi4wIJJjKgBIAVAD&rclk=1'
2026-09-07 16:05:38,096 | INFO | VERIFY TITLE | input_title='KHÁCH SẠN 5 SAO' | actual_title='nhà nghi 5 sao' | input_address='Ben Luc, Tay Ninh, Vietnam' | actual_address='' | title_score=0.621 | address_score=0.000 | location_score=0.000 | exact_identity=False | input_has_address=True | success=False | reason=TITLE_MISMATCH | url='https://www.google.com/maps/place/nh%C3%A0+nghi+5+sao/data=!4m7!3m6!1s0x310acd2034d788ad:0x13c8c75d5b58f9c3!8m2!3d10.6319601!4d106.4967966!16s/g/11k45m0y4l!19sChIJrYjXNCDNCjERw_lYW13HyBM?authuser=0&hl=vi&g_ep=EgoyMDI2MDkwMi4wIJJjKgBIAVAD&rclk=1'
2026-09-07 16:05:38,097 | WARNING | Google Maps NOT_VERIFIED after ADDRESS + TITLE fallback | title='KHÁCH SẠN 5 SAO' | address='Ben Luc, Tay Ninh, Vietnam' | detail_reason=ADDRESS_UNAVAILABLE
2026-09-07 16:05:38,099 | INFO | EXCEL SEARCH RESULT | success=False | status=MISSING | reason=NOT_VERIFIED | detail_reason=ADDRESS_UNAVAILABLE | google_maps_url=None | url=None | cleaned_url=''
2026-09-07 16:05:39,355 | INFO | Existing URL check | maps_col=google_maps_url | url_col=URL | maps='' | url='' | reusable=''
2026-09-07 16:05:39,356 | INFO | Google Maps ADDRESS search 1/3: RF6GCC9, ĐT825, Đức Hòa, Tây Ninh, Vietnam, KHÁCH SẠN AN NAM
2026-09-07 16:05:44,629 | INFO | NO_CANDIDATES | mode=address | title='KHÁCH SẠN AN NAM' | address='RF6GCC9, ĐT825, Đức Hòa, Tây Ninh, Vietnam' | page_url='https://www.google.com/maps/search/?api=1&query=RF6GCC9%2C%20%C4%90T825%2C%20%C4%90%E1%BB%A9c%20H%C3%B2a%2C%20T%C3%A2y%20Ninh%2C%20Vietnam%2C%20KH%C3%81CH%20S%E1%BA%A0N%20AN%20NAM'
2026-09-07 16:05:44,630 | INFO | Google Maps ADDRESS search 2/3: KHÁCH SẠN AN NAM, RF6GCC9, ĐT825, Đức Hòa, Tây Ninh, Vietnam
2026-09-07 16:05:49,319 | INFO | VERIFY ADDRESS | input_title='KHÁCH SẠN AN NAM' | actual_title='KHÁCH SẠN AN NAM' | input_address='RF6GCC9, ĐT825, Đức Hòa, Tây Ninh, Vietnam' | actual_address='' | title_score=1.000 | address_score=0.000 | location_score=0.000 | exact_identity=True | input_has_address=True | success=False | reason=ADDRESS_UNAVAILABLE | url='https://www.google.com/maps/place/KH%C3%81CH+S%E1%BA%A0N+AN+NAM/data=!4m7!3m6!1s0x310ad51192974c5d:0x87fc33493f7be86f!8m2!3d10.8110381!4d106.4760961!16s/g/11h3tj28qf!19sChIJXUyXkhHVCjERb-h7P0kz_Ic?authuser=0&hl=vi&g_ep=EgoyMDI2MDkwMi4wIJJjKgBIAVAD&rclk=1'
2026-09-07 16:05:49,319 | INFO | Google Maps ADDRESS search 3/3: RF6GCC9, ĐT825, Đức Hòa, Tây Ninh, Vietnam
2026-09-07 16:05:53,876 | INFO | ADDRESS PHASE FAILED -> TITLE FALLBACK | KHÁCH SẠN AN NAM | RF6GCC9, ĐT825, Đức Hòa, Tây Ninh, Vietnam
2026-09-07 16:05:53,878 | INFO | Google Maps TITLE fallback 1/3: KHÁCH SẠN AN NAM
2026-09-07 16:05:59,614 | INFO | NO_CANDIDATES | mode=title | title='KHÁCH SẠN AN NAM' | address='RF6GCC9, ĐT825, Đức Hòa, Tây Ninh, Vietnam' | page_url='https://www.google.com/maps/place/KH%C3%81CH+S%E1%BA%A0N+AN+NAM/@10.8110381,106.4760961,17z/data=!3m1!4b1!4m6!3m5!1s0x310ad51192974c5d:0x87fc33493f7be86f!8m2!3d10.8110381!4d106.4760961!16s%2Fg%2F11h3tj28qf?entry=ttu&g_ep=EgoyMDI2MDkwMi4wIKXMDSoASAFQAw%3D%3D'
2026-09-07 16:05:59,614 | INFO | Google Maps TITLE fallback 2/3: KHÁCH SẠN AN NAM, duc hoa, tay ninh
2026-09-07 16:06:04,663 | INFO | NO_CANDIDATES | mode=title | title='KHÁCH SẠN AN NAM' | address='RF6GCC9, ĐT825, Đức Hòa, Tây Ninh, Vietnam' | page_url='https://www.google.com/maps/place/KH%C3%81CH+S%E1%BA%A0N+AN+NAM/@10.8110381,106.4760961,17z/data=!3m1!4b1!4m6!3m5!1s0x310ad51192974c5d:0x87fc33493f7be86f!8m2!3d10.8110381!4d106.4760961!16s%2Fg%2F11h3tj28qf?entry=ttu&g_ep=EgoyMDI2MDkwMi4wIKXMDSoASAFQAw%3D%3D'
2026-09-07 16:06:04,663 | INFO | Google Maps TITLE fallback 3/3: KHÁCH SẠN AN NAM, RF6GCC9, ĐT825, Đức Hòa, Tây Ninh, Vietnam
2026-09-07 16:06:10,265 | INFO | VERIFY TITLE | input_title='KHÁCH SẠN AN NAM' | actual_title='KHÁCH SẠN AN NAM' | input_address='RF6GCC9, ĐT825, Đức Hòa, Tây Ninh, Vietnam' | actual_address='' | title_score=1.000 | address_score=0.000 | location_score=0.000 | exact_identity=True | input_has_address=True | success=False | reason=ADDRESS_UNAVAILABLE | url='https://www.google.com/maps/place/KH%C3%81CH+S%E1%BA%A0N+AN+NAM/data=!4m7!3m6!1s0x310ad51192974c5d:0x87fc33493f7be86f!8m2!3d10.8110381!4d106.4760961!16s/g/11h3tj28qf!19sChIJXUyXkhHVCjERb-h7P0kz_Ic?authuser=0&hl=vi&g_ep=EgoyMDI2MDkwMi4wIJJjKgBIAVAD&rclk=1'
2026-09-07 16:06:10,266 | WARNING | Google Maps NOT_VERIFIED after ADDRESS + TITLE fallback | title='KHÁCH SẠN AN NAM' | address='RF6GCC9, ĐT825, Đức Hòa, Tây Ninh, Vietnam' | detail_reason=ADDRESS_UNAVAILABLE
2026-09-07 16:06:10,267 | INFO | EXCEL SEARCH RESULT | success=False | status=MISSING | reason=NOT_VERIFIED | detail_reason=ADDRESS_UNAVAILABLE | google_maps_url=None | url=None | cleaned_url=''
2026-09-07 16:06:11,400 | INFO | Existing URL check | maps_col=google_maps_url | url_col=URL | maps='' | url='' | reusable=''
2026-09-07 16:06:11,401 | INFO | Google Maps ADDRESS search 1/3: 62-64 KP3 Đường số 4A KDC Đường 10, Bến Lức, Tây Ninh, Vietnam, Khách sạn Danh Nhân
2026-09-07 16:06:16,696 | INFO | VERIFY ADDRESS | input_title='Khách sạn Danh Nhân' | actual_title='Khách sạn Danh Nhân' | input_address='62-64 KP3 Đường số 4A KDC Đường 10, Bến Lức, Tây Ninh, Vietnam' | actual_address='' | title_score=1.000 | address_score=0.000 | location_score=0.000 | exact_identity=True | input_has_address=True | success=False | reason=ADDRESS_UNAVAILABLE | url='https://www.google.com/maps/place/Kh%C3%A1ch+s%E1%BA%A1n+Danh+Nh%C3%A2n/data=!4m10!3m9!1s0x310acd310fd50cbf:0xe9373343c9bcd7f8!5m2!4m1!1i2!8m2!3d10.6417387!4d106.4957315!16s/g/11fcqvty0z!19sChIJvwzVDzHNCjER-Ne8yUMzN-k?authuser=0&hl=vi&g_ep=EgoyMDI2MDkwMi4wIJJjKgBIAVAD&rclk=1'
2026-09-07 16:06:17,384 | INFO | VERIFY ADDRESS | input_title='Khách sạn Danh Nhân' | actual_title='Khách sạn Thanh Bình' | input_address='62-64 KP3 Đường số 4A KDC Đường 10, Bến Lức, Tây Ninh, Vietnam' | actual_address='' | title_score=0.821 | address_score=0.000 | location_score=0.000 | exact_identity=False | input_has_address=True | success=False | reason=ADDRESS_TITLE_MISMATCH | url='https://www.google.com/maps/place/Kh%C3%A1ch+s%E1%BA%A1n+Thanh+B%C3%ACnh/data=!4m10!3m9!1s0x310acc7c837e1bc3:0x7396248abdc2c74b!5m2!4m1!1i2!8m2!3d10.635504!4d106.482183!16s/g/1hc2jy8g9!19sChIJwxt-g3zMCjERS8fCvYoklnM?authuser=0&hl=vi&g_ep=EgoyMDI2MDkwMi4wIJJjKgBIAVAD&rclk=1'
2026-09-07 16:06:17,384 | INFO | Google Maps ADDRESS search 2/3: Khách sạn Danh Nhân, 62-64 KP3 Đường số 4A KDC Đường 10, Bến Lức, Tây Ninh, Vietnam
2026-09-07 16:06:20,998 | INFO | NO_CANDIDATES | mode=address | title='Khách sạn Danh Nhân' | address='62-64 KP3 Đường số 4A KDC Đường 10, Bến Lức, Tây Ninh, Vietnam' | page_url='https://www.google.com/maps/search/?api=1&query=Kh%C3%A1ch%20s%E1%BA%A1n%20Danh%20Nh%C3%A2n%2C%2062-64%20KP3%20%C4%90%C6%B0%E1%BB%9Dng%20s%E1%BB%91%204A%20KDC%20%C4%90%C6%B0%E1%BB%9Dng%2010%2C%20B%E1%BA%BFn%20L%E1%BB%A9c%2C%20T%C3%A2y%20Ninh%2C%20Vietnam'
2026-09-07 16:06:20,998 | INFO | Google Maps ADDRESS search 3/3: 62-64 KP3 Đường số 4A KDC Đường 10, Bến Lức, Tây Ninh, Vietnam
2026-09-07 16:06:26,145 | INFO | NO_CANDIDATES | mode=address | title='Khách sạn Danh Nhân' | address='62-64 KP3 Đường số 4A KDC Đường 10, Bến Lức, Tây Ninh, Vietnam' | page_url='https://www.google.com/maps/place/Viettel+Post+B%C6%B0u+c%E1%BB%A5c+B%E1%BA%BFn+L%E1%BB%A9c+-+LAN/@10.6419675,106.4950436,17z/data=!3m1!4b1!4m6!3m5!1s0x310acddcd6701c63:0x1440be6314ee970d!8m2!3d10.6419675!4d106.4950436!16s%2Fg%2F11v3z00mp9?entry=ttu&g_ep=EgoyMDI2MDkwMi4wIKXMDSoASAFQAw%3D%3D'
2026-09-07 16:06:26,146 | INFO | ADDRESS PHASE FAILED -> TITLE FALLBACK | Khách sạn Danh Nhân | 62-64 KP3 Đường số 4A KDC Đường 10, Bến Lức, Tây Ninh, Vietnam
2026-09-07 16:06:26,146 | INFO | Google Maps TITLE fallback 1/3: Khách sạn Danh Nhân
2026-09-07 16:06:30,223 | INFO | NO_CANDIDATES | mode=title | title='Khách sạn Danh Nhân' | address='62-64 KP3 Đường số 4A KDC Đường 10, Bến Lức, Tây Ninh, Vietnam' | page_url='https://www.google.com/maps/search/?api=1&query=Kh%C3%A1ch%20s%E1%BA%A1n%20Danh%20Nh%C3%A2n'
2026-09-07 16:06:30,223 | INFO | Google Maps TITLE fallback 2/3: Khách sạn Danh Nhân, ben luc, tay ninh
2026-09-07 16:06:35,113 | INFO | NO_CANDIDATES | mode=title | title='Khách sạn Danh Nhân' | address='62-64 KP3 Đường số 4A KDC Đường 10, Bến Lức, Tây Ninh, Vietnam' | page_url='https://www.google.com/maps/place/Kh%C3%A1ch+s%E1%BA%A1n+Danh+Nh%C3%A2n/@10.6417387,106.4957315,17z/data=!3m1!4b1!4m9!3m8!1s0x310acd310fd50cbf:0xe9373343c9bcd7f8!5m2!4m1!1i2!8m2!3d10.6417387!4d106.4957315!16s%2Fg%2F11fcqvty0z?entry=ttu&g_ep=EgoyMDI2MDkwMi4wIKXMDSoASAFQAw%3D%3D'
2026-09-07 16:06:35,113 | INFO | Google Maps TITLE fallback 3/3: Khách sạn Danh Nhân, 62-64 KP3 Đường số 4A KDC Đường 10, Bến Lức, Tây Ninh, Vietnam
2026-09-07 16:06:39,900 | INFO | NO_CANDIDATES | mode=title | title='Khách sạn Danh Nhân' | address='62-64 KP3 Đường số 4A KDC Đường 10, Bến Lức, Tây Ninh, Vietnam' | page_url='https://www.google.com/maps/search/?api=1&query=Kh%C3%A1ch%20s%E1%BA%A1n%20Danh%20Nh%C3%A2n%2C%2062-64%20KP3%20%C4%90%C6%B0%E1%BB%9Dng%20s%E1%BB%91%204A%20KDC%20%C4%90%C6%B0%E1%BB%9Dng%2010%2C%20B%E1%BA%BFn%20L%E1%BB%A9c%2C%20T%C3%A2y%20Ninh%2C%20Vietnam'
2026-09-07 16:06:39,900 | WARNING | Google Maps NOT_VERIFIED after ADDRESS + TITLE fallback | title='Khách sạn Danh Nhân' | address='62-64 KP3 Đường số 4A KDC Đường 10, Bến Lức, Tây Ninh, Vietnam' | detail_reason=ADDRESS_UNAVAILABLE
2026-09-07 16:06:39,901 | INFO | EXCEL SEARCH RESULT | success=False | status=MISSING | reason=NOT_VERIFIED | detail_reason=ADDRESS_UNAVAILABLE | google_maps_url=None | url=None | cleaned_url=''
2026-09-07 16:06:41,338 | INFO | Existing URL check | maps_col=google_maps_url | url_col=URL | maps='' | url='' | reusable=''
2026-09-07 16:06:41,339 | INFO | Google Maps ADDRESS search 1/3: 750 ĐT825, Đức Hòa, Tây Ninh, Vietnam, Khách sạn kiều phong
2026-09-07 16:06:45,545 | INFO | NO_CANDIDATES | mode=address | title='Khách sạn kiều phong' | address='750 ĐT825, Đức Hòa, Tây Ninh, Vietnam' | page_url='https://www.google.com/maps/search/?api=1&query=750%20%C4%90T825%2C%20%C4%90%E1%BB%A9c%20H%C3%B2a%2C%20T%C3%A2y%20Ninh%2C%20Vietnam%2C%20Kh%C3%A1ch%20s%E1%BA%A1n%20ki%E1%BB%81u%20phong'
2026-09-07 16:06:45,546 | INFO | Google Maps ADDRESS search 2/3: Khách sạn kiều phong, 750 ĐT825, Đức Hòa, Tây Ninh, Vietnam
2026-09-07 16:06:50,416 | INFO | NO_CANDIDATES | mode=address | title='Khách sạn kiều phong' | address='750 ĐT825, Đức Hòa, Tây Ninh, Vietnam' | page_url='https://www.google.com/maps/search/?api=1&query=Kh%C3%A1ch%20s%E1%BA%A1n%20ki%E1%BB%81u%20phong%2C%20750%20%C4%90T825%2C%20%C4%90%E1%BB%A9c%20H%C3%B2a%2C%20T%C3%A2y%20Ninh%2C%20Vietnam'
2026-09-07 16:06:50,416 | INFO | Google Maps ADDRESS search 3/3: 750 ĐT825, Đức Hòa, Tây Ninh, Vietnam
2026-09-07 16:06:55,748 | INFO | VERIFY ADDRESS | input_title='Khách sạn kiều phong' | actual_title='750 ĐT825, Đức Hòa, Tây Ninh, Việt Nam' | input_address='750 ĐT825, Đức Hòa, Tây Ninh, Vietnam' | actual_address='' | title_score=0.291 | address_score=0.000 | location_score=0.000 | exact_identity=False | input_has_address=True | success=False | reason=ADDRESS_TITLE_MISMATCH | url='https://www.google.com/maps/place/750+%C4%90T825,+%C4%90%E1%BB%A9c+H%C3%B2a,+T%C3%A2y+Ninh,+Vi%E1%BB%87t+Nam/@10.8111155,106.4764482,17z/data=!3m1!4b1!4m6!3m5!1s0x310ad47aa28adddd:0x4189b5f1e59e2439!8m2!3d10.8111155!4d106.4764482!16s%2Fg%2F11sj4vmr45?entry=ttu&g_ep=EgoyMDI2MDkwMi4wIKXMDSoASAFQAw%3D%3D'
2026-09-07 16:06:55,748 | INFO | ADDRESS PHASE FAILED -> TITLE FALLBACK | Khách sạn kiều phong | 750 ĐT825, Đức Hòa, Tây Ninh, Vietnam
2026-09-07 16:06:55,749 | INFO | Google Maps TITLE fallback 1/3: Khách sạn kiều phong
2026-09-07 16:06:59,371 | INFO | NO_CANDIDATES | mode=title | title='Khách sạn kiều phong' | address='750 ĐT825, Đức Hòa, Tây Ninh, Vietnam' | page_url='https://www.google.com/maps/search/?api=1&query=Kh%C3%A1ch%20s%E1%BA%A1n%20ki%E1%BB%81u%20phong'
2026-09-07 16:06:59,418 | INFO | Google Maps TITLE fallback 2/3: Khách sạn kiều phong, duc hoa, tay ninh
2026-09-07 16:07:03,615 | INFO | NO_CANDIDATES | mode=title | title='Khách sạn kiều phong' | address='750 ĐT825, Đức Hòa, Tây Ninh, Vietnam' | page_url='https://www.google.com/maps/search/?api=1&query=Kh%C3%A1ch%20s%E1%BA%A1n%20ki%E1%BB%81u%20phong%2C%20duc%20hoa%2C%20tay%20ninh'
2026-09-07 16:07:03,616 | INFO | Google Maps TITLE fallback 3/3: Khách sạn kiều phong, 750 ĐT825, Đức Hòa, Tây Ninh, Vietnam
2026-09-07 16:07:08,066 | INFO | NO_CANDIDATES | mode=title | title='Khách sạn kiều phong' | address='750 ĐT825, Đức Hòa, Tây Ninh, Vietnam' | page_url='https://www.google.com/maps/search/?api=1&query=Kh%C3%A1ch%20s%E1%BA%A1n%20ki%E1%BB%81u%20phong%2C%20750%20%C4%90T825%2C%20%C4%90%E1%BB%A9c%20H%C3%B2a%2C%20T%C3%A2y%20Ninh%2C%20Vietnam'
2026-09-07 16:07:08,066 | WARNING | Google Maps NOT_VERIFIED after ADDRESS + TITLE fallback | title='Khách sạn kiều phong' | address='750 ĐT825, Đức Hòa, Tây Ninh, Vietnam' | detail_reason=ADDRESS_TITLE_MISMATCH
2026-09-07 16:07:08,067 | INFO | EXCEL SEARCH RESULT | success=False | status=MISSING | reason=NOT_VERIFIED | detail_reason=ADDRESS_TITLE_MISMATCH | google_maps_url=None | url=None | cleaned_url=''
2026-09-07 16:07:09,636 | INFO | Existing URL check | maps_col=google_maps_url | url_col=URL | maps='' | url='' | reusable=''
2026-09-07 16:07:09,637 | INFO | Google Maps ADDRESS search 1/3: 135 Châu Văn Liêm, Hiệp Long, Thanh Điền, Tây Ninh, Vietnam, Khách sạn Mỹ Duyên
2026-09-07 16:07:14,134 | INFO | NO_CANDIDATES | mode=address | title='Khách sạn Mỹ Duyên' | address='135 Châu Văn Liêm, Hiệp Long, Thanh Điền, Tây Ninh, Vietnam' | page_url='https://www.google.com/maps/search/?api=1&query=135%20Ch%C3%A2u%20V%C4%83n%20Li%C3%AAm%2C%20Hi%E1%BB%87p%20Long%2C%20Thanh%20%C4%90i%E1%BB%81n%2C%20T%C3%A2y%20Ninh%2C%20Vietnam%2C%20Kh%C3%A1ch%20s%E1%BA%A1n%20M%E1%BB%B9%20Duy%C3%AAn'
2026-09-07 16:07:14,134 | INFO | Google Maps ADDRESS search 2/3: Khách sạn Mỹ Duyên, 135 Châu Văn Liêm, Hiệp Long, Thanh Điền, Tây Ninh, Vietnam
2026-09-07 16:07:19,948 | INFO | NO_CANDIDATES | mode=address | title='Khách sạn Mỹ Duyên' | address='135 Châu Văn Liêm, Hiệp Long, Thanh Điền, Tây Ninh, Vietnam' | page_url='https://www.google.com/maps/place/Kh%C3%A1ch+s%E1%BA%A1n+M%E1%BB%B9+Duy%C3%AAn/@11.2949091,106.1255672,17z/data=!3m1!4b1!4m6!3m5!1s0x310b6af0e10b75c1:0x45244b1a2d46090f!8m2!3d11.2949091!4d106.1255672!16s%2Fg%2F1pp2v2t78?entry=ttu&g_ep=EgoyMDI2MDkwMi4wIKXMDSoASAFQAw%3D%3D'
2026-09-07 16:07:19,949 | INFO | Google Maps ADDRESS search 3/3: 135 Châu Văn Liêm, Hiệp Long, Thanh Điền, Tây Ninh, Vietnam
2026-09-07 16:07:25,318 | INFO | NO_CANDIDATES | mode=address | title='Khách sạn Mỹ Duyên' | address='135 Châu Văn Liêm, Hiệp Long, Thanh Điền, Tây Ninh, Vietnam' | page_url='https://www.google.com/maps/search/?api=1&query=135%20Ch%C3%A2u%20V%C4%83n%20Li%C3%AAm%2C%20Hi%E1%BB%87p%20Long%2C%20Thanh%20%C4%90i%E1%BB%81n%2C%20T%C3%A2y%20Ninh%2C%20Vietnam'
2026-09-07 16:07:25,319 | INFO | ADDRESS PHASE FAILED -> TITLE FALLBACK | Khách sạn Mỹ Duyên | 135 Châu Văn Liêm, Hiệp Long, Thanh Điền, Tây Ninh, Vietnam
2026-09-07 16:07:25,320 | INFO | Google Maps TITLE fallback 1/3: Khách sạn Mỹ Duyên
2026-09-07 16:07:32,041 | INFO | VERIFY TITLE | input_title='Khách sạn Mỹ Duyên' | actual_title='DNTN Trang Thị Mỹ Duyên' | input_address='135 Châu Văn Liêm, Hiệp Long, Thanh Điền, Tây Ninh, Vietnam' | actual_address='' | title_score=0.585 | address_score=0.000 | location_score=0.000 | exact_identity=False | input_has_address=True | success=False | reason=TITLE_MISMATCH | url='https://www.google.com/maps/place/DNTN+Trang+Th%E1%BB%8B+M%E1%BB%B9+Duy%C3%AAn/data=!4m7!3m6!1s0x317525841bacf9ab:0x2456e2cf59afc760!8m2!3d10.7502791!4d106.7299032!16s/g/1pzrf29wl!19sChIJq_msG4QldTERYMevWc_iViQ?authuser=0&hl=vi&g_ep=EgoyMDI2MDkwMi4wIJJjKgBIAVAD&rclk=1'
2026-09-07 16:07:32,553 | INFO | VERIFY TITLE | input_title='Khách sạn Mỹ Duyên' | actual_title='HOTEL DUYÊN HỒNG' | input_address='135 Châu Văn Liêm, Hiệp Long, Thanh Điền, Tây Ninh, Vietnam' | actual_address='' | title_score=0.412 | address_score=0.000 | location_score=0.000 | exact_identity=False | input_has_address=True | success=False | reason=TITLE_MISMATCH | url='https://www.google.com/maps/place/HOTEL+DUY%C3%8AN+H%E1%BB%92NG/data=!4m10!3m9!1s0x31752a6570b28e6f:0xb37ea6a2262a267a!5m2!4m1!1i2!8m2!3d10.869052!4d106.592963!16s/g/11f4wt828c!19sChIJb46ycGUqdTEReiYqJqKmfrM?authuser=0&hl=vi&g_ep=EgoyMDI2MDkwMi4wIJJjKgBIAVAD&rclk=1'
2026-09-07 16:07:34,994 | INFO | VERIFY TITLE | input_title='Khách sạn Mỹ Duyên' | actual_title='Khách Sạn Mỹ Duyên' | input_address='135 Châu Văn Liêm, Hiệp Long, Thanh Điền, Tây Ninh, Vietnam' | actual_address='' | title_score=1.000 | address_score=0.000 | location_score=0.000 | exact_identity=True | input_has_address=True | success=False | reason=ADDRESS_UNAVAILABLE | url='https://www.google.com/maps/place/Kh%C3%A1ch+S%E1%BA%A1n+M%E1%BB%B9+Duy%C3%AAn/data=!4m7!3m6!1s0x31752e4d1269e16f:0x3d31ad41f3b310d7!8m2!3d10.7346395!4d106.6741076!16s/g/1pp2v11l9!19sChIJb-FpEk0udTER1xCz80GtMT0?authuser=0&hl=vi&g_ep=EgoyMDI2MDkwMi4wIJJjKgBIAVAD&rclk=1'
2026-09-07 16:07:38,324 | INFO | VERIFY TITLE | input_title='Khách sạn Mỹ Duyên' | actual_title='Mỹ Duyên' | input_address='135 Châu Văn Liêm, Hiệp Long, Thanh Điền, Tây Ninh, Vietnam' | actual_address='' | title_score=0.900 | address_score=0.000 | location_score=0.000 | exact_identity=False | input_has_address=True | success=False | reason=TITLE_MISMATCH | url='https://www.google.com/maps/place/M%E1%BB%B9+Duy%C3%AAn/data=!4m7!3m6!1s0x3175288d1a912097:0xfc5ed413be87b644!8m2!3d10.8239886!4d106.7010812!16s/g/11g20wfwr4!19sChIJlyCRGo0odTERRLaHvhPUXvw?authuser=0&hl=vi&g_ep=EgoyMDI2MDkwMi4wIJJjKgBIAVAD&rclk=1'
2026-09-07 16:07:38,325 | INFO | Google Maps TITLE fallback 2/3: Khách sạn Mỹ Duyên, thanh dien, tay ninh
2026-09-07 16:07:47,249 | INFO | VERIFY TITLE | input_title='Khách sạn Mỹ Duyên' | actual_title='Khách sạn Mỹ Duyên' | input_address='135 Châu Văn Liêm, Hiệp Long, Thanh Điền, Tây Ninh, Vietnam' | actual_address='135 Châu Văn Liêm, Hiệp Long, Thanh Điền, Tây Ninh, Việt Nam' | title_score=1.000 | address_score=1.000 | location_score=1.000 | exact_identity=True | input_has_address=True | success=True | reason=TITLE_SEARCH_ACCEPTED | url='https://www.google.com/maps/place/Kh%C3%A1ch+s%E1%BA%A1n+M%E1%BB%B9+Duy%C3%AAn/@11.2949091,106.1255672,17z/data=!3m1!4b1!4m6!3m5!1s0x310b6af0e10b75c1:0x45244b1a2d46090f!8m2!3d11.2949091!4d106.1255672!16s%2Fg%2F1pp2v2t78?entry=ttu&g_ep=EgoyMDI2MDkwMi4wIKXMDSoASAFQAw%3D%3D'
2026-09-07 16:07:47,250 | INFO | EXCEL SEARCH RESULT | success=True | status=FOUND | reason=VERIFIED | detail_reason=TITLE_SEARCH_ACCEPTED | google_maps_url='https://www.google.com/maps/place/Kh%C3%A1ch+s%E1%BA%A1n+M%E1%BB%B9+Duy%C3%AAn/@11.2949091,106.1255672,17z/data=!3m1!4b1!4m6!3m5!1s0x310b6af0e10b75c1:0x45244b1a2d46090f!8m2!3d11.2949091!4d106.1255672!16s%2Fg%2F1pp2v2t78?entry=ttu&g_ep=EgoyMDI2MDkwMi4wIKXMDSoASAFQAw%3D%3D' | url='https://www.google.com/maps/place/Kh%C3%A1ch+s%E1%BA%A1n+M%E1%BB%B9+Duy%C3%AAn/@11.2949091,106.1255672,17z/data=!3m1!4b1!4m6!3m5!1s0x310b6af0e10b75c1:0x45244b1a2d46090f!8m2!3d11.2949091!4d106.1255672!16s%2Fg%2F1pp2v2t78?entry=ttu&g_ep=EgoyMDI2MDkwMi4wIKXMDSoASAFQAw%3D%3D' | cleaned_url='https://www.google.com/maps/place/Kh%C3%A1ch+s%E1%BA%A1n+M%E1%BB%B9+Duy%C3%AAn/@11.2949091,106.1255672,17z/data=!3m1!4b1!4m6!3m5!1s0x310b6af0e10b75c1:0x45244b1a2d46090f!8m2!3d11.2949091!4d106.1255672!16s%2Fg%2F1pp2v2t78?entry=ttu&g_ep=EgoyMDI2MDkwMi4wIKXMDSoASAFQAw%3D%3D'
2026-09-07 16:07:47,867 | INFO | Existing URL check | maps_col=google_maps_url | url_col=URL | maps='' | url='' | reusable=''
2026-09-07 16:07:47,868 | INFO | Google Maps ADDRESS search 1/3: Ấp 5, My Hanh, Tay Ninh, Vietnam, Khách sạn Ngọc Thu Hà
2026-09-07 16:07:56,754 | INFO | VERIFY ADDRESS | input_title='Khách sạn Ngọc Thu Hà' | actual_title='Khách sạn Ngọc Thu Hà' | input_address='Ấp 5, My Hanh, Tay Ninh, Vietnam' | actual_address='Ấp 5, Mỹ Hạnh, Tây Ninh, Việt Nam' | title_score=1.000 | address_score=1.000 | location_score=1.000 | exact_identity=True | input_has_address=True | success=True | reason=ADDRESS_SEARCH_ACCEPTED | url='https://www.google.com/maps/place/Kh%C3%A1ch+s%E1%BA%A1n+Ng%E1%BB%8Dc+Thu+H%C3%A0/@10.8100689,106.4786703,17z/data=!3m1!4b1!4m6!3m5!1s0x31752ca36fffffff:0x8e40ac859c83d40f!8m2!3d10.8100689!4d106.4786703!16s%2Fg%2F11bw66x2r8?entry=ttu&g_ep=EgoyMDI2MDkwMi4wIKXMDSoASAFQAw%3D%3D'
2026-09-07 16:07:56,755 | INFO | EXCEL SEARCH RESULT | success=True | status=FOUND | reason=VERIFIED | detail_reason=ADDRESS_SEARCH_ACCEPTED | google_maps_url='https://www.google.com/maps/place/Kh%C3%A1ch+s%E1%BA%A1n+Ng%E1%BB%8Dc+Thu+H%C3%A0/@10.8100689,106.4786703,17z/data=!3m1!4b1!4m6!3m5!1s0x31752ca36fffffff:0x8e40ac859c83d40f!8m2!3d10.8100689!4d106.4786703!16s%2Fg%2F11bw66x2r8?entry=ttu&g_ep=EgoyMDI2MDkwMi4wIKXMDSoASAFQAw%3D%3D' | url='https://www.google.com/maps/place/Kh%C3%A1ch+s%E1%BA%A1n+Ng%E1%BB%8Dc+Thu+H%C3%A0/@10.8100689,106.4786703,17z/data=!3m1!4b1!4m6!3m5!1s0x31752ca36fffffff:0x8e40ac859c83d40f!8m2!3d10.8100689!4d106.4786703!16s%2Fg%2F11bw66x2r8?entry=ttu&g_ep=EgoyMDI2MDkwMi4wIKXMDSoASAFQAw%3D%3D' | cleaned_url='https://www.google.com/maps/place/Kh%C3%A1ch+s%E1%BA%A1n+Ng%E1%BB%8Dc+Thu+H%C3%A0/@10.8100689,106.4786703,17z/data=!3m1!4b1!4m6!3m5!1s0x31752ca36fffffff:0x8e40ac859c83d40f!8m2!3d10.8100689!4d106.4786703!16s%2Fg%2F11bw66x2r8?entry=ttu&g_ep=EgoyMDI2MDkwMi4wIKXMDSoASAFQAw%3D%3D'
2026-09-07 16:07:57,275 | INFO | Existing URL check | maps_col=google_maps_url | url_col=URL | maps='' | url='' | reusable=''
2026-09-07 16:07:57,276 | INFO | Google Maps ADDRESS search 1/3: RF4MW5M, Mỹ Hạnh, Tây Ninh, Vietnam, Khách Sạn Quỳnh Yến
2026-09-07 16:08:03,228 | INFO | NO_CANDIDATES | mode=address | title='Khách Sạn Quỳnh Yến' | address='RF4MW5M, Mỹ Hạnh, Tây Ninh, Vietnam' | page_url='https://www.google.com/maps/place/Kh%C3%A1ch+S%E1%BA%A1n+Qu%E1%BB%B3nh+Y%E1%BA%BFn/@10.8073337,106.4829212,17z/data=!3m1!4b1!4m6!3m5!1s0x310ad47c1727c341:0x1075b929a3f29d6d!8m2!3d10.8073337!4d106.4829212!16s%2Fg%2F11ddxnh0pj?entry=ttu&g_ep=EgoyMDI2MDkwMi4wIKXMDSoASAFQAw%3D%3D'
2026-09-07 16:08:03,228 | INFO | Google Maps ADDRESS search 2/3: Khách Sạn Quỳnh Yến, RF4MW5M, Mỹ Hạnh, Tây Ninh, Vietnam
2026-09-07 16:08:11,957 | INFO | VERIFY ADDRESS | input_title='Khách Sạn Quỳnh Yến' | actual_title='Khách Sạn Quỳnh Yến' | input_address='RF4MW5M, Mỹ Hạnh, Tây Ninh, Vietnam' | actual_address='RF4M+W5M, Mỹ Hạnh, Tây Ninh, Việt Nam' | title_score=1.000 | address_score=1.000 | location_score=1.000 | exact_identity=True | input_has_address=True | success=True | reason=ADDRESS_SEARCH_ACCEPTED | url='https://www.google.com/maps/place/Kh%C3%A1ch+S%E1%BA%A1n+Qu%E1%BB%B3nh+Y%E1%BA%BFn/@10.8073337,106.4829212,17z/data=!3m1!4b1!4m6!3m5!1s0x310ad47c1727c341:0x1075b929a3f29d6d!8m2!3d10.8073337!4d106.4829212!16s%2Fg%2F11ddxnh0pj?entry=ttu&g_ep=EgoyMDI2MDkwMi4wIKXMDSoASAFQAw%3D%3D'
2026-09-07 16:08:11,958 | INFO | EXCEL SEARCH RESULT | success=True | status=FOUND | reason=VERIFIED | detail_reason=ADDRESS_SEARCH_ACCEPTED | google_maps_url='https://www.google.com/maps/place/Kh%C3%A1ch+S%E1%BA%A1n+Qu%E1%BB%B3nh+Y%E1%BA%BFn/@10.8073337,106.4829212,17z/data=!3m1!4b1!4m6!3m5!1s0x310ad47c1727c341:0x1075b929a3f29d6d!8m2!3d10.8073337!4d106.4829212!16s%2Fg%2F11ddxnh0pj?entry=ttu&g_ep=EgoyMDI2MDkwMi4wIKXMDSoASAFQAw%3D%3D' | url='https://www.google.com/maps/place/Kh%C3%A1ch+S%E1%BA%A1n+Qu%E1%BB%B3nh+Y%E1%BA%BFn/@10.8073337,106.4829212,17z/data=!3m1!4b1!4m6!3m5!1s0x310ad47c1727c341:0x1075b929a3f29d6d!8m2!3d10.8073337!4d106.4829212!16s%2Fg%2F11ddxnh0pj?entry=ttu&g_ep=EgoyMDI2MDkwMi4wIKXMDSoASAFQAw%3D%3D' | cleaned_url='https://www.google.com/maps/place/Kh%C3%A1ch+S%E1%BA%A1n+Qu%E1%BB%B3nh+Y%E1%BA%BFn/@10.8073337,106.4829212,17z/data=!3m1!4b1!4m6!3m5!1s0x310ad47c1727c341:0x1075b929a3f29d6d!8m2!3d10.8073337!4d106.4829212!16s%2Fg%2F11ddxnh0pj?entry=ttu&g_ep=EgoyMDI2MDkwMi4wIKXMDSoASAFQAw%3D%3D'
2026-09-07 16:08:12,625 | INFO | Existing URL check | maps_col=google_maps_url | url_col=URL | maps='' | url='' | reusable=''
2026-09-07 16:08:12,626 | INFO | Google Maps ADDRESS search 1/3: 84 QL1A, Bến Lức, Tây Ninh, Vietnam, Khách sạn Thanh Bình
2026-09-07 16:08:18,088 | INFO | NO_CANDIDATES | mode=address | title='Khách sạn Thanh Bình' | address='84 QL1A, Bến Lức, Tây Ninh, Vietnam' | page_url='https://www.google.com/maps/search/?api=1&query=84%20QL1A%2C%20B%E1%BA%BFn%20L%E1%BB%A9c%2C%20T%C3%A2y%20Ninh%2C%20Vietnam%2C%20Kh%C3%A1ch%20s%E1%BA%A1n%20Thanh%20B%C3%ACnh'
2026-09-07 16:08:18,089 | INFO | Google Maps ADDRESS search 2/3: Khách sạn Thanh Bình, 84 QL1A, Bến Lức, Tây Ninh, Vietnam
2026-09-07 16:08:23,248 | INFO | NO_CANDIDATES | mode=address | title='Khách sạn Thanh Bình' | address='84 QL1A, Bến Lức, Tây Ninh, Vietnam' | page_url='https://www.google.com/maps/search/?api=1&query=Kh%C3%A1ch%20s%E1%BA%A1n%20Thanh%20B%C3%ACnh%2C%2084%20QL1A%2C%20B%E1%BA%BFn%20L%E1%BB%A9c%2C%20T%C3%A2y%20Ninh%2C%20Vietnam'
2026-09-07 16:08:23,249 | INFO | Google Maps ADDRESS search 3/3: 84 QL1A, Bến Lức, Tây Ninh, Vietnam
2026-09-07 16:08:28,003 | INFO | NO_CANDIDATES | mode=address | title='Khách sạn Thanh Bình' | address='84 QL1A, Bến Lức, Tây Ninh, Vietnam' | page_url='https://www.google.com/maps/search/?api=1&query=84%20QL1A%2C%20B%E1%BA%BFn%20L%E1%BB%A9c%2C%20T%C3%A2y%20Ninh%2C%20Vietnam'
2026-09-07 16:08:28,004 | INFO | ADDRESS PHASE FAILED -> TITLE FALLBACK | Khách sạn Thanh Bình | 84 QL1A, Bến Lức, Tây Ninh, Vietnam
2026-09-07 16:08:28,004 | INFO | Google Maps TITLE fallback 1/3: Khách sạn Thanh Bình
2026-09-07 16:08:36,845 | INFO | VERIFY TITLE | input_title='Khách sạn Thanh Bình' | actual_title='KHÁCH SẠN THANH BÌNH | | |' | input_address='84 QL1A, Bến Lức, Tây Ninh, Vietnam' | actual_address='' | title_score=1.000 | address_score=0.000 | location_score=0.000 | exact_identity=True | input_has_address=True | success=False | reason=ADDRESS_UNAVAILABLE | url='https://www.google.com/maps/place/KH%C3%81CH+S%E1%BA%A0N+THANH+B%C3%8CNH+%7C+%7C+%7C/data=!4m10!3m9!1s0x31752b0a29a4e9e7:0x8cfb926c2da85fbb!5m2!4m1!1i2!8m2!3d10.8087232!4d106.5946315!16s/g/11kxjg9s_c!19sChIJ5-mkKQordTERu1-oLWyS-4w?authuser=0&hl=vi&g_ep=EgoyMDI2MDkwMi4wIJJjKgBIAVAD&rclk=1'
2026-09-07 16:08:40,322 | INFO | VERIFY TITLE | input_title='Khách sạn Thanh Bình' | actual_title='Khách Sạn Thanh Bình' | input_address='84 QL1A, Bến Lức, Tây Ninh, Vietnam' | actual_address='' | title_score=1.000 | address_score=0.000 | location_score=0.000 | exact_identity=True | input_has_address=True | success=False | reason=ADDRESS_UNAVAILABLE | url='https://www.google.com/maps/place/Kh%C3%A1ch+S%E1%BA%A1n+Thanh+B%C3%ACnh/data=!4m10!3m9!1s0x317529faddc722f9:0xdd7bb9cd5339da0!5m2!4m1!1i2!8m2!3d10.8711455!4d106.6396498!16s/g/11b67r4nj1!19sChIJ-SLH3fopdTERoJ0z1Zy71w0?authuser=0&hl=vi&g_ep=EgoyMDI2MDkwMi4wIJJjKgBIAVAD&rclk=1'
2026-09-07 16:08:40,933 | INFO | VERIFY TITLE | input_title='Khách sạn Thanh Bình' | actual_title='Thanh Binh Premium Hotel' | input_address='84 QL1A, Bến Lức, Tây Ninh, Vietnam' | actual_address='' | title_score=0.455 | address_score=0.000 | location_score=0.000 | exact_identity=False | input_has_address=True | success=False | reason=TITLE_MISMATCH | url='https://www.google.com/maps/place/Thanh+Binh+Premium+Hotel/data=!4m10!3m9!1s0x31752bfba656dba1:0xbb0770084fb1bc42!5m2!4m1!1i2!8m2!3d10.8011384!4d106.6211406!16s/g/12hpv0_h1!19sChIJodtWpvsrdTERQryxTwhwB7s?authuser=0&hl=vi&g_ep=EgoyMDI2MDkwMi4wIJJjKgBIAVAD&rclk=1'
2026-09-07 16:08:43,415 | INFO | VERIFY TITLE | input_title='Khách sạn Thanh Bình' | actual_title='Khách Sạn Thanh Bình' | input_address='84 QL1A, Bến Lức, Tây Ninh, Vietnam' | actual_address='' | title_score=1.000 | address_score=0.000 | location_score=0.000 | exact_identity=True | input_has_address=True | success=False | reason=ADDRESS_UNAVAILABLE | url='https://www.google.com/maps/place/Kh%C3%A1ch+S%E1%BA%A1n+Thanh+B%C3%ACnh/data=!4m7!3m6!1s0x31752a1ab3d8d81f:0xdcda077d59c727d7!8m2!3d10.8694897!4d106.6184243!16s/g/11xh8zyjb!19sChIJH9jYsxoqdTER1yfHWX0H2tw?authuser=0&hl=vi&g_ep=EgoyMDI2MDkwMi4wIJJjKgBIAVAD&rclk=1'
2026-09-07 16:08:45,473 | INFO | VERIFY TITLE | input_title='Khách sạn Thanh Bình' | actual_title='Khách Sạn Thanh Bình 3' | input_address='84 QL1A, Bến Lức, Tây Ninh, Vietnam' | actual_address='' | title_score=0.950 | address_score=0.000 | location_score=0.000 | exact_identity=False | input_has_address=True | success=False | reason=ADDRESS_UNAVAILABLE | url='https://www.google.com/maps/place/Kh%C3%A1ch+S%E1%BA%A1n+Thanh+B%C3%ACnh+3/data=!4m10!3m9!1s0x31752b6e49b33371:0xe83c9bed61c5033e!5m2!4m1!1i2!8m2!3d10.805228!4d106.6235286!16s/g/11tjd3bvj8!19sChIJcTOzSW4rdTERPgPFYe2bPOg?authuser=0&hl=vi&g_ep=EgoyMDI2MDkwMi4wIJJjKgBIAVAD&rclk=1'
2026-09-07 16:08:45,473 | INFO | Google Maps TITLE fallback 2/3: Khách sạn Thanh Bình, ben luc, tay ninh
2026-09-07 16:08:49,625 | INFO | NO_CANDIDATES | mode=title | title='Khách sạn Thanh Bình' | address='84 QL1A, Bến Lức, Tây Ninh, Vietnam' | page_url='https://www.google.com/maps/search/?api=1&query=Kh%C3%A1ch%20s%E1%BA%A1n%20Thanh%20B%C3%ACnh%2C%20ben%20luc%2C%20tay%20ninh'
2026-09-07 16:08:49,625 | INFO | Google Maps TITLE fallback 3/3: Khách sạn Thanh Bình, 84 QL1A, Bến Lức, Tây Ninh, Vietnam
2026-09-07 16:08:54,530 | INFO | NO_CANDIDATES | mode=title | title='Khách sạn Thanh Bình' | address='84 QL1A, Bến Lức, Tây Ninh, Vietnam' | page_url='https://www.google.com/maps/search/?api=1&query=Kh%C3%A1ch%20s%E1%BA%A1n%20Thanh%20B%C3%ACnh%2C%2084%20QL1A%2C%20B%E1%BA%BFn%20L%E1%BB%A9c%2C%20T%C3%A2y%20Ninh%2C%20Vietnam'
2026-09-07 16:08:54,531 | WARNING | Google Maps NOT_VERIFIED after ADDRESS + TITLE fallback | title='Khách sạn Thanh Bình' | address='84 QL1A, Bến Lức, Tây Ninh, Vietnam' | detail_reason=ADDRESS_UNAVAILABLE
2026-09-07 16:08:54,533 | INFO | EXCEL SEARCH RESULT | success=False | status=MISSING | reason=NOT_VERIFIED | detail_reason=ADDRESS_UNAVAILABLE | google_maps_url=None | url=None | cleaned_url=''
2026-09-07 16:08:56,043 | INFO | Existing URL check | maps_col=google_maps_url | url_col=URL | maps='' | url='' | reusable=''
2026-09-07 16:08:56,043 | INFO | Google Maps ADDRESS search 1/3: 35JVWQ, Bến Cầu, Tây Ninh, Vietnam, Khách Sạn Thiên Kim
2026-09-07 16:09:00,195 | INFO | NO_CANDIDATES | mode=address | title='Khách Sạn Thiên Kim' | address='35JVWQ, Bến Cầu, Tây Ninh, Vietnam' | page_url='https://www.google.com/maps/search/?api=1&query=35JVWQ%2C%20B%E1%BA%BFn%20C%E1%BA%A7u%2C%20T%C3%A2y%20Ninh%2C%20Vietnam%2C%20Kh%C3%A1ch%20S%E1%BA%A1n%20Thi%C3%AAn%20Kim'
2026-09-07 16:09:00,196 | INFO | Google Maps ADDRESS search 2/3: Khách Sạn Thiên Kim, 35JVWQ, Bến Cầu, Tây Ninh, Vietnam
2026-09-07 16:09:05,524 | INFO | NO_CANDIDATES | mode=address | title='Khách Sạn Thiên Kim' | address='35JVWQ, Bến Cầu, Tây Ninh, Vietnam' | page_url='https://www.google.com/maps/search/?api=1&query=Kh%C3%A1ch%20S%E1%BA%A1n%20Thi%C3%AAn%20Kim%2C%2035JVWQ%2C%20B%E1%BA%BFn%20C%E1%BA%A7u%2C%20T%C3%A2y%20Ninh%2C%20Vietnam'
2026-09-07 16:09:05,525 | INFO | Google Maps ADDRESS search 3/3: 35JVWQ, Bến Cầu, Tây Ninh, Vietnam
2026-09-07 16:09:08,774 | INFO | ADDRESS PHASE FAILED -> TITLE FALLBACK | Khách Sạn Thiên Kim | 35JVWQ, Bến Cầu, Tây Ninh, Vietnam
2026-09-07 16:09:08,775 | INFO | Google Maps TITLE fallback 1/3: Khách Sạn Thiên Kim
2026-09-07 16:09:15,483 | INFO | VERIFY TITLE | input_title='Khách Sạn Thiên Kim' | actual_title='Khách sạn Thiên Kim' | input_address='35JVWQ, Bến Cầu, Tây Ninh, Vietnam' | actual_address='' | title_score=1.000 | address_score=0.000 | location_score=0.000 | exact_identity=True | input_has_address=True | success=False | reason=ADDRESS_UNAVAILABLE | url='https://www.google.com/maps/place/Kh%C3%A1ch+s%E1%BA%A1n+Thi%C3%AAn+Kim/data=!4m7!3m6!1s0x31752fa4fa655551:0x22cd0108d02d1d06!8m2!3d10.7374095!4d106.6921081!16s/g/11c6fbm257!19sChIJUVVl-qQvdTERBh0t0AgBzSI?authuser=0&hl=vi&g_ep=EgoyMDI2MDkwMi4wIJJjKgBIAVAD&rclk=1'
2026-09-07 16:09:17,532 | INFO | VERIFY TITLE | input_title='Khách Sạn Thiên Kim' | actual_title='Khách Sạn Thiên Kim' | input_address='35JVWQ, Bến Cầu, Tây Ninh, Vietnam' | actual_address='' | title_score=1.000 | address_score=0.000 | location_score=0.000 | exact_identity=True | input_has_address=True | success=False | reason=ADDRESS_UNAVAILABLE | url='https://www.google.com/maps/place/Kh%C3%A1ch+S%E1%BA%A1n+Thi%C3%AAn+Kim/data=!4m10!3m9!1s0x310b3dbcd1155cbf:0x5fa42b262cf8284c!5m2!4m1!1i2!8m2!3d11.082283!4d106.194408!16s/g/11pyzflykk!19sChIJv1wV0bw9CzERTCj4LCYrpF8?authuser=0&hl=vi&g_ep=EgoyMDI2MDkwMi4wIJJjKgBIAVAD&rclk=1'
2026-09-07 16:09:21,178 | INFO | VERIFY TITLE | input_title='Khách Sạn Thiên Kim' | actual_title='Khách Sạn Thiên Kim' | input_address='35JVWQ, Bến Cầu, Tây Ninh, Vietnam' | actual_address='' | title_score=1.000 | address_score=0.000 | location_score=0.000 | exact_identity=True | input_has_address=True | success=False | reason=ADDRESS_UNAVAILABLE | url='https://www.google.com/maps/place/Kh%C3%A1ch+S%E1%BA%A1n+Thi%C3%AAn+Kim/data=!4m7!3m6!1s0x3174dc20774d121f:0x34e1de795274a1a3!8m2!3d10.9557463!4d106.8434956!16s/g/11b67p23c0!19sChIJHxJNdyDcdDERo6F0Unne4TQ?authuser=0&hl=vi&g_ep=EgoyMDI2MDkwMi4wIJJjKgBIAVAD&rclk=1'
2026-09-07 16:09:23,801 | INFO | VERIFY TITLE | input_title='Khách Sạn Thiên Kim' | actual_title='Khác sạn Thiên Kim' | input_address='35JVWQ, Bến Cầu, Tây Ninh, Vietnam' | actual_address='' | title_score=0.973 | address_score=0.000 | location_score=0.000 | exact_identity=False | input_has_address=True | success=False | reason=ADDRESS_UNAVAILABLE | url='https://www.google.com/maps/place/Kh%C3%A1c+s%E1%BA%A1n+Thi%C3%AAn+Kim/data=!4m10!3m9!1s0x317529000e3bba41:0x2d8034012828c641!5m2!4m1!1i2!8m2!3d10.8230989!4d106.6296638!16s/g/11nqtgh0t2!19sChIJQbo7DgApdTERQcYoKAE0gC0?authuser=0&hl=vi&g_ep=EgoyMDI2MDkwMi4wIJJjKgBIAVAD&rclk=1'
2026-09-07 16:09:24,438 | INFO | VERIFY TITLE | input_title='Khách Sạn Thiên Kim' | actual_title='Thien Kim Duc Hotel' | input_address='35JVWQ, Bến Cầu, Tây Ninh, Vietnam' | actual_address='' | title_score=0.474 | address_score=0.000 | location_score=0.000 | exact_identity=False | input_has_address=True | success=False | reason=TITLE_MISMATCH | url='https://www.google.com/maps/place/Thien+Kim+Duc+Hotel/data=!4m10!3m9!1s0x31752f469d277a0d:0xdf24ebd878d55957!5m2!4m1!1i2!8m2!3d10.7742651!4d106.7054508!16s/g/1pp2vj9sf!19sChIJDXonnUYvdTERV1nVeNjrJN8?authuser=0&hl=vi&g_ep=EgoyMDI2MDkwMi4wIJJjKgBIAVAD&rclk=1'
2026-09-07 16:09:24,439 | INFO | Google Maps TITLE fallback 2/3: Khách Sạn Thiên Kim, ben cau, tay ninh
2026-09-07 16:09:33,662 | INFO | VERIFY TITLE | input_title='Khách Sạn Thiên Kim' | actual_title='Khách Sạn Thiên Kim' | input_address='35JVWQ, Bến Cầu, Tây Ninh, Vietnam' | actual_address='35JV+WQ, Bến Cầu, Tây Ninh, Việt Nam' | title_score=1.000 | address_score=1.000 | location_score=1.000 | exact_identity=True | input_has_address=True | success=True | reason=TITLE_SEARCH_ACCEPTED | url='https://www.google.com/maps/place/Kh%C3%A1ch+S%E1%BA%A1n+Thi%C3%AAn+Kim/@11.082283,106.194408,17z/data=!3m1!4b1!4m9!3m8!1s0x310b3dbcd1155cbf:0x5fa42b262cf8284c!5m2!4m1!1i2!8m2!3d11.082283!4d106.194408!16s%2Fg%2F11pyzflykk?entry=ttu&g_ep=EgoyMDI2MDkwMi4wIKXMDSoASAFQAw%3D%3D'
2026-09-07 16:09:33,663 | INFO | EXCEL SEARCH RESULT | success=True | status=FOUND | reason=VERIFIED | detail_reason=TITLE_SEARCH_ACCEPTED | google_maps_url='https://www.google.com/maps/place/Kh%C3%A1ch+S%E1%BA%A1n+Thi%C3%AAn+Kim/@11.082283,106.194408,17z/data=!3m1!4b1!4m9!3m8!1s0x310b3dbcd1155cbf:0x5fa42b262cf8284c!5m2!4m1!1i2!8m2!3d11.082283!4d106.194408!16s%2Fg%2F11pyzflykk?entry=ttu&g_ep=EgoyMDI2MDkwMi4wIKXMDSoASAFQAw%3D%3D' | url='https://www.google.com/maps/place/Kh%C3%A1ch+S%E1%BA%A1n+Thi%C3%AAn+Kim/@11.082283,106.194408,17z/data=!3m1!4b1!4m9!3m8!1s0x310b3dbcd1155cbf:0x5fa42b262cf8284c!5m2!4m1!1i2!8m2!3d11.082283!4d106.194408!16s%2Fg%2F11pyzflykk?entry=ttu&g_ep=EgoyMDI2MDkwMi4wIKXMDSoASAFQAw%3D%3D' | cleaned_url='https://www.google.com/maps/place/Kh%C3%A1ch+S%E1%BA%A1n+Thi%C3%AAn+Kim/@11.082283,106.194408,17z/data=!3m1!4b1!4m9!3m8!1s0x310b3dbcd1155cbf:0x5fa42b262cf8284c!5m2!4m1!1i2!8m2!3d11.082283!4d106.194408!16s%2Fg%2F11pyzflykk?entry=ttu&g_ep=EgoyMDI2MDkwMi4wIKXMDSoASAFQAw%3D%3D'
2026-09-07 16:09:34,296 | INFO | Existing URL check | maps_col=google_maps_url | url_col=URL | maps='' | url='' | reusable=''
2026-09-07 16:09:34,301 | INFO | Google Maps ADDRESS search 1/3: 10 Đ. Số 9, Bến Lức, Tây Ninh, Vietnam, Khách sạn Trí Tâm - Công ty TNHH MTV Trí Tâm Group
2026-09-07 16:09:38,936 | INFO | NO_CANDIDATES | mode=address | title='Khách sạn Trí Tâm - Công ty TNHH MTV Trí Tâm Group' | address='10 Đ. Số 9, Bến Lức, Tây Ninh, Vietnam' | page_url='https://www.google.com/maps/search/?api=1&query=10%20%C4%90.%20S%E1%BB%91%209%2C%20B%E1%BA%BFn%20L%E1%BB%A9c%2C%20T%C3%A2y%20Ninh%2C%20Vietnam%2C%20Kh%C3%A1ch%20s%E1%BA%A1n%20Tr%C3%AD%20T%C3%A2m%20-%20C%C3%B4ng%20ty%20TNHH%20MTV%20Tr%C3%AD%20T%C3%A2m%20Group'
2026-09-07 16:09:38,937 | INFO | Google Maps ADDRESS search 2/3: Khách sạn Trí Tâm - Công ty TNHH MTV Trí Tâm Group, 10 Đ. Số 9, Bến Lức, Tây Ninh, Vietnam
2026-09-07 16:09:48,980 | INFO | VERIFY ADDRESS | input_title='Khách sạn Trí Tâm - Công ty TNHH MTV Trí Tâm Group' | actual_title='Khách sạn Trí Tâm - Công ty TNHH MTV Trí Tâm Group' | input_address='10 Đ. Số 9, Bến Lức, Tây Ninh, Vietnam' | actual_address='10 Đ. Số 9, Bến Lức, Tây Ninh, Việt Nam' | title_score=1.000 | address_score=1.000 | location_score=1.000 | exact_identity=True | input_has_address=True | success=True | reason=ADDRESS_SEARCH_ACCEPTED | url='https://www.google.com/maps/place/Kh%C3%A1ch+s%E1%BA%A1n+Tr%C3%AD+T%C3%A2m+-+C%C3%B4ng+ty+TNHH+MTV+Tr%C3%AD+T%C3%A2m+Group/@10.6391933,106.4941942,17z/data=!3m1!4b1!4m9!3m8!1s0x310acdd016c5ec53:0x8d2f7231127f49c2!5m2!4m1!1i2!8m2!3d10.6391933!4d106.4941942!16s%2Fg%2F11p73zdfcl?entry=ttu&g_ep=EgoyMDI2MDkwMi4wIKXMDSoASAFQAw%3D%3D'
2026-09-07 16:09:48,981 | INFO | EXCEL SEARCH RESULT | success=True | status=FOUND | reason=VERIFIED | detail_reason=ADDRESS_SEARCH_ACCEPTED | google_maps_url='https://www.google.com/maps/place/Kh%C3%A1ch+s%E1%BA%A1n+Tr%C3%AD+T%C3%A2m+-+C%C3%B4ng+ty+TNHH+MTV+Tr%C3%AD+T%C3%A2m+Group/@10.6391933,106.4941942,17z/data=!3m1!4b1!4m9!3m8!1s0x310acdd016c5ec53:0x8d2f7231127f49c2!5m2!4m1!1i2!8m2!3d10.6391933!4d106.4941942!16s%2Fg%2F11p73zdfcl?entry=ttu&g_ep=EgoyMDI2MDkwMi4wIKXMDSoASAFQAw%3D%3D' | url='https://www.google.com/maps/place/Kh%C3%A1ch+s%E1%BA%A1n+Tr%C3%AD+T%C3%A2m+-+C%C3%B4ng+ty+TNHH+MTV+Tr%C3%AD+T%C3%A2m+Group/@10.6391933,106.4941942,17z/data=!3m1!4b1!4m9!3m8!1s0x310acdd016c5ec53:0x8d2f7231127f49c2!5m2!4m1!1i2!8m2!3d10.6391933!4d106.4941942!16s%2Fg%2F11p73zdfcl?entry=ttu&g_ep=EgoyMDI2MDkwMi4wIKXMDSoASAFQAw%3D%3D' | cleaned_url='https://www.google.com/maps/place/Kh%C3%A1ch+s%E1%BA%A1n+Tr%C3%AD+T%C3%A2m+-+C%C3%B4ng+ty+TNHH+MTV+Tr%C3%AD+T%C3%A2m+Group/@10.6391933,106.4941942,17z/data=!3m1!4b1!4m9!3m8!1s0x310acdd016c5ec53:0x8d2f7231127f49c2!5m2!4m1!1i2!8m2!3d10.6391933!4d106.4941942!16s%2Fg%2F11p73zdfcl?entry=ttu&g_ep=EgoyMDI2MDkwMi4wIKXMDSoASAFQAw%3D%3D'
2026-09-07 16:09:49,581 | INFO | Existing URL check | maps_col=google_maps_url | url_col=URL | maps='' | url='' | reusable=''
2026-09-07 16:09:49,582 | INFO | Google Maps ADDRESS search 1/3: Khu phố 1, Tan Ninh, Tay Ninh, Vietnam, Korean Hotel Resort
2026-09-07 16:09:57,731 | INFO | VERIFY ADDRESS | input_title='Korean Hotel Resort' | actual_title='Korean Hotel Resort' | input_address='Khu phố 1, Tan Ninh, Tay Ninh, Vietnam' | actual_address='' | title_score=1.000 | address_score=0.000 | location_score=0.000 | exact_identity=True | input_has_address=True | success=False | reason=ADDRESS_UNAVAILABLE | url='https://www.google.com/maps/place/Korean+Hotel+Resort/data=!4m11!3m10!1s0x310b6bb734dfa715:0x362cd6950e9fc284!5m2!4m1!1i2!8m2!3d11.3200398!4d106.1009522!16s/g/11xc_y4nkf!17BQ0FF!19sChIJFaffNLdrCzERhMKfDpXWLDY?authuser=0&hl=vi&g_ep=EgoyMDI2MDkwMi4wIJJjKgBIAVAD&rclk=1'
2026-09-07 16:09:57,732 | INFO | Google Maps ADDRESS search 2/3: Korean Hotel Resort, Khu phố 1, Tan Ninh, Tay Ninh, Vietnam
2026-09-07 16:10:04,849 | INFO | VERIFY ADDRESS | input_title='Korean Hotel Resort' | actual_title='Korean Hotel Resort' | input_address='Khu phố 1, Tan Ninh, Tay Ninh, Vietnam' | actual_address='' | title_score=1.000 | address_score=0.000 | location_score=0.000 | exact_identity=True | input_has_address=True | success=False | reason=ADDRESS_UNAVAILABLE | url='https://www.google.com/maps/place/Korean+Hotel+Resort/data=!4m11!3m10!1s0x310b6bb734dfa715:0x362cd6950e9fc284!5m2!4m1!1i2!8m2!3d11.3200398!4d106.1009522!16s/g/11xc_y4nkf!17BQ0FF!19sChIJFaffNLdrCzERhMKfDpXWLDY?authuser=0&hl=vi&g_ep=EgoyMDI2MDkwMi4wIJJjKgBIAVAD&rclk=1'
2026-09-07 16:10:04,850 | INFO | Google Maps ADDRESS search 3/3: Khu phố 1, Tan Ninh, Tay Ninh, Vietnam
2026-09-07 16:10:10,484 | INFO | NO_CANDIDATES | mode=address | title='Korean Hotel Resort' | address='Khu phố 1, Tan Ninh, Tay Ninh, Vietnam' | page_url='https://www.google.com/maps/search/?api=1&query=Khu%20ph%E1%BB%91%201%2C%20Tan%20Ninh%2C%20Tay%20Ninh%2C%20Vietnam'
2026-09-07 16:10:10,485 | INFO | ADDRESS PHASE FAILED -> TITLE FALLBACK | Korean Hotel Resort | Khu phố 1, Tan Ninh, Tay Ninh, Vietnam
2026-09-07 16:10:10,485 | INFO | Google Maps TITLE fallback 1/3: Korean Hotel Resort
2026-09-07 16:10:18,354 | INFO | VERIFY TITLE | input_title='Korean Hotel Resort' | actual_title='Korean Hotel Resort' | input_address='Khu phố 1, Tan Ninh, Tay Ninh, Vietnam' | actual_address='' | title_score=1.000 | address_score=0.000 | location_score=0.000 | exact_identity=True | input_has_address=True | success=False | reason=ADDRESS_UNAVAILABLE | url='https://www.google.com/maps/place/Korean+Hotel+Resort/data=!4m11!3m10!1s0x310b6bb734dfa715:0x362cd6950e9fc284!5m2!4m1!1i2!8m2!3d11.3200398!4d106.1009522!16s/g/11xc_y4nkf!17BQ0FF!19sChIJFaffNLdrCzERhMKfDpXWLDY?authuser=0&hl=vi&g_ep=EgoyMDI2MDkwMi4wIJJjKgBIAVAD&rclk=1'
2026-09-07 16:10:18,354 | INFO | Google Maps TITLE fallback 2/3: Korean Hotel Resort, tan ninh, tay ninh
2026-09-07 16:10:30,416 | INFO | VERIFY TITLE | input_title='Korean Hotel Resort' | actual_title='Korean Hotel Resort' | input_address='Khu phố 1, Tan Ninh, Tay Ninh, Vietnam' | actual_address='' | title_score=1.000 | address_score=0.000 | location_score=0.000 | exact_identity=True | input_has_address=True | success=False | reason=ADDRESS_UNAVAILABLE | url='https://www.google.com/maps/place/Korean+Hotel+Resort/data=!4m11!3m10!1s0x310b6bb734dfa715:0x362cd6950e9fc284!5m2!4m1!1i2!8m2!3d11.3200398!4d106.1009522!16s/g/11xc_y4nkf!17BQ0FF!19sChIJFaffNLdrCzERhMKfDpXWLDY?authuser=0&hl=vi&g_ep=EgoyMDI2MDkwMi4wIJJjKgBIAVAD&rclk=1'
2026-09-07 16:10:30,417 | INFO | Google Maps TITLE fallback 3/3: Korean Hotel Resort, Khu phố 1, Tan Ninh, Tay Ninh, Vietnam
2026-09-07 16:10:37,861 | INFO | VERIFY TITLE | input_title='Korean Hotel Resort' | actual_title='Korean Hotel Resort' | input_address='Khu phố 1, Tan Ninh, Tay Ninh, Vietnam' | actual_address='' | title_score=1.000 | address_score=0.000 | location_score=0.000 | exact_identity=True | input_has_address=True | success=False | reason=ADDRESS_UNAVAILABLE | url='https://www.google.com/maps/place/Korean+Hotel+Resort/data=!4m11!3m10!1s0x310b6bb734dfa715:0x362cd6950e9fc284!5m2!4m1!1i2!8m2!3d11.3200398!4d106.1009522!16s/g/11xc_y4nkf!17BQ0FF!19sChIJFaffNLdrCzERhMKfDpXWLDY?authuser=0&hl=vi&g_ep=EgoyMDI2MDkwMi4wIJJjKgBIAVAD&rclk=1'
2026-09-07 16:10:37,862 | WARNING | Google Maps NOT_VERIFIED after ADDRESS + TITLE fallback | title='Korean Hotel Resort' | address='Khu phố 1, Tan Ninh, Tay Ninh, Vietnam' | detail_reason=ADDRESS_UNAVAILABLE
2026-09-07 16:10:37,862 | INFO | EXCEL SEARCH RESULT | success=False | status=MISSING | reason=NOT_VERIFIED | detail_reason=ADDRESS_UNAVAILABLE | google_maps_url=None | url=None | cleaned_url=''
2026-09-07 16:10:39,348 | INFO | Existing URL check | maps_col=google_maps_url | url_col=URL | maps='' | url='' | reusable=''
2026-09-07 16:10:39,349 | INFO | Google Maps ADDRESS search 1/3: Hung Thuan, Tay Ninh, Vietnam, LA'S FARMSTAY - Bungalow with Garden View
2026-09-07 16:10:45,746 | INFO | VERIFY ADDRESS | input_title="LA'S FARMSTAY - Bungalow with Garden View" | actual_title='La Farmstay' | input_address='Hung Thuan, Tay Ninh, Vietnam' | actual_address='' | title_score=0.440 | address_score=0.000 | location_score=0.000 | exact_identity=False | input_has_address=True | success=False | reason=ADDRESS_TITLE_MISMATCH | url='https://www.google.com/maps/place/La+Farmstay/@11.1155714,106.4170424,17z/data=!3m1!4b1!4m6!3m5!1s0x310b31c7b3574223:0xf2c231722cd00e92!8m2!3d11.1155714!4d106.4170424!16s%2Fg%2F11h7ft9j96?entry=ttu&g_ep=EgoyMDI2MDkwMi4wIKXMDSoASAFQAw%3D%3D'
2026-09-07 16:10:45,746 | INFO | Google Maps ADDRESS search 2/3: LA'S FARMSTAY - Bungalow with Garden View, Hung Thuan, Tay Ninh, Vietnam
